ID,TagID,Type,TAG,备注,AttackName,AttackInfo,DamageNumberM,PiyoM,StaminaM,BalanceM,Damage_LevelM,Damage_Level_NumberM,Damage_PowerM,Damage_Dir_useM,Damage_DirM,Fire_AtkM,Water_AtkM,Dragon_AtkM,Electric_AtkM,Ice_AtkM,CutM,Cut_ValueM,HanmmerM,Hammer_ValueM,ShootM,Shoot_ValueM,HitTypeM,HitType_ValueM,ScarM,BuffMID1,BuffMID2,StateBuffM,SpecAttackM1,SpecValueM1,SpecAttackM2,SpecValueM2,SpecAttackM3,SpecValueM3,DamageNumberP,PiyoP,StaminaP,Damage_LevelP,Damage_LevelFriendP,Damage_Level_NumberP,Damage_PowerP,Check_Enhance_Defense,Attack_LevelFriendP,Attack_LevelP,Damage_Dir_useP,Damage_DirP,Fire_AtkP,Water_AtkP,Dragon_AtkP,Electric_AtkP,Ice_AtkP,CutP,Cut_ValueP,HanmmerP,Hammer_ValueP,ShootP,Shoot_ValueP,HitTypeP,IgnoreDefense,HitType_ValueP,HitType_Friend,ScarP,BuffPID1,BuffPID2,BuffAsyncP,StateBuffP,SpecAttackP1,SpecValueP1,SpecAttackP2,SpecValueP2,SpecAttackP3,SpecValueP3,IgnoreDefenceDirCheck
20001,,2,,雌火龙,AreaFireN,,0.01,0,0,0,0,0,0,0,"0,0,0",0,0,0,0,0,0,0,0,0,0,0,0,,0,12231,,,,,,,,,0,0,0,12,,0,50,,,12,2,"0,0,0",0.4,0,0,0,0,0,0,0,0,0,0,2048,,,,0,19179,0,,,,,,,,,
20002,,2,,雌火龙,AreaFireFM,,0.01,0,0,0,0,0,0,0,"0,0,0",0,0,0,0,0,0,0,0,0,0,0,0,,0,12231,,,,,,,,,0,0,0,12,,0,50,,,12,2,"0,0,0",0.4,0,0,0,0,0,0,0,0,0,0,2048,,,,0,19179,0,,,,,,,,,
20003,,2,,雌火龙,AreaFireFL,,0.01,0,0,0,0,0,0,0,"0,0,0",0,0,0,0,0,0,0,0,0,0,0,0,,0,12231,,,,,,,,,0,0,0,12,,0,50,,,12,2,"0,0,0",0.4,0,0,0,0,0,0,0,0,0,0,2048,,,,0,19179,0,,,,,,,,,
20004,,2,,雌火龙,AreaFireFR,,0.01,0,0,0,0,0,0,0,"0,0,0",0,0,0,0,0,0,0,0,0,0,0,0,,0,12231,,,,,,,,,0,0,0,12,,0,50,,,12,2,"0,0,0",0.4,0,0,0,0,0,0,0,0,0,0,2048,,,,0,19179,0,,,,,,,,,
20005,,2,,雌火龙,UpTailFireTL09M,,0.005,0,0,0,0,0,0,0,"0,0,0",0,0,0,0,0,0,0,0,0,0,0,0,,0,12231,,,,,,,,,0,0,0,12,,0,60,,,12,2,"0,0,0",0.35,0,0,0,0,0,0,0,0,0,0,2048,,,,0,19179,0,,,,,,,,,
20006,,2,,雌火龙,UpTailFireTL09L,,0.005,0,0,0,0,0,0,0,"0,0,0",0,0,0,0,0,0,0,0,0,0,0,0,,0,12231,,,,,,,,,0,0,0,12,,0,60,,,12,2,"0,0,0",0.35,0,0,0,0,0,0,0,0,0,0,2048,,,,0,19179,0,,,,,,,,,
20007,,2,,雌火龙,UpTailFireTL09R,,0.005,0,0,0,0,0,0,0,"0,0,0",0,0,0,0,0,0,0,0,0,0,0,0,,0,12231,,,,,,,,,0,0,0,12,,0,60,,,12,2,"0,0,0",0.35,0,0,0,0,0,0,0,0,0,0,2048,,,,0,19179,0,,,,,,,,,
20008,,2,,雌火龙,RathFireBall,,0.035,0,0,0,0,0,0,0,"0,0,0",0,0,0,0,0,0,0,0,0,0,0,0,,0,12231,,,交互行为,8,,,,,0,0,0,11,,0,30,,,11,2,"0,0,0",0.35,0,0,0,0,0,0,0,0,0,0,2048,,,,0,19179,0,,,,,,,,,
20009,,2,,大怪鸟,Em004FireBall,,0.03,,,,,,,,,,,,,,,,,,,,,,,12231,,,交互行为,8,,,,,0,5,0,11,,0,10,,,11,2,"0,0,0",0.3,0,0,0,0,0,0,0,0,0,0,2048,,,,0,19179,0,,,,,,,,,
20010,,2,,雌火龙,AttackByUpendTailSmallJumpBD01,,0.025,0,0,0,0,0,0,0,"0,0,0",0,0,0,0,0,0,0,0,0,0,0,0,,0,12232,,,,,,,,,0.25,0,0,7,,0,50,,,7,2,"0,0,0",0,0,0,0,0,0,0,0,0,0,0,1024,,,,0,10000,0,,,,,,,,,
20011,,2,,雌火龙,UpTailFireTL02,,0.005,0,0,0,0,0,0,0,"0,0,0",0,0,0,0,0,0,0,0,0,0,0,0,,0,12232,,,,,,,,,0.05,0,0,12,,0,50,,,12,2,"0,0,0",0.15,0,0,0,0,0,0,0,0,0,0,1024,,,,0,10000,0,,,,,,,,,
20012,,2,,雌火龙,AUpTailFire,,0.005,0,0,0,0,0,0,0,"0,0,0",0,0,0,0,0,0,0,0,0,0,0,0,,0,12232,,,,,,,,,0.05,0,0,0,,0,50,,,0,2,"0,0,0",0.15,0,0,0,0,0,0,0,0,0,0,1024,,,,0,10000,0,,,,,,,,,
20013,,2,,雌火龙,AttackByUpendTailTL02,,0.03,0,0,0,0,0,0,0,"0,0,0",0,0,0,0,0,0,0,0,0,0,0,0,,0,12232,,,,,,,,,0.3,0,0,12,,0,50,,,12,2,"0,0,0",0,0,0,0,0,0,0,0,0,0,0,1024,,,,0,10000,0,,,,,,,,,
20014,,2,,雌火龙,AttackByUpendTailTL09,,0.035,0,0,0,0,0,0,0,"0,0,0",0,0,0,0,0,0,0,0,0,0,0,0,,0,12232,,,,,,,,,0.35,0,0,12,,0,50,,,12,2,"0,0,0",0,0,0,0,0,0,0,0,0,0,0,1024,,,,0,10000,0,,,,,,,,,
20015,,2,,雌火龙,AttackByUpendTailRapidFlyUpTL02,,0.04,0,0,0,0,0,0,0,"0,0,0",0,0,0,0,0,0,0,0,0,0,0,0,,0,12232,,,,,,,,,0.4,0,0,12,,0,50,,,12,2,"0,0,0",0,0,0,0,0,0,0,0,0,0,0,1024,,,,0,10000,0,,,,,,,,,
20016,,2,,雌火龙,AttackByUpendTailRapidFlyUpTL09,,0.04,0,0,0,0,0,0,0,"0,0,0",0,0,0,0,0,0,0,0,0,0,0,0,,0,12232,,,,,,,,,0.4,0,0,12,,0,50,,,12,2,"0,0,0",0,0,0,0,0,0,0,0,0,0,0,1024,,,,0,10000,0,,,,,,,,,
20017,600700005,2,60070,毒怪鸟,PoisonBall,PoisonBall,0.03,0,0,0,0,0,0,0,"0,0,0",0,0,0,0,0,0,0,0,0,0,0,0,,0,12232,,,,,,,,,0.3,15,0,7,,0,15,,,7,2,"0,0,0",0,0,0,0,0,0,0,0,0,0,0,1024,,,,0,10000,0,,,,,,,,,
20018,600700006,2,60070,毒怪鸟,PoisonBall1,PoisonBall,0.03,0,0,0,0,0,0,0,"0,0,0",0,0,0,0,0,0,0,0,0,0,0,0,,0,12232,,,,,,,,,0.3,15,0,7,,0,15,,,7,2,"0,0,0",0,0,0,0,0,0,0,0,0,0,0,1024,,,,0,10000,0,,,,,,,,,
20019,600700007,2,60070,毒怪鸟,PoisonBall2,PoisonBall,0.03,0,0,0,0,0,0,0,"0,0,0",0,0,0,0,0,0,0,0,0,0,0,0,,0,12232,,,,,,,,,0.3,15,0,7,,0,15,,,7,2,"0,0,0",0,0,0,0,0,0,0,0,0,0,0,1024,,,,0,10000,0,,,,,,,,,
20020,600700008,2,60070,毒怪鸟,PoisonBall3,PoisonBall,0.03,0,0,0,0,0,0,0,"0,0,0",0,0,0,0,0,0,0,0,0,0,0,0,,0,12232,,,,,,,,,0.3,15,0,7,,0,15,,,7,2,"0,0,0",0,0,0,0,0,0,0,0,0,0,0,1024,,,,0,10000,0,,,,,,,,,
20021,600100001,2,60010,河狸兽,Angry,Angry,0,0,0,0,0,0,0,0,"0,0,0",0,0,0,0,0,0,0,0,0,0,0,0,,0,0,70024,,,,,,,,0,0,0,0,,0,5,,,0,2,"0,0,0",0,0,0,0,0,0,0,0,0,0,0,16,,,,0,0,0,,60004,,,,,,,
20022,,2,,雌火龙,Howl,,0,0,0,0,0,0,0,0,"0,0,0",0,0,0,0,0,0,0,0,0,0,0,0,,0,0,70024,,,,,,,,0,0,0,0,,0,5,,,0,2,"0,0,0",0,0,0,0,0,0,0,0,0,0,0,16,,,,0,0,0,,60004,,,,,,,
20023,600400017,2,60040,大怪鸟,Howl,,0,,,,,,,,,,,,,,,,,,,,,,,,70024,,,,,,,,0,0,0,0,,0,5,,,0,2,"0,0,0",0,0,0,0,0,0,0,0,0,0,0,16,,,,0,0,0,,60004,,,,,,,
20024,600110001,2,60011,沙狸兽,Angry,Angry,0,0,0,0,0,0,0,0,"0,0,0",0,0,0,0,0,0,0,0,0,0,0,0,,0,0,70024,,,,,,,,0,0,0,0,,0,5,,,0,2,"0,0,0",0,0,0,0,0,0,0,0,0,0,0,16,,,,0,0,0,,60004,,,,,,,
20025,600100008,2,60010,河狸兽,Earth,BodyDown,0,0,0,0,0,0,0,0,"0,0,0",0,0,0,0,0,0,0,0,0,0,0,0,,0,0,70023,,,,,,,,0,0,0,0,,0,10,,,0,2,"0,0,0",0,0,0,0,0,0,0,0,0,0,0,8,,,,0,0,0,,60003,,,,,,,
20026,,2,,沙龙王,gumzshake,,0,0,0,0,0,0,0,0,"0,0,0",0,0,0,0,0,0,0,0,0,0,0,0,,0,0,70023,,,,,,,,0,0,0,0,,0,10,,,0,2,"0,0,0",0,0,0,0,0,0,0,0,0,0,0,8,,,,0,0,0,,60003,,,,,,,
20027,600110008,2,60011,沙狸兽,Earth,BodyDown,0,0,0,0,0,0,0,0,"0,0,0",0,0,0,0,0,0,0,0,0,0,0,0,,0,0,70023,,,,,,,,0,0,0,0,,0,10,,,0,2,"0,0,0",0,0,0,0,0,0,0,0,0,0,0,8,,,,,,,,60003,,,,,,,
20028,600800015,2,60080,桃毛兽,1,HandAttack,0,0,0,0,0,0,0,0,"0,0,0",0,0,0,0,0,0,0,0,0,0,0,0,,0,0,70023,,交互行为,3,,,,,0,0,0,0,,0,10,,,0,2,"0,0,0",0,0,0,0,0,0,0,0,0,0,0,8,,,,0,0,0,,60003,,,,,,,
20029,600700011,2,60070,毒怪鸟,Stun,Stun,0,0,0,0,0,0,0,0,"0,0,0",0,0,0,0,0,0,0,0,0,0,0,0,,0,11009,70029,,闪光弹,1,,,,,0,0,0,0,,0,10,,,0,2,"0,0,0",0,0,0,0,0,0,0,0,0,0,0,8,,,,0,0,0,,60009,,,,,,,
20030,,2,,雌火龙,ClawAttackStorm,,0,0,0,0,0,0,0,0,"0,0,0",0,0,0,0,0,0,0,0,0,0,0,0,,0,0,70021,,,,,,,,0,0,0,0,,0,0,,,0,2,"0,0,0",0,0,0,0,0,0,0,0,0,0,0,2,,,,0,0,0,,60022,,,,,,,
20031,,600100012,,雌火龙,FlyLiftStorm,,0,0,0,0,0,0,0,0,"0,0,0",0,0,0,0,0,0,0,0,0,0,0,0,,0,0,70021,,,,,,,,0,0,0,0,,0,0,,,0,2,"0,0,0",0,0,0,0,0,0,0,0,0,0,0,2,,,,0,0,0,,60022,,,,,,,
20032,,2,,雌火龙,InitFlyCircleFlyLandStorm,,0,0,0,0,0,0,0,0,"0,0,0",0,0,0,0,0,0,0,0,0,0,0,0,,0,0,70021,,,,,,,,0,0,0,0,,0,0,,,0,2,"0,0,0",0,0,0,0,0,0,0,0,0,0,0,2,,,,0,0,0,,60022,,,,,,,
20033,,2,,雌火龙,InitFlyCircleLandStorm,,0,0,0,0,0,0,0,0,"0,0,0",0,0,0,0,0,0,0,0,0,0,0,0,,0,0,70021,,,,,,,,0,0,0,0,,0,0,,,0,2,"0,0,0",0,0,0,0,0,0,0,0,0,0,0,2,,,,0,0,0,,60022,,,,,,,
20034,,2,,雌火龙,InitFlyCircleClawStorm,,0,0,0,0,0,0,0,0,"0,0,0",0,0,0,0,0,0,0,0,0,0,0,0,,0,0,70021,,,,,,,,0,0,0,0,,0,0,,,0,2,"0,0,0",0,0,0,0,0,0,0,0,0,0,0,2,,,,0,0,0,,60022,,,,,,,
20035,,2,,雌火龙,JumpBackStorm,,0,0,0,0,0,0,0,0,"0,0,0",0,0,0,0,0,0,0,0,0,0,0,0,,0,0,70021,,,,,,,,0,0,0,0,,0,0,,,0,2,"0,0,0",0,0,0,0,0,0,0,0,0,0,0,2,,,,0,0,0,,60022,,,,,,,
20036,,2,,雌火龙,JumpBackStorm2,,0,0,0,0,0,0,0,0,"0,0,0",0,0,0,0,0,0,0,0,0,0,0,0,,0,0,70021,,,,,,,,0,0,0,0,,0,0,,,0,2,"0,0,0",0,0,0,0,0,0,0,0,0,0,0,2,,,,0,0,0,,60022,,,,,,,
20037,,2,,雌火龙,UpendTailStorm,,0,0,0,0,0,0,0,0,"0,0,0",0,0,0,0,0,0,0,0,0,0,0,0,,0,0,70021,,,,,,,,0,0,0,0,,0,0,,,0,2,"0,0,0",0,0,0,0,0,0,0,0,0,0,0,2,,,,0,0,0,,60022,,,,,,,
20038,600400015,2,60040,大怪鸟,FlyLiftStorm,FlyLift,0,,,,,,,,,,,,,,,,,,,,,,,,70021,,,,,,,,0,0,0,0,,0,0,,,0,2,"0,0,0",0,0,0,0,0,0,0,0,0,0,0,2,,,,0,0,0,,60001,,,,,,,
20039,600400016,2,60040,大怪鸟,InitFlyCircleFlyLandStorm,FlyLift,0,,,,,,,,,,,,,,,,,,,,,,,,70021,,,,,,,,0,0,0,0,,0,0,,,0,2,"0,0,0",0,0,0,0,0,0,0,0,0,0,0,2,,,,0,0,0,,60001,,,,,,,
20040,600400018,2,60040,大怪鸟,JumpBackStorm,JumpBack,0,,,,,,,,,,,,,,,,,,,,,,,,70021,,,,,,,,0,0,0,0,,0,0,,,0,2,"0,0,0",0,0,0,0,0,0,0,0,0,0,0,2,,,,0,0,0,,60001,,,,,,,
20041,600400019,2,60040,大怪鸟,JumpBackStorm2,JumpBack,0,,,,,,,,,,,,,,,,,,,,,,,,70021,,,,,,,,0,0,0,0,,0,0,,,0,2,"0,0,0",0,0,0,0,0,0,0,0,0,0,0,2,,,,0,0,0,,60001,,,,,,,
20042,,2,,沙龙王,gumshake,,0,0,0,0,0,0,0,0,"0,0,0",0,0,0,0,0,0,0,0,0,0,0,0,,0,0,70021,,,,,,,,0,0,0,0,,0,10,,,0,2,"0,0,0",0,0,0,0,0,0,0,0,0,0,0,2,,,,0,0,0,,60001,,,,,,,
20043,600700003,2,60070,毒怪鸟,FlyBack,FlyBack,0,0,0,0,0,0,0,0,"0,0,0",0,0,0,0,0,0,0,0,0,0,0,0,,0,0,70021,,,,,,,,0,0,0,0,,0,0,,,0,2,"0,0,0",0,0,0,0,0,0,0,0,0,0,0,2,,,,0,0,0,,60001,,,,,,,
20044,,2,,河狸兽,BeaverRollBody,,0.04,0,0,0,0,0,0,0,"0,0,0",0,0,0,0,0,0,0,0,0,0,0,0,,0,0,,,交互行为,5,,,,,0.4,30,0,11,,0,40,,,11,2,"0,0,0",0,0,0,0,0,0,0,0,0,0,0,0,,,,0,0,0,,,,,,,,,
20045,,2,,河狸兽,BeaverRollHead,,0.04,0,0,0,0,0,0,0,"0,0,0",0,0,0,0,0,0,0,0,0,0,0,0,,0,0,,,交互行为,5,,,,,0.4,30,0,11,,0,40,,,11,2,"0,0,0",0,0,0,0,0,0,0,0,0,0,0,0,,,,0,0,0,,,,,,,,,
20046,,2,,河狸兽,BeaverRollLeftClaw,,0.04,0,0,0,0,0,0,0,"0,0,0",0,0,0,0,0,0,0,0,0,0,0,0,,0,0,,,交互行为,5,,,,,0.4,30,0,11,,0,40,,,11,2,"0,0,0",0,0,0,0,0,0,0,0,0,0,0,0,,,,0,0,0,,,,,,,,,
20047,,2,,河狸兽,BeaverRollRightClaw,,0.04,0,0,0,0,0,0,0,"0,0,0",0,0,0,0,0,0,0,0,0,0,0,0,,0,0,,,交互行为,5,,,,,0.4,30,0,11,,0,40,,,11,2,"0,0,0",0,0,0,0,0,0,0,0,0,0,0,0,,,,0,0,0,,,,,,,,,
20048,,2,,河狸兽,BeaverRollTail,,0.04,0,0,0,0,0,0,0,"0,0,0",0,0,0,0,0,0,0,0,0,0,0,0,,0,0,,,交互行为,5,,,,,0.4,30,0,11,,0,40,,,11,2,"0,0,0",0,0,0,0,0,0,0,0,0,0,0,0,,,,0,0,0,,,,,,,,,
20049,600100007,2,60010,河狸兽,BodyDown,BodyDown,0.05,0,0,0,0,0,0,0,"0,0,0",0,0,0,0,0,0,0,0,0,0,0,0,,0,0,,,,,,,,,0.5,10,0,11,,0,40,,,11,2,"0,0,0",0,0,0,0,0,0,0,0,0,0,0,0,,,,0,0,0,,,,,,,,,
20050,600100009,2,60010,河狸兽,DragonDashBody,DragonDash,0.015,0,0,0,0,0,0,0,"0,0,0",0,0,0,0,0,0,0,0,0,0,0,0,,0,0,,,,,,,,,0.15,10,0,7,,0,25,,,6,2,"0,0,0",0,0,0,0,0,0,0,0,0,0,0,0,,,,0,0,0,,,,,,,,,
20051,600100010,2,60010,河狸兽,DragonDashHead,DragonDash,0.015,0,0,0,0,0,0,0,"0,0,0",0,0,0,0,0,0,0,0,0,0,0,0,,0,0,,,,,,,,,0.15,10,0,7,,0,25,,,6,2,"0,0,0",0,0,0,0,0,0,0,0,0,0,0,0,,,,0,0,0,,,,,,,,,
20052,600100011,2,60010,河狸兽,DragonDashLeftClaw,DragonDash,0.015,0,0,0,0,0,0,0,"0,0,0",0,0,0,0,0,0,0,0,0,0,0,0,,0,0,,,,,,,,,0.15,10,0,7,,0,25,,,6,2,"0,0,0",0,0,0,0,0,0,0,0,0,0,0,0,,,,0,0,0,,,,,,,,,
20053,600100012,2,60010,河狸兽,DragonDashRightClaw,DragonDash,0.015,0,0,0,0,0,0,0,"0,0,0",0,0,0,0,0,0,0,0,0,0,0,0,,0,0,,,,,,,,,0.15,10,0,7,,0,25,,,6,2,"0,0,0",0,0,0,0,0,0,0,0,0,0,0,0,,,,0,0,0,,,,,,,,,
20054,600100013,2,60010,河狸兽,JumpForward,JumpForward,0.03,0,0,0,0,0,0,0,"0,0,0",0,0,0,0,0,0,0,0,0,0,0,0,,0,0,,,,,,,,,0.3,5,0,11,,0,30,,,11,2,"0,0,0",0,0,0,0,0,0,0,0,0,0,0,0,,,,0,0,0,,,,,,,,,
20055,600100014,2,60010,河狸兽,LeftClaw,LeftClaw,0.03,0,0,0,0,0,0,0,"0,0,0",0,0,0,0,0,0,0,0,0,0,0,0,,0,0,,,,,,,,,0.3,10,0,7,,0,25,,,6,2,"0,0,0",0,0,0,0,0,0,0,0,0,0,0,0,,,,0,0,0,,,,,,,,,
20056,600100015,2,60010,河狸兽,RightClaw,RightClaw,0.03,0,0,0,0,0,0,0,"0,0,0",0,0,0,0,0,0,0,0,0,0,0,0,,0,0,,,,,,,,,0.3,10,0,7,,0,25,,,6,2,"0,0,0",0,0,0,0,0,0,0,0,0,0,0,0,,,,0,0,0,,,,,,,,,
20057,600100016,2,60010,河狸兽,RollLeftBody,RollLeft,0.045,0,0,0,0,0,0,0,"0,0,0",0,0,0,0,0,0,0,0,0,0,0,0,,0,0,,,,,,,,,0.45,10,0,11,,0,30,,,11,2,"0,0,0",0,0,0,0,0,0,0,0,0,0,0,0,,,,0,0,0,,,,,,,,,
20058,600100017,2,60010,河狸兽,LeftClaw,RollLeft,0.045,0,0,0,0,0,0,0,"0,0,0",0,0,0,0,0,0,0,0,0,0,0,0,,0,0,,,,,,,,,0.45,10,0,11,,0,30,,,11,2,"0,0,0",0,0,0,0,0,0,0,0,0,0,0,0,,,,0,0,0,,,,,,,,,
20059,600100018,2,60010,河狸兽,RightClaw,RollLeft,0.045,0,0,0,0,0,0,0,"0,0,0",0,0,0,0,0,0,0,0,0,0,0,0,,0,0,,,,,,,,,0.45,10,0,11,,0,30,,,11,2,"0,0,0",0,0,0,0,0,0,0,0,0,0,0,0,,,,0,0,0,,,,,,,,,
20060,600100019,2,60010,河狸兽,RollRightBody,RollRight,0.045,0,0,0,0,0,0,0,"0,0,0",0,0,0,0,0,0,0,0,0,0,0,0,,0,0,,,,,,,,,0.45,10,0,11,,0,30,,,11,2,"0,0,0",0,0,0,0,0,0,0,0,0,0,0,0,,,,0,0,0,,,,,,,,,
20061,600100020,2,60010,河狸兽,LeftClaw,RollRight,0.045,0,0,0,0,0,0,0,"0,0,0",0,0,0,0,0,0,0,0,0,0,0,0,,0,0,,,,,,,,,0.45,10,0,11,,0,30,,,11,2,"0,0,0",0,0,0,0,0,0,0,0,0,0,0,0,,,,0,0,0,,,,,,,,,
20062,600100021,2,60010,河狸兽,RightClaw,RollRight,0.045,0,0,0,0,0,0,0,"0,0,0",0,0,0,0,0,0,0,0,0,0,0,0,,0,0,,,,,,,,,0.45,10,0,11,,0,30,,,11,2,"0,0,0",0,0,0,0,0,0,0,0,0,0,0,0,,,,0,0,0,,,,,,,,,
20063,600100022,2,60010,河狸兽,RotateAttack,RotateAttack,0.07,0,0,0,0,0,0,0,"0,0,0",0,0,0,0,0,0,0,0,0,0,0,0,,0,0,,,,,,,,,0.7,25,0,11,,0,40,,,11,2,"0,0,0",0,0,0,0,0,0,0,0,0,0,0,0,,,,0,0,0,,,,,,,,,
20064,600100023,2,60010,河狸兽,RotateAttackBody,RotateAttack,0.02,0,0,0,0,0,0,0,"0,0,0",0,0,0,0,0,0,0,0,0,0,0,0,,0,0,,,,,,,,,0.2,25,0,11,,0,30,,,11,2,"0,0,0",0,0,0,0,0,0,0,0,0,0,0,0,,,,0,0,0,,,,,,,,,
20065,600100024,2,60010,河狸兽,Stone,Stone1,0.03,0,0,0,0,0,0,0,"0,0,0",0,0,0,0,0,0,0,0,0,0,0,0,,0,0,,,,,,,,,0.3,15,0,7,,0,25,,,7,2,"0,0,0",0,0,0,0,0,0,0,0,0,0,0,0,,,,0,0,0,,,,,,,,,
20066,600100025,2,60010,河狸兽,Stone1,Stone1,0.03,0,0,0,0,0,0,0,"0,0,0",0,0,0,0,0,0,0,0,0,0,0,0,,0,0,,,,,,,,,0.3,15,0,7,,0,25,,,7,2,"0,0,0",0,0,0,0,0,0,0,0,0,0,0,0,,,,0,0,0,,,,,,,,,
20067,600100027,2,60010,河狸兽,Turn180L,Turn180,0.01,0,0,0,0,0,0,0,"0,0,0",0,0,0,0,0,0,0,0,0,0,0,0,,0,0,,,,,,,,,0.1,0,0,2,,0,25,,,0,2,"0,0,0",0,0,0,0,0,0,0,0,0,0,0,0,,,,0,0,0,,,,,,,,,
20068,600100028,2,60010,河狸兽,Turn180R,Turn180,0.01,0,0,0,0,0,0,0,"0,0,0",0,0,0,0,0,0,0,0,0,0,0,0,,0,0,,,,,,,,,0.1,0,0,2,,0,15,,,0,2,"0,0,0",0,0,0,0,0,0,0,0,0,0,0,0,,,,0,0,0,,,,,,,,,
20069,502000001,2,50020,奇面族,Cut,Cut,0.02,0,0,0,0,0,0,0,"0,0,0",0,0,0,0,0,0,0,0,0,0,0,0,,0,0,,,,,,,,,0.2,10,0,7,,0,10,,,7,2,"0,0,0",0,0,0,0,0,0,0,0,0,0,0,0,,,,0,0,0,,,,,,,,,
20070,,2,,雌火龙,ClawAttackFL05,,0.02,0,0,0,0,0,0,0,"0,0,0",0,0,0,0,0,0,0,0,0,0,0,0,,0,0,,,,,,,,,0.2,0,0,7,,0,10,,,7,2,"0,0,0",0,0,0,0,0,0,0,0,0,0,0,0,,,,0,0,0,,,,,,,,,
20071,,2,,雌火龙,ClawAttackFR05,,0.02,0,0,0,0,0,0,0,"0,0,0",0,0,0,0,0,0,0,0,0,0,0,0,,0,0,,,,,,,,,0.2,0,0,7,,0,10,,,7,2,"0,0,0",0,0,0,0,0,0,0,0,0,0,0,0,,,,0,0,0,,,,,,,,,
20072,,2,,雌火龙,AttackByClawTailTL02,,0.03,0,0,0,0,0,0,0,"0,0,0",0,0,0,0,0,0,0,0,0,0,0,0,,0,0,,,,,,,,,0.3,0,0,11,,0,30,,,11,2,"0,0,0",0,0,0,0,0,0,0,0,0,0,0,0,,,,0,0,0,,,,,,,,,
20073,,2,,雌火龙,AttackByClawTailSFL05,,0.02,0,0,0,0,0,0,0,"0,0,0",0,0,0,0,0,0,0,0,0,0,0,0,,0,0,,,,,,,,,0.2,0,0,7,,0,10,,,7,2,"0,0,0",0,0,0,0,0,0,0,0,0,0,0,0,,,,0,0,0,,,,,,,,,
20074,,2,,雌火龙,AttackByClawTailSFR05,,0.02,0,0,0,0,0,0,0,"0,0,0",0,0,0,0,0,0,0,0,0,0,0,0,,0,0,,,,,,,,,0.2,0,0,7,,0,10,,,7,2,"0,0,0",0,0,0,0,0,0,0,0,0,0,0,0,,,,0,0,0,,,,,,,,,
20075,,2,,雌火龙,AttackByClawTailLeftFL05,,0.02,0,0,0,0,0,0,0,"0,0,0",0,0,0,0,0,0,0,0,0,0,0,0,,0,0,,,,,,,,,0.2,0,0,7,,0,10,,,7,2,"0,0,0",0,0,0,0,0,0,0,0,0,0,0,0,,,,0,0,0,,,,,,,,,
20076,,2,,雌火龙,AttackByClawTailLeftFR05,,0.02,0,0,0,0,0,0,0,"0,0,0",0,0,0,0,0,0,0,0,0,0,0,0,,0,0,,,,,,,,,0.2,0,0,7,,0,10,,,7,2,"0,0,0",0,0,0,0,0,0,0,0,0,0,0,0,,,,0,0,0,,,,,,,,,
20077,,2,,雌火龙,AttackByClawTailTL09,,0.03,0,0,0,0,0,0,0,"0,0,0",0,0,0,0,0,0,0,0,0,0,0,0,,0,0,,,,,,,,,0.3,0,0,11,,0,40,,,11,2,"0,0,0",0,0,0,0,0,0,0,0,0,0,0,0,,,,0,0,0,,,,,,,,,
20078,,2,,雌火龙,AttackByBackClawTailTL02,,0.03,0,0,0,0,0,0,0,"0,0,0",0,0,0,0,0,0,0,0,0,0,0,0,,0,0,,,,,,,,,0.3,0,0,11,,0,40,,,11,2,"0,0,0",0,0,0,0,0,0,0,0,0,0,0,0,,,,0,0,0,,,,,,,,,
20079,,2,,雌火龙,AttackByBackClawTailTL09,,0.04,0,0,0,0,0,0,0,"0,0,0",0,0,0,0,0,0,0,0,0,0,0,0,,0,0,,,,,,,,,0.4,0,0,11,,0,40,,,11,2,"0,0,0",0,0,0,0,0,0,0,0,0,0,0,0,,,,0,0,0,,,,,,,,,
20080,,2,,雌火龙,AttackByClawTailFireTL09,,0.015,0,0,0,0,0,0,0,"0,0,0",0,0,0,0,0,0,0,0,0,0,0,0,,0,0,,,,,,,,,0.15,0,0,11,,0,40,,,11,2,"0,0,0",0.3,0,0,0,0,0,0,0,0,0,0,0,,,,0,0,0,,,,,,,,,
20081,,2,,雌火龙,AttackByClawTailFireTL02,,0.01,0,0,0,0,0,0,0,"0,0,0",0,0,0,0,0,0,0,0,0,0,0,0,,0,0,,,,,,,,,0.1,0,0,11,,0,40,,,11,2,"0,0,0",0.3,0,0,0,0,0,0,0,0,0,0,0,,,,0,0,0,,,,,,,,,
20082,,2,,雌火龙,HeadAttackByDragonDash,,0.04,0,0,0,0,0,0,0,"0,0,0",0,0,0,0,0,0,0,0,0,0,0,0,,0,0,,,交互行为,5,,,,,0.4,0,0,11,,0,30,,,11,2,"0,0,0",0,0,0,0,0,0,0,0,0,0,0,0,,,,0,0,0,,,,,,,,,
20083,,2,,雌火龙,BodyAttackByDragonDash,,0.04,0,0,0,0,0,0,0,"0,0,0",0,0,0,0,0,0,0,0,0,0,0,0,,0,0,,,交互行为,5,,,,,0.4,0,0,11,,0,30,,,11,2,"0,0,0",0,0,0,0,0,0,0,0,0,0,0,0,,,,0,0,0,,,,,,,,,
20084,,2,,雌火龙,HeadAttackByDragonDashRun,,0.04,0,0,0,0,0,0,0,"0,0,0",0,0,0,0,0,0,0,0,0,0,0,0,,0,0,,,交互行为,5,,,,,0.4,0,0,11,,0,30,,,11,2,"0,0,0",0,0,0,0,0,0,0,0,0,0,0,0,,,,0,0,0,,,,,,,,,
20085,,2,,雌火龙,BodyAttackByDragonDashRun,,0.04,0,0,0,0,0,0,0,"0,0,0",0,0,0,0,0,0,0,0,0,0,0,0,,0,0,,,交互行为,5,,,,,0.4,0,0,11,,0,30,,,11,2,"0,0,0",0,0,0,0,0,0,0,0,0,0,0,0,,,,0,0,0,,,,,,,,,
20086,,2,,雌火龙,AttackByInitClawAttackFL05,,0.01,0,0,0,0,0,0,0,"0,0,0",0,0,0,0,0,0,0,0,0,0,0,0,,0,0,,,,,,,,,0.1,0,0,11,,0,10,,,11,2,"0,0,0",0,0,0,0,0,0,0,0,0,0,0,0,,,,0,0,0,,,,,,,,,
20087,,2,,雌火龙,AttackByInitClawAttackFR05,,0.01,0,0,0,0,0,0,0,"0,0,0",0,0,0,0,0,0,0,0,0,0,0,0,,0,0,,,,,,,,,0.1,0,0,11,,0,10,,,11,2,"0,0,0",0,0,0,0,0,0,0,0,0,0,0,0,,,,0,0,0,,,,,,,,,
20088,,2,,雌火龙,JumpForwardClawAttackFL05,,0.03,0,0,0,0,0,0,0,"0,0,0",0,0,0,0,0,0,0,0,0,0,0,0,,0,0,,,,,,,,,0.3,10,0,11,,0,30,,,11,2,"0,0,0",0,0,0,0,0,0,0,0,0,0,0,0,,,,0,0,0,,,,,,,,,
20089,,2,,雌火龙,JumpForwardClawAttackFR05,,0.03,0,0,0,0,0,0,0,"0,0,0",0,0,0,0,0,0,0,0,0,0,0,0,,0,0,,,,,,,,,0.3,10,0,11,,0,30,,,11,2,"0,0,0",0,0,0,0,0,0,0,0,0,0,0,0,,,,0,0,0,,,,,,,,,
20090,,2,,雌火龙,JumpForwardRightTailAttackTL02,,0.03,0,0,0,0,0,0,0,"0,0,0",0,0,0,0,0,0,0,0,0,0,0,0,,0,0,,,,,,,,,0.3,0,0,11,,0,40,,,11,2,"0,0,0",0,0,0,0,0,0,0,0,0,0,0,0,,,,0,0,0,,,,,,,,,
20091,,2,,雌火龙,JumpForwardRightTailAttackTL09,,0.03,0,0,0,0,0,0,0,"0,0,0",0,0,0,0,0,0,0,0,0,0,0,0,,0,0,,,,,,,,,0.3,0,0,11,,0,40,,,11,2,"0,0,0",0,0,0,0,0,0,0,0,0,0,0,0,,,,0,0,0,,,,,,,,,
20092,,2,,雌火龙,AttackByUpendTailSmallJumpFR05,,0.02,0,0,0,0,0,0,0,"0,0,0",0,0,0,0,0,0,0,0,0,0,0,0,,0,0,,,,,,,,,0.2,0,0,7,,0,20,,,7,2,"0,0,0",0,0,0,0,0,0,0,0,0,0,0,0,,,,0,0,0,,,,,,,,,
20093,,2,,雌火龙,AttackByUpendTailSmallJumpFL05,,0.02,0,0,0,0,0,0,0,"0,0,0",0,0,0,0,0,0,0,0,0,0,0,0,,0,0,,,,,,,,,0.2,0,0,7,,0,20,,,7,2,"0,0,0",0,0,0,0,0,0,0,0,0,0,0,0,,,,0,0,0,,,,,,,,,
20094,,2,,雌火龙,HeadAttackByPeck,,0.03,0,0,0,0,0,0,0,"0,0,0",0,0,0,0,0,0,0,0,0,0,0,0,,0,0,,,,,,,,,0.3,0,0,7,,0,30,,,7,2,"0,0,0",0,0,0,0,0,0,0,0,0,0,0,0,,,,0,0,0,,,,,,,,,
20095,,2,,雌火龙,AttackByPeckTL02,,0.02,0,0,0,0,0,0,0,"0,0,0",0,0,0,0,0,0,0,0,0,0,0,0,,0,0,,,,,,,,,0.2,0,0,7,,0,10,,,7,2,"0,0,0",0,0,0,0,0,0,0,0,0,0,0,0,,,,0,0,0,,,,,,,,,
20096,,2,,雌火龙,AttackByPeckTL09,,0.015,0,0,0,0,0,0,0,"0,0,0",0,0,0,0,0,0,0,0,0,0,0,0,,0,0,,,,,,,,,0.15,0,0,7,,0,10,,,7,2,"0,0,0",0,0,0,0,0,0,0,0,0,0,0,0,,,,0,0,0,,,,,,,,,
20097,,2,,雌火龙,AttackByUpendTailFL05,,0.02,0,0,0,0,0,0,0,"0,0,0",0,0,0,0,0,0,0,0,0,0,0,0,,0,0,,,,,,,,,0.2,0,0,7,,0,20,,,7,2,"0,0,0",0,0,0,0,0,0,0,0,0,0,0,0,,,,0,0,0,,,,,,,,,
20098,,2,,雌火龙,AttackByUpendTailFR05,,0.02,0,0,0,0,0,0,0,"0,0,0",0,0,0,0,0,0,0,0,0,0,0,0,,0,0,,,,,,,,,0.2,0,0,7,,0,20,,,7,2,"0,0,0",0,0,0,0,0,0,0,0,0,0,0,0,,,,0,0,0,,,,,,,,,
20099,600200001,2,60020,蓝速龙王,DDH,,0.006,0,0,0,0,0,0,0,"0,0,0",0,0,0,0,0,0,0,0,0,0,0,0,,0,0,,,,,,,,,0.06,0,0,2,,0,3,,,2,2,"0,0,0",0,0,0,0,0,0,0,0,0,0,0,0,,,,0,0,0,,,,,,,,,
20100,600200002,2,60020,蓝速龙王,DDB,,0.006,0,0,0,0,0,0,0,"0,0,0",0,0,0,0,0,0,0,0,0,0,0,0,,0,0,,,,,,,,,0.06,0,0,2,,0,3,,,2,2,"0,0,0",0,0,0,0,0,0,0,0,0,0,0,0,,,,0,0,0,,,,,,,,,
20101,600200003,2,60020,蓝速龙王,GLL,Gum,0.01,0,0,0,0,0,0,0,"0,0,0",0,0,0,0,0,0,0,0,0,0,0,0,,0,0,,,,,,,,,0.1,0,0,2,,0,8,,,2,2,"0,0,0",0,0,0,0,0,0,0,0,0,0,0,0,,,,0,0,0,,,,,,,,,
20102,600200004,2,60020,蓝速龙王,GLR,Gum,0.01,0,0,0,0,0,0,0,"0,0,0",0,0,0,0,0,0,0,0,0,0,0,0,,0,0,,,,,,,,,0.1,0,0,2,,0,8,,,2,2,"0,0,0",0,0,0,0,0,0,0,0,0,0,0,0,,,,0,0,0,,,,,,,,,
20103,600200005,2,60020,蓝速龙王,GH,Gum,0.03,0,0,0,0,0,0,0,"0,0,0",0,0,0,0,0,0,0,0,0,0,0,0,,0,0,,,,,,,,,0.3,0,0,7,,0,20,,,7,2,"0,0,0",0,0,0,0,0,0,0,0,0,0,0,0,,,,0,0,0,,,,,,,,,
20104,600200006,2,60020,蓝速龙王,GB,Gum,0.025,0,0,0,0,0,0,0,"0,0,0",0,0,0,0,0,0,0,0,0,0,0,0,,0,0,,,,,,,,,0.25,0,0,7,,0,15,,,7,2,"0,0,0",0,0,0,0,0,0,0,0,0,0,0,0,,,,0,0,0,,,,,,,,,
20105,600200007,2,60020,蓝速龙王,JBLL,JumpBack,0.025,0,0,0,0,0,0,0,"0,0,0",0,0,0,0,0,0,0,0,0,0,0,0,,0,0,,,,,,,,,0.25,0,0,7,,0,20,,,7,2,"0,0,0",0,0,0,0,0,0,0,0,0,0,0,0,,,,0,0,0,,,,,,,,,
20106,600200008,2,60020,蓝速龙王,JBLR,JumpBack,0.025,0,0,0,0,0,0,0,"0,0,0",0,0,0,0,0,0,0,0,0,0,0,0,,0,0,,,,,,,,,0.25,0,0,7,,0,20,,,7,2,"0,0,0",0,0,0,0,0,0,0,0,0,0,0,0,,,,0,0,0,,,,,,,,,
20107,600200009,2,60020,蓝速龙王,JFLL,JumpForward,0.035,0,0,0,0,0,0,0,"0,0,0",0,0,0,0,0,0,0,0,0,0,0,0,,0,0,,,,,,,,,0.35,0,0,11,,0,30,,,11,2,"0,0,0",0,0,0,0,0,0,0,0,0,0,0,0,,,,0,0,0,,,,,,,,,
20108,600200010,2,60020,蓝速龙王,JFLR,JumpForward,0.035,0,0,0,0,0,0,0,"0,0,0",0,0,0,0,0,0,0,0,0,0,0,0,,0,0,,,,,,,,,0.35,0,0,11,,0,30,,,11,2,"0,0,0",0,0,0,0,0,0,0,0,0,0,0,0,,,,0,0,0,,,,,,,,,
20109,600200011,2,60020,蓝速龙王,JFH,JumpForward,0.03,0,0,0,0,0,0,0,"0,0,0",0,0,0,0,0,0,0,0,0,0,0,0,,0,0,,,,,,,,,0.3,0,0,7,,0,20,,,7,2,"0,0,0",0,0,0,0,0,0,0,0,0,0,0,0,,,,0,0,0,,,,,,,,,
20110,600200012,2,60020,蓝速龙王,JFB,JumpForward,0.03,0,0,0,0,0,0,0,"0,0,0",0,0,0,0,0,0,0,0,0,0,0,0,,0,0,,,,,,,,,0.3,0,0,7,,0,20,,,7,2,"0,0,0",0,0,0,0,0,0,0,0,0,0,0,0,,,,0,0,0,,,,,,,,,
20111,600200013,2,60020,蓝速龙王,AttH,NearGum,0.03,0,0,0,0,0,0,0,"0,0,0",0,0,0,0,0,0,0,0,0,0,0,0,,0,0,,,,,,,,,0.3,0,0,7,,0,20,,,7,2,"0,0,0",0,0,0,0,0,0,0,0,0,0,0,0,,,,0,0,0,,,,,,,,,
20112,500400001,2,50040,香菇猪,att,Dash,0.005,0,0,0,0,0,0,0,"0,0,0",0,0,0,0,0,0,0,0,0,0,0,0,,0,0,,,,,,,,,0.05,0,0,7,,0,5,,,7,2,"0,0,0",0,0,0,0,0,0,0,0,0,0,0,0,,,,0,0,0,,,,,,,,,
20113,500400002,2,50040,香菇猪,Att,DashL,0.005,0,0,0,0,0,0,0,"0,0,0",0,0,0,0,0,0,0,0,0,0,0,0,,0,0,,,,,,,,,0.05,0,0,7,,0,5,,,7,2,"0,0,0",0,0,0,0,0,0,0,0,0,0,0,0,,,,0,0,0,,,,,,,,,
20114,500400003,2,50040,香菇猪,Att,DashStop,0.005,0,0,0,0,0,0,0,"0,0,0",0,0,0,0,0,0,0,0,0,0,0,0,,0,0,,,,,,,,,0.05,0,0,7,,0,15,,,7,2,"0,0,0",0,0,0,0,0,0,0,0,0,0,0,0,,,,0,0,0,,,,,,,,,
20115,500400004,2,50040,香菇猪,Att,DragonDashLoop,0.005,0,0,0,0,0,0,0,"0,0,0",0,0,0,0,0,0,0,0,0,0,0,0,,0,0,,,,,,,,,0.05,0,0,7,,0,5,,,7,2,"0,0,0",0,0,0,0,0,0,0,0,0,0,0,0,,,,0,0,0,,,,,,,,,
20116,500400005,2,50040,香菇猪,Att,Run,0.01,0,0,0,0,0,0,0,"0,0,0",0,0,0,0,0,0,0,0,0,0,0,0,,0,0,,,,,,,,,0.1,0,0,7,,0,15,,,7,2,"0,0,0",0,0,0,0,0,0,0,0,0,0,0,0,,,,0,0,0,,,,,,,,,
20117,500500001,2,50050,野猪,att,,0.01,0,0,0,0,0,0,0,"0,0,0",0,0,0,0,0,0,0,0,0,0,0,0,,0,0,,,,,,,,,0.1,0,0,7,,0,10,,,7,2,"0,0,0",0,0,0,0,0,0,0,0,0,0,0,0,,,,0,0,0,,,,,,,,,
20118,500500002,2,50050,野猪,Atty,,0.01,0,0,0,0,0,0,0,"0,0,0",0,0,0,0,0,0,0,0,0,0,0,0,,0,0,,,,,,,,,0.1,0,0,11,,0,7,,,11,2,"0,0,0",0,0,0,0,0,0,0,0,0,0,0,0,,,,0,0,0,,,,,,,,,
20119,500500003,2,50050,野猪,Attr,,0.01,0,0,0,0,0,0,0,"0,0,0",0,0,0,0,0,0,0,0,0,0,0,0,,0,0,,,,,,,,,0.1,0,0,11,,0,10,,,11,2,"0,0,0",0,0,0,0,0,0,0,0,0,0,0,0,,,,0,0,0,,,,,,,,,
20120,500500004,2,50050,野猪,Atta,,0.01,0,0,0,0,0,0,0,"0,0,0",0,0,0,0,0,0,0,0,0,0,0,0,,0,0,,,,,,,,,0.1,0,0,11,,0,7,,,11,2,"0,0,0",0,0,0,0,0,0,0,0,0,0,0,0,,,,0,0,0,,,,,,,,,
20121,500500005,2,50050,野猪,Attb,,0.01,0,0,0,0,0,0,0,"0,0,0",0,0,0,0,0,0,0,0,0,0,0,0,,0,0,,,,,,,,,0.1,0,0,7,,0,15,,,7,2,"0,0,0",0,0,0,0,0,0,0,0,0,0,0,0,,,,0,0,0,,,,,,,,,
20122,500600001,2,50060,蓝速龙,Bite,,0.005,0,0,0,0,0,0,0,"0,0,0",0,0,0,0,0,0,0,0,0,0,0,0,,0,0,,,,,,,,,0.05,0,0,7,,0,5,,,7,2,"0,0,0",0,0,0,0,0,0,0,0,0,0,0,0,,,,0,0,0,,,,,,,,,
20123,500600002,2,50060,蓝速龙,Claw,,0.01,0,0,0,0,0,0,0,"0,0,0",0,0,0,0,0,0,0,0,0,0,0,0,,0,0,,,,,,,,,0.1,0,0,7,,0,15,,,7,2,"0,0,0",0,0,0,0,0,0,0,0,0,0,0,0,,,,0,0,0,,,,,,,,,
20124,500600003,2,50060,蓝速龙,JumpAttack,,0.01,0,0,0,0,0,0,0,"0,0,0",0,0,0,0,0,0,0,0,0,0,0,0,,0,0,,,,,,,,,0.1,0,0,11,,0,10,,,11,2,"0,0,0",0,0,0,0,0,0,0,0,0,0,0,0,,,,0,0,0,,,,,,,,,
20125,501200001,2,50120,草食龙,Shake,Shake,0.01,0,0,0,0,0,0,0,"0,0,0",0,0,0,0,0,0,0,0,0,0,0,0,,0,0,,,,,,,,,0.1,0,0,7,,0,3,,,7,2,"0,0,0",0,0,0,0,0,0,0,0,0,0,0,0,,,,0,0,0,,,,,,,,,
20126,501200002,2,50120,草食龙,Tail,Tail,0.01,0,0,0,0,0,0,0,"0,0,0",0,0,0,0,0,0,0,0,0,0,0,0,,0,0,,,,,,,,,0.1,0,0,7,,0,3,,,7,2,"0,0,0",0,0,0,0,0,0,0,0,0,0,0,0,,,,0,0,0,,,,,,,,,
20127,501200003,2,50120,草食龙,TailAround,TailAround,0.005,0,0,0,0,0,0,0,"0,0,0",0,0,0,0,0,0,0,0,0,0,0,0,,0,0,,,,,,,,,0.05,0,0,7,,0,10,,,7,2,"0,0,0",0,0,0,0,0,0,0,0,0,0,0,0,,,,0,0,0,,,,,,,,,
20128,600400001,2,60040,大怪鸟,AttackByClawTailTL02,ClawTail,0.04,,,,,,,,,,,,,,,,,,,,,,,,,,,,,,,,0.4,5,0,11,,0,10,,,11,2,"0,0,0",0,0,0,0,0,0,0,0,0,0,0,0,,,,0,0,0,,,,,,,,,
20129,600400002,2,60040,大怪鸟,AttackByClawTailSFL05,ClawTail,0.01,,,,,,,,,,,,,,,,,,,,,,,,,,,,,,,,0.1,5,0,2,,0,10,,,2,2,"0,0,0",0,0,0,0,0,0,0,0,0,0,0,0,,,,0,0,0,,,,,,,,,
20130,600400003,2,60040,大怪鸟,AttackByClawTailSFR05,ClawTail,0.01,,,,,,,,,,,,,,,,,,,,,,,,,,,,,,,,0.1,5,0,2,,0,10,,,2,2,"0,0,0",0,0,0,0,0,0,0,0,0,0,0,0,,,,0,0,0,,,,,,,,,
20131,600400004,2,60040,大怪鸟,AttackByClawTailLeftFL05,ClawTail,0.01,,,,,,,,,,,,,,,,,,,,,,,,,,,,,,,,0.1,5,0,2,,0,10,,,2,2,"0,0,0",0,0,0,0,0,0,0,0,0,0,0,0,,,,0,0,0,,,,,,,,,
20132,600400005,2,60040,大怪鸟,AttackByClawTailLeftFR05,ClawTail,0.01,,,,,,,,,,,,,,,,,,,,,,,,,,,,,,,,0.1,5,0,2,,0,10,,,2,2,"0,0,0",0,0,0,0,0,0,0,0,0,0,0,0,,,,0,0,0,,,,,,,,,
20133,600400006,2,60040,大怪鸟,AttackByClawTailTL09,ClawTail,0.045,,,,,,,,,,,,,,,,,,,,,,,,,,,,,,,,0.45,5,0,11,,0,10,,,11,2,"0,0,0",0,0,0,0,0,0,0,0,0,0,0,0,,,,0,0,0,,,,,,,,,
20134,600400011,2,60040,大怪鸟,HeadAttackByDragonDash,DragonDash,0.045,,,,,,,,,,,,,,,,,,,,,,,,,,,,,,,,0.45,5,0,11,,0,10,,,11,2,"0,0,0",0,0,0,0,0,0,0,0,0,0,0,0,,,,0,0,0,,,,,,,,,
20135,600400012,2,60040,大怪鸟,BodyAttackByDragonDash,DragonDash,0.045,,,,,,,,,,,,,,,,,,,,,,,,,,,,,,,,0.45,5,0,11,,0,10,,,11,2,"0,0,0",0,0,0,0,0,0,0,0,0,0,0,0,,,,0,0,0,,,,,,,,,
20136,600400013,2,60040,大怪鸟,HeadAttackByDragonDashRun,DragonDash,0.03,,,,,,,,,,,,,,,,,,,,,,,,,,,,,,,,0.3,5,0,11,,0,10,,,11,2,"0,0,0",0,0,0,0,0,0,0,0,0,0,0,0,,,,0,0,0,,,,,,,,,
20137,600400014,2,60040,大怪鸟,BodyAttackByDragonDashRun,DragonDash,0.03,,,,,,,,,,,,,,,,,,,,,,,,,,,,,,,,0.3,5,0,11,,0,10,,,11,2,"0,0,0",0,0,0,0,0,0,0,0,0,0,0,0,,,,0,0,0,,,,,,,,,
20138,600400020,2,60040,大怪鸟,HeadAttackByPeck,Peck,0.035,,,,,,,,,,,,,,,,,,,,,,,,,,,,,,,,0.35,5,0,2,,0,10,,,2,2,"0,0,0",0,0,0,0,0,0,0,0,0,0,0,0,,,,0,0,0,,,,,,,,,
20139,600400021,2,60040,大怪鸟,AttackByPeckTL02,Peck,0.035,,,,,,,,,,,,,,,,,,,,,,,,,,,,,,,,0.35,5,0,2,,0,10,,,2,2,"0,0,0",0,0,0,0,0,0,0,0,0,0,0,0,,,,0,0,0,,,,,,,,,
20140,600400022,2,60040,大怪鸟,AttackByPeckTL09,Peck,0.02,,,,,,,,,,,,,,,,,,,,,,,,,,,,,,,,0.2,5,0,2,,0,10,,,2,2,"0,0,0",0,0,0,0,0,0,0,0,0,0,0,0,,,,0,0,0,,,,,,,,,
20141,600400024,2,60040,大怪鸟,BodyAttackByAngryDash,Em004DashFireBall,0.03,,,,,,,,,,,,,,,,,,,,,,,,,,,,,,,,0,5,0,11,,0,10,,,11,2,"0,0,0",0.3,0,0,0,0,0,0,0,0,0,0,0,,,,0,0,0,,,,,,,,,
20142,,2,,沙龙王,DragonDashLoop,,0.025,0,0,0,0,0,0,0,"0,0,0",0,0,0,0,0,0,0,0,0,0,0,0,,0,0,,,,,,,,,0.25,0,0,12,,0,20,,,12,2,"0,0,0",0,0,0,0,0,0,0,0,0,0,0,0,,,,0,0,0,,,,,,,,,
20143,,2,,沙龙王,FlyEat,,0.025,0,0,0,0,0,0,0,"0,0,0",0,0,0,0,0,0,0,0,0,0,0,0,,0,0,70025,,,,,,,,0.25,0,0,0,,0,10,,,0,2,"0,0,0",0,0,0,0,0,0,0,0,0,0,0,0,,,,0,0,0,,60005,,,,,,,
20144,,2,,沙龙王,GoDownA,,0.02,0,0,0,0,0,0,0,"0,0,0",0,0,0,0,0,0,0,0,0,0,0,0,,0,0,,,,,,,,,0.2,0,0,7,,0,10,,,7,2,"0,0,0",0,0,0,0,0,0,0,0,0,0,0,0,,,,0,0,0,,,,,,,,,
20145,,2,,沙龙王,GoDownL,,0.02,0,0,0,0,0,0,0,"0,0,0",0,0,0,0,0,0,0,0,0,0,0,0,,0,0,,,,,,,,,0.2,0,0,7,,0,10,,,7,2,"0,0,0",0,0,0,0,0,0,0,0,0,0,0,0,,,,0,0,0,,,,,,,,,
20146,,2,,沙龙王,GoDownR,,0.02,0,0,0,0,0,0,0,"0,0,0",0,0,0,0,0,0,0,0,0,0,0,0,,0,0,,,,,,,,,0.2,0,0,7,,0,10,,,7,2,"0,0,0",0,0,0,0,0,0,0,0,0,0,0,0,,,,0,0,0,,,,,,,,,
20147,,2,,沙龙王,GoUp,,0.02,0,0,0,0,0,0,0,"0,0,0",0,0,0,0,0,0,0,0,0,0,0,0,,0,0,,,,,,,,,0.2,0,0,7,,0,10,,,7,2,"0,0,0",0,0,0,0,0,0,0,0,0,0,0,0,,,,0,0,0,,,,,,,,,
20148,,2,,沙龙王,GoUpL,,0.02,0,0,0,0,0,0,0,"0,0,0",0,0,0,0,0,0,0,0,0,0,0,0,,0,0,,,,,,,,,0.2,0,0,7,,0,10,,,7,2,"0,0,0",0,0,0,0,0,0,0,0,0,0,0,0,,,,0,0,0,,,,,,,,,
20149,,2,,沙龙王,GoUpR,,0.02,0,0,0,0,0,0,0,"0,0,0",0,0,0,0,0,0,0,0,0,0,0,0,,0,0,,,,,,,,,0.2,0,0,7,,0,10,,,7,2,"0,0,0",0,0,0,0,0,0,0,0,0,0,0,0,,,,0,0,0,,,,,,,,,
20150,,2,,沙龙王,GoUpH,,0.02,0,0,0,0,0,0,0,"0,0,0",0,0,0,0,0,0,0,0,0,0,0,0,,0,0,,,,,,,,,0.2,0,0,7,,0,10,,,7,2,"0,0,0",0,0,0,0,0,0,0,0,0,0,0,0,,,,0,0,0,,,,,,,,,
20151,,2,,沙龙王,HeadtailH,,0.025,0,0,0,0,0,0,0,"0,0,0",0,0,0,0,0,0,0,0,0,0,0,0,,0,0,,,,,,,,,0.25,0,0,7,,0,10,,,7,2,"0,0,0",0,0,0,0,0,0,0,0,0,0,0,0,,,,0,0,0,,,,,,,,,
20152,,2,,沙龙王,HeadtailT,,0.025,0,0,0,0,0,0,0,"0,0,0",0,0,0,0,0,0,0,0,0,0,0,0,,0,0,,,,,,,,,0.25,0,0,7,,0,10,,,7,2,"0,0,0",0,0,0,0,0,0,0,0,0,0,0,0,,,,0,0,0,,,,,,,,,
20153,,2,,沙龙王,HeadtailTT,,0.025,0,0,0,0,0,0,0,"0,0,0",0,0,0,0,0,0,0,0,0,0,0,0,,0,0,,,,,,,,,0.25,0,0,7,,0,10,,,7,2,"0,0,0",0,0,0,0,0,0,0,0,0,0,0,0,,,,0,0,0,,,,,,,,,
20154,,2,,沙龙王,Peckleft,,0.03,0,0,0,0,0,0,0,"0,0,0",0,0,0,0,0,0,0,0,0,0,0,0,,0,0,,,,,,,,,0.3,0,0,11,,0,10,,,11,2,"0,0,0",0,0,0,0,0,0,0,0,0,0,0,0,,,,0,0,0,,,,,,,,,
20155,,2,,沙龙王,Peckright,,0.03,0,0,0,0,0,0,0,"0,0,0",0,0,0,0,0,0,0,0,0,0,0,0,,0,0,,,,,,,,,0.3,0,0,11,,0,10,,,11,2,"0,0,0",0,0,0,0,0,0,0,0,0,0,0,0,,,,0,0,0,,,,,,,,,
20156,,2,,沙龙王,AttbyRush,,0.04,0,0,0,0,0,0,0,"0,0,0",0,0,0,0,0,0,0,0,0,0,0,0,,0,0,,,,,,,,,0.4,0,0,7,,0,10,,,7,2,"0,0,0",0,0,0,0,0,0,0,0,0,0,0,0,,,,0,0,0,,,,,,,,,
20157,,2,,沙龙王,Sandline,,0.025,0,0,0,0,0,0,0,"0,0,0",0,0,0,0,0,0,0,0,0,0,0,0,,0,0,,,,,,,,,0.25,0,0,11,,0,15,,,11,2,"0,0,0",0,0,0,0,0,0,0,0,0,0,0,0,,,,0,0,0,,,,,,,,,
20158,,2,,沙龙王,Swim,,0.008,0,0,0,0,0,0,0,"0,0,0",0,0,0,0,0,0,0,0,0,0,0,0,,0,0,,,,,,,,,0.08,0,0,7,,0,5,,,7,2,"0,0,0",0,0,0,0,0,0,0,0,0,0,0,0,,,,0,0,0,,,,,,,,,
20159,,2,,沙龙王,SwimB,,0.008,0,0,0,0,0,0,0,"0,0,0",0,0,0,0,0,0,0,0,0,0,0,0,,0,0,,,,,,,,,0.08,0,0,7,,0,5,,,7,2,"0,0,0",0,0,0,0,0,0,0,0,0,0,0,0,,,,0,0,0,,,,,,,,,
20160,,2,,沙龙王,SwimH,,0.008,0,0,0,0,0,0,0,"0,0,0",0,0,0,0,0,0,0,0,0,0,0,0,,0,0,,,,,,,,,0.08,0,0,7,,0,5,,,7,2,"0,0,0",0,0,0,0,0,0,0,0,0,0,0,0,,,,0,0,0,,,,,,,,,
20161,,2,,沙龙王,AttbyTailfuri,,0.03,0,0,0,0,0,0,0,"0,0,0",0,0,0,0,0,0,0,0,0,0,0,0,,0,0,,,,,,,,,0.3,0,0,11,,0,10,,,11,2,"0,0,0",0,0,0,0,0,0,0,0,0,0,0,0,,,,0,0,0,,,,,,,,,
20162,,2,,沙龙王,AttbyTotsugeki,,0.05,0,0,0,0,0,0,0,"0,0,0",0,0,0,0,0,0,0,0,0,0,0,0,,0,0,,,,,,,,,0.5,0,0,12,,0,40,,,12,2,"0,0,0",0,0,0,0,0,0,0,0,0,0,0,0,,,,0,0,0,,,,,,,,,
20163,,2,,沙龙王,Attbygum,,0.06,0,0,0,0,0,0,0,"0,0,0",0,0,0,0,0,0,0,0,0,0,0,0,,0,0,,,交互行为,4,,,,,0.6,0,0,12,,0,45,,,12,2,"0,0,0",0,0,0,0,0,0,0,0,0,0,0,0,,,,0,0,0,,,,,,,,,
20164,,2,,沙龙王,huaxing,,0.02,0,0,0,0,0,0,0,"0,0,0",0,0,0,0,0,0,0,0,0,0,0,0,,0,0,,,,,,,,,0.2,0,0,7,,0,15,,,7,2,"0,0,0",0,0,0,0,0,0,0,0,0,0,0,0,,,,0,0,0,,,,,,,,,
20165,,2,,沙龙王,huaxingH,,0.025,0,0,0,0,0,0,0,"0,0,0",0,0,0,0,0,0,0,0,0,0,0,0,,0,0,,,,,,,,,0.25,0,0,7,,0,25,,,7,2,"0,0,0",0,0,0,0,0,0,0,0,0,0,0,0,,,,0,0,0,,,,,,,,,
20166,,2,,沙龙王,huaxingT,,0.02,0,0,0,0,0,0,0,"0,0,0",0,0,0,0,0,0,0,0,0,0,0,0,,0,0,,,,,,,,,0.2,0,0,7,,0,10,,,7,2,"0,0,0",0,0,0,0,0,0,0,0,0,0,0,0,,,,0,0,0,,,,,,,,,
20167,,2,,沙龙王,Attbytieshan,,0.04,0,0,0,0,0,0,0,"0,0,0",0,0,0,0,0,0,0,0,0,0,0,0,,0,0,,,,,,,,,0.4,0,0,11,,0,30,,,11,2,"0,0,0",0,0,0,0,0,0,0,0,0,0,0,0,,,,0,0,0,,,,,,,,,
20168,,2,,沙龙王,attbyxianqian,,0.025,0,0,0,0,0,0,0,"0,0,0",0,0,0,0,0,0,0,0,0,0,0,0,,0,0,,,,,,,,,0.25,0,0,7,,0,20,,,7,2,"0,0,0",0,0,0,0,0,0,0,0,0,0,0,0,,,,0,0,0,,,,,,,,,
20169,,2,,沙龙王,SandBall,,0.04,0,0,0,0,0,0,0,"0,0,1",0,0,0,0,0,0,0,0,0,0,0,0,,0,0,,,,,,,,,0.4,0,0,11,,0,20,,,11,2,"0,0,0",0,0,0,0,0,0,0,0,0,0,0,0,,,,0,0,0,,,,,,,,,
20170,,2,,沙龙王,Sand,,0.04,0,0,0,0,0,0,0,"0,0,2",0,0,0,0,0,0,0,0,0,0,0,0,,0,0,,,,,,,,,0.4,0,0,11,,0,20,,,11,2,"0,0,0",0,0,0,0,0,0,0,0,0,0,0,0,,,,0,0,0,,,,,,,,,
20171,600110002,2,60011,沙狸兽,BeaverRollBody,BeaverRoll,0.04,0,0,0,0,0,0,0,"0,0,0",0,0,0,0,0,0,0,0,0,0,0,0,,0,0,,,交互行为,5,,,,,0.4,30,0,11,,0,40,,,11,2,"0,0,0",0,0,0,0,0,0,0,0,0,0,0,0,,,,0,0,0,,,,,,,,,
20172,600110003,2,60011,沙狸兽,BeaverRollHead,BeaverRoll,0.0004,0,0,0,0,0,0,0,"0,0,0",0,0,0,0,0,0,0,0,0,0,0,0,,0,0,,,交互行为,5,,,,,0.004,30,0,11,,0,40,,,11,2,"0,0,0",0,0,0,0,0,0,0,0,0,0,0,0,,,,0,0,0,,,,,,,,,
20173,600110004,2,60011,沙狸兽,BeaverRollLeftClaw,BeaverRoll,0.04,0,0,0,0,0,0,0,"0,0,0",0,0,0,0,0,0,0,0,0,0,0,0,,0,0,,,交互行为,5,,,,,0.4,30,0,11,,0,40,,,11,2,"0,0,0",0,0,0,0,0,0,0,0,0,0,0,0,,,,0,0,0,,,,,,,,,
20174,600110005,2,60011,沙狸兽,BeaverRollRightClaw,BeaverRoll,0.04,0,0,0,0,0,0,0,"0,0,0",0,0,0,0,0,0,0,0,0,0,0,0,,0,0,,,交互行为,5,,,,,0.4,30,0,11,,0,40,,,11,2,"0,0,0",0,0,0,0,0,0,0,0,0,0,0,0,,,,0,0,0,,,,,,,,,
20175,600110006,2,60011,沙狸兽,BeaverRollTail,BeaverRoll,0.04,0,0,0,0,0,0,0,"0,0,0",0,0,0,0,0,0,0,0,0,0,0,0,,0,0,,,交互行为,5,,,,,0.4,30,0,11,,0,40,,,11,2,"0,0,0",0,0,0,0,0,0,0,0,0,0,0,0,,,,0,0,0,,,,,,,,,
20176,600110007,2,60011,沙狸兽,BodyDown,BodyDown,0.05,0,0,0,0,0,0,0,"0,0,0",0,0,0,0,0,0,0,0,0,0,0,0,,0,0,,,,,,,,,0.5,10,0,11,,0,40,,,11,2,"0,0,0",0,0,0,0,0,0,0,0,0,0,0,0,,,,0,0,0,,,,,,,,,
20177,600110009,2,60011,沙狸兽,DragonDashBody,DragonDash,0.015,0,0,0,0,0,0,0,"0,0,0",0,0,0,0,0,0,0,0,0,0,0,0,,0,0,,,,,,,,,0.15,10,0,7,,0,25,,,6,2,"0,0,0",0,0,0,0,0,0,0,0,0,0,0,0,,,,0,0,0,,,,,,,,,
20178,600110010,2,60011,沙狸兽,DragonDashHead,DragonDash,0.015,0,0,0,0,0,0,0,"0,0,0",0,0,0,0,0,0,0,0,0,0,0,0,,0,0,,,,,,,,,0.15,10,0,7,,0,25,,,6,2,"0,0,0",0,0,0,0,0,0,0,0,0,0,0,0,,,,0,0,0,,,,,,,,,
20179,600110011,2,60011,沙狸兽,DragonDashLeftClaw,DragonDash,0.015,0,0,0,0,0,0,0,"0,0,0",0,0,0,0,0,0,0,0,0,0,0,0,,0,0,,,,,,,,,0.15,10,0,7,,0,25,,,6,2,"0,0,0",0,0,0,0,0,0,0,0,0,0,0,0,,,,0,0,0,,,,,,,,,
20180,600110012,2,60011,沙狸兽,DragonDashRightClaw,DragonDash,0.015,0,0,0,0,0,0,0,"0,0,0",0,0,0,0,0,0,0,0,0,0,0,0,,0,0,,,,,,,,,0.15,10,0,7,,0,25,,,6,2,"0,0,0",0,0,0,0,0,0,0,0,0,0,0,0,,,,0,0,0,,,,,,,,,
20181,600110013,2,60011,沙狸兽,JumpForward,JumpForward,0.04,0,0,0,0,0,0,0,"0,0,0",0,0,0,0,0,0,0,0,0,0,0,0,,0,0,,,,,,,,,0.4,5,0,11,,0,30,,,11,2,"0,0,0",0,0,0,0,0,0,0,0,0,0,0,0,,,,0,0,0,,,,,,,,,
20182,600110014,2,60011,沙狸兽,LeftClaw,LeftClaw,0.03,0,0,0,0,0,0,0,"0,0,0",0,0,0,0,0,0,0,0,0,0,0,0,,0,0,,,,,,,,,0.3,10,0,7,,0,25,,,6,2,"0,0,0",0,0,0,0,0,0,0,0,0,0,0,0,,,,0,0,0,,,,,,,,,
20183,600110015,2,60011,沙狸兽,RightClaw,RightClaw,0.03,0,0,0,0,0,0,0,"0,0,0",0,0,0,0,0,0,0,0,0,0,0,0,,0,0,,,,,,,,,0.3,10,0,7,,0,25,,,6,2,"0,0,0",0,0,0,0,0,0,0,0,0,0,0,0,,,,0,0,0,,,,,,,,,
20184,600110016,2,60011,沙狸兽,RollLeftBody,RollLeft,0.045,0,0,0,0,0,0,0,"0,0,0",0,0,0,0,0,0,0,0,0,0,0,0,,0,0,,,,,,,,,0.45,10,0,11,,0,30,,,11,2,"0,0,0",0,0,0,0,0,0,0,0,0,0,0,0,,,,0,0,0,,,,,,,,,
20185,600110017,2,60011,沙狸兽,LeftClaw,RollLeft,0.045,0,0,0,0,0,0,0,"0,0,0",0,0,0,0,0,0,0,0,0,0,0,0,,0,0,,,,,,,,,0.45,10,0,11,,0,30,,,11,2,"0,0,0",0,0,0,0,0,0,0,0,0,0,0,0,,,,0,0,0,,,,,,,,,
20186,600110018,2,60011,沙狸兽,RightClaw,RollLeft,0.045,0,0,0,0,0,0,0,"0,0,0",0,0,0,0,0,0,0,0,0,0,0,0,,0,0,,,,,,,,,0.45,10,0,11,,0,30,,,11,2,"0,0,0",0,0,0,0,0,0,0,0,0,0,0,0,,,,0,0,0,,,,,,,,,
20187,600110019,2,60011,沙狸兽,RollRightBody,RollRight,0.045,0,0,0,0,0,0,0,"0,0,0",0,0,0,0,0,0,0,0,0,0,0,0,,0,0,,,,,,,,,0.45,10,0,11,,0,30,,,11,2,"0,0,0",0,0,0,0,0,0,0,0,0,0,0,0,,,,0,0,0,,,,,,,,,
20188,600110020,2,60011,沙狸兽,LeftClaw,RollRight,0.045,0,0,0,0,0,0,0,"0,0,0",0,0,0,0,0,0,0,0,0,0,0,0,,0,0,,,,,,,,,0.45,10,0,11,,0,30,,,11,2,"0,0,0",0,0,0,0,0,0,0,0,0,0,0,0,,,,0,0,0,,,,,,,,,
20189,600110021,2,60011,沙狸兽,RightClaw,RollRight,0.045,0,0,0,0,0,0,0,"0,0,0",0,0,0,0,0,0,0,0,0,0,0,0,,0,0,,,,,,,,,0.45,10,0,11,,0,30,,,11,2,"0,0,0",0,0,0,0,0,0,0,0,0,0,0,0,,,,0,0,0,,,,,,,,,
20190,600110022,2,60011,沙狸兽,RotateAttack,RotateAttack,0.07,0,0,0,0,0,0,0,"0,0,0",0,0,0,0,0,0,0,0,0,0,0,0,,0,0,,,,,,,,,0.7,25,0,11,,0,40,,,11,2,"0,0,0",0,0,0,0,0,0,0,0,0,0,0,0,,,,0,0,0,,,,,,,,,
20191,600110023,2,60011,沙狸兽,RotateAttackBody,RotateAttack,0.02,0,0,0,0,0,0,0,"0,0,0",0,0,0,0,0,0,0,0,0,0,0,0,,0,0,,,,,,,,,0.2,25,0,11,,0,30,,,11,2,"0,0,0",0,0,0,0,0,0,0,0,0,0,0,0,,,,0,0,0,,,,,,,,,
20192,600110024,2,60011,沙狸兽,Mud,Mud,0.03,0,0,0,0,0,0,0,"0,0,0",0,0,0,0,0,0,0,0,0,0,0,0,,0,0,70034,,,,,,,,0.3,15,0,7,,0,25,,,0,2,"0,0,0",0,0,0,0,0,0,0,0,0,0,0,0,,,,0,0,0,,60007,,,,,,,
20193,600110025,2,60011,沙狸兽,Mud1,Mud,0.03,0,0,0,0,0,0,0,"0,0,0",0,0,0,0,0,0,0,0,0,0,0,0,,0,0,70034,,,,,,,,0.3,15,0,7,,0,25,,,0,2,"0,0,0",0,0,0,0,0,0,0,0,0,0,0,0,,,,0,0,0,,60007,,,,,,,
20194,600110027,2,60011,沙狸兽,Turn180L,Turn180,0.01,0,0,0,0,0,0,0,"0,0,0",0,0,0,0,0,0,0,0,0,0,0,0,,0,0,,,,,,,,,0.1,0,0,2,,0,25,,,0,2,"0,0,0",0,0,0,0,0,0,0,0,0,0,0,0,,,,0,0,0,,,,,,,,,
20195,600110028,2,60011,沙狸兽,Turn180R,Turn180,0.01,0,0,0,0,0,0,0,"0,0,0",0,0,0,0,0,0,0,0,0,0,0,0,,0,0,,,,,,,,,0.1,0,0,2,,0,15,,,0,2,"0,0,0",0,0,0,0,0,0,0,0,0,0,0,0,,,,0,0,0,,,,,,,,,
20196,600110029,2,60011,沙狸兽,MusouClaw,MusouClaw,0.03,0,0,0,0,0,0,0,"0,0,0",0,0,0,0,0,0,0,0,0,0,0,0,,0,0,,,,,,,,,0.3,25,0,11,,0,25,,,11,2,"0,0,0",0,0,0,0,0,0,0,0,0,0,0,0,,,,0,0,0,,,,,,,,,
20197,600110030,2,60011,沙狸兽,MusouBody,MusouBody,0.045,0,0,0,0,0,0,0,"0,0,0",0,0,0,0,0,0,0,0,0,0,0,0,,0,0,,,,,,,,,0.45,25,0,11,,0,25,,,11,2,"0,0,0",0,0,0,0,0,0,0,0,0,0,0,0,,,,0,0,0,,,,,,,,,
20198,600110031,2,60011,沙狸兽,MusouEnd,MusouEnd,0.05,0,0,0,0,0,0,0,"0,0,0",0,0,0,0,0,0,0,0,0,0,0,0,,0,0,,,,,,,,,0.5,25,0,11,,0,25,,,11,2,"0,0,0",0,0,0,0,0,0,0,0,0,0,0,0,,,,0,0,0,,,,,,,,,
20199,600110032,2,60011,沙狸兽,JumpOut,JumpOut,0.05,0,0,0,0,0,0,0,"0,0,0",0,0,0,0,0,0,0,0,0,0,0,0,,0,0,,,,,,,,,0.5,25,0,11,,0,25,,,11,2,"0,0,0",0,0,0,0,0,0,0,0,0,0,0,0,,,,0,0,0,,,,,,,,,
20200,600110033,2,60011,沙狸兽,Sand,MusouEnd,0.05,0,0,0,0,0,0,0,"0,0,0",0,0,0,0,0,0,0,0,0,0,0,0,,0,0,,,,,,,,,0.5,25,0,7,,0,25,,,11,2,"0,0,0",0,0,0,0,0,0,0,0,0,0,0,0,,,,0,0,0,,,,,,,,,
20201,600110034,2,60011,沙狸兽,Mud2,Mud,0.01,0,0,0,0,0,0,0,"0,0,0",0,0,0,0,0,0,0,0,0,0,0,0,,0,0,70034,,,,,,,,0.1,10,0,7,,0,25,,,0,2,"0,0,0",0,0,0,0,0,0,0,0,0,0,0,0,,,,0,0,0,,60007,,,,,,,
20202,600110035,2,60011,沙狸兽,Mud3,Mud,0.01,0,0,0,0,0,0,0,"0,0,0",0,0,0,0,0,0,0,0,0,0,0,0,,0,0,70034,,,,,,,,0.1,10,0,7,,0,25,,,0,2,"0,0,0",0,0,0,0,0,0,0,0,0,0,0,0,,,,0,0,0,,60007,,,,,,,
20203,600110036,2,60011,沙狸兽,Mud4,Mud,0.01,0,0,0,0,0,0,0,"0,0,0",0,0,0,0,0,0,0,0,0,0,0,0,,0,0,70034,,,,,,,,0.1,10,0,7,,0,25,,,0,2,"0,0,0",0,0,0,0,0,0,0,0,0,0,0,0,,,,0,0,0,,60007,,,,,,,
20204,600110037,2,60011,沙狸兽,Mud5,Mud,0.01,0,0,0,0,0,0,0,"0,0,0",0,0,0,0,0,0,0,0,0,0,0,0,,0,0,70034,,,,,,,,0.1,10,0,7,,0,25,,,0,2,"0,0,0",0,0,0,0,0,0,0,0,0,0,0,0,,,,0,0,0,,60007,,,,,,,
20205,600800003,2,60080,桃毛兽,2,HandAttack,0.025,0,0,0,0,0,0,0,"0,0,0",0,0,0,0,0,0,0,0,0,0,0,0,,0,0,,,,,,,,,0.25,0,0,12,,0,15,,,0,2,"0,0,0",0,0,0,0,0,0,0,0,0,0,0,0,,,,0,0,0,,,,,,,,,
20206,600800004,2,60080,桃毛兽,3,Rush,0.025,0,0,0,0,0,0,0,"0,0,0",0,0,0,0,0,0,0,0,0,0,0,0,,0,0,,,,,,,,,0.25,10,0,7,,0,25,,,11,2,"0,0,0",0,0,0,0,0,0,0,0,0,0,0,0,,,,0,0,0,,,,,,,,,
20207,600800005,2,60080,桃毛兽,4,PooBall,0.02,0,0,0,0,0,0,0,"0,0,0",0,0,0,0,0,0,0,0,0,0,0,0,,0,0,,,,,,,,,0.2,10,0,7,,0,25,,,11,2,"0,0,0",0,0,0,0,0,0,0,0,0,0,0,0,,,,0,0,0,,,,,,,,,
20208,600800006,2,60080,桃毛兽,5,Howl,0,0,0,0,0,0,0,0,"0,0,0",0,0,0,0,0,0,0,0,0,0,0,0,,0,0,70024,,,,,,,,0,0,0,0,,0,5,,,0,2,"0,0,0",0,0,0,0,0,0,0,0,0,0,0,0,,,,0,0,0,,60004,,,,,,,
20209,600800007,2,60080,桃毛兽,6,Belly,0.02,0,0,0,0,0,0,0,"0,0,0",0,0,0,0,0,0,0,0,0,0,0,0,,0,0,,,,,,,,,0.2,10,0,11,,0,25,,,11,2,"0,0,0",0,0,0,0,0,0,0,0,0,0,0,0,,,,0,0,0,,,,,,,,,
20210,600800011,2,60080,桃毛兽,7,Fart,0.03,0,0,0,0,0,0,0,"0,0,0",0,0,0,0,0,0,0,0,0,0,0,0,,0,0,,,,,,,,,0.3,10,0,11,,0,25,,,11,2,"0,0,0",0,0,0,0,0,0,0,0,0,0,0,0,,,,0,13008,0,,,,,,,,,
20211,600800012,2,60080,桃毛兽,8,Fart,0.03,0,0,0,0,0,0,0,"0,0,0",0,0,0,0,0,0,0,0,0,0,0,0,,0,0,,,,,,,,,0.3,10,0,11,,0,25,,,11,2,"0,0,0",0,0,0,0,0,0,0,0,0,0,0,0,,,,0,13008,0,,,,,,,,,
20212,600800013,2,60080,桃毛兽,9,Fart,0.03,0,0,0,0,0,0,0,"0,0,0",0,0,0,0,0,0,0,0,0,0,0,0,,0,0,,,,,,,,,0.3,10,0,11,,0,25,,,11,2,"0,0,0",0,0,0,0,0,0,0,0,0,0,0,0,,,,0,13008,0,,,,,,,,,
20213,600800017,2,60080,桃毛兽,10,Fart,0.03,0,0,0,0,0,0,0,"0,0,0",0,0,0,0,0,0,0,0,0,0,0,0,,0,0,,,,,,,,,0.3,10,0,11,,0,25,,,11,2,"0,0,0",0,0,0,0,0,0,0,0,0,0,0,0,,,,0,13008,0,,,,,,,,,
20214,600800014,2,60080,桃毛兽,11,HandAttack,0.03,0,0,0,0,0,0,0,"0,0,0",0,0,0,0,0,0,0,0,0,0,0,0,,0,0,,,交互行为,3,,,,,0.3,10,0,11,,0,25,,,11,2,"0,0,0",0,0,0,0,0,0,0,0,0,0,0,0,,,,0,0,0,,,,,,,,,
20215,600700001,2,60070,毒怪鸟,BiteHead,Bite,0.03,0,0,0,0,0,0,0,"0,0,0",0,0,0,0,0,0,0,0,0,0,0,0,,0,0,,,,,,,,,0.3,10,0,7,,0,25,,,7,2,"0,0,0",0,0,0,0,0,0,0,0,0,0,0,0,,,,0,0,0,,,,,,,,,
20216,600700002,2,60070,毒怪鸟,DragonDashHead,DragonDash,0.04,0,0,0,0,0,0,0,"0,0,0",0,0,0,0,0,0,0,0,0,0,0,0,,0,0,,,,,,,,,0.4,10,0,11,,0,25,,,11,2,"0,0,0",0,0,0,0,0,0,0,0,0,0,0,0,,,,0,0,0,,,,,,,,,
20217,600700002,2,60070,毒怪鸟,DragonDashFoot,DragonDash,0.04,0,0,0,0,0,0,0,"0,0,0",0,0,0,0,0,0,0,0,0,0,0,0,,0,0,,,,,,,,,0.4,10,0,11,,0,25,,,11,2,"0,0,0",0,0,0,0,0,0,0,0,0,0,0,0,,,,0,0,0,,,,,,,,,
20218,600700004,2,60070,毒怪鸟,MouthAttack,MouthAttack,0.03,0,0,0,0,0,0,0,"0,0,0",0,0,0,0,0,0,0,0,0,0,0,0,,0,0,,,,,,,,,0.3,10,0,9,,0,25,,,7,2,"0,0,0",0,0,0,0,0,0,0,0,0,0,0,0,,,,0,0,0,,,,,,,,,
20219,600700009,2,60070,毒怪鸟,ShootDashHead,PoisonBall,0.04,0,0,0,0,0,0,0,"0,0,0",0,0,0,0,0,0,0,0,0,0,0,0,,0,0,,,,,,,,,0.4,10,0,11,,0,25,,,11,2,"0,0,0",0,0,0,0,0,0,0,0,0,0,0,0,,,,0,0,0,,,,,,,,,
20220,600700010,2,60070,毒怪鸟,ShootDashFoot,PoisonBall,0.04,0,0,0,0,0,0,0,"0,0,0",0,0,0,0,0,0,0,0,0,0,0,0,,0,0,,,,,,,,,0.4,10,0,11,,0,25,,,11,2,"0,0,0",0,0,0,0,0,0,0,0,0,0,0,0,,,,0,0,0,,,,,,,,,
20221,600700012,2,60070,毒怪鸟,Tail,Tail,0.04,0,0,0,0,0,0,0,"0,0,0",0,0,0,0,0,0,0,0,0,0,0,0,,0,0,,,,,,,,,0.4,10,0,11,,0,25,,,11,2,"0,0,0",0,0,0,0,0,0,0,0,0,0,0,0,,,,0,0,0,,,,,,,,,
20222,600700013,2,60070,毒怪鸟,Tail2,Tail,0.04,0,0,0,0,0,0,0,"0,0,0",0,0,0,0,0,0,0,0,0,0,0,0,,0,0,,,,,,,,,0.4,10,0,11,,0,25,,,11,2,"0,0,0",0,0,0,0,0,0,0,0,0,0,0,0,,,,0,0,0,,,,,,,,,
20223,600700014,2,60070,毒怪鸟,UpAttack,UpAttack,0.05,0,0,0,0,0,0,0,"0,0,0",0,0,0,0,0,0,0,0,0,0,0,0,,0,0,,,,,,,,,0.5,10,0,11,,0,25,,,11,2,"0,0,0",0,0,0,0,0,0,0,0,0,0,0,0,,,,0,0,0,,,,,,,,,
20224,600300001,2,60030,大野猪,att,,0.035,0,0,0,0,0,0,0,"0,0,0",0,0,0,0,0,0,0,0,0,0,0,0,,0,0,,,,,,,,,0.35,10,0,7,,0,25,,,7,2,"0,0,0",0,0,0,0,0,0,0,0,0,0,0,0,,,,0,0,0,,,,,,,,,
20225,600300002,2,60030,大野猪,AttJ,,0.045,0,0,0,0,0,0,0,"0,0,0",0,0,0,0,0,0,0,0,0,0,0,0,,0,0,,,,,,,,,0.45,10,0,12,,0,35,,,12,2,"0,0,0",0,0,0,0,0,0,0,0,0,0,0,0,,,,0,0,0,,,,,,,,,
20226,600300003,2,60030,大野猪,AttR,,0.045,0,0,0,0,0,0,0,"0,0,0",0,0,0,0,0,0,0,0,0,0,0,0,,0,0,,,,,,,,,0.45,10,0,12,,0,35,,,12,2,"0,0,0",0,0,0,0,0,0,0,0,0,0,0,0,,,,0,0,0,,,,,,,,,
20227,600300004,2,60030,大野猪,AttY,,0.045,0,0,0,0,0,0,0,"0,0,0",0,0,0,0,0,0,0,0,0,0,0,0,,0,0,,,,,,,,,0.45,10,0,12,,0,35,,,12,2,"0,0,0",0,0,0,0,0,0,0,0,0,0,0,0,,,,0,0,0,,,,,,,,,
20228,600300005,2,60030,大野猪,Attack,,0.035,0,0,0,0,0,0,0,"0,0,0",0,0,0,0,0,0,0,0,0,0,0,0,,0,0,,,,,,,,,0.35,10,0,11,,0,35,,,11,2,"0,0,0",0,0,0,0,0,0,0,0,0,0,0,0,,,,0,0,0,,,,,,,,,
20229,600300006,2,60030,大野猪,Attack1,,0.035,0,0,0,0,0,0,0,"0,0,0",0,0,0,0,0,0,0,0,0,0,0,0,,0,0,,,,,,,,,0.35,10,0,11,,0,35,,,11,2,"0,0,0",0,0,0,0,0,0,0,0,0,0,0,0,,,,0,0,0,,,,,,,,,
20230,600300007,2,60030,大野猪,AttZ,,0.03,0,0,0,0,0,0,0,"0,0,0",0,0,0,0,0,0,0,0,0,0,0,0,,0,0,,,,,,,,,0.3,10,0,7,,0,15,,,7,2,"0,0,0",0,0,0,0,0,0,0,0,0,0,0,0,,,,0,0,0,,,,,,,,,
20231,600600001,2,,黄速龙王,1,,0.006,0,0,0,0,0,0,0,"0,0,0",0,0,0,0,0,0,0,0,0,0,0,0,,0,0,,,,,,,,,0.06,0,0,2,,0,3,,,2,2,"0,0,0",0,0,0,0,0,0,0,0,0,0,0,0,,,,0,0,0,,,,,,,,,
20232,600600002,2,,黄速龙王,2,,0.006,0,0,0,0,0,0,0,"0,0,0",0,0,0,0,0,0,0,0,0,0,0,0,,0,0,,,,,,,,,0.06,0,0,2,,0,3,,,2,2,"0,0,0",0,0,0,0,0,0,0,0,0,0,0,0,,,,0,0,0,,,,,,,,,
20233,600600003,2,,黄速龙王,3,,0.01,0,0,0,0,0,0,0,"0,0,0",0,0,0,0,0,0,0,0,0,0,0,0,,0,0,,,,,,,,,0.1,0,0,7,,0,8,,,2,2,"0,0,0",0,0,0,0,0,0,0,0,0,0,0,0,,,,0,0,0,,,,,,,,,
20234,600600004,2,,黄速龙王,4,,0.01,0,0,0,0,0,0,0,"0,0,0",0,0,0,0,0,0,0,0,0,0,0,0,,0,0,,,,,,,,,0.1,0,0,7,,0,8,,,2,2,"0,0,0",0,0,0,0,0,0,0,0,0,0,0,0,,,,0,0,0,,,,,,,,,
20235,600600005,2,,黄速龙王,5,,0.025,0,0,0,0,0,0,0,"0,0,0",0,0,0,0,0,0,0,0,0,0,0,0,,0,0,70025,,,,,,,,0.25,0,0,0,,0,20,,,7,2,"0,0,0",0,0,0,0,0,0,0,0,0,0,0,0,,,,0,0,0,,60005,,,,,,,
20236,600600006,2,,黄速龙王,6,,0.025,0,0,0,0,0,0,0,"0,0,0",0,0,0,0,0,0,0,0,0,0,0,0,,0,0,,,,,,,,,0.25,0,0,7,,0,15,,,7,2,"0,0,0",0,0,0,0,0,0,0,0,0,0,0,0,,,,0,0,0,,,,,,,,,
20237,600600007,2,,黄速龙王,7,,0.015,0,0,0,0,0,0,0,"0,0,0",0,0,0,0,0,0,0,0,0,0,0,0,,0,0,,,,,,,,,0.15,0,0,7,,0,20,,,7,2,"0,0,0",0,0,0,0,0,0,0,0,0,0,0,0,,,,0,0,0,,,,,,,,,
20238,600600008,2,,黄速龙王,8,,0.015,0,0,0,0,0,0,0,"0,0,0",0,0,0,0,0,0,0,0,0,0,0,0,,0,0,,,,,,,,,0.15,0,0,7,,0,20,,,7,2,"0,0,0",0,0,0,0,0,0,0,0,0,0,0,0,,,,0,0,0,,,,,,,,,
20239,600600009,2,,黄速龙王,9,,0.035,0,0,0,0,0,0,0,"0,0,0",0,0,0,0,0,0,0,0,0,0,0,0,,0,0,0,,,,,,,,0.35,0,0,11,,0,30,,,11,2,"0,0,0",0,0,0,0,0,0,0,0,0,0,0,0,,,,0,0,0,,0,,,,,,,
20240,600600010,2,,黄速龙王,10,,0.035,0,0,0,0,0,0,0,"0,0,0",0,0,0,0,0,0,0,0,0,0,0,0,,0,0,0,,,,,,,,0.35,0,0,11,,0,30,,,11,2,"0,0,0",0,0,0,0,0,0,0,0,0,0,0,0,,,,0,0,0,,0,,,,,,,
20241,600600011,2,,黄速龙王,11,,0.03,0,0,0,0,0,0,0,"0,0,0",0,0,0,0,0,0,0,0,0,0,0,0,,0,0,0,,,,,,,,0.3,0,0,11,,0,20,,,7,2,"0,0,0",0,0,0,0,0,0,0,0,0,0,0,0,,,,0,0,0,,0,,,,,,,
20242,600600012,2,,黄速龙王,12,,0.03,0,0,0,0,0,0,0,"0,0,0",0,0,0,0,0,0,0,0,0,0,0,0,,0,0,0,,,,,,,,0.3,0,0,11,,0,20,,,7,2,"0,0,0",0,0,0,0,0,0,0,0,0,0,0,0,,,,0,0,0,,0,,,,,,,
20243,600600013,2,,黄速龙王,13,,0.03,0,0,0,0,0,0,0,"0,0,0",0,0,0,0,0,0,0,0,0,0,0,0,,0,0,70025,,,,,,,,0.3,0,0,0,,0,20,,,7,2,"0,0,0",0,0,0,0,0,0,0,0,0,0,0,0,,,,0,0,0,,60005,,,,,,,
20244,600600014,2,50010,精灵鹿,Head,m001_ElfDear,0.01,,,,,,,,,,,,,,,,,,,,,,,,,,,,,,,,0.1,0,0,4,,,20,,,4,2,"0,0,0",,,,,,,,,,,,,,,,,,,,,,,,,,,
20245,600600015,2,50070,黄速龙,Head,M007_RaptorBrass,0.005,,,,,,,,,,,,,,,,,,,,,,,,,,,,,,,,0.05,0,0,4,,,20,,,4,2,"0,0,0",,,,,,,,,,,,,,,,,,,,,,,,,,,
20246,600600016,2,50070,黄速龙,Arm_L,M007_RaptorBrass,0.005,,,,,,,,,,,,,,,,,,,,,,,,,,,,,,,,0.05,0,0,3,,,20,,,3,2,"0,0,0",,,,,,,,,,,,,,,,,,,,,,,,,,,
20247,600600017,2,50070,黄速龙,Arm_R,M007_RaptorBrass,0.005,,,,,,,,,,,,,,,,,,,,,,,,,,,,,,,,0.05,0,0,3,,,20,,,3,2,"0,0,0",,,,,,,,,,,,,,,,,,,,,,,,,,,
20248,600600018,2,50070,黄速龙,Foot_L,M007_RaptorBrass,0.07,,,,,,,,,,,,,,,,,,,,,,,,,,,,,,,,0.7,0,0,4,,,20,,,4,2,"0,0,0",,,,,,,,,,,,,,,,,,,,,,,,,,,
20249,600600019,2,50070,黄速龙,Foot_R,M007_RaptorBrass,0.07,,,,,,,,,,,,,,,,,,,,,,,,,,,,,,,,0.7,0,0,4,,,20,,,4,2,"0,0,0",,,,,,,,,,,,,,,,,,,,,,,,,,,
20250,600600020,2,50190,小沙龙,Head,M019_SandWyerm,0.015,,,,,,,,,,,,,,,,,,,,,,,,,,,,,,,,0.15,0,0,4,,,20,,,4,2,"0,0,0",,,,,,,,,,,,,,,,,,,,,,,,,,,
20251,600600021,2,50190,小沙龙,Body_L,M019_SandWyerm,0.015,,,,,,,,,,,,,,,,,,,,,,,,,,,,,,,,0.15,0,0,11,,,20,,,11,2,"0,0,0",,,,,,,,,,,,,,,,,,,,,,,,,,,
20252,600600022,2,50190,小沙龙,Back,M019_SandWyerm,0.015,,,,,,,,,,,,,,,,,,,,,,,,,,,,,,,,0.15,0,0,11,,,20,,,11,2,"0,0,0",,,,,,,,,,,,,,,,,,,,,,,,,,,
20253,600600023,2,50190,小沙龙,Shoulder,M019_SandWyerm,0.015,,,,,,,,,,,,,,,,,,,,,,,,,,,,,,,,0.15,0,0,11,,,20,,,11,2,"0,0,0",,,,,,,,,,,,,,,,,,,,,,,,,,,
20254,600600024,2,50190,小沙龙,SandBreath,M019_SandWyerm,0.02,,,,,,,,,,,,,,,,,,,,,,,,,,,,,,,,0.2,0,0,11,,,20,,,11,2,"0,0,0",,,,,,,,,,,,,,,,,,,,,,,,,,,
20255,600600025,2,50220,小桃毛,Head,M022_PinkApe,0.015,,,,,,,,,,,,,,,,,,,,,,,,,,,,,,,,0.15,0,0,4,,,20,,,4,2,"0,0,0",,,,,,,,,,,,,,,,,,,,,,,,,,,
20256,600600026,2,50220,小桃毛,Body,M022_PinkApe,0.015,,,,,,,,,,,,,,,,,,,,,,,,,,,,,,,,0.15,0,0,4,,,20,,,4,2,"0,0,0",,,,,,,,,,,,,,,,,,,,,,,,,,,
20257,600600027,2,50220,小桃毛,Claw_L,M022_PinkApe,0.02,,,,,,,,,,,,,,,,,,,,,,,,,,,,,,,,0.2,0,0,4,,,20,,,4,2,"0,0,0",,,,,,,,,,,,,,,,,,,,,,,,,,,
20258,600600028,2,50220,小桃毛,Claw_R,M022_PinkApe,0.02,,,,,,,,,,,,,,,,,,,,,,,,,,,,,,,,0.2,0,0,4,,,20,,,4,2,"0,0,0",,,,,,,,,,,,,,,,,,,,,,,,,,,
20259,600600029,2,50220,小桃毛,Shoulder_L,M022_PinkApe,0.015,,,,,,,,,,,,,,,,,,,,,,,,,,,,,,,,0.15,0,0,4,,,20,,,4,2,"0,0,0",,,,,,,,,,,,,,,,,,,,,,,,,,,
20260,600600030,2,50220,小桃毛,Shoulder_R,M022_PinkApe,0.015,,,,,,,,,,,,,,,,,,,,,,,,,,,,,,,,0.15,0,0,4,,,20,,,4,2,"0,0,0",,,,,,,,,,,,,,,,,,,,,,,,,,,
20261,600600031,2,50220,小桃毛,Arm_F_L,M022_PinkApe,0.015,,,,,,,,,,,,,,,,,,,,,,,,,,,,,,,,0.15,0,0,3,,,20,,,3,2,"0,0,0",,,,,,,,,,,,,,,,,,,,,,,,,,,
20262,600600032,2,50220,小桃毛,Arm_F_R,M022_PinkApe,0.015,,,,,,,,,,,,,,,,,,,,,,,,,,,,,,,,0.15,0,0,3,,,20,,,3,2,"0,0,0",,,,,,,,,,,,,,,,,,,,,,,,,,,
20263,600800008,2,60080,桃毛兽,12,Blow,0.02,0,0,0,0,0,0,0,"0,0,0",0,0,0,0,0,0,0,0,0,0,0,0,,0,12232,,,,,,,,,0.2,25,0,11,,0,25,,,11,2,"0,0,0",0,0,0,0,0,0,0,0,0,0,0,0,,,,0,10000,,,,,,,,,,
20264,600800009,2,60080,桃毛兽,13,Blow,0.02,0,0,0,0,0,0,0,"0,0,0",0,0,0,0,0,0,0,0,0,0,0,0,,0,12232,,,,,,,,,0.2,25,0,11,,0,25,,,11,2,"0,0,0",0,0,0,0,0,0,0,0,0,0,0,0,,,,0,10000,,,,,,,,,,
20265,600800010,2,60080,桃毛兽,14,Blow,0.02,0,0,0,0,0,0,0,"0,0,0",0,0,0,0,0,0,0,0,0,0,0,0,,0,12232,,,,,,,,,0.2,25,0,11,,0,25,,,11,2,"0,0,0",0,0,0,0,0,0,0,0,0,0,0,0,,,,0,10000,,,,,,,,,,
20266,600800001,2,60080,桃毛兽,15,BackJump,0.02,0,0,0,0,0,0,0,"0,0,0",0,0,0,0,0,0,0,0,0,0,0,0,,0,0,,,,,,,,,0.2,25,0,7,,0,25,,,0,2,"0,0,0",0,0,0,0,0,0,0,0,0,0,0,0,,,,0,0,0,,,,,,,,,
20267,600800002,2,60080,桃毛兽,16,HandAttack,0.025,0,0,0,0,0,0,0,"0,0,0",0,0,0,0,0,0,0,0,0,0,0,0,,0,0,,,,,,,,,0.25,25,0,12,,0,15,,,0,2,"0,0,0",0,0,0,0,0,0,0,0,0,0,0,0,,,,0,0,0,,,,,,,,,
20268,600800016,2,60080,桃毛兽,17,Rush,0,0,0,0,0,0,0,0,"0,0,0",0,0,0,0,0,0,0,0,0,0,0,0,,0,0,70023,,,,,,,,0,25,0,0,,0,10,,,0,2,"0,0,0",0,0,0,0,0,0,0,0,0,0,0,8,,,,0,0,0,,60003,,,,,,,
20269,,2,0,攻击10,Template_Attack_10,,0.01,,,,,,,,,,,,,,,,,,,,,,,,,,,,,,,,0.1,10,,6,,,10,,,5,2,"0,0,0",0,0,0,0,0,,,,,,,,,,,,,,,,,,,,,,
20270,,2,0,攻击15,Template_Attack_15,,0.015,,,,,,,,,,,,,,,,,,,,,,,,,,,,,,,,0.15,10,,6,,,15,,,5,2,"0,0,0",0,0,0,0,0,,,,,,,,,,,,,,,,,,,,,,
20271,,2,0,攻击20,Template_Attack_20,,0.02,,,,,,,,,,,,,,,,,,,,,,,,,,,,,,,,0.2,10,,7,,,15,,,5,2,"0,0,0",0,0,0,0,0,,,,,,,,,,,,,,,,,,,,,,
20272,,2,0,吹飞25,Template_KnockAway_25,,0.025,,,,,,,,,,,,,,,,,,,,,,,,,,,,,,,,0.25,10,,11,,,15,,,11,2,"0,0,0",0,0,0,0,0,,,,,,,,,,,,,,,,,,,,,,
20273,,2,0,吹飞35,Template_KnockAway_35,,0.035,,,,,,,,,,,,,,,,,,,,,,,,,,,,,,,,0.35,10,,12,,,25,,,11,2,"0,0,0",0,0,0,0,0,,,,,,,,,,,,,,,,,,,,,,
20274,,2,0,吹飞45,Template_KnockAway_45,,0.045,,,,,,,,,,,,,,,,,,,,,,,,,,,,,,,,0.45,10,,12,,,35,,,11,2,"0,0,0",0,0,0,0,0,,,,,,,,,,,,,,,,,,,,,,
20275,,2,0,火攻击10,Template_Attack_Fire_10,,0.01,,,,,,,,,,,,,,,,,,,,,,,12231,,,,,,,,,0,10,,2,,,10,,,2,2,"0,0,0",0.1,0,0,0,0,,,,,,,,,,,,19179,,,,,,,,,,
20276,,2,0,火攻击15,Template_Attack_Fire_15,,0.015,,,,,,,,,,,,,,,,,,,,,,,12231,,,,,,,,,0,10,,6,,,15,,,5,2,"0,0,0",0.15,0,0,0,0,,,,,,,,,,,,19179,,,,,,,,,,
20277,,2,0,火攻击20,Template_Attack_Fire_20,,0.02,,,,,,,,,,,,,,,,,,,,,,,12231,,,,,,,,,0,10,,7,,,20,,,5,2,"0,0,0",0.2,0,0,0,0,,,,,,,,,,,,19179,,,,,,,,,,
20278,,2,0,吹飞火25,Template_KnockAway_Fire_25,,0.025,,,,,,,,,,,,,,,,,,,,,,,12231,,,,,,,,,0,10,,11,,,15,,,11,2,"0,0,0",0.25,0,0,0,0,,,,,,,,,,,,19179,,,,,,,,,,
20279,,2,0,吹飞火35,Template_KnockAway_Fire_35,,0.035,,,,,,,,,,,,,,,,,,,,,,,12231,,,,,,,,,0,10,,12,,,25,,,11,2,"0,0,0",0.35,0,0,0,0,,,,,,,,,,,,19179,,,,,,,,,,
20280,,2,0,吹飞火45,Template_KnockAway_Fire_45,,0.045,,,,,,,,,,,,,,,,,,,,,,,12231,,,,,,,,,0,10,,12,,,35,,,11,2,"0,0,0",0.45,0,0,0,0,,,,,,,,,,,,19179,,,,,,,,,,
20281,,2,0,毒攻击10,Template_Attack_Poison_10,,0.01,0,0,0,0,0,0,0,"0,0,0",0,0,0,0,0,0,0,0,0,0,0,0,,0,12232,,,,,,,,,0.1,10,,6,,,10,,,7,2,"0,0,0",0,0,0,0,0,,,,,,,,,,,,10000,,,,,,,,,,
20282,,2,0,毒攻击15,Template_Attack_Poison_15,,0.015,0,0,0,0,0,0,0,"0,0,0",0,0,0,0,0,0,0,0,0,0,0,0,,0,12232,,,,,,,,,0.15,10,,6,,,15,,,7,2,"0,0,0",0,0,0,0,0,,,,,,,,,,,,10000,,,,,,,,,,
20283,,2,0,毒攻击20,Template_Attack_Poison_20,,0.02,0,0,0,0,0,0,0,"0,0,0",0,0,0,0,0,0,0,0,0,0,0,0,,0,12232,,,,,,,,,0.2,10,,7,,,20,,,7,2,"0,0,0",0,0,0,0,0,,,,,,,,,,,,10000,,,,,,,,,,
20284,,2,0,吹飞毒25,Template_KnockAway_Poison_25,,0.025,0,0,0,0,0,0,0,"0,0,0",0,0,0,0,0,0,0,0,0,0,0,0,,0,12232,,,,,,,,,0.25,10,,11,,,15,,,11,2,"0,0,0",0,0,0,0,0,,,,,,,,,,,,10000,,,,,,,,,,
20285,,2,0,吹飞毒35,Template_KnockAway_Poison_35,,0.035,0,0,0,0,0,0,0,"0,0,0",0,0,0,0,0,0,0,0,0,0,0,0,,0,12232,,,,,,,,,0.35,10,,12,,,25,,,11,2,"0,0,0",0,0,0,0,0,,,,,,,,,,,,10000,,,,,,,,,,
20286,,2,0,吹飞毒45,Template_KnockAway_Poison_45,,0.045,0,0,0,0,0,0,0,"0,0,0",0,0,0,0,0,0,0,0,0,0,0,0,,0,12232,,,,,,,,,0.45,10,,12,,,35,,,11,2,"0,0,0",0,0,0,0,0,,,,,,,,,,,,10000,,,,,,,,,,
20287,,2,0,特殊_风压,Template_Special_Pressure,,0,,,,,,,,,,,,,,,,,,,,,,,,70021,,,,,,,,0,,,0,,,20,,,0,2,"0,0,0",0,0,0,0,0,,,,,,,,,,,,,,,60001,,,,,,,
20288,,2,0,特殊_龙风压,Template_Special_DragonPressure,,0,,,,,,,,,,,,,,,,,,,,,,,,70022,,,,,,,,0,,,0,,,40,,,0,2,"0,0,0",0,0,0,0,0,,,,,,,,,,,,,,,60002,,,,,,,
20289,,2,0,特殊_震动,Template_Special_Quake,,0,,,,,,,,,,,,,,,,,,,,,,,,70023,,,,,,,,0,,,0,,,10,,,0,2,"0,0,0",0,0,0,0,0,,,,,,,,,,,,,,,60003,,,,,,,
20290,,2,0,特殊_吼叫,Template_Special_Roar,,0,,,,,,,,,,,,,,,,,,,,,,,,70024,,,,,,,,0,,,0,,,5,,,0,2,"0,0,0",0,0,0,0,0,,,,,,,,,,,,,,,60004,,,,,,,
20291,,2,0,特殊_麻痹,Template_Special_Paralysis,,0,,,,,,,,,,,,,,,,,,,,,,,,70025,,,,,,,,0,,,0,,,10,,,0,2,"0,0,0",0,0,0,0,0,,,,,,,,,,,,,,,60005,,,,,,,
20292,,2,0,特殊_眠,Template_Special_Sleep,,0,,,,,,,,,,,,,,,,,,,,,,,,70026,,,,,,,,0,,,0,,,40,1,,0,2,"0,0,0",0,0,0,0,0,,,,,,,,,,,,,,,60006,,,,,,,
20293,,2,0,特殊_雪人,Template_Special_Frozen,,0,,,,,,,,,,,,,,,,,,,,,,,,,,,,,,,,0,,,0,,,10,,,0,2,"0,0,0",0,0,0,0,0,,,,,,,,,,,,,,,60007,,,,,,,
20294,,2,0,特殊_疲惫,Template_Special_Tired,,0,,,,,,,,,,,,,,,,,,,,,,,,70028,,,,,,,,0,,,3,,,10,,,3,2,"0,0,0",0,0,0,0,0,,,,,,,,,,,,,,,60008,,,,,,,
20295,601700001,2,60170,雪狮子,BodyDown,BodyDown,0.075,0,0,0,0,0,0,0,"0,0,0",0,0,0,0,0,0,0,0,0,0,0,0,,0,0,70023,,,,,,,,0.75,,,11,,0,10,,,0,2,"0,0,0",0,0,0,0,0,0,0,0,0,0,0,8,,,,0,0,0,,60003,,,,,,,
20296,601700002,2,60170,雪狮子,ClawLeft,ClawLeft,0.045,,,,,,,,,,,,,,,,,,,,,,,,,,,,,,,,0.45,,,11,,,,,,,2,"0,0,0",,,,,,,,,,,,,,,,,,,,,,,,,,,
20297,601700003,2,60170,雪狮子,ClawRight,ClawRight,0.045,,,,,,,,,,,,,,,,,,,,,,,,,,,,,,,,0.45,,,11,,,,,,,2,"0,0,0",,,,,,,,,,,,,,,,,,,,,,,,,,,
20298,601700004,2,60170,雪狮子,ClawToRight,ClawToRight,0.045,,,,,,,,,,,,,,,,,,,,,,,,,,,,,,,,0.45,,,11,,,,,,,2,"0,0,0",,,,,,,,,,,,,,,,,,,,,,,,,,,
20299,601700005,2,60170,雪狮子,Dig,Dig,0.075,,,,,,,,,,,,,,,,,,,,,,,,,,,,,,,,0.75,,,11,,,,,,,2,"0,0,0",,,,,,,,,,,,,,,,,,,,,,,,,,,
20300,601700006,2,60170,雪狮子,DragonDashBody,DragonDash,0.045,,,,,,,,,,,,,,,,,,,,,,,,,,,,,,,,0.45,,,11,,,,,,,2,"0,0,0",,,,,,,,,,,,,,,,,,,,,,,,,,,
20301,601700007,2,60170,雪狮子,HeavyBodyDown,HeavyBodyDown,0.075,,,,,,,,,,,,,,,,,,,,,,,,,,,,,,,,0.75,,,11,,,,,,,2,"0,0,0",,,,,,,,,,,,,,,,,,,,,,,,,,,
20302,601700008,2,60170,雪狮子,JumpBack,JumpBack,0.01,,,,,,,,,,,,,,,,,,,,,,,,,,,,,,,,0.1,,,3,,,,,,,2,"0,0,0",,,,,,,,,,,,,,,,,,,,,,,,,,,
20303,601700009,2,60170,雪狮子,JumpForward,JumpForward,0.045,,,,,,,,,,,,,,,,,,,,,,,,,,,,,,,,0.45,,,11,,,,,,,2,"0,0,0",,,,,,,,,,,,,,,,,,,,,,,,,,,
20304,601700010,2,60170,雪狮子,QuickJumpForward,QuickJumpForward,0.045,,,,,,,,,,,,,,,,,,,,,,,,,,,,,,,,0.45,,,11,,,,,,,2,"0,0,0",,,,,,,,,,,,,,,,,,,,,,,,,,,
20305,601700011,2,60170,雪狮子,SnowBall,SnowBall,0,,,,,,,,,,,,,,,,,,,,,,,,,,,,,,,,0,,,0,,,,,,,2,"0,0,0",,,,,0.15,,,,,,,,,,,,,,,,,,,,,,
20306,601700012,2,60170,雪狮子,StrikeClaw,Strike,0.075,,,,,,,,,,,,,,,,,,,,,,,,,,,,,,,,0.75,,,11,,,,,,,2,"0,0,0",,,,,,,,,,,,,,,,,,,,,,,,,,,
20307,601700013,2,60170,雪狮子,StrikeBody,Strike,0.075,,,,,,,,,,,,,,,,,,,,,,,,,,,,,,,,0.75,,,11,,,,,,,2,"0,0,0",,,,,,,,,,,,,,,,,,,,,,,,,,,
20308,600800018,2,60080,桃毛兽,18,Blow,0,0,0,0,0,0,0,0,"0,0,0",0,0,0,0,0,0,0,0,0,0,0,0,,0,0,70026,,,,,,,,0,25,0,0,,0,25,,,11,2,"0,0,0",0,0,0,0,0,0,0,0,0,0,0,0,,,,0,0,0,,60006,,,,,,,
20309,600800019,2,60080,桃毛兽,19,Blow,0,0,0,0,0,0,0,0,"0,0,0",0,0,0,0,0,0,0,0,0,0,0,0,,0,0,70026,,,,,,,,0,25,0,0,,0,25,,,11,2,"0,0,0",0,0,0,0,0,0,0,0,0,0,0,0,,,,0,0,0,,60006,,,,,,,
20310,600800020,2,60080,桃毛兽,20,Blow,0,0,0,0,0,0,0,0,"0,0,0",0,0,0,0,0,0,0,0,0,0,0,0,,0,0,70026,,,,,,,,0,25,0,0,,0,25,,,11,2,"0,0,0",0,0,0,0,0,0,0,0,0,0,0,0,,,,0,0,0,,60006,,,,,,,
20311,600800021,2,60080,桃毛兽,21,Blow,0,0,0,0,0,0,0,0,"0,0,0",0,0,0,0,0,0,0,0,0,0,0,0,,0,0,70025,,,,,,,,0,25,0,0,,0,25,,,11,2,"0,0,0",0,0,0,0,0,0,0,0,0,0,0,0,,,,0,0,0,,60005,,,,,,,
20312,600800022,2,60080,桃毛兽,22,Blow,0,0,0,0,0,0,0,0,"0,0,0",0,0,0,0,0,0,0,0,0,0,0,0,,0,0,70025,,,,,,,,0,25,0,0,,0,25,,,11,2,"0,0,0",0,0,0,0,0,0,0,0,0,0,0,0,,,,0,0,0,,60005,,,,,,,
20313,600800023,2,60080,桃毛兽,23,Blow,0,0,0,0,0,0,0,0,"0,0,0",0,0,0,0,0,0,0,0,0,0,0,0,,0,0,70025,,,,,,,,0,25,0,0,,0,25,,,11,2,"0,0,0",0,0,0,0,0,0,0,0,0,0,0,0,,,,0,0,0,,60005,,,,,,,
20314,600800024,2,60080,桃毛兽,24,Blow,0,0,0,0,0,0,0,0,"0,0,0",0,0,0,0,0,0,0,0,0,0,0,0,,0,12231,,,,,,,,,0,25,0,11,,0,25,,,11,2,"0,0,0",0.2,0,0,0,0,0,0,0,0,0,0,0,,,,0,19179,0,,,,,,,,,
20315,600800025,2,60080,桃毛兽,25,Blow,0,0,0,0,0,0,0,0,"0,0,0",0,0,0,0,0,0,0,0,0,0,0,0,,0,12231,,,,,,,,,0,25,0,11,,0,25,,,11,2,"0,0,0",0.2,0,0,0,0,0,0,0,0,0,0,0,,,,0,19179,0,,,,,,,,,
20316,600800026,2,60080,桃毛兽,26,Blow,0,0,0,0,0,0,0,0,"0,0,0",0,0,0,0,0,0,0,0,0,0,0,0,,0,12231,,,,,,,,,0,25,0,11,,0,25,,,11,2,"0,0,0",0.2,0,0,0,0,0,0,0,0,0,0,0,,,,0,19179,0,,,,,,,,,
20317,600600003,2,,黄速龙王,14,,0.01,0,0,0,0,0,0,0,"0,0,0",0,0,0,0,0,0,0,0,0,0,0,0,,0,0,0,,,,,,,,0.1,0,0,2,,0,8,,,2,2,"0,0,0",0,0,0,0,0,0,0,0,0,0,0,0,,,,0,0,0,,0,,,,,,,
20318,600600004,2,,黄速龙王,15,,0.01,0,0,0,0,0,0,0,"0,0,0",0,0,0,0,0,0,0,0,0,0,0,0,,0,0,0,,,,,,,,0.1,0,0,2,,0,8,,,2,2,"0,0,0",0,0,0,0,0,0,0,0,0,0,0,0,,,,0,0,0,,0,,,,,,,
20319,600600005,2,,黄速龙王,16,,0.03,0,0,0,0,0,0,0,"0,0,0",0,0,0,0,0,0,0,0,0,0,0,0,,0,0,0,,,,,,,,0.3,0,0,7,,0,20,,,7,2,"0,0,0",0,0,0,0,0,0,0,0,0,0,0,0,,,,0,0,0,,0,,,,,,,
20320,600600006,2,,黄速龙王,17,,0.025,0,0,0,0,0,0,0,"0,0,0",0,0,0,0,0,0,0,0,0,0,0,0,,0,0,0,,,,,,,,0.25,0,0,7,,0,15,,,7,2,"0,0,0",0,0,0,0,0,0,0,0,0,0,0,0,,,,0,0,0,,0,,,,,,,
20321,600600013,2,,黄速龙王,18,,0.03,0,0,0,0,0,0,0,"0,0,0",0,0,0,0,0,0,0,0,0,0,0,0,,0,0,0,,,,,,,,0.3,0,0,7,,0,20,,,7,2,"0,0,0",0,0,0,0,0,0,0,0,0,0,0,0,,,,0,0,0,,0,,,,,,,
20322,600000004,2,0,吹飞15,Template_KnockAway_15,,0.015,,,,,,,,,,,,,,,,,,,,,,,,,,,,,,,,0.15,10,,9,,,45,,,9,2,"0,0,0",0,0,0,0,0,,,,,,,,,,,,,,,,,,,,,,
20323,600000005,2,0,吹飞20,Template_KnockAway_20,,0.02,,,,,,,,,,,,,,,,,,,,,,,,,,,,,,,,0.2,10,,11,,,45,,,11,2,"0,0,0",0,0,0,0,0,,,,,,,,,,,,,,,,,,,,,,
20324,600800027,2,0,桃毛兽,,,0.04,0,0,0,0,0,0,0,"0,0,0",0,0,0,0,0,0,0,0,0,0,0,0,,0,0,,,,,,,,,0.4,15,0,11,,0,25,,,11,2,"0,0,0",0,0,0,0,0,0,0,0,0,0,0,0,,,,0,0,0,,,,,,,,,
20327,600700015,2,60070,毒怪鸟,Tail3,Tail,0.04,0,0,0,0,0,0,0,"0,0,0",0,0,0,0,0,0,0,0,0,0,0,0,,0,0,,,,,,,,,0.4,15,0,11,,0,25,,,11,2,"0,0,0",0,0,0,0,0,0,0,0,0,0,0,0,,,,0,0,0,,,,,,,,,
20328,601000001,2,0,盾蟹,BackDash,,0.04,,,,,,,,,,,,,,,,,,,,,,,,,,,,,,,,0.4,15,0,11,,0,25,,,11,2,"0,0,0",0,0,0,0,0,0,0,0,0,0,0,0,,,,0,0,0,,,,,,,,,
20329,601000002,2,0,盾蟹,DrillUpForHorn,,0.055,,,,,,,,,,,,,,,,,,,,,,,,,,,,,,,,0.55,20,0,13,,0,50,,,13,2,"0,0,0",0,0,0,0,0,0,0,0,0,0,0,0,,,,0,0,0,,,,,,,,,
20330,601000003,2,0,盾蟹,DrillUpForBody,,0.055,,,,,,,,,,,,,,,,,,,,,,,,,,,,,,,,0.55,20,0,12,,0,40,,,12,2,"0,0,0",0,0,0,0,0,0,0,0,0,0,0,0,,,,0,0,0,,,,,,,,,
20331,601000004,2,0,盾蟹,LeftHandAttack,,0.03,,,,,,,,,,,,,,,,,,,,,,,,,,,,,,,,0.3,5,0,4,,0,25,,,4,2,"0,0,0",0,0,0,0,0,0,0,0,0,0,0,0,,,,0,0,0,,,,,,,,,
20332,601000005,2,0,盾蟹,RightHandAttack,,0.03,,,,,,,,,,,,,,,,,,,,,,,,,,,,,,,,0.3,5,0,4,,0,25,,,4,2,"0,0,0",0,0,0,0,0,0,0,0,0,0,0,0,,,,0,0,0,,,,,,,,,
20333,601000006,2,0,盾蟹,RightHandPush,,0.02,,,,,,,,,,,,,,,,,,,,,,,,,,,,,,,,0.2,5,0,4,,0,25,,,4,2,"0,0,0",0,0,0,0,0,0,0,0,0,0,0,0,,,,0,0,0,,,,,,,,,
20334,601000007,2,0,盾蟹,LeftHandPush,,0.02,,,,,,,,,,,,,,,,,,,,,,,,,,,,,,,,0.2,5,0,4,,0,25,,,4,2,"0,0,0",0,0,0,0,0,0,0,0,0,0,0,0,,,,0,0,0,,,,,,,,,
20335,601000008,2,0,盾蟹,Thump,,0.07,,,,,,,,,,,,,,,,,,,,,,,,,,,,,,,,0.7,15,0,12,,0,60,,,12,2,"0,0,0",0,0,0,0,0,0,0,0,0,0,0,0,,,,0,0,0,,,,,,,,,
20336,601000009,2,0,盾蟹,WaterShoot,,0.04,,,,,,,,,,,,,,,,,,,,,,,,,,,,,,,,0.4,5,0,11,,0,25,,,11,2,"0,0,0",0,0.3,0,0,0,0,0,0,0,0,0,0,,,,0,0,0,,,,,,,,,
20337,601000010,2,0,盾蟹,DrillWind,,0,,,,,,,,,,,,,,,,,,,,,,,,70021,,,,,,,,0,,,0,,,10,,,3,2,"0,0,0",,,,,,,,,,,,,,,,,,,,60001,,,,,,,
20338,601000011,2,0,盾蟹,ThumpWind,,0,,,,,,,,,,,,,,,,,,,,,,,,70021,,,,,,,,0,,,0,,,10,,,3,2,"0,0,0",,,,,,,,,,,,,,,,,,,,60001,,,,,,,
20339,601000012,2,0,盾蟹,BodyPush,,0.04,,,,,,,,,,,,,,,,,,,,,,,,,,,,,,,,0.4,15,0,11,,0,25,,,11,2,"0,0,0",0,0,0,0,0,0,0,0,0,0,0,0,,,,0,0,0,,,,,,,,,
20340,600500001,2,,霸狩蛛,KnockLight,,0.01,,,,,,,,,,,,,,,,,,,,,,,,,,,,,,,,0.1,5,0,2,,0,10,,,2,2,"0,0,0",0,0,0,0,0,0,0,0,0,0,0,0,,,,0,0,0,,,,,,,,,
20341,600500002,2,,霸狩蛛,KnockHeavy,,0.015,,,,,,,,,,,,,,,,,,,,,,,,,,,,,,,,0.15,5,0,6,,0,10,,,6,2,"0,0,0",0,0,0,0,0,0,0,0,0,0,0,0,,,,0,0,0,,,,,,,,,
20342,600500003,2,,霸狩蛛,HitFlyLight,,0.03,,,,,,,,,,,,,,,,,,,,,,,,,,,,,,,,0.3,10,0,9,,0,25,,,9,2,"0,0,0",0,0,0,0,0,0,0,0,0,0,0,0,,,,0,0,0,,,,,,,,,
20343,600500004,2,,霸狩蛛,HitFlyHeavy,,0.04,,,,,,,,,,,,,,,,,,,,,,,,,,,,,,,,0.4,20,0,11,,0,25,,,11,2,"0,0,0",0,0,0,0,0,0,0,0,0,0,0,0,,,,0,0,0,,,,,,,,,
20344,600500005,2,,霸狩蛛,HitFlyBig,,0.05,,,,,,,,,,,,,,,,,,,,,,,,,,,,,,,,0.5,25,0,12,,0,25,,,12,2,"0,0,0",0,0,0,0,0,0,0,0,0,0,0,0,,,,0,0,0,,,,,,,,,
20345,600900001,2,60090,沙雷鸟,MineBall,MineBall,0.04,0,0,0,0,0,0,0,"0,0,1",0,0,0,0,0,0,0,0,0,0,0,0,,0,0,,,,,,,,,0.4,0,0,11,,0,20,,,11,2,"0,0,0",0,0,0,0,0,0,0,0,0,0,0,0,,,,0,0,0,,,,,,,,,
20346,600900002,2,60090,沙雷鸟,HighBomb,HighBomb,0.04,0,0,0,0,0,0,0,"0,0,1",0,0,0,0,0,0,0,0,0,0,0,0,,0,0,,,,,,,,,0.4,0,0,11,,0,20,,,11,2,"0,0,0",0,0,0,0,0,0,0,0,0,0,0,0,,,,0,0,0,,,,,,,,,
20347,600100029,2,60010,河狸兽,Stone2,Stone1,0.03,0,0,0,0,0,0,0,"0,0,0",0,0,0,0,0,0,0,0,0,0,0,0,,0,0,,,,,,,,,0.3,15,0,7,,0,25,,,7,2,"0,0,0",0,0,0,0,0,0,0,0,0,0,0,0,,,,0,0,0,,,,,,,,,
20348,600810001,2,0,桃毛兽独行种,Shake,1,0,0,0,0,0,0,0,0,"0,0,0",0,0,0,0,0,0,0,0,0,0,0,0,,0,0,70023,,交互行为,3,,,,,0,0,0,0,,0,10,,,0,2,"0,0,0",0,0,0,0,0,0,0,0,0,0,0,8,,,,0,0,0,,60003,,,,,,,
20349,600810002,2,0,桃毛兽独行种,LeftHandAttackbyid,,0.025,0,0,0,0,0,0,0,"0,0,0",0,0,0,0,0,0,0,0,0,0,0,0,,0,0,,,,,,,,,0.25,0,0,7,,0,15,,,7,2,"0,0,0",0,0,0,0,0,0,0,0,0,0,0,0,,,,0,0,0,,,,,,,,,
20350,600810003,2,0,桃毛兽独行种,Rush,,0.025,0,0,0,0,0,0,0,"0,0,0",0,0,0,0,0,0,0,0,0,0,0,0,,0,0,,,,,,,,,0.25,15,0,7,,0,25,,,7,2,"0,0,0",0,0,0,0,0,0,0,0,0,0,0,0,,,,0,0,0,,,,,,,,,
20351,600810004,2,0,桃毛兽独行种,PooBall,,0.02,0,0,0,0,0,0,0,"0,0,0",0,0,0,0,0,0,0,0,0,0,0,0,,0,0,,,,,,,,,0.2,15,0,7,,0,25,,,7,2,"0,0,0",0,0,0,0,0,0,0,0,0,0,0,0,,,,0,0,0,,,,,,,,,
20352,600810005,2,0,桃毛兽独行种,Howlbyid,,0,0,0,0,0,0,0,0,"0,0,0",0,0,0,0,0,0,0,0,0,0,0,0,,0,0,70024,,,,,,,,0,0,0,0,,0,5,,,0,2,"0,0,0",0,0,0,0,0,0,0,0,0,0,0,0,,,,0,0,0,,60004,,,,,,,
20353,600810006,2,0,桃毛兽独行种,Belly,,0.02,0,0,0,0,0,0,0,"0,0,0",0,0,0,0,0,0,0,0,0,0,0,0,,0,0,,,,,,,,,0.2,15,0,11,,0,25,,,11,2,"0,0,0",0,0,0,0,0,0,0,0,0,0,0,0,,,,0,0,0,,,,,,,,,
20354,600810007,2,0,桃毛兽独行种,FartM,,0.03,0,0,0,0,0,0,0,"0,0,0",0,0,0,0,0,0,0,0,0,0,0,0,,0,0,,,,,,,,,0.3,15,0,11,,0,25,,,11,2,"0,0,0",0,0,0,0,0,0,0,0,0,0,0,0,,,,0,13008,0,,,,,,,,,
20355,600810008,2,0,桃毛兽独行种,FartR,,0.03,0,0,0,0,0,0,0,"0,0,0",0,0,0,0,0,0,0,0,0,0,0,0,,0,0,,,,,,,,,0.3,15,0,11,,0,25,,,11,2,"0,0,0",0,0,0,0,0,0,0,0,0,0,0,0,,,,0,13008,0,,,,,,,,,
20356,600810009,2,0,桃毛兽独行种,FartL,,0.03,0,0,0,0,0,0,0,"0,0,0",0,0,0,0,0,0,0,0,0,0,0,0,,0,0,,,,,,,,,0.3,15,0,11,,0,25,,,11,2,"0,0,0",0,0,0,0,0,0,0,0,0,0,0,0,,,,0,13008,0,,,,,,,,,
20357,600810010,2,0,桃毛兽独行种,FartS,,0.03,0,0,0,0,0,0,0,"0,0,0",0,0,0,0,0,0,0,0,0,0,0,0,,0,0,,,,,,,,,0.3,15,0,11,,0,25,,,11,2,"0,0,0",0,0,0,0,0,0,0,0,0,0,0,0,,,,0,13008,0,,,,,,,,,
20358,600810011,2,0,桃毛兽独行种,BodyAttack,,0.03,0,0,0,0,0,0,0,"0,0,0",0,0,0,0,0,0,0,0,0,0,0,0,,0,0,,,交互行为,3,,,,,0.3,15,0,11,,0,25,,,11,2,"0,0,0",0,0,0,0,0,0,0,0,0,0,0,0,,,,0,0,0,,,,,,,,,
20359,600810012,2,0,桃毛兽独行种,BlowPoisonM,,0.02,0,0,0,0,0,0,0,"0,0,0",0,0,0,0,0,0,0,0,0,0,0,0,,0,12232,,,,,,,,,0.2,15,0,11,,0,25,,,11,2,"0,0,0",0,0,0,0,0,0,0,0,0,0,0,0,,,,0,10000,,,,,,,,,,
20360,600810013,2,0,桃毛兽独行种,BlowPoisonR,,0.02,0,0,0,0,0,0,0,"0,0,0",0,0,0,0,0,0,0,0,0,0,0,0,,0,12232,,,,,,,,,0.2,15,0,11,,0,25,,,11,2,"0,0,0",0,0,0,0,0,0,0,0,0,0,0,0,,,,0,10000,,,,,,,,,,
20361,600810014,2,0,桃毛兽独行种,BlowPoisonL,,0.02,0,0,0,0,0,0,0,"0,0,0",0,0,0,0,0,0,0,0,0,0,0,0,,0,12232,,,,,,,,,0.2,15,0,11,,0,25,,,11,2,"0,0,0",0,0,0,0,0,0,0,0,0,0,0,0,,,,0,10000,,,,,,,,,,
20362,600810015,2,0,桃毛兽独行种,BackJump,,0.02,0,0,0,0,0,0,0,"0,0,0",0,0,0,0,0,0,0,0,0,0,0,0,,0,0,,,,,,,,,0.2,15,0,7,,0,25,,,7,2,"0,0,0",0,0,0,0,0,0,0,0,0,0,0,0,,,,0,0,0,,,,,,,,,
20363,600810016,2,0,桃毛兽独行种,RightHandAttackbyid,,0.025,0,0,0,0,0,0,0,"0,0,0",0,0,0,0,0,0,0,0,0,0,0,0,,0,0,,,,,,,,,0.25,15,0,7,,0,15,,,7,2,"0,0,0",0,0,0,0,0,0,0,0,0,0,0,0,,,,0,0,0,,,,,,,,,
20364,600810017,2,0,桃毛兽独行种,ShakeLand,,0,0,0,0,0,0,0,0,"0,0,0",0,0,0,0,0,0,0,0,0,0,0,0,,0,0,70023,,,,,,,,0,15,0,0,,0,10,,,0,2,"0,0,0",0,0,0,0,0,0,0,0,0,0,0,8,,,,0,0,0,,60003,,,,,,,
20365,600810018,2,0,桃毛兽独行种,BlowSleepM,,0,0,0,0,0,0,0,0,"0,0,0",0,0,0,0,0,0,0,0,0,0,0,0,,0,0,70026,,,,,,,,0,15,0,0,,0,25,,,0,2,"0,0,0",0,0,0,0,0,0,0,0,0,0,0,0,,,,0,0,0,,60006,,,,,,,
20366,600810019,2,0,桃毛兽独行种,BlowSleepR,,0,0,0,0,0,0,0,0,"0,0,0",0,0,0,0,0,0,0,0,0,0,0,0,,0,0,70026,,,,,,,,0,15,0,0,,0,25,,,0,2,"0,0,0",0,0,0,0,0,0,0,0,0,0,0,0,,,,0,0,0,,60006,,,,,,,
20367,600810020,2,0,桃毛兽独行种,BlowSleepL,,0,0,0,0,0,0,0,0,"0,0,0",0,0,0,0,0,0,0,0,0,0,0,0,,0,0,70026,,,,,,,,0,15,0,0,,0,25,,,0,2,"0,0,0",0,0,0,0,0,0,0,0,0,0,0,0,,,,0,0,0,,60006,,,,,,,
20368,600810021,2,0,桃毛兽独行种,BlowParalysisM,,0,0,0,0,0,0,0,0,"0,0,0",0,0,0,0,0,0,0,0,0,0,0,0,,0,0,70025,,,,,,,,0,15,0,0,,0,25,,,0,2,"0,0,0",0,0,0,0,0,0,0,0,0,0,0,0,,,,0,0,0,,60005,,,,,,,
20369,600810022,2,0,桃毛兽独行种,BlowParalysisR,,0,0,0,0,0,0,0,0,"0,0,0",0,0,0,0,0,0,0,0,0,0,0,0,,0,0,70025,,,,,,,,0,15,0,0,,0,25,,,0,2,"0,0,0",0,0,0,0,0,0,0,0,0,0,0,0,,,,0,0,0,,60005,,,,,,,
20370,600810023,2,0,桃毛兽独行种,BlowParalysisL,,0,0,0,0,0,0,0,0,"0,0,0",0,0,0,0,0,0,0,0,0,0,0,0,,0,0,70025,,,,,,,,0,15,0,0,,0,25,,,0,2,"0,0,0",0,0,0,0,0,0,0,0,0,0,0,0,,,,0,0,0,,60005,,,,,,,
20371,600810024,2,0,桃毛兽独行种,BlowFireM,,0.02,0,0,0,0,0,0,0,"0,0,0",0,0,0,0,0,0,0,0,0,0,0,0,,0,12231,,,,,,,,,0,15,0,11,,0,25,,,11,2,"0,0,0",0.2,0,0,0,0,0,0,0,0,0,0,0,,,,0,19179,0,,,,,,,,,
20372,600810025,2,0,桃毛兽独行种,BlowFireR,,0.02,0,0,0,0,0,0,0,"0,0,0",0,0,0,0,0,0,0,0,0,0,0,0,,0,12231,,,,,,,,,0,15,0,11,,0,25,,,11,2,"0,0,0",0.2,0,0,0,0,0,0,0,0,0,0,0,,,,0,19179,0,,,,,,,,,
20373,600810026,2,0,桃毛兽独行种,BlowFireL,,0.02,0,0,0,0,0,0,0,"0,0,0",0,0,0,0,0,0,0,0,0,0,0,0,,0,12231,,,,,,,,,0,15,0,11,,0,25,,,11,2,"0,0,0",0.2,0,0,0,0,0,0,0,0,0,0,0,,,,0,19179,0,,,,,,,,,
20374,600810027,2,0,桃毛兽独行种,RushH,,0.04,0,0,0,0,0,0,0,"0,0,0",0,0,0,0,0,0,0,0,0,0,0,0,,0,0,,,,,,,,,0.4,15,0,11,,0,25,,,11,2,"0,0,0",0,0,0,0,0,0,0,0,0,0,0,0,,,,0,0,0,,,,,,,,,
20375,600810028,2,0,桃毛兽独行种,BodyAttackH,,0.03,0,0,0,0,0,0,0,"0,0,0",0,0,0,0,0,0,0,0,0,0,0,0,,0,0,,,交互行为,3,,,,,0.3,15,0,11,,0,25,,,11,2,"0,0,0",0,0,0,0,0,0,0,0,0,0,0,0,,,,0,0,0,,,,,,,,,
20376,600810029,2,0,桃毛兽独行种,ShakeH,,0,0,0,0,0,0,0,0,"0,0,0",0,0,0,0,0,0,0,0,0,0,0,0,,0,0,70023,,交互行为,3,,,,,0,0,0,0,,0,10,,,0,2,"0,0,0",0,0,0,0,0,0,0,0,0,0,0,8,,,,0,0,0,,60003,,,,,,,
20377,600110038,2,60011,沙狸兽,Mud6,Mud,0.01,0,0,0,0,0,0,0,"0,0,0",0,0,0,0,0,0,0,0,0,0,0,0,,0,0,70034,,,,,,,,0.1,10,0,7,,0,25,,,0,2,"0,0,0",0,0,0,0,0,0,0,0,0,0,0,0,,,,0,0,0,,60007,,,,,,,
20378,600500006,2,0,霸狩蛛网,NoSpeed,,0,0,0,0,0,0,0,0,"0,0,0",0,0,0,0,0,0,0,0,0,0,0,0,,0,0,,,,,,,,,0,0,0,0,,0,25,1,,0,2,"0,0,0",0,0,0,0,0,0,0,0,0,0,0,0,,,,0,0,0,,60011,,,,,,,
20379,,2,0,眠鸟,BiteHead,,0.03,0,0,0,0,0,0,0,"0,0,0",0,0,0,0,0,0,0,0,0,0,0,0,,0,0,,,,,,,,,0.3,10,0,7,,0,25,,,7,2,"0,0,0",0,0,0,0,0,0,0,0,0,0,0,0,,,,0,0,0,,,,,,,,,
20380,,2,0,眠鸟,BiteTail,,0.03,0,0,0,0,0,0,0,"0,0,0",0,0,0,0,0,0,0,0,0,0,0,0,,0,0,,,,,,,,,0.3,10,0,7,,0,25,,,7,2,"0,0,0",0,0,0,0,0,0,0,0,0,0,0,0,,,,0,0,0,,,,,,,,,
20381,,2,0,眠鸟,FlyToHead,,0.02,0,0,0,0,0,0,0,"0,0,0",0,0,0,0,0,0,0,0,0,0,0,0,,0,0,,,,,,,,,0.2,10,0,7,,0,25,,,7,2,"0,0,0",0,0,0,0,0,0,0,0,0,0,0,0,,,,0,0,0,,,,,,,,,
20382,,2,0,眠鸟,FlyToWind,,0,0,0,0,0,0,0,0,"0,0,0",0,0,0,0,0,0,0,0,0,0,0,0,,0,0,70021,,,,,,,,0,10,0,0,,0,25,,,0,2,"0,0,0",0,0,0,0,0,0,0,0,0,0,0,0,,,,0,0,0,,60001,,,,,,,
20383,,2,0,眠鸟,FlyHead,,0.02,0,0,0,0,0,0,0,"0,0,0",0,0,0,0,0,0,0,0,0,0,0,0,,0,0,,,,,,,,,0.2,10,0,7,,0,25,,,7,2,"0,0,0",0,0,0,0,0,0,0,0,0,0,0,0,,,,0,0,0,,,,,,,,,
20384,,2,0,眠鸟,FlyLeft,,0.02,0,0,0,0,0,0,0,"0,0,0",0,0,0,0,0,0,0,0,0,0,0,0,,0,0,,,,,,,,,0.2,10,0,7,,0,25,,,7,2,"0,0,0",0,0,0,0,0,0,0,0,0,0,0,0,,,,0,0,0,,,,,,,,,
20385,,2,0,眠鸟,FlyRight,,0.02,0,0,0,0,0,0,0,"0,0,0",0,0,0,0,0,0,0,0,0,0,0,0,,0,0,,,,,,,,,0.2,10,0,7,,0,25,,,7,2,"0,0,0",0,0,0,0,0,0,0,0,0,0,0,0,,,,0,0,0,,,,,,,,,
20386,,2,0,眠鸟,Left,,0.045,0,0,0,0,0,0,0,"0,0,0",0,0,0,0,0,0,0,0,0,0,0,0,,0,0,,,,,,,,,0.45,10,0,9,,0,45,,,9,2,"0,0,0",0,0,0,0,0,0,0,0,0,0,0,0,,,,0,0,0,,,,,,,,,
20387,,2,0,眠鸟,Right,,0.045,0,0,0,0,0,0,0,"0,0,0",0,0,0,0,0,0,0,0,0,0,0,0,,0,0,,,,,,,,,0.45,10,0,9,,0,45,,,9,2,"0,0,0",0,0,0,0,0,0,0,0,0,0,0,0,,,,0,0,0,,,,,,,,,
20388,,2,0,眠鸟,MouthAttackHead,,0.045,0,0,0,0,0,0,0,"0,0,0",0,0,0,0,0,0,0,0,0,0,0,0,,0,0,,,,,,,,,0.45,25,0,11,,0,45,,,11,2,"0,0,0",0,0,0,0,0,0,0,0,0,0,0,0,,,,0,0,0,,,,,,,,,
20389,,2,0,眠鸟,MouthHead,,0.04,0,0,0,0,0,0,0,"0,0,0",0,0,0,0,0,0,0,0,0,0,0,0,,0,0,,,,,,,,,0.4,25,0,11,,0,45,,,11,2,"0,0,0",0,0,0,0,0,0,0,0,0,0,0,0,,,,0,0,0,,,,,,,,,
20390,,2,0,眠鸟,MouthLeft,,0.035,0,0,0,0,0,0,0,"0,0,0",0,0,0,0,0,0,0,0,0,0,0,0,,0,0,,,,,,,,,0.35,10,0,7,,0,40,,,7,2,"0,0,0",0,0,0,0,0,0,0,0,0,0,0,0,,,,0,0,0,,,,,,,,,
20391,,2,0,眠鸟,MouthRight,,0.035,0,0,0,0,0,0,0,"0,0,0",0,0,0,0,0,0,0,0,0,0,0,0,,0,0,,,,,,,,,0.35,10,0,7,,0,40,,,7,2,"0,0,0",0,0,0,0,0,0,0,0,0,0,0,0,,,,0,0,0,,,,,,,,,
20392,,2,0,眠鸟,ShootPoint,,0,0,0,0,0,0,0,0,"0,0,0",0,0,0,0,0,0,0,0,0,0,0,0,,0,0,70026,,,,,,,,0,10,0,0,,0,25,,,0,2,"0,0,0",0,0,0,0,0,0,0,0,0,0,0,0,,,,0,0,0,,60006,,,,,,,
20393,,2,0,眠鸟,TailFuri,,0.025,0,0,0,0,0,0,0,"0,0,0",0,0,0,0,0,0,0,0,0,0,0,0,,0,0,,,,,,,,,0.25,15,0,11,,0,25,,,11,2,"0,0,0",0,0,0,0,0,0,0,0,0,0,0,0,,,,0,0,0,,,,,,,,,
20394,,2,0,眠鸟,Shake,,0,,,,,,,,,,,,,,,,,,,,,,,,70023,,,,,,,,0,30,0,0,,0,10,,,0,2,"0,0,0",0,0,0,0,0,0,0,0,0,0,0,0,,,,0,0,0,,60003,,,,,,,
20421,601200001,2,0,电龙,HeadLight,,0.02,,,,,,,,,,,,,,,,,,,,,,,,,,,,,,,,0.2,15,0,2,,0,10,,,2,2,"0,0,0",0,0,0,0,0,0,0,0,0,0,0,0,,,,0,0,0,,,,,,,,,
20422,601200002,2,0,电龙,HeadMid,,0.03,,,,,,,,,,,,,,,,,,,,,,,,,,,,,,,,0.3,15,0,7,,0,20,,,7,2,"0,0,0",0,0,0,0,0,0,0,0,0,0,0,0,,,,0,0,0,,,,,,,,,
20423,601200003,2,0,电龙,HeadHeavy,,0.045,,,,,,,,,,,,,,,,,,,,,,,,,,,,,,,,0.45,15,0,11,,0,25,,,11,2,"0,0,0",0,0,0,0,0,0,0,0,0,0,0,0,,,,0,0,0,,,,,,,,,
20424,601200005,2,0,电龙,BodyLight,,0.03,,,,,,,,,,,,,,,,,,,,,,,,,,,,,,,,0.3,15,0,2,,0,10,,,2,2,"0,0,0",0,0,0,0,0,0,0,0,0,0,0,0,,,,0,0,0,,,,,,,,,
20425,601200006,2,0,电龙,BodyMid,,0.035,,,,,,,,,,,,,,,,,,,,,,,,,,,,,,,,0.35,15,0,7,,0,20,,,7,2,"0,0,0",0,0,0,0,0,0,0,0,0,0,0,0,,,,0,0,0,,,,,,,,,
20426,601200007,2,0,电龙,BodyHeavy,,0.04,,,,,,,,,,,,,,,,,,,,,,,,,,,,,,,,0.4,15,0,11,,0,25,,,11,2,"0,0,0",0,0,0,0,0,0,0,0,0,0,0,0,,,,0,0,0,,,,,,,,,
20427,601200008,2,0,电龙,Lightning,,0.01,,,,,,,,,,,,,,,,,,,,,,,,,,,,,,,,0.2,15,0,11,,0,25,,,11,2,"0,0,0",0,0,0,0.15,0,0,0,0,0,0,0,0,,,,0,0,0,,,,,,,,,
20428,601200009,2,0,电龙,BigLightning,,0.025,,,,,,,,,,,,,,,,,,,,,,,,,,,,,,,,0.25,15,0,11,,0,40,1,,11,2,"0,0,0",0,0,0,0.2,0,0,0,0,0,0,0,0,,,,0,0,0,,,,,,,,,
20429,601200010,2,0,电龙,BigKoe,,0,,,,,,,,,,,,,,,,,,,,,,,,70024,,,,,,,,0,0,0,0,,0,40,,,0,2,"0,0,0",0,0,0,0,0,0,0,0,0,0,0,0,,,,0,0,0,,60012,,,,,,,
20430,601200011,2,0,电龙,LightningBall,,0.015,,,,,,,,,,,,,,,,,,,,,,,60005,,,,,,,,,0.15,15,0,0,,0,10,1,,0,2,"0,0,0",0,0,0,0.15,0,0,0,0,0,0,0,0,,,,0,0,0,,60005,,,,,,,
20431,601200012,2,0,电龙,Wind,,0,,,,,,,,,,,,,,,,,,,,,,,,70021,,,,,,,,0,15,0,0,,0,25,,,0,2,"0,0,0",0,0,0,0,0,0,0,0,0,0,0,0,,,,0,0,0,,60001,,,,,,,
20432,,,,攻击03,Template_Attack_03,,0.003,,,,,,,,,,,,,,,,,,,,,,,,,,,,,,,,0.03,5,,2,,,3,,,5,2,"0,0,0",0,0,0,0,0,,,,,,,,,,,,,,,,,,,,,,
20433,,,,攻击05,Template_Attack_05,,0.005,,,,,,,,,,,,,,,,,,,,,,,,,,,,,,,,0.05,5,,3,,,5,,,5,2,"0,0,0",0,0,0,0,0,,,,,,,,,,,,,,,,,,,,,,
20434,,,,火攻击03,Template_Attack_Fire_03,,0.003,,,,,,,,,,,,,,,,,,,,,,,12231,,,,,,,,,0,5,,2,,,3,,,5,2,"0,0,0",0.03,0,0,0,0,,,,,,,,,,,,19179,,,,,,,,,,
20435,,,,火攻击05,Template_Attack_Fire_05,,0.005,,,,,,,,,,,,,,,,,,,,,,,12231,,,,,,,,,0,5,,3,,,5,,,5,2,"0,0,0",0.05,0,0,0,0,,,,,,,,,,,,19179,,,,,,,,,,
20436,,,,毒攻击03,Template_Attack_Poison_03,,0.003,,,,,,,,,,,,,,,,,,,,,,,12232,,,,,,,,,0.03,5,,2,,,3,,,5,2,"0,0,0",0,0,0,0,0,,,,,,,,,,,,10000,,,,,,,,,,
20437,,,,毒攻击05,Template_Attack_Poison_05,,0.005,,,,,,,,,,,,,,,,,,,,,,,12232,,,,,,,,,0.05,5,,3,,,5,,,5,2,"0,0,0",0,0,0,0,0,,,,,,,,,,,,10000,,,,,,,,,,
20438,,,,吹飞30,Template_KnockAway_30,,0.03,,,,,,,,,,,,,,,,,,,,,,,,,,,,,,,,0.3,10,,12,,,20,,,9,2,"0,0,0",0,0,0,0,0,,,,,,,,,,,,,,,,,,,,,,
20439,,,,吹飞40,Template_KnockAway_40,,0.04,,,,,,,,,,,,,,,,,,,,,,,,,,,,,,,,0.4,10,,12,,,25,,,9,2,"0,0,0",0,0,0,0,0,,,,,,,,,,,,,,,,,,,,,,
20440,,,,吹飞50,Template_KnockAway_50,,0.05,,,,,,,,,,,,,,,,,,,,,,,,,,,,,,,,0.5,10,,12,,,40,,,11,2,"0,0,0",0,0,0,0,0,,,,,,,,,,,,,,,,,,,,,,
20441,,,,吹飞55,Template_KnockAway_55,,0.055,,,,,,,,,,,,,,,,,,,,,,,,,,,,,,,,0.55,10,,12,,,45,,,11,2,"0,0,0",0,0,0,0,0,,,,,,,,,,,,,,,,,,,,,,
20442,,,,吹飞60,Template_KnockAway_60,,0.06,,,,,,,,,,,,,,,,,,,,,,,,,,,,,,,,0.6,10,,12,,,50,,,11,2,"0,0,0",0,0,0,0,0,,,,,,,,,,,,,,,,,,,,,,
20443,,,,吹飞65,Template_KnockAway_65,,0.065,,,,,,,,,,,,,,,,,,,,,,,,,,,,,,,,0.65,10,,12,,,55,,,11,2,"0,0,0",0,0,0,0,0,,,,,,,,,,,,,,,,,,,,,,
20444,,,,吹飞70,Template_KnockAway_70,,0.07,,,,,,,,,,,,,,,,,,,,,,,,,,,,,,,,0.7,10,,12,,,55,,,11,2,"0,0,0",0,0,0,0,0,,,,,,,,,,,,,,,,,,,,,,
20445,,,,吹飞75,Template_KnockAway_75,,0.075,,,,,,,,,,,,,,,,,,,,,,,,,,,,,,,,0.75,10,,12,,,55,,,11,2,"0,0,0",0,0,0,0,0,,,,,,,,,,,,,,,,,,,,,,
20446,,,,吹飞火15,Template_KnockAway_Fire_15,,0.015,,,,,,,,,,,,,,,,,,,,,,,12231,,,,,,,,,0,10,,9,,,10,,,9,2,"0,0,0",0.15,0,0,0,0,,,,,,,,,,,,19179,,,,,,,,,,
20447,,,,吹飞火20,Template_KnockAway_Fire_20,,0.02,,,,,,,,,,,,,,,,,,,,,,,12231,,,,,,,,,0,10,,11,,,15,,,9,2,"0,0,0",0.2,0,0,0,0,,,,,,,,,,,,19179,,,,,,,,,,
20448,,,,吹飞火25船,Template_KnockAway_Fire_30,,0.03,,,,,,,,,,,,,,,,,,,,,,,89000003,,,,,,,,,0,10,,9,,,20,,,9,2,"0,0,0",0.3,0,0,0,0,,,,,,,,,,,,19179,,,,,,,,,,
20449,,,,吹飞火40,Template_KnockAway_Fire_40,,0.04,,,,,,,,,,,,,,,,,,,,,,,12231,,,,,,,,,0,10,,12,,,25,,,9,2,"0,0,0",0.4,0,0,0,0,,,,,,,,,,,,19179,,,,,,,,,,
20450,,,,吹飞火50,Template_KnockAway_Fire_50,,0.05,,,,,,,,,,,,,,,,,,,,,,,12231,,,,,,,,,0,10,,12,,,40,,,11,2,"0,0,0",0.5,0,0,0,0,,,,,,,,,,,,19179,,,,,,,,,,
20451,,,,吹飞火55,Template_KnockAway_Fire_55,,0.055,,,,,,,,,,,,,,,,,,,,,,,12231,,,,,,,,,0,10,,12,,,45,,,11,2,"0,0,0",0.55,0,0,0,0,,,,,,,,,,,,19179,,,,,,,,,,
20452,,,,吹飞火60,Template_KnockAway_Fire_60,,0.06,,,,,,,,,,,,,,,,,,,,,,,12231,,,,,,,,,0,10,,12,,,50,,,11,2,"0,0,0",0.6,0,0,0,0,,,,,,,,,,,,19179,,,,,,,,,,
20453,,,,吹飞火65,Template_KnockAway_Fire_65,,0.065,,,,,,,,,,,,,,,,,,,,,,,12231,,,,,,,,,0,10,,12,,,55,,,11,2,"0,0,0",0.65,0,0,0,0,,,,,,,,,,,,19179,,,,,,,,,,
20454,,,,吹飞火70,Template_KnockAway_Fire_70,,0.07,,,,,,,,,,,,,,,,,,,,,,,12231,,,,,,,,,0,10,,12,,,55,,,11,2,"0,0,0",0.7,0,0,0,0,,,,,,,,,,,,19179,,,,,,,,,,
20455,,,,吹飞火75,Template_KnockAway_Fire_75,,0.075,,,,,,,,,,,,,,,,,,,,,,,12231,,,,,,,,,0,10,,12,,,55,,,11,2,"0,0,0",0.75,0,0,0,0,,,,,,,,,,,,19179,,,,,,,,,,
20456,,,,吹飞毒15,Template_KnockAway_Posion_15,,0.015,,,,,,,,,,,,,,,,,,,,,,,12232,,,,,,,,,0.15,10,,9,,,10,,,9,2,"0,0,0",0,0,0,0,0,,,,,,,,,,,,10000,,,,,,,,,,
20457,,,,吹飞毒20,Template_KnockAway_Posion_20,,0.02,,,,,,,,,,,,,,,,,,,,,,,12232,,,,,,,,,0.2,10,,11,,,15,,,9,2,"0,0,0",0,0,0,0,0,,,,,,,,,,,,10000,,,,,,,,,,
20458,,,,吹飞毒30,Template_KnockAway_Posion_30,,0.03,,,,,,,,,,,,,,,,,,,,,,,12232,,,,,,,,,0.3,10,,12,,,20,,,9,2,"0,0,0",0,0,0,0,0,,,,,,,,,,,,10000,,,,,,,,,,
20459,,,,吹飞毒40,Template_KnockAway_Posion_40,,0.04,,,,,,,,,,,,,,,,,,,,,,,12232,,,,,,,,,0.4,10,,12,,,25,,,9,2,"0,0,0",0,0,0,0,0,,,,,,,,,,,,10000,,,,,,,,,,
20460,,,,吹飞毒50,Template_KnockAway_Posion_50,,0.05,,,,,,,,,,,,,,,,,,,,,,,12232,,,,,,,,,0.5,10,,12,,,40,,,11,2,"0,0,0",0,0,0,0,0,,,,,,,,,,,,10000,,,,,,,,,,
20461,,,,吹飞毒55,Template_KnockAway_Posion_55,,0.055,,,,,,,,,,,,,,,,,,,,,,,12232,,,,,,,,,0.55,10,,12,,,45,,,11,2,"0,0,0",0,0,0,0,0,,,,,,,,,,,,10000,,,,,,,,,,
20462,,,,吹飞毒60,Template_KnockAway_Posion_60,,0.06,,,,,,,,,,,,,,,,,,,,,,,12232,,,,,,,,,0.6,10,,12,,,50,,,11,2,"0,0,0",0,0,0,0,0,,,,,,,,,,,,10000,,,,,,,,,,
20463,,,,吹飞毒65,Template_KnockAway_Posion_65,,0.065,,,,,,,,,,,,,,,,,,,,,,,12232,,,,,,,,,0.65,10,,12,,,55,,,11,2,"0,0,0",0,0,0,0,0,,,,,,,,,,,,10000,,,,,,,,,,
20464,,,,吹飞毒70,Template_KnockAway_Posion_70,,0.07,,,,,,,,,,,,,,,,,,,,,,,12232,,,,,,,,,0.7,10,,12,,,55,,,11,2,"0,0,0",0,0,0,0,0,,,,,,,,,,,,10000,,,,,,,,,,
20465,,,,吹飞毒75,Template_KnockAway_Posion_75,,0.075,,,,,,,,,,,,,,,,,,,,,,,12232,,,,,,,,,0.75,10,,12,,,55,,,11,2,"0,0,0",0,0,0,0,0,,,,,,,,,,,,10000,,,,,,,,,,
20466,,,,挑飞15,Template_Launch_15,,0.015,,,,,,,,,,,,,,,,,,,,,,,,,,,,,,,,0.15,15,,13,,,5,,,13,2,"0,0,0",0,0,0,0,0,,,,,,,,,,,,,,,,,,,,,,
20467,,,,挑飞20,Template_Launch_20,,0.02,,,,,,,,,,,,,,,,,,,,,,,,,,,,,,,,0.2,15,,13,,,10,,,13,2,"0,0,0",0,0,0,0,0,,,,,,,,,,,,,,,,,,,,,,
20468,,,,挑飞25,Template_Launch_25,,0.025,,,,,,,,,,,,,,,,,,,,,,,,,,,,,,,,0.25,15,,13,,,10,,,13,2,"0,0,0",0,0,0,0,0,,,,,,,,,,,,,,,,,,,,,,
20469,,,,挑飞30,Template_Launch_30,,0.03,,,,,,,,,,,,,,,,,,,,,,,,,,,,,,,,0.3,15,,13,,,15,,,13,2,"0,0,0",0,0,0,0,0,,,,,,,,,,,,,,,,,,,,,,
20470,,,,挑飞35,Template_Launch_35,,0.035,,,,,,,,,,,,,,,,,,,,,,,,,,,,,,,,0.35,15,,13,,,20,,,13,2,"0,0,0",0,0,0,0,0,,,,,,,,,,,,,,,,,,,,,,
20471,,,,挑飞40,Template_Launch_40,,0.04,,,,,,,,,,,,,,,,,,,,,,,,,,,,,,,,0.4,15,,13,,,25,,,13,2,"0,0,0",0,0,0,0,0,,,,,,,,,,,,,,,,,,,,,,
20472,,,,挑飞45,Template_Launch_45,,0.045,,,,,,,,,,,,,,,,,,,,,,,,,,,,,,,,0.45,15,,13,,,35,,,13,2,"0,0,0",0,0,0,0,0,,,,,,,,,,,,,,,,,,,,,,
20473,,,,挑飞50,Template_Launch_50,,0.05,,,,,,,,,,,,,,,,,,,,,,,,,,,,,,,,0.5,15,,13,,,40,,,13,2,"0,0,0",0,0,0,0,0,,,,,,,,,,,,,,,,,,,,,,
20474,,,,挑飞55,Template_Launch_55,,0.055,,,,,,,,,,,,,,,,,,,,,,,,,,,,,,,,0.55,15,,13,,,45,,,13,2,"0,0,0",0,0,0,0,0,,,,,,,,,,,,,,,,,,,,,,
20475,,,,挑飞60,Template_Launch_60,,0.06,,,,,,,,,,,,,,,,,,,,,,,,,,,,,,,,0.6,15,,13,,,50,,,13,2,"0,0,0",0,0,0,0,0,,,,,,,,,,,,,,,,,,,,,,
20476,,,,挑飞65,Template_Launch_65,,0.065,,,,,,,,,,,,,,,,,,,,,,,,,,,,,,,,0.65,15,,13,,,55,,,13,2,"0,0,0",0,0,0,0,0,,,,,,,,,,,,,,,,,,,,,,
20477,,,,挑飞70,Template_Launch_70,,0.07,,,,,,,,,,,,,,,,,,,,,,,,,,,,,,,,0.7,15,,13,,,55,,,13,2,"0,0,0",0,0,0,0,0,,,,,,,,,,,,,,,,,,,,,,
20478,,,,挑飞75,Template_Launch_75,,0.075,,,,,,,,,,,,,,,,,,,,,,,,,,,,,,,,0.75,15,,13,,,55,,,13,2,"0,0,0",0,0,0,0,0,,,,,,,,,,,,,,,,,,,,,,
20479,,,,挑飞火15,Template_Launch_Fire_15,,0.015,,,,,,,,,,,,,,,,,,,,,,,12231,,,,,,,,,0,15,,13,,,5,,,13,2,"0,0,0",0.15,0,0,0,0,,,,,,,,,,,,19179,,,,,,,,,,
20480,,,,挑飞火20,Template_Launch_Fire_20,,0.02,,,,,,,,,,,,,,,,,,,,,,,12231,,,,,,,,,0,15,,13,,,10,,,13,2,"0,0,0",0.2,0,0,0,0,,,,,,,,,,,,19179,,,,,,,,,,
20481,,,,挑飞火25,Template_Launch_Fire_25,,0.025,,,,,,,,,,,,,,,,,,,,,,,12231,,,,,,,,,0,15,,13,,,10,,,13,2,"0,0,0",0.25,0,0,0,0,,,,,,,,,,,,19179,,,,,,,,,,
20482,,,,挑飞火30,Template_Launch_Fire_30,,0.03,,,,,,,,,,,,,,,,,,,,,,,12231,,,,,,,,,0,15,,13,,,15,,,13,2,"0,0,0",0.3,0,0,0,0,,,,,,,,,,,,19179,,,,,,,,,,
20483,,,,挑飞火35,Template_Launch_Fire_35,,0.035,,,,,,,,,,,,,,,,,,,,,,,12231,,,,,,,,,0,15,,13,,,20,,,13,2,"0,0,0",0.35,0,0,0,0,,,,,,,,,,,,19179,,,,,,,,,,
20484,,,,挑飞火40,Template_Launch_Fire_40,,0.04,,,,,,,,,,,,,,,,,,,,,,,12231,,,,,,,,,0,15,,13,,,25,,,13,2,"0,0,0",0.4,0,0,0,0,,,,,,,,,,,,19179,,,,,,,,,,
20485,,,,挑飞火45,Template_Launch_Fire_45,,0.045,,,,,,,,,,,,,,,,,,,,,,,12231,,,,,,,,,0,15,,13,,,35,,,13,2,"0,0,0",0.45,0,0,0,0,,,,,,,,,,,,19179,,,,,,,,,,
20486,,,,挑飞火50,Template_Launch_Fire_50,,0.05,,,,,,,,,,,,,,,,,,,,,,,12231,,,,,,,,,0,15,,13,,,40,,,13,2,"0,0,0",0.5,0,0,0,0,,,,,,,,,,,,19179,,,,,,,,,,
20487,,,,挑飞火55,Template_Launch_Fire_55,,0.055,,,,,,,,,,,,,,,,,,,,,,,12231,,,,,,,,,0,15,,13,,,45,,,13,2,"0,0,0",0.55,0,0,0,0,,,,,,,,,,,,19179,,,,,,,,,,
20488,,,,挑飞火60,Template_Launch_Fire_60,,0.06,,,,,,,,,,,,,,,,,,,,,,,12231,,,,,,,,,0,15,,13,,,50,,,13,2,"0,0,0",0.6,0,0,0,0,,,,,,,,,,,,19179,,,,,,,,,,
20489,,,,挑飞火65,Template_Launch_Fire_65,,0.065,,,,,,,,,,,,,,,,,,,,,,,12231,,,,,,,,,0,15,,13,,,55,,,13,2,"0,0,0",0.65,0,0,0,0,,,,,,,,,,,,19179,,,,,,,,,,
20490,,,,挑飞火70,Template_Launch_Fire_70,,0.07,,,,,,,,,,,,,,,,,,,,,,,12231,,,,,,,,,0,15,,13,,,55,,,13,2,"0,0,0",0.7,0,0,0,0,,,,,,,,,,,,19179,,,,,,,,,,
20491,,,,挑飞火75,Template_Launch_Fire_75,,0.075,,,,,,,,,,,,,,,,,,,,,,,12231,,,,,,,,,0,15,,13,,,55,,,13,2,"0,0,0",0.75,0,0,0,0,,,,,,,,,,,,19179,,,,,,,,,,
20492,,,,挑飞毒15,Template_Launch_Posion_15,,0.015,,,,,,,,,,,,,,,,,,,,,,,12232,,,,,,,,,0.15,15,,13,,,5,,,13,2,"0,0,0",0,0,0,0,0,,,,,,,,,,,,10000,,,,,,,,,,
20493,,,,挑飞毒20,Template_Launch_Posion_20,,0.02,,,,,,,,,,,,,,,,,,,,,,,12232,,,,,,,,,0.2,15,,13,,,10,,,13,2,"0,0,0",0,0,0,0,0,,,,,,,,,,,,10000,,,,,,,,,,
20494,,,,挑飞毒25,Template_Launch_Posion_25,,0.025,,,,,,,,,,,,,,,,,,,,,,,12232,,,,,,,,,0.25,15,,13,,,10,,,13,2,"0,0,0",0,0,0,0,0,,,,,,,,,,,,10000,,,,,,,,,,
20495,,,,挑飞毒30,Template_Launch_Posion_30,,0.03,,,,,,,,,,,,,,,,,,,,,,,12232,,,,,,,,,0.3,15,,13,,,15,,,13,2,"0,0,0",0,0,0,0,0,,,,,,,,,,,,10000,,,,,,,,,,
20496,,,,挑飞毒35,Template_Launch_Posion_35,,0.035,,,,,,,,,,,,,,,,,,,,,,,12232,,,,,,,,,0.35,15,,13,,,20,,,13,2,"0,0,0",0,0,0,0,0,,,,,,,,,,,,10000,,,,,,,,,,
20497,,,,挑飞毒40,Template_Launch_Posion_40,,0.04,,,,,,,,,,,,,,,,,,,,,,,12232,,,,,,,,,0.4,15,,13,,,25,,,13,2,"0,0,0",0,0,0,0,0,,,,,,,,,,,,10000,,,,,,,,,,
20498,,,,挑飞毒45,Template_Launch_Posion_45,,0.045,,,,,,,,,,,,,,,,,,,,,,,12232,,,,,,,,,0.45,15,,13,,,35,,,13,2,"0,0,0",0,0,0,0,0,,,,,,,,,,,,10000,,,,,,,,,,
20499,,,,挑飞毒50,Template_Launch_Posion_50,,0.05,,,,,,,,,,,,,,,,,,,,,,,12232,,,,,,,,,0.5,15,,13,,,40,,,13,2,"0,0,0",0,0,0,0,0,,,,,,,,,,,,10000,,,,,,,,,,
20500,,,,挑飞毒55,Template_Launch_Posion_55,,0.055,,,,,,,,,,,,,,,,,,,,,,,12232,,,,,,,,,0.55,15,,13,,,45,,,13,2,"0,0,0",0,0,0,0,0,,,,,,,,,,,,10000,,,,,,,,,,
20501,,,,挑飞毒60,Template_Launch_Posion_60,,0.06,,,,,,,,,,,,,,,,,,,,,,,12232,,,,,,,,,0.6,15,,13,,,50,,,13,2,"0,0,0",0,0,0,0,0,,,,,,,,,,,,10000,,,,,,,,,,
20502,,,,挑飞毒65,Template_Launch_Posion_65,,0.065,,,,,,,,,,,,,,,,,,,,,,,12232,,,,,,,,,0.65,15,,13,,,55,,,13,2,"0,0,0",0,0,0,0,0,,,,,,,,,,,,10000,,,,,,,,,,
20503,,,,挑飞毒70,Template_Launch_Posion_70,,0.07,,,,,,,,,,,,,,,,,,,,,,,12232,,,,,,,,,0.7,15,,13,,,55,,,13,2,"0,0,0",0,0,0,0,0,,,,,,,,,,,,10000,,,,,,,,,,
20504,,,,挑飞毒75,Template_Launch_Posion_75,,0.075,,,,,,,,,,,,,,,,,,,,,,,12232,,,,,,,,,0.75,15,,13,,,55,,,13,2,"0,0,0",0,0,0,0,0,,,,,,,,,,,,10000,,,,,,,,,,
20505,,2,,桃毛兽独行种(屁盾),Template_KnockAway_Ultralight,,0,0,0,0,0,0,0,0,"0,0,0",0,0,0,0,0,0,0,0,0,0,0,0,,0,0,,,,,,,,,0,0,0,0,,0,25,,,0,2,"0,0,0",0,0,0,0,0,0,0,0,0,0,0,0,,,,0,11000000,0,,,,,,,,,
20506,,2,0,轻攻击10_减速,Template_Attack_slow_10,,0.01,,,,,,,,,,,,,,,,,,,,,,,,,,,,,,,,0.1,,,3,,,10,,,6,2,"0,0,0",,,,,,,,,,,,,,,,,10664,,,,,,,,,,
20507,,2,0,轻攻击10_加血,Template_Attack_buff_10,,0,,,,,,,,,,,,,,,,,,,,,,,,,,,,,,,,0,,,0,,,0,,,0,2,"0,0,0",,,,,,,,,,,,,,,,,10665,,,,,,,,,,
20508,,2,0,毒攻击10YY,Template_Attack_Poison_10_forYY,,0.01,,,,,,,,,,,,,,,,,,,,,,,,,,,,,,,,0.1,,,3,,,10,,,6,2,"0,0,0",,,,,,,,,,,,,,,,,10677,,,,,,,,,,
20509,,2,,雌火龙,Em021_Template_Attack_20,,0.02,,,,,,,,,,,,,,,,,,,,,,,,,,,,,,,,0.2,,,4,,,20,,,7,2,"0,0,0",,,,,,,,,,,,,,,,,,,,,,,,,,,
20510,,2,,雌火龙,LandFLFR05,,0.02,0,0,0,0,0,0,0,"0,0,0",0,0,0,0,0,0,0,0,0,0,0,0,,0,0,,,,,,,,,0.2,0,0,7,,0,20,,,7,2,"0,0,0",0,0,0,0,0,0,0,0,0,0,0,0,,,,0,0,0,,,,,,,,,
20511,,2,0,霸狩蛛网新,BigSlow,,0,0,0,0,0,0,0,0,"0,0,0",0,0,0,0,0,0,0,0,0,0,0,0,,0,0,,,,,,,,,0,0,0,0,,0,25,1,,0,2,"0,0,0",0,0,0,0,0,0,0,0,0,0,0,0,,,,0,10059,0,,,,,,,,,
20512,,2,0,鬼狩珠,ChangeArea,,0.01,0,0,0,0,0,0,0,"0,0,0",0,0,0,0,0,0,0,0,0,0,0,0,,0,0,,,,,,,,,0.1,0,0,7,,0,30,,,7,2,"0,0,0",0,0,0,0,0,0,0,0,0,0,0,0,,,,0,0,0,,,,,,,,,
20513,,2,0,怪对怪攻击,BeaverRollKid,,10000,0,0,0,0,0,0,0,"0,0,0",0,0,0,0,0,0,0,0,0,0,0,0,,0,0,,,,,,,,,0,0,0,4,,0,0,,,4,2,"0,0,0",0,0,0,0,0,0,0,0,0,0,0,0,,,,0,0,0,,,,,,,,,
20514,,2,,气绝攻击,Template_Special_Stun,,0,0,0,0,0,0,0,0,"0,0,0",0,0,0,0,0,0,0,0,0,0,0,0,,0,11009,70029,,闪光弹,1,,,,,0,0,0,0,,0,10,,,0,2,"0,0,0",0,0,0,0,0,0,0,0,0,0,0,8,,,,0,0,0,,60009,,,,,,,
20515,,2,0,黑狼鸟,BiteAtt,,0.015,0,0,0,0,0,0,0,"0,0,0",0,0,0,0,0,0,0,0,0,0,0,0,,0,0,,,,,,,,,0.15,0,0,5,,0,10,,,5,2,"0,0,0",0,0,0,0,0,0,0,0,0,0,0,0,,,,0,0,0,,,,,,,,,
20516,,2,0,黑狼鸟,Goal,,0.045,0,0,0,0,0,0,0,"0,0,0",0,0,0,0,0,0,0,0,0,0,0,0,,0,12232,,,,,,,,,0.45,0,0,11,,0,45,,,11,2,"0,0,0",0,0,0,0,0,0,0,0,0,0,0,0,,,,0,10000,0,,,,,,,,,
20517,,2,0,黑狼鸟,HeadAtt,,0.025,0,0,0,0,0,0,0,"0,0,0",0,0,0,0,0,0,0,0,0,0,0,0,,0,0,,,,,,,,,0.25,0,0,9,,0,25,,,9,2,"0,0,0",0,0,0,0,0,0,0,0,0,0,0,0,,,,0,0,0,,,,,,,,,
20518,,2,0,黑狼鸟,AttLight,,0.01,0,0,0,0,0,0,0,"0,0,0",0,0,0,0,0,0,0,0,0,0,0,0,,0,0,,,,,,,,,0.1,0,0,2,,0,25,,,2,2,"0,0,0",0,0,0,0,0,0,0,0,0,0,0,0,,,,0,0,0,,,,,,,,,
20519,,2,0,黑狼鸟,Koe,,0,0,0,0,0,0,0,0,"0,0,0",0,0,0,0,0,0,0,0,0,0,0,0,,0,0,70024,,,,,,,,0,0,0,0,,0,40,,,0,2,"0,0,0",0,0,0,0,0,0,0,0,0,0,0,0,,,,0,0,0,,60015,,,,,,,
20520,,2,0,黑狼鸟,BlackBirdDash,,0.04,0,0,0,0,0,0,0,"0,0,0",0,0,0,0,0,0,0,0,0,0,0,0,,0,0,,,,,,,,,0.4,0,0,11,,0,25,,,11,2,"0,0,0",0,0,0,0,0,0,0,0,0,0,0,0,,,,0,0,0,,,,,,,,,
20521,,2,0,黑狼鸟,TailAtt,,0.015,0,0,0,0,0,0,0,"0,0,0",0,0,0,0,0,0,0,0,0,0,0,0,,0,0,,,,,,,,,0.15,0,0,9,,0,25,,,9,2,"0,0,0",0,0,0,0,0,0,0,0,0,0,0,0,,,,0,10560,0,,,,,,,,,
20522,,2,0,黑狼鸟,BirdFireBall,,0.035,0,0,0,0,0,0,0,"0,0,0",0,0,0,0,0,0,0,0,0,0,0,0,,0,12231,,,,,,,,,0,0,0,9,,0,25,,,9,2,"0,0,0",0.35,0,0,0,0,0,0,0,0,0,0,0,,,,0,19179,0,,,,,,,,,
20523,,2,,和场景交互的攻击,Template_Interactive_KnockAway_30,,0.03,,,,,,,,,,,,,,,,,,,,,,,,,,交互行为,5,,,,,0.3,10,,9,,,30,,,9,2,"0,0,0",0,0,0,0,0,0,0,,,,,,,,,,,,,,,,,,,,
20524,,,,吹飞雪15,Template_KnockAway_Snow_15,,0.015,,,,,,,,,,,,,,,,,,,,,,,,,,,,,,,,0,10,,0,,,5,,,0,2,"0,0,0",0,0,0,0,0.15,0,0,0,0,0,0,0,,,,0,0,0,,60019,,,,,,,
20525,,,,吹飞雪20,Template_KnockAway_Snow_20,,0.02,,,,,,,,,,,,,,,,,,,,,,,,,,,,,,,,0,10,,0,,,10,,,0,2,"0,0,0",0,0,0,0,0.2,0,0,0,0,0,0,0,,,,0,0,0,,60019,,,,,,,
20526,,,,吹飞雪30,Template_KnockAway_Snow_30,,0.03,,,,,,,,,,,,,,,,,,,,,,,,,,,,,,,,0,10,,0,,,20,,,0,2,"0,0,0",0,0,0,0,0.3,0,0,0,0,0,0,0,,,,0,0,0,,60019,,,,,,,
20527,,,,吹飞雪40,Template_KnockAway_Snow_40,,0.04,,,,,,,,,,,,,,,,,,,,,,,,,,,,,,,,0,10,,0,,,25,,,0,2,"0,0,0",0,0,0,0,0.4,0,0,0,0,0,0,0,,,,0,0,0,,60019,,,,,,,
20528,,,,吹飞雪50,Template_KnockAway_Snow_50,,0.05,,,,,,,,,,,,,,,,,,,,,,,,,,,,,,,,0,10,,0,,,40,,,0,2,"0,0,0",0,0,0,0,0.5,0,0,0,0,0,0,0,,,,0,0,0,,60019,,,,,,,
20529,,,,吹飞雪55,Template_KnockAway_Snow_55,,0.055,,,,,,,,,,,,,,,,,,,,,,,,,,,,,,,,0,10,,0,,,45,,,0,2,"0,0,0",0,0,0,0,0.55,0,0,0,0,0,0,0,,,,0,0,0,,60019,,,,,,,
20530,,,,吹飞雪60,Template_KnockAway_Snow_60,,0.06,,,,,,,,,,,,,,,,,,,,,,,,,,,,,,,,0,10,,0,,,50,,,0,2,"0,0,0",0,0,0,0,0.6,0,0,0,0,0,0,0,,,,0,0,0,,60019,,,,,,,
20531,,,,吹飞雪65,Template_KnockAway_Snow_65,,0.065,,,,,,,,,,,,,,,,,,,,,,,,,,,,,,,,0,10,,0,,,55,,,0,2,"0,0,0",0,0,0,0,0.65,0,0,0,0,0,0,0,,,,0,0,0,,60019,,,,,,,
20532,,,,吹飞雪70,Template_KnockAway_Snow_70,,0.07,,,,,,,,,,,,,,,,,,,,,,,,,,,,,,,,0,10,,0,,,55,,,0,2,"0,0,0",0,0,0,0,0.7,0,0,0,0,0,0,0,,,,0,0,0,,60019,,,,,,,
20533,,,,吹飞雪75,Template_KnockAway_Snow_75,,0.075,,,,,,,,,,,,,,,,,,,,,,,,,,,,,,,,0,10,,0,,,55,,,0,2,"0,0,0",0,0,0,0,0.75,0,0,0,0,0,0,0,,,,0,0,0,,60019,,,,,,,
20534,,,,吹飞火30,Template_KnockAway_Fire_30_Boat,,0.1,,,,,,,,,,,,,,,,,,,,,,,89000002,,,交互行为,4,,,,,0.3,10,,12,,,20,,,9,2,"0,0,0",0,0,0,0,0,0,0,,,,,,,,,,19179,,,,,,,,,,
20535,600710001,2,60071,紫毒鸟,MouthAttack,MouthAttack,0.03,0,0,0,0,0,0,0,"0,0,0",0,0,0,0,0,0,0,0,0,0,0,0,,0,0,,,,,,,,,0.3,15,0,9,,0,25,,,7,2,"0,0,0",0,0,0,0,0,0,0,0,0,0,0,0,,,,0,0,0,,,,,,,,,
20536,,,,,Template_Launch_HeavyPosion,,0.02,0,0,0,0,0,0,0,"0,0,0",0,0,0,0,0,0,0,0,0,0,0,0,,0,12232,,,,,,,,,0.2,,,7,,,45,,,7,2,"0,0,0",0,0,0,0,0,0,0,0,0,0,0,0,,,,0,10165,,,,,,,,,,
20537,,,,,Template_Launch_Paralysis,,0.02,,,,,,,,,,,,,,,,,,,,,,,,,,,,,,,,0.2,,,7,,,20,,,7,2,"0,0,0",0,0,0,0,0,0,0,0,0,0,0,0,,,,0,10166,,,,,,,,,,
20538,,2,0,盾蟹毒泡泡,Bubble_Poison_5,,0.005,,,,,,,,,,,,,,,,,,,,,,,,,,,,,,,,0.05,,,3,,,10,,,5,2,"0,0,0",0,0,0,0,0,0,0,,,,,,,,,,10089,,,,,,,,,,
20539,,2,,青怪鸟,Em004_u01_FireBall,,0.03,,,,,,,,,,,,,,,,,,,,,,,12231,,,交互行为,8,,,,,0,5,0,11,,0,10,,,11,2,"0,0,0",0.3,0,0,0,0,0,0,0,0,0,0,2048,,,,0,19179,0,,,,,,,,,
20540,,2,,桃毛兽甩大便,Em008PooBall,,0.02,0,0,0,0,0,0,0,"0,0,0",0,0,0,0,0,0,0,0,0,0,0,0,,0,0,,,,,,,,,0.2,15,0,9,,0,25,,,9,2,"0,0,0",0,0,0,0,0,0,0,0,0,0,0,0,,,,0,13008,0,,,,,,,,,
20541,,2,,桃毛兽放屁,Em008Fart,,0.03,0,0,0,0,0,0,0,"0,0,0",0,0,0,0,0,0,0,0,0,0,0,0,,0,0,,,,,,,,,0.3,5,0,11,,0,25,,,11,2,"0,0,0",0,0,0,0,0,0,0,0,0,0,0,0,,,,0,13008,0,,,,,,,,,
20542,,2,0,眠鸟,SleepBall,,0,,,,,,,,,,,,,,,,,,,,,,,,70026,,,,,,,,0,5,0,0,,,40,1,,0,2,"0,0,0",0,0,0,0,0,0,0,,,,,,,,,,,,,60006,,,,,,,
20543,,,,沙雷鸟,SandMine_KnockAway_30,,0.02,,,,,,,,,,,,,,,,,,,,,,,,,,,,,,,,0,,,9,,,30,,,9,2,"0,0,0",0.2,0,0,0,0,0,0,,,,,,,,,,19179,,,,,,,,,,
20544,,,,吹飞火20船,Template_KnockAway_Fire_20_Boat,,0.2,,,,,,,,,,,,,,,,,,,,,,,89000002,,,,,,,,,0.2,15,0,9,,,20,,,9,2,"0,0,0",0,0,0,0,0,0,0,,,,,,,,,,19179,,,,,,,,,,
20545,,2,0,特殊_泥人,Template_Special_Mud,,0.02,,,,,,,,,,,,,,,,,,,,,,,,70034,,,,,,,,0.2,,,0,,,10,,,0,2,"0,0,0",0,0,0,0,0,0,0,,,,,,,,,,,,,60007,,,,,,,
20546,,,,攻击光束,Template_Attack_Beam,,0.003,,,,,,,,,,,,,,,,,,,,,,,,,,,,,,,,0.03,,,2,,,3,,,5,2,"0,0,0",0,0,0,0,0,,,,,,,,,,,,,,,,,,,,,,
20547,,2,0,一角龙,HowlBig,,0,0,0,0,0,0,0,0,"0,0,0",0,0,0,0,0,0,0,0,0,0,0,0,,0,0,70024,,,,,,,,0,0,0,0,,0,40,,,0,2,"0,0,0",0,0,0,0,0,0,0,0,0,0,0,0,,,,0,0,0,,60015,,,,,,,
20548,,2,0,一角龙,DrillCircle,,0,0,0,0,0,0,0,0,"0,0,0",0,0,0,0,0,0,0,0,0,0,0,0,,0,0,,,,,,,,,0,0,0,0,,0,10,,,0,2,"0,0,0",0,0,0,0,0,0,0,0,0,0,0,0,,,,0,0,0,,60003,,,,,,,
20549,,,,尾晶蝎激光及晶体爆炸,BeamBomb,,0.015,0,0,0,0,0,0,0,"0,0,0",0,0,0,0,0,0,0,0,0,0,0,0,,0,12231,,,交互行为,8,,,,,0.15,0,0,11,,0,30,,,11,2,"0,0,0",0,0,0,0,0,0,0,0,0,0,0,2048,,,,0,1010675,0,,,,,,,,,
20550,,2,,麻痹蛛,WebNor,,0,0,0,0,0,0,0,0,"0,0,0",0,0,0,0,0,0,0,0,0,0,0,0,,0,0,0,,,,,,,,0,0,0,0,,0,25,1,,0,2,"0,0,0",0,0,0,0,0,0,0,0,0,0,0,0,,,,0,0,0,,60005,,,,,,,
20551,,2,,麻痹蛛,WebAng,,0,0,0,0,0,0,0,0,"0,0,0",0,0,0,0,0,0,0,0,0,0,0,0,,0,0,0,,,,,,,,0,0,0,0,,0,25,1,,0,2,"0,0,0",0,0,0,0,0,0,0,0,0,0,0,0,,,,0,10000,0,,60011,,,,,,,
20552,600700004,2,60070,毒怪鸟,MouthAttackFoot,MouthAttack,0.01,0,0,0,0,0,0,0,"0,0,0",0,0,0,0,0,0,0,0,0,0,0,0,,0,0,,,,,,,,,0.1,10,0,7,,0,15,,,7,2,"0,0,0",0,0,0,0,0,0,0,0,0,0,0,0,,,,0,0,0,,,,,,,,,
20553,,,0,一角龙,Kajiao,,0.045,,,,,,,,,,,,,,,,,,,,,,,,,,交互行为,5,,,,,0.45,,,11,,,40,,,11,2,"0,0,0",0,0,0,0,0,,,,,,,,,,,,,,,,,,,,,,
20554,,2,0,NB3刃羽爆炸,BladeBomb,,0,,,,,,,,,,,,,,,,,,,,,,,,,,,,,,,,0.05,,,7,,,25,,,7,2,"0,0,0",0,0,0,0,0,,,,,,,,,,,,19179,,,,,,,,,,
20555,,2,,水龙小,WaterS,,0,,,,,,,,,,,,,,,,,,,,,,,,,,,,,,,,0.25,,,7,,,50,,,7,2,"0,0,0",0,0,0,0,0,,,,,,,,,,,,,,,,,,,,,,
20556,,2,,水龙中,WaterM,,0,,,,,,,,,,,,,,,,,,,,,,,,,,,,,,,,0.35,,,12,,,60,,,12,2,"0,0,0",0,0,0,0,0,,,,,,,,,,,,,,,,,,,,,,
20557,,2,,水龙大,WaterL,,0,,,,,,,,,,,,,,,,,,,,,,,,,,,,,,,,0.45,,,12,,,35,,,12,2,"0,0,0",0,0,0,0,0,,,,,,,,,,,,,,,,,,,,,,
20558,,,,臭气攻击03,Template_Attack_Stink_03,,0.003,,,,,,,,,,,,,,,,,,,,,,,,,,,,,,,,0.03,,,2,,,3,,,5,2,"0,0,0",0,0,0,0,0,,,,,,,,,,,,13008,,,,,,,,,,
20559,,2,0,特殊_高吼,Template_Special_HighRoar,,0,,,,,,,,,,,,,,,,,,,,,,,,70024,,,,,,,,0,,,0,,,40,,,0,2,"0,0,0",0,0,0,0,0,,,,,,,,,,,,,,,60012,,,,,,,
20660,,2,0,雪崩,snowball,,0.045,,,,,,,,,,,,,,,,,,,,,,,,,,,,,,,,0.45,,,12,,,200,,,11,2,"0,0,0",0,0,0,0,0,,,,,,,,1,,,,,,,,,,,,,,
20661,,2,0,攻击20,WeiJinXieBoom,,1,,,,,,,,,,,,,,,,,,,,,,,,,,,,,,,,10,10,,7,7,,50,1,5,5,2,"0,0,0",0,0,0,0,0,,,,,,,,1,100,2,,,,,,,,,,,,
20662,,,,地面燃烧,Burning,,0.005,,,,,,,,,,,,,,,,,,,,,,,12231,,,,,,,,,0.05,,,2,,,15,,,2,2,"0,0,0",0,0,0,0,0,,,,,,,,,,,,19179,,,,,,,,,,
20663,,2,0,寒冷20,Cold_Attack_20,,0.02,,,,,,,,,,,,,,,,,,,,,,,,,,,,,,,,0,10,,7,,,40,,,5,2,"0,0,0",0,0,0,0,0.2,,,,,,,,,,,,1010677,,,,,,,,,,
20664,,2,0,寒冷30,Cold_Attack_30,,0.03,,,,,,,,,,,,,,,,,,,,,,,,,,,,,,,,0,10,,12,,,30,,,9,2,"0,0,0",0,0,0,0,0.3,,,,,,,,,,,,1010677,,,,,,,,,,
20665,,2,0,特殊_大风压,Template_Special_BigPressure,,0,,,,,,,,,,,,,,,,,,,,,,,,70021,,,,,,,,0,,,0,,,40,,,0,2,"0,0,0",0,0,0,0,0,,,,,,,,,,,,,,,60022,,,,,,,
20666,,2,,沙盾,Template_SandShield,,0,0,0,0,0,0,0,0,"0,0,0",0,0,0,0,0,0,0,0,0,0,0,0,,0,0,,,,,,,,,0,0,0,0,,0,25,,,0,2,"0,0,0",0,0,0,0,0,0,0,0,0,0,0,0,1,,,0,12100025,0,,,,,,,,,
20667,,2,,NB4碎石冲撞,Template_RockRush,,0.04,0,0,0,0,0,0,0,"0,0,0",0,0,0,0,0,0,0,0,0,0,0,0,,0,0,,,交互行为,4,,,,,0.4,30,0,11,,0,40,,,11,2,"0,0,0",0,0,0,0,0,0,0,0,0,0,0,0,,,,0,0,0,,,,,,,,,
20668,,2,,巨型酸液弹,Em022_HugeAcidBall,,0.05,,,,,,,,,,,,,,,,,,,,,,,12231,,,交互行为,4,,,,,0.5,30,0,11,,0,30,,,11,2,"0,0,0",0,0,0,0,0,0,0,0,0,0,0,2048,,,,0,19179,0,,,,,,,,,
20669,,2,,巨型酸液射线,Em022_Laser,,0.08,,,,,,,,,,,,,,,,,,,,,,,12231,,,交互行为,4,,,,,0.8,30,0,11,,0,40,,,11,2,"0,0,0",0,0,0,0,0,0,0,0,0,0,0,2048,,,,0,12100026,0,,,,,,,,,
20670,,2,0,吹飞35打墙,Template_KnockAway_35_Wall,,0.035,,,,,,,,,,,,,,,,,,,,,,,,,,交互行为,4,,,,,0.35,,,12,,,50,,,11,2,"0,0,0",0,0,0,0,0,,,,,,,,,,,,,,,,,,,,,,
20671,,2,,角龙,Em030_RockAttack,,0.015,,,,,,,,,,,,,,,,,,,,,,,,,,,,,,,,0.15,10,,6,,,30,,,6,2,"0,0,0",0,0,0,0,0,,,,,,,,,,,,,,,,,,,,,,
20672,,2,0,木马怪,TroyMonsterHit,,0,,,,,,,,,,,,,,,,,,,,,,,,,,,,,,,,0,0,0,0,,0,0,,,0,2,"0,0,0",0,0,0,0,0,0,0,0,0,0,0,0,,,,0,0,0,,0,,,,,,,
20673,,2,0,攻城吹飞35,Template_KnockAway_35_HitWall,,0.035,,,,,,,,,,,,,,,,,,,,,,,,,,交互行为,4,,,,,0.35,,,12,,,60,,,11,2,"0,0,0",0,0,0,0,0,,,,,,,,,,,,,,,,,,,,,,
20674,,2,0,吹飞35打墙2区,Template_KnockAway_35_Wall_Area02,,0.035,,,,,,,,,,,,,,,,,,,,,,,,,,交互行为,2,,,,,0.35,,,12,,,100,,,11,2,"0,0,0",0,0,0,0,0,,,,,,,,1,,,,,,,,,,,,,,
20675,,2,,角龙,Em030_RockAttackBig,,0.04,,,,,,,,,,,,,,,,,,,,,,,,,,,,,,,,0.4,30,,9,,,60,,,9,2,"0,0,0",0,0,0,0,0,,,,,,,,,,,,,,,,,,,,,,
20676,,2,0,攻击10,TemplateAttack_10,,0.01,,,,,,,,,,,,,,,,,,,,,,,,,,,,,,,,0.1,10,,2,,,0,,,2,2,"0,0,0",0,0,0,0,0,,,,,,,,,,,,,,,,,,,,,,
20677,,2,0,攻击15,TemplateAttack_15,,0.015,,,,,,,,,,,,,,,,,,,,,,,,,,,,,,,,0.15,10,,3,,,5,,,3,2,"0,0,0",0,0,0,0,0,,,,,,,,,,,,,,,,,,,,,,
20678,,2,0,攻击20,TemplateAttack_20,,0.02,,,,,,,,,,,,,,,,,,,,,,,,,,,,,,,,0.2,10,,6,,,10,,,6,2,"0,0,0",0,0,0,0,0,,,,,,,,,,,,,,,,,,,,,,
20679,,2,0,攻击25,TemplateAttack_25,,0.025,,,,,,,,,,,,,,,,,,,,,,,,,,,,,,,,0.25,10,,6,,,10,,,6,2,"0,0,0",0,0,0,0,0,,,,,,,,,,,,,,,,,,,,,,
20680,,2,0,攻击30,TemplateAttack_30,,0.03,,,,,,,,,,,,,,,,,,,,,,,,,,,,,,,,0.3,10,,6,,,15,,,6,2,"0,0,0",0,0,0,0,0,,,,,,,,,,,,,,,,,,,,,,
20681,,2,0,攻击35,TemplateAttack_35,,0.035,,,,,,,,,,,,,,,,,,,,,,,,,,,,,,,,0.35,10,,9,,,20,,,9,2,"0,0,0",0,0,0,0,0,,,,,,,,,,,,,,,,,,,,,,
20682,,2,0,攻击40,TemplateAttack_40,,0.04,,,,,,,,,,,,,,,,,,,,,,,,,,,,,,,,0.4,10,,9,,,25,,,9,2,"0,0,0",0,0,0,0,0,,,,,,,,,,,,,,,,,,,,,,
20683,,2,0,攻击45,TemplateAttack_45,,0.045,,,,,,,,,,,,,,,,,,,,,,,,,,,,,,,,0.45,10,,11,,,30,,,11,2,"0,0,0",0,0,0,0,0,,,,,,,,,,,,,,,,,,,,,,
20684,,2,0,攻击50,TemplateAttack_50,,0.05,,,,,,,,,,,,,,,,,,,,,,,,,,,,,,,,0.5,10,,11,,,40,,,11,2,"0,0,0",0,0,0,0,0,,,,,,,,,,,,,,,,,,,,,,
20685,,2,0,攻击55,TemplateAttack_55,,0.055,,,,,,,,,,,,,,,,,,,,,,,,,,,,,,,,0.55,10,,12,,,45,,,12,2,"0,0,0",0,0,0,0,0,,,,,,,,,,,,,,,,,,,,,,
20686,,2,0,攻击60,TemplateAttack_60,,0.06,,,,,,,,,,,,,,,,,,,,,,,,,,,,,,,,0.6,10,,12,,,50,,,12,2,"0,0,0",0,0,0,0,0,,,,,,,,,,,,,,,,,,,,,,
20687,,2,0,攻击火10,TemplateAttackFire_10,,0.01,,,,,,,,,,,,,,,,,,,,,,,12231,,,,,,,,,0.05,10,,2,,,0,,,2,2,"0,0,0",0.05,0,0,0,0,,,,,,,,,,,,19179,,,,,,,,,,
20688,,2,0,攻击火15,TemplateAttackFire_15,,0.015,,,,,,,,,,,,,,,,,,,,,,,12231,,,,,,,,,0.075,10,,3,,,5,,,3,2,"0,0,0",0.075,0,0,0,0,,,,,,,,,,,,19179,,,,,,,,,,
20689,,2,0,攻击火20,TemplateAttackFire_20,,0.02,,,,,,,,,,,,,,,,,,,,,,,12231,,,,,,,,,0.1,10,,6,,,10,,,6,2,"0,0,0",0.1,0,0,0,0,,,,,,,,,,,,19179,,,,,,,,,,
20690,,2,0,攻击火25,TemplateAttackFire_25,,0.025,,,,,,,,,,,,,,,,,,,,,,,12231,,,,,,,,,0.125,10,,6,,,10,,,6,2,"0,0,0",0.125,0,0,0,0,,,,,,,,,,,,19179,,,,,,,,,,
20691,,2,0,攻击火30,TemplateAttackFire_30,,0.03,,,,,,,,,,,,,,,,,,,,,,,12231,,,,,,,,,0.15,10,,6,,,15,,,6,2,"0,0,0",0.15,0,0,0,0,,,,,,,,,,,,19179,,,,,,,,,,
20692,,2,0,攻击火35,TemplateAttackFire_35,,0.035,,,,,,,,,,,,,,,,,,,,,,,12231,,,,,,,,,0.175,10,,9,,,20,,,9,2,"0,0,0",0.175,0,0,0,0,,,,,,,,,,,,19179,,,,,,,,,,
20693,,2,0,攻击火40,TemplateAttackFire_40,,0.04,,,,,,,,,,,,,,,,,,,,,,,12231,,,,,,,,,0.2,10,,9,,,25,,,9,2,"0,0,0",0.2,0,0,0,0,,,,,,,,,,,,19179,,,,,,,,,,
20694,,2,0,攻击火45,TemplateAttackFire_45,,0.045,,,,,,,,,,,,,,,,,,,,,,,12231,,,,,,,,,0.225,10,,11,,,30,,,11,2,"0,0,0",0.225,0,0,0,0,,,,,,,,,,,,19179,,,,,,,,,,
20695,,2,0,攻击火50,TemplateAttackFire_50,,0.05,,,,,,,,,,,,,,,,,,,,,,,12231,,,,,,,,,0.25,10,,11,,,40,,,11,2,"0,0,0",0.25,0,0,0,0,,,,,,,,,,,,19179,,,,,,,,,,
20696,,2,0,攻击火55,TemplateAttackFire_55,,0.055,,,,,,,,,,,,,,,,,,,,,,,12231,,,,,,,,,0.275,10,,12,,,45,,,12,2,"0,0,0",0.275,0,0,0,0,,,,,,,,,,,,19179,,,,,,,,,,
20697,,2,0,攻击火60,TemplateAttackFire_60,,0.06,,,,,,,,,,,,,,,,,,,,,,,12231,,,,,,,,,0.3,10,,12,,,50,,,12,2,"0,0,0",0.3,0,0,0,0,,,,,,,,,,,,19179,,,,,,,,,,
20698,,2,0,攻击水10,TemplateAttackWater_10,,0.01,,,,,,,,,,,,,,,,,,,,,,,,,,,,,,,,0.05,10,,2,,,0,,,2,2,"0,0,0",0,0.05,0,0,0,,,,,,,,,,,,,,,,,,,,,,
20699,,2,0,攻击水15,TemplateAttackWater_15,,0.015,,,,,,,,,,,,,,,,,,,,,,,,,,,,,,,,0.075,10,,3,,,5,,,3,2,"0,0,0",0,0.075,0,0,0,,,,,,,,,,,,,,,,,,,,,,
20700,,2,0,攻击水20,TemplateAttackWater_20,,0.02,,,,,,,,,,,,,,,,,,,,,,,,,,,,,,,,0.1,10,,6,,,10,,,6,2,"0,0,0",0,0.1,0,0,0,,,,,,,,,,,,,,,,,,,,,,
20701,,2,0,攻击水25,TemplateAttackWater_25,,0.025,,,,,,,,,,,,,,,,,,,,,,,,,,,,,,,,0.125,10,,6,,,10,,,6,2,"0,0,0",0,0.125,0,0,0,,,,,,,,,,,,,,,,,,,,,,
20702,,2,0,攻击水30,TemplateAttackWater_30,,0.03,,,,,,,,,,,,,,,,,,,,,,,,,,,,,,,,0.15,10,,6,,,15,,,6,2,"0,0,0",0,0.15,0,0,0,,,,,,,,,,,,,,,,,,,,,,
20703,,2,0,攻击水35,TemplateAttackWater_35,,0.035,,,,,,,,,,,,,,,,,,,,,,,,,,,,,,,,0.175,10,,9,,,20,,,9,2,"0,0,0",0,0.175,0,0,0,,,,,,,,,,,,,,,,,,,,,,
20704,,2,0,攻击水40,TemplateAttackWater_40,,0.04,,,,,,,,,,,,,,,,,,,,,,,,,,,,,,,,0.2,10,,9,,,25,,,9,2,"0,0,0",0,0.2,0,0,0,,,,,,,,,,,,,,,,,,,,,,
20705,,2,0,攻击水45,TemplateAttackWater_45,,0.045,,,,,,,,,,,,,,,,,,,,,,,,,,,,,,,,0.225,10,,11,,,30,,,11,2,"0,0,0",0,0.225,0,0,0,,,,,,,,,,,,,,,,,,,,,,
20706,,2,0,攻击水50,TemplateAttackWater_50,,0.05,,,,,,,,,,,,,,,,,,,,,,,,,,,,,,,,0.25,10,,11,,,40,,,11,2,"0,0,0",0,0.25,0,0,0,,,,,,,,,,,,,,,,,,,,,,
20707,,2,0,攻击水55,TemplateAttackWater_55,,0.055,,,,,,,,,,,,,,,,,,,,,,,,,,,,,,,,0.275,10,,12,,,45,,,12,2,"0,0,0",0,0.275,0,0,0,,,,,,,,,,,,,,,,,,,,,,
20708,,2,0,攻击水60,TemplateAttackWater_60,,0.06,,,,,,,,,,,,,,,,,,,,,,,,,,,,,,,,0.3,10,,12,,,50,,,12,2,"0,0,0",0,0.3,0,0,0,,,,,,,,,,,,,,,,,,,,,,
20709,,2,0,攻击雷10,TemplateAttackElectric_10,,0.01,,,,,,,,,,,,,,,,,,,,,,,,,,,,,,,,0.05,10,,2,,,0,,,2,2,"0,0,0",0,0,0,0.05,0,,,,,,,,,,,,,,,,,,,,,,
20710,,2,0,攻击雷15,TemplateAttackElectric_15,,0.015,,,,,,,,,,,,,,,,,,,,,,,,,,,,,,,,0.075,10,,3,,,5,,,3,2,"0,0,0",0,0,0,0.075,0,,,,,,,,,,,,,,,,,,,,,,
20711,,2,0,攻击雷20,TemplateAttackElectric_20,,0.02,,,,,,,,,,,,,,,,,,,,,,,,,,,,,,,,0.1,10,,6,,,10,,,6,2,"0,0,0",0,0,0,0.1,0,,,,,,,,,,,,,,,,,,,,,,
20712,,2,0,攻击雷25,TemplateAttackElectric_25,,0.025,,,,,,,,,,,,,,,,,,,,,,,,,,,,,,,,0.125,10,,6,,,10,,,6,2,"0,0,0",0,0,0,0.125,0,,,,,,,,,,,,,,,,,,,,,,
20713,,2,0,攻击雷30,TemplateAttackElectric_30,,0.03,,,,,,,,,,,,,,,,,,,,,,,,,,,,,,,,0.15,10,,6,,,15,,,6,2,"0,0,0",0,0,0,0.15,0,,,,,,,,,,,,,,,,,,,,,,
20714,,2,0,攻击雷35,TemplateAttackElectric_35,,0.035,,,,,,,,,,,,,,,,,,,,,,,,,,,,,,,,0.175,10,,9,,,20,,,9,2,"0,0,0",0,0,0,0.175,0,,,,,,,,,,,,,,,,,,,,,,
20715,,2,0,攻击雷40,TemplateAttackElectric_40,,0.04,,,,,,,,,,,,,,,,,,,,,,,,,,,,,,,,0.2,10,,9,,,25,,,9,2,"0,0,0",0,0,0,0.2,0,,,,,,,,,,,,,,,,,,,,,,
20716,,2,0,攻击雷45,TemplateAttackElectric_45,,0.045,,,,,,,,,,,,,,,,,,,,,,,,,,,,,,,,0.225,10,,11,,,30,,,11,2,"0,0,0",0,0,0,0.225,0,,,,,,,,,,,,,,,,,,,,,,
20717,,2,0,攻击雷50,TemplateAttackElectric_50,,0.05,,,,,,,,,,,,,,,,,,,,,,,,,,,,,,,,0.25,10,,11,,,40,,,11,2,"0,0,0",0,0,0,0.25,0,,,,,,,,,,,,,,,,,,,,,,
20718,,2,0,攻击雷55,TemplateAttackElectric_55,,0.055,,,,,,,,,,,,,,,,,,,,,,,,,,,,,,,,0.275,10,,12,,,45,,,12,2,"0,0,0",0,0,0,0.275,0,,,,,,,,,,,,,,,,,,,,,,
20719,,2,0,攻击雷60,TemplateAttackElectric_60,,0.06,,,,,,,,,,,,,,,,,,,,,,,,,,,,,,,,0.3,10,,12,,,50,,,12,2,"0,0,0",0,0,0,0.3,0,,,,,,,,,,,,,,,,,,,,,,
20720,,2,0,攻击龙10,TemplateAttackDragon_10,,0.01,,,,,,,,,,,,,,,,,,,,,,,,,,,,,,,,0.05,10,,2,,,0,,,2,2,"0,0,0",0,0,0.05,0,0,,,,,,,,,,,,,,,,,,,,,,
20721,,2,0,攻击龙15,TemplateAttackDragon_15,,0.015,,,,,,,,,,,,,,,,,,,,,,,,,,,,,,,,0.075,10,,3,,,5,,,3,2,"0,0,0",0,0,0.075,0,0,,,,,,,,,,,,,,,,,,,,,,
20722,,2,0,攻击龙20,TemplateAttackDragon_20,,0.02,,,,,,,,,,,,,,,,,,,,,,,,,,,,,,,,0.1,10,,6,,,10,,,6,2,"0,0,0",0,0,0.1,0,0,,,,,,,,,,,,,,,,,,,,,,
20723,,2,0,攻击龙25,TemplateAttackDragon_25,,0.025,,,,,,,,,,,,,,,,,,,,,,,,,,,,,,,,0.125,10,,6,,,10,,,6,2,"0,0,0",0,0,0.125,0,0,,,,,,,,,,,,,,,,,,,,,,
20724,,2,0,攻击龙30,TemplateAttackDragon_30,,0.03,,,,,,,,,,,,,,,,,,,,,,,,,,,,,,,,0.15,10,,6,,,15,,,6,2,"0,0,0",0,0,0.15,0,0,,,,,,,,,,,,,,,,,,,,,,
20725,,2,0,攻击龙35,TemplateAttackDragon_35,,0.035,,,,,,,,,,,,,,,,,,,,,,,,,,,,,,,,0.175,10,,9,,,20,,,9,2,"0,0,0",0,0,0.175,0,0,,,,,,,,,,,,,,,,,,,,,,
20726,,2,0,攻击龙40,TemplateAttackDragon_40,,0.04,,,,,,,,,,,,,,,,,,,,,,,,,,,,,,,,0.2,10,,9,,,25,,,9,2,"0,0,0",0,0,0.2,0,0,,,,,,,,,,,,,,,,,,,,,,
20727,,2,0,攻击龙45,TemplateAttackDragon_45,,0.045,,,,,,,,,,,,,,,,,,,,,,,,,,,,,,,,0.225,10,,11,,,30,,,11,2,"0,0,0",0,0,0.225,0,0,,,,,,,,,,,,,,,,,,,,,,
20728,,2,0,攻击龙50,TemplateAttackDragon_50,,0.05,,,,,,,,,,,,,,,,,,,,,,,,,,,,,,,,0.25,10,,11,,,40,,,11,2,"0,0,0",0,0,0.25,0,0,,,,,,,,,,,,,,,,,,,,,,
20729,,2,0,攻击龙55,TemplateAttackDragon_55,,0.055,,,,,,,,,,,,,,,,,,,,,,,,,,,,,,,,0.275,10,,12,,,45,,,12,2,"0,0,0",0,0,0.275,0,0,,,,,,,,,,,,,,,,,,,,,,
20730,,2,0,攻击龙60,TemplateAttackDragon_60,,0.06,,,,,,,,,,,,,,,,,,,,,,,,,,,,,,,,0.3,10,,12,,,50,,,12,2,"0,0,0",0,0,0.3,0,0,,,,,,,,,,,,,,,,,,,,,,
20731,,2,0,攻击冰10,TemplateAttackIce_10,,0.01,,,,,,,,,,,,,,,,,,,,,,,,,,,,,,,,0.05,10,,2,,,0,,,2,2,"0,0,0",0,0,0,0,0.05,,,,,,,,,,,,,,,,,,,,,,
20732,,2,0,攻击冰15,TemplateAttackIce_15,,0.015,,,,,,,,,,,,,,,,,,,,,,,,,,,,,,,,0.075,10,,3,,,5,,,3,2,"0,0,0",0,0,0,0,0.075,,,,,,,,,,,,,,,,,,,,,,
20733,,2,0,攻击冰20,TemplateAttackIce_20,,0.02,,,,,,,,,,,,,,,,,,,,,,,,,,,,,,,,0.1,10,,6,,,10,,,6,2,"0,0,0",0,0,0,0,0.1,,,,,,,,,,,,,,,,,,,,,,
20734,,2,0,攻击冰25,TemplateAttackIce_25,,0.025,,,,,,,,,,,,,,,,,,,,,,,,,,,,,,,,0.125,10,,6,,,10,,,6,2,"0,0,0",0,0,0,0,0.125,,,,,,,,,,,,,,,,,,,,,,
20735,,2,0,攻击冰30,TemplateAttackIce_30,,0.03,,,,,,,,,,,,,,,,,,,,,,,,,,,,,,,,0.15,10,,6,,,15,,,6,2,"0,0,0",0,0,0,0,0.15,,,,,,,,,,,,,,,,,,,,,,
20736,,2,0,攻击冰35,TemplateAttackIce_35,,0.035,,,,,,,,,,,,,,,,,,,,,,,,,,,,,,,,0.175,10,,9,,,20,,,9,2,"0,0,0",0,0,0,0,0.175,,,,,,,,,,,,,,,,,,,,,,
20737,,2,0,攻击冰40,TemplateAttackIce_40,,0.04,,,,,,,,,,,,,,,,,,,,,,,,,,,,,,,,0.2,10,,9,,,25,,,9,2,"0,0,0",0,0,0,0,0.2,,,,,,,,,,,,,,,,,,,,,,
20738,,2,0,攻击冰45,TemplateAttackIce_45,,0.045,,,,,,,,,,,,,,,,,,,,,,,,,,,,,,,,0.225,10,,11,,,30,,,11,2,"0,0,0",0,0,0,0,0.225,,,,,,,,,,,,,,,,,,,,,,
20739,,2,0,攻击冰50,TemplateAttackIce_50,,0.05,,,,,,,,,,,,,,,,,,,,,,,,,,,,,,,,0.25,10,,11,,,40,,,11,2,"0,0,0",0,0,0,0,0.25,,,,,,,,,,,,,,,,,,,,,,
20740,,2,0,攻击冰55,TemplateAttackIce_55,,0.055,,,,,,,,,,,,,,,,,,,,,,,,,,,,,,,,0.275,10,,12,,,45,,,12,2,"0,0,0",0,0,0,0,0.275,,,,,,,,,,,,,,,,,,,,,,
20741,,2,0,攻击冰60,TemplateAttackIce_60,,0.06,,,,,,,,,,,,,,,,,,,,,,,,,,,,,,,,0.3,10,,12,,,50,,,12,2,"0,0,0",0,0,0,0,0.3,,,,,,,,,,,,,,,,,,,,,,
20742,,2,0,配信电球攻击,LightningBallRaid,,0.035,,,,,,,,,,,,,,,,,,,,,,,60005,,,,,,,,,0,15,0,0,,0,40,1,,0,2,"0,0,0",0,0,0,0.35,0,0,0,0,0,0,0,0,,,,0,12100027,0,,60005,,,,,,,
20743,,2,0,配信电环绕,LightningBallRaidAround,,0,,,,,,,,,,,,,,,,,,,,,,,,,,,,,,,,0,0,0,1,,0,0,,,1,2,"0,0,0",0,0,0,0.1,0,0,0,0,0,0,0,0,,,,0,12100027,0,,,,,,,,,
20744,,2,0,配信大范围电,LightningBallRaidBig,,0.03,,,,,,,,,,,,,,,,,,,,,,,60005,,,,,,,,,0,15,0,12,,0,40,1,,12,2,"0,0,0",0,0,0,0.3,0,0,0,0,0,0,0,0,,,,0,12100027,0,,,,,,,,,
20745,,2,0,特殊火35,Template_Special_KnockAway_Fire_35,,0,,,,,,,,,,,,,,,,,,,,,,,12231,,,,,,,,,0,10,,12,,,30,1,,11,2,"0,0,0",0.35,0,0,0,0,,,,,,,,,,,,19179,,,,,,,,,,
20746,,2,0,樱火龙,AttackByUpendTailTL02Pink,,0.035,0,0,0,0,0,0,0,"0,0,0",0,0,0,0,0,0,0,0,0,0,0,0,,0,12232,,,,,,,,,0.35,0,0,12,,0,40,,,12,1,"0,0,0",0,0,0,0,0,0,0,0,0,0,0,1024,,,,0,10000,0,,,,,,,,,
20747,,2,0,樱火龙,AttackByUpendTailRapidFlyUpTL09Pink,,0.045,0,0,0,0,0,0,0,"0,0,0",0,0,0,0,0,0,0,0,0,0,0,0,,0,12232,,,,,,,,,0.45,0,0,12,,0,40,,,12,1,"0,0,0",0,0,0,0,0,0,0,0,0,0,0,1024,,,,0,10000,0,,,,,,,,,
20748,,,,小雪狮雪球,M021_KnockAway_Snow,,0.02,,,,,,,,,,,,,,,,,,,,,,,,,,,,,,,,0.2,10,,9,,,20,,,9,2,"0,0,0",0,0,0,0,0,0,0,0,0,0,0,0,,,,0,0,0,,,,,,,,,
20749,,2,0,特殊火25,Template_Special_KnockAway_Fire_25,,0,,,,,,,,,,,,,,,,,,,,,,,12231,,,,,,,,,0,10,,12,,,20,1,,11,2,"0,0,0",0.25,0,0,0,0,,,,,,,,,,,,19179,,,,,,,,,,
20750,,2,0,黄速龙麻痹咬(20269),Template_Attack_10_GeneposPara,,0.01,,,,,,,,,,,,,,,,,,,,,,,,,,,,,,,,0.1,10,,0,,,10,,,5,2,"0,0,0",0,0,0,0,0,,,,,,,,,,,,0,0,,60005,,,,,,,
20751,,,,黄速龙麻痹咬(20433),Template_Attack_05_GeneposPara,,0.005,,,,,,,,,,,,,,,,,,,,,,,,,,,,,,,,0.05,5,,0,,,5,,,5,2,"0,0,0",0,0,0,0,0,,,,,,,,,,,,0,0,,60005,,,,,,,
20752,,2,0,黄速龙麻痹咬(20270),Template_Attack_15_GeneposPara,,0.015,,,,,,,,,,,,,,,,,,,,,,,,,,,,,,,,0.15,10,,0,,,15,,,5,2,"0,0,0",0,0,0,0,0,,,,,,,,,,,,0,0,,60005,,,,,,,
20753,600000004,2,0,小沙龙麻痹撞,M019_TackleAttack,,0.015,,,,,,,,,,,,,,,,,,,,,,,,,,,,,,,,0.15,10,,0,,,25,,,0,2,"0,0,0",0,0,0,0,0,,,,,,,,,,,,,,,60005,,,,,,,
20754,,2,0,尾晶蝎甩尾 可破石 20272,EM026_KnockAway_25,,0.025,,,,,,,,,,,,,,,,,,,,,,,,,,交互行为,5,,,,,0.25,10,,11,,,50,,,11,2,"0,0,0",0,0,0,0,0,,,,,,,,,,,,,,,,,,,,,,
20755,,2,0,角龙,HowlLarge,,0,0,0,0,0,0,0,0,"0,0,0",0,0,0,0,0,0,0,0,0,0,0,0,,0,70008,70024,,,,,,,,0,0,0,0,,0,40,,,0,2,"0,0,0",0,0,0,0,0,0,0,0,0,0,0,0,,,,0,0,0,,60012,,,,,,,
20756,,2,0,不传染的毒,PoisonMob,,0.015,0,0,0,0,0,0,0,"0,0,0",0,0,0,0,0,0,0,0,0,0,0,0,,0,,,,,,,,,,0.15,15,0,7,,0,15,,,7,2,"0,0,0",0,0,0,0,0,0,0,0,0,0,0,1024,,,,0,20001,0,,,,,,,,,
20757,,2,,巨型火焰射线,Em022_u01_Laser,,0,,,,,,,,,,,,,,,,,,,,,,,12231,,,交互行为,4,,,,,0,10,0,11,,0,40,,,11,2,"0,0,0",0.8,0,0,0,0,0,0,0,0,0,0,2048,1,,,0,19179,0,,,,,,,,,
20758,,2,0,雪崩_活动关雪球用,snowball_Activity,,0.045,,,,,,,,,,,,,,,,,,,,,,,,,,,,,,,,0.45,,,12,,,200,,,12,2,"0,0,0",0,0,0,0,0,,,,,,,,1,,,,,,,,,,,,,,
20759,,2,0,特殊火45,Template_Special_KnockAway_Fire_45,,0,,,,,,,,,,,,,,,,,,,,,,,12231,,,,,,,,,0,20,,12,,,40,1,,11,2,"0,0,0",0.45,0,0,0,0,,,,,,,,,,,,19179,,,,,,,,,,
20760,,2,0,猛毒攻击20,Template_Attack_StrongPoison_20,,0.02,0,0,0,0,0,0,0,"0,0,0",0,0,0,0,0,0,0,0,0,0,0,0,,0,12232,,,,,,,,,0.2,10,,7,,,20,,,7,2,"0,0,0",0,0,0,0,0,,,,,,,,,,,,20000,,,,,,,,,,
20761,,2,0,NBX骨刺,ThornAttack_20,,0.02,,,,,,,,,,,,,,,,,,,,,,,,,,,,,,,,0.2,5,,6,,,10,,,6,2,"0,0,0",0,0,0,0,0,,,,,,,,,,,,19117,,,,,,,,,,
20762,,2,0,NBX手部骨刺,ThornAttack_35,,0.035,,,,,,,,,,,,,,,,,,,,,,,,,,,,,,,,0.35,10,,9,,,30,,,9,2,"0,0,0",0,0,0,0,0,,,,,,,,,,,,19117,,,,,,,,,,
20763,,2,0,NBX背部骨刺,ThornAttack_40,,0.04,,,,,,,,,,,,,,,,,,,,,,,,,,,,,,,,0.4,20,,11,,,60,,,11,2,"0,0,0",0,0,0,0,0,,,,,,,,,,,,19117,,,,,,,,,,
20764,,2,,热气护盾,Template_FireShield,,0,0,0,0,0,0,0,0,"0,0,0",0,0,0,0,0,0,0,0,0,0,0,0,,0,0,,,,,,,,,0,0,0,0,,0,25,,,0,2,"0,0,0",0,0,0,0,0,0,0,0,0,0,0,0,1,,,0,19115,0,,,,,,,,,
20765,,2,,NBY正电球爆炸,NBY_PositiveBall_Explode,,0,0,0,0,0,0,0,0,"0,0,0",0,0,0,0,0,0,0,0,0,0,0,0,,0,,,,,,,,,,0.2,0,0,11,,0,0,,,11,2,"0,0,0",0,0,0,0.2,0,0,0,0,0,0,0,0,,,,0,12100031,,,,,,,,,,
20766,,2,,NBY负电球爆炸,NBY_Negative_Explode,,0,0,0,0,0,0,0,0,"0,0,0",0,0,0,0,0,0,0,0,0,0,0,0,,0,,,,,,,,,,0.08,0,0,0,,0,0,,,0,2,"0,0,0",0,0,0,0.08,0,0,0,0,0,0,0,0,,,,0,60005,12100032,,,,,,,,,
20767,,2,,烟花爆炸,Em008_NewYearFireWork,,0.02,0,0,0,0,0,0,0,"0,0,0",0,0,0,0,0,0,0,0,0,0,0,0,,0,0,,,,,,,,,0.2,0,0,0,,0,25,,,0,2,"0,0,0",0,0,0,0,0,0,0,0,0,0,0,0,,,,0,60006,,,,,,,,,,
20768,,2,0,吹飞水35,Template_KnockAway_Water_35,,0.035,,,,,,,,,,,,,,,,,,,,,,,,,,,,,,,,0,10,,12,,,30,,,11,2,"0,0,0",0,0.35,0,0,0,,,,,,,,,,,,,,,,,,,,,,
20769,,,,小白速龙冰球,M009_IceBall,,0.005,,,,,,,,,,,,,,,,,,,,,,,,,,,,,,,,0,5,,3,,,5,,,5,2,"0,0,0",0,0,0,0,0.05,,,,,,,,,,,,,,,,,,,,,,
20770,,,,雷光虫雷电,M016_ThunderShoot,,0.003,,,,,,,,,,,,,,,,,,,,,,,,,,,,,,,,0,5,,2,,,3,,,5,2,"0,0,0",0,0,0,0.03,0,,,,,,,,,,,,,,,,,,,,,,
20771,,,,金毛兽王三连翻飞行物,BoneBall,,0.02,0,0,0,0,0,0,0,"0,0,0",0,0,0,0,0,0,0,0,0,0,0,0,,0,0,,,,,,,,,0.2,15,0,7,,0,25,,,11,2,"0,0,0",0,0,0,0,0,0,0,0,0,0,0,0,,,,0,,0,,,,,,,,,
20772,,2,0,配信电球不麻,LightningBallRaidNoBuff,,0.035,,,,,,,,,,,,,,,,,,,,,,,,,,,,,,,,0,15,0,9,,0,40,1,,9,2,"0,0,0",0,0,0,0.35,0,0,0,0,0,0,0,0,,,,0,12100027,0,,,,,,,,,
20773,,2,,NBY电磁力场护罩-正,NBY_MagnetShield_P,,0.03,,,,,,,,,,,,,,,,,,,,,,,,,,,,,,,,0.15,5,,11,,,40,,,11,2,"0,0,0",0,0,0,0.15,0,0,0,0,0,0,0,0,,,,,12100031,,,,,,,,,,
20774,,2,,NBY龙车,NBY_DrillDash,,0.04,,,,,,,,,,,,,,,,,,,,,,,,,,,,,,,,0.3,20,,11,,,35,,,11,2,"0,0,0",0,0,0,0,0,0,0,0,0,0,0,0,,,,,,,,,,,,,,,
20775,,2,,年兽礼花猫特殊飞行物攻击,NewYearCat_BombAttack,,0,,,,,,,,,,,,,,,,,,,,,,,85000033,,,,,,,,,0.2,5,,3,,,5,,,5,2,"0,0,0",0,0,0,0,0,,,,,,,,,,,,,,,,,,,,,,
20776,,2,0,NB4亚热风,Em018_u01_HotWind,,0,,,,,,,,,,,,,,,,,,,,,,,,,,,,,,,,0,0,,0,,,200,,,0,2,"0,0,0",0,0,0,0,0,,,,,,,,1,,,,19116,,,,,,,,,,
20777,,2,,NBY龙车时角部带电攻击,NBY_DrillDash_Horn,,0.04,,,,,,,,,,,,,,,,,,,,,,,,,,,,,,,,0.25,20,,11,,,45,,,11,2,"0,0,0",0,0,0,0.15,0,0,0,0,0,0,0,0,,,,,12100031,,,,,,,,,,
20778,,2,,NBY向前甩角两连击普通版,NBY_SlashCombo_Normal,,0.04,,,,,,,,,,,,,,,,,,,,,,,,,,,,,,,,0.15,20,,11,,,45,,,11,2,"0,0,0",0,0,0,0.05,0,0,0,0,0,0,0,0,,,,,,,,,,,,,,,
20779,,2,,NBY电磁力场护罩-负,NBY_MagnetShield_N,,0.03,,,,,,,,,,,,,,,,,,,,,,,,,,,,,,,,0.1,5,,0,,,40,,,0,2,"0,0,0",0,0,0,0.1,0,0,0,0,0,0,0,0,,,,,60005,12100032,,,,,,,,,
20780,,2,0,老山蟹大震地,Em022_BodyDown,,0.09,,,,,,,,,,,,,,,,,,,,,,,,,,,,,,,,0.9,10,,12,,,75,,,11,2,"0,0,0",0,0,0,0,0,,,,,,,,,,,,,,,,,,,,,,
20781,,2,,NBY低空盘旋270-身体,NBY_SlashAroundA_Body,,0.04,,,,,,,,,,,,,,,,,,,,,,,,,,,,,,,,0.2,20,,7,,,30,,,7,2,"0,0,0",0,0,0,0,0,0,0,0,0,0,0,0,,,,,,,,,,,,,,,
20782,,2,,NBY低空盘旋270-角,NBY_SlashAroundA_Horn,,0.04,,,,,,,,,,,,,,,,,,,,,,,,,,,,,,,,0.15,20,,7,,,30,,,7,2,"0,0,0",0,0,0,0.1,0,0,0,0,0,0,0,0,,,,,12100031,,,,,,,,,,
20783,,,,NB4吸沙75,NB4_Sand_75,,0.075,,,,,,,,,,,,,,,,,,,,,,,,,,,,,,,,0.75,15,,13,,,60,1,,13,2,"0,0,0",0,0,0,0,0,,,,,,,,,,,,,,,,,,,,,,
20784,,2,,NBY甩角时擦地爆炸,NBY_SlashAroundII_Explode,,0,0,0,0,0,0,0,0,"0,0,0",0,0,0,0,0,0,0,0,0,0,0,0,,0,,,,,,,,,,0.15,0,0,11,,0,40,,,11,2,"0,0,0",0,0,0,0.15,0,0,0,0,0,0,0,0,,,,0,12100031,,,,,,,,,,
20785,,2,,NBY正电球射击攻击,NBY_BallShoot_Positive,,0,0,0,0,0,0,0,0,"0,0,0",0,0,0,0,0,0,0,0,0,0,0,0,,0,,,,,,,,,,0,0,0,7,,,20,,,7,2,"0,0,0",0,0,0,0.1,0,0,0,0,0,0,0,0,,,,,12100031,,,,,,,,,,
20786,,2,,NBY负电球射击攻击,NBY_BallShoot_Negative,,0,0,0,0,0,0,0,0,"0,0,0",0,0,0,0,0,0,0,0,0,0,0,0,,0,,,,,,,,,,0,0,0,0,,,0,,,0,2,"0,0,0",0,0,0,0.01,0,0,0,0,0,0,0,0,,,,,12100032,,,,,,,,,,
20787,,2,,老山蟹亚种踏地爆炸攻击,Em022u_TrampleExplode,,0.02,0,0,0,0,0,0,0,"0,0,0",0,0,0,0,0,0,0,0,0,0,0,0,,0,,,,,,,,,,0,0,0,9,,0,30,,,9,2,"0,0,0",0.2,0,0,0,0,0,0,0,0,0,0,0,,,,0,19179,0,,,,,,,,,
20788,,2,0,NBX击飞,NBX_RoundAttack,,0.03,,,,,,,,,,,,,,,,,,,,,,,,,,,,,,,,0.3,10,,13,,,45,,,13,2,"0,0,0",0,0,0,0,0,,,,,,,,,,,,19121,,1,,,,,,,,
20789,,2,0,NBX击落,NBX_RoundAttackEnd_45,,0.03,,,,,,,,,,,,,,,,,,,,,,,,,,,,,,,,0.3,10,,0,,,30,,,0,2,"0,0,0",0,0,0,0,0,,,,,,,,,,,,60026,,,,,,,,,,
20790,,2,0,NBX击落（右手）,NBX_RoundAttackEnd_55,,0.04,,,,,,,,,,,,,,,,,,,,,,,,,,,,,,,,0.4,10,,0,,,45,,,0,2,"0,0,0",0,0,0,0,0,,,,,,,,,,,,60026,,,,,,,,,,
20791,,2,0,NB4亚灼热攻击,Em018_u01_HotArea,,0,,,,,,,,,,,,,,,,,,,,,,,12231,,,,,,,,,0,0,,0,,,0,,,0,2,"0,0,0",0,0,0,0,0,,,,,,,,,,,,19179,,,,,,,,,,
20792,,2,0,熔岩龙极轻攻击,Em029_KnockAway_Fire_30,,0.03,,,,,,,,,,,,,,,,,,,,,,,,,,,,,,,,0,10,,6,,,20,,,6,2,"0,0,0",0.3,0,0,0,0,,,,,,,,,,,,,,,,,,,,,,
20793,,2,0,熔岩龙中攻击,Em029_KnockAway_Fire_55,,0.055,,,,,,,,,,,,,,,,,,,,,,,,,,,,,,,,0.3,10,,9,,,40,,,9,2,"0,0,0",0.25,0,0,0,0,,,,,,,,,,,,,,,,,,,,,,
20794,,2,0,熔岩龙重攻击,Em029_KnockAway_Fire_70,,0.07,,,,,,,,,,,,,,,,,,,,,,,,,,,,,,,,0.35,10,,11,,,40,,,11,2,"0,0,0",0.35,0,0,0,0,,,,,,,,,,,,,,,,,,,,,,
20795,,2,0,熔岩龙轻攻击,Em029_KnockAway_Fire_40,,0.04,,,,,,,,,,,,,,,,,,,,,,,,,,,,,,,,0.2,10,,9,,,30,,,9,2,"0,0,0",0.2,0,0,0,0,,,,,,,,,,,,,,,,,,,,,,
20796,,2,,水龙带buff小,WaterS_Slow,,0,,,,,,,,,,,,,,,,,,,,,,,,,,,,,,,,0.25,,,7,,,50,,,7,2,"0,0,0",0,0,0,0,0,,,,,,,,,,,,,,,,,,,,,,
20797,,2,,水龙带buff中,WaterM_Slow,,0,,,,,,,,,,,,,,,,,,,,,,,,,,,,,,,,0.35,,,12,,,60,,,12,2,"0,0,0",0,0,0,0,0,,,,,,,,,,,,,,,,,,,,,,
20798,,2,,水龙带buff大,WaterL_Slow,,0,,,,,,,,,,,,,,,,,,,,,,,,,,,,,,,,0.45,,,12,,,35,,,12,2,"0,0,0",0,0,0,0,0,,,,,,,,,,,,,,,,,,,,,,
20799,,2,0,凯龙激光,Em039_Beam,,0.1,,,,,,,,,,,,,,,,,,,,,,,,,,,,,,,,0.45,20,,11,,,40,1,,11,2,"0,0,0",0.45,0,0,0,0,,,,,,,,,,,,19179,,,,,,,,,,
20800,,2,0,凯龙粉尘,Em039_Fire,,0.02,,,,,,,,,,,,,,,,,,,,,,,,,,,,,,,,0,10,,9,,,40,1,,9,2,"0,0,0",0.3,0,0,0,0,,,,,,,,,,,,19179,,,,,,,,,,
20801,,2,0,凯龙激光后粉尘,Em039_FireBeam,,0.04,,,,,,,,,,,,,,,,,,,,,,,,,,,,,,,,0.15,10,,9,,,40,1,,9,2,"0,0,0",0.3,0,0,0,0,,,,,,,,,,,,19179,,,,,,,,,,
20802,,2,0,金眠鸟醉眠,SleepDrunk,,0,0,0,0,0,0,0,0,"0,0,0",0,0,0,0,0,0,0,0,0,0,0,0,,0,0,70026,,,,,,,,0,10,0,0,,0,25,,,0,2,"0,0,0",0,0,0,0,0,0,0,0,0,0,0,0,,,,0,60027,0,,60006,,,,,,,
20803,,,0,角龙卡角,Em030_Kajiao,,0.055,,,,,,,,,,,,,,,,,,,,,,,,,,交互行为,5,,,,,0.55,,,11,,,40,,,11,2,"0,0,0",0,0,0,0,0,,,,,,,,,,,,,,,,,,,,,,
20804,603300001,2,60330,霞龙吐舌偷窃,Em033_Tongue,,0.015,0,0,0,0,0,0,0,"0,0,0",0,0,0,0,0,0,0,0,0,0,0,0,,0,0,,,,,,,,,0.15,15,0,11,,0,45,,,11,2,"0,0,0",0,0,0.1,0,0,0,0,0,0,0,0,0,,,,0,0,0,,,,,,,,,
20805,,2,60330,霞龙头部攻击,Em033_Head,,0.02,0,0,0,0,0,0,0,"0,0,0",0,0,0,0,0,0,0,0,0,0,0,0,,0,0,,,,,,,,,0.2,10,0,9,,0,25,,,9,2,"0,0,0",0,0,0,0,0,0,0,0,0,0,0,0,,,,0,0,0,,,,,,,,,
20806,,2,60330,霞龙龙车,Em033_DragonDash,,0.03,0,0,0,0,0,0,0,"0,0,0",0,0,0,0,0,0,0,0,0,0,0,0,,0,0,,,,,,,,,0.3,15,0,11,,0,45,,,11,2,"0,0,0",0,0,0,0,0,0,0,0,0,0,0,0,,,,0,0,0,,,,,,,,,
20807,,2,0,钢龙飞行物小,Em031_AttackIce_60,,0.06,,,,,,,,,,,,,,,,,,,,,,,,,,,,,,,,0.35,10,,11,,,45,,,11,2,"0,0,0",0,0,0,0,0.25,,,,,,,,,,,,,,,,,,,,,,
20808,,2,0,钢龙飞行物中,Em031_AttackIce_75,,0.075,,,,,,,,,,,,,,,,,,,,,,,,,,,,,,,,0.45,10,,13,,,45,,,13,2,"0,0,0",0,0,0,0,0.3,,,,,,,,,,,,,,,,,,,,,,
20809,,2,0,钢龙飞行物大,Em031_AttackIce_90,,0.085,,,,,,,,,,,,,,,,,,,,,,,,,,,,,,,,0.45,10,,13,,,45,1,,13,2,"0,0,0",0,0,0,0,0.4,,,,,,,,,,,,,,,,,,,,,,
20810,,2,0,砂岩龙喷沙,Em023_u01_Special_KnockAway,,0.02,,,,,,,,,,,,,,,,,,,,,,,,,,,,,,,,0.2,10,,0,,,40,1,,0,2,"0,0,0",0,0,0,0,0,,,,,,,,,,,,,,,60028,,,,,,,
20811,,2,0,砂岩龙沙射线,Em023_u01_SandLaser,,0.07,,,,,,,,,,,,,,,,,,,,,,,,,,,,,,,,0.7,15,,11,,,40,1,,11,2,"0,0,0",0,0,0,0,0,,,,,,,,,,,,,,,,,,,,,,
20812,,2,0,砂岩龙沙射线小,Em023_u01_SandLaser_Light,,0.055,,,,,,,,,,,,,,,,,,,,,,,,,,,,,,,,0.55,15,,11,,,40,1,,11,2,"0,0,0",0,0,0,0,0,,,,,,,,,,,,,,,,,,,,,,
20813,,2,0,砂岩龙喷毒,Em023_u01_Special_Poison,,0.02,,,,,,,,,,,,,,,,,,,,,,,12232,,,,,,,,,0.2,10,,6,,,40,1,,6,2,"0,0,0",0,0,0,0,0,,,,,,,,,,,,20000,,,,,,,,,,
20814,,2,0,砂岩龙沙球,Em023_u01_SandBall,,0.01,,,,,,,,,,,,,,,,,,,,,,,,,,,,,,,,0.1,10,,0,,,30,,,0,2,"0,0,0",0,0,0,0,0,,,,,,,,,,,,,,,60028,,,,,,,
20815,,2,0,砂岩龙沙球大,Em023_u01_SandBall_Big,,0.03,,,,,,,,,,,,,,,,,,,,,,,,,,,,,,,,0.3,10,,9,,,40,,,9,2,"0,0,0",0,0,0,0,0,,,,,,,,,,,,,,,,,,,,,,
20816,,2,0,砂岩龙沙尘溅射,Em023_u01_SandWave,,0.01,,,,,,,,,,,,,,,,,,,,,,,,,,,,,,,,0.1,10,,0,,,30,1,,0,2,"0,0,0",0,0,0,0,0,,,,,,,,,,,,,,,60028,,,,,,,
20817,,2,0,砂岩龙沙尘溅射大,Em023_u01_SandWave_Big,,0.02,,,,,,,,,,,,,,,,,,,,,,,,,,,,,,,,0.2,10,,0,,,30,1,,0,2,"0,0,0",0,0,0,0,0,,,,,,,,,,,,,,,60028,,,,,,,
20818,,2,0,荒厄龙火爆炸,Em024_FireBeam,,0.1,,,,,,,,,,,,,,,,,,,,,,,,,,,,,,,,0.45,20,,11,,,40,1,,11,2,"0,0,0",0.45,0,0,0,0,,,,,,,,,,,,,19179,,,,,,,,,
20819,,2,0,荒厄龙龙爆炸,Em024_DragonBeam,,0.1,,,,,,,,,,,,,,,,,,,,,,,,,,,,,,,,0.45,20,,11,,,40,1,,11,2,"0,0,0",0,0,0.45,0,0,,,,,,,,,,,,,,,60009,,,,,,,
20820,603300010,2,60330,霞龙疲劳之雾,Em033_Tired,,0.015,0,0,0,0,0,0,0,"0,0,0",0,0,0,0,0,0,0,0,0,0,0,0,,0,19129,,,,,,,,,0.15,25,0,9,,0,35,,,7,2,"0,0,0",0,0,0,0,0,0,0,0,0,0,0,0,,,,0,19129,0,,,,,,,,,
20821,,2,60330,霞龙酸性毒液,Em033_DPoison,,0.008,0,0,0,0,0,0,0,"0,0,0",0,0,0,0,0,0,0,0,0,0,0,0,,0,19128,,,,,,,,,0.08,15,0,7,,0,35,,,7,2,"0,0,0",0,0,0,0,0,0,0,0,0,0,0,0,,,,0,19128,0,,,,,,,,,
20822,,2,60330,霞龙近战攻击,Em033_Hand,,0.025,0,0,0,0,0,0,0,"0,0,0",0,0,0,0,0,0,0,0,0,0,0,0,,0,0,,,,,,,,,0.25,20,0,9,,0,25,,,9,2,"0,0,0",0,0,0,0,0,0,0,0,0,0,0,0,,,,0,0,0,,,,,,,,,
20823,,2,60330,霞龙砸尾攻击,Em033_Tail,,0.03,0,0,0,0,0,0,0,"0,0,0",0,0,0,0,0,0,0,0,0,0,0,0,,0,0,,,,,,,,,0.3,20,0,9,,0,45,,,9,2,"0,0,0",0,0,0,0,0,0,0,0,0,0,0,0,,,,0,0,0,,,,,,,,,
20824,,2,60330,霞龙风压,Em033_Wind,,0,0,0,0,0,0,0,0,"0,0,0",0,0,0,0,0,0,0,0,0,0,0,0,,0,0,,,,,,,,,0,0,0,0,,0,25,,,0,2,"0,0,0",0,0,0,0,0,0,0,0,0,0,0,0,,,,0,60022,0,,,,,,,,,
20825,,2,60330,霞龙喷毒攻击,Em033_Poison,,0.001,0,0,0,0,0,0,0,"0,0,0",0,0,0,0,0,0,0,0,0,0,0,0,,0,19133,,,,,,,,,0.01,15,0,7,,0,35,,,7,2,"0,0,0",0,0,0,0,0,0,0,0,0,0,0,0,,,,0,19133,0,,,,,,,,,
20826,,2,60330,霞龙后跳落地,Em033_JumpBack,,0.001,0,0,0,0,0,0,0,"0,0,0",0,0,0,0,0,0,0,0,0,0,0,0,,0,0,,,,,,,,,0.01,0,0,9,,0,40,,,9,2,"0,0,0",0,0,0,0,0,0,0,0,0,0,0,0,,,,0,0,0,,,,,,,,,
20827,,2,60330,霞龙怒龙车,Em033_AngryDash,,0.04,0,0,0,0,0,0,0,"0,0,0",0,0,0,0,0,0,0,0,0,0,0,0,,0,0,,,,,,,,,0.4,25,0,12,,0,50,,,12,2,"0,0,0",0,0,0,0,0,0,0,0,0,0,0,0,,,,0,0,0,,,,,,,,,
20841,603300001,2,60330,霞龙怒吐舌偷窃,Em033_AngryTongue,,0.02,0,0,0,0,0,0,0,"0,0,0",0,0,0,0,0,0,0,0,0,0,0,0,,0,0,,,,,,,,,0.2,25,0,12,,0,50,,,12,2,"0,0,0",0,0,0.15,0,0,0,0,0,0,0,0,0,,,,0,0,0,,,,,,,,,
20842,,2,0,霞龙喷毒攻击-小怪,Em033_PoisonBall,,0,0,0,0,0,0,0,0,"0,0,0",0,0,0,0,0,0,0,0,0,0,0,0,,0,19133,,,,,,,,,0.01,0,0,7,,0,35,,,7,2,"0,0,0",0,0,0,0,0,0,0,0,0,0,0,0,,,,0,19133,0,,,,,,,,,
20843,,2,0,霞龙酸性毒液-小怪,Em033_DPoisonBall,,0,0,0,0,0,0,0,0,"0,0,0",0,0,0,0,0,0,0,0,0,0,0,0,,0,19128,,,,,,,,,0.08,0,0,7,,0,35,,,7,2,"0,0,0",0,0,0,0,0,0,0,0,0,0,0,0,,,,0,19128,0,,,,,,,,,
20844,603360001,2,0,霞龙疲劳之雾-小怪,Em033_TiredBall,,0,0,0,0,0,0,0,0,"0,0,0",0,0,0,0,0,0,0,0,0,0,0,0,,0,19129,,,,,,,,,0.15,0,0,7,,0,35,1,,7,2,"0,0,0",0,0,0,0,0,0,0,0,0,0,0,0,,,,0,19129,0,,,,,,,,,
20851,,2,,麒麟落雷攻击,Kirin_Thunder,,0.03,,,,,,,,,,,,,,,,,,,,,,,,,,,,,,,,0.15,20,,9,,,40,,,9,2,"0,0,0",0,0,0,0.15,0,,,,,,,,,,,,,,,,,,,,,,
20852,,2,,麒麟AOE落雷,Kirin_AOE_Thunder,,0.045,,,,,,,,,,,,,,,,,,,,,,,,,,,,,,,,0.23,40,,12,,,50,,,12,2,"0,0,0",0,0,0,0.22,0,,,,,,,,,,,,,,,,,,,,,,
20853,,2,,麒麟物理攻击（小）,Kirin_HeadButt,,0.02,,,,,,,,,,,,,,,,,,,,,,,,,,,,,,,,0.2,10,,8,,,25,,,8,2,"0,0,0",0,0,0,0,0,,,,,,,,,,,,,,,,,,,,,,
20854,,2,,麒麟物理攻击（中）,Kirin_HeadSlash,,0.03,,,,,,,,,,,,,,,,,,,,,,,,,,,,,,,,0.3,20,,9,,,35,,,9,2,"0,0,0",0,0,0,0,0,,,,,,,,,,,,,,,,,,,,,,
20855,,2,,麒麟物理攻击（大）,Kirin_Dash,,0.04,,,,,,,,,,,,,,,,,,,,,,,,,,,,,,,,0.4,30,,10,,,45,,,10,2,"0,0,0",0,0,0,0,0,,,,,,,,,,,,,,,,,,,,,,
20856,,2,,麒麟混合物理攻击（小）,Kirin_HeadButt_Angry,,0.02,,,,,,,,,,,,,,,,,,,,,,,,,,,,,,,,0.13,10,,8,,,25,,,8,2,"0,0,0",0,0,0,0.07,0,,,,,,,,,,,,,,,,,,,,,,
20857,,2,,麒麟混合物理攻击（中）,Kirin_HeadSlash_Angry,,0.03,,,,,,,,,,,,,,,,,,,,,,,,,,,,,,,,0.2,20,,9,,,35,,,9,2,"0,0,0",0,0,0,0.1,0,,,,,,,,,,,,,,,,,,,,,,
20858,,2,,麒麟混合物理攻击（大）,Kirin_Dash_Angry,,0.04,,,,,,,,,,,,,,,,,,,,,,,,,,,,,,,,0.27,30,,10,,,45,,,10,2,"0,0,0",0,0,0,0.13,0,,,,,,,,,,,,,,,,,,,,,,
20859,,2,0,麒麟雷风压,Kirin_ThunderWind,,0,,,,,,,,,,,,,,,,,,,,,,,,70021,,,,,,,,0,,,0,,,40,,,0,2,"0,0,0",0,0,0,0,0,,,,,,,,,,,,,,,60022,,,,,,,
20860,,2,60330,霞龙龙车擦伤,Em033_DragonDashTail,,0.02,0,0,0,0,0,0,0,"0,0,0",0,0,0,0,0,0,0,0,0,0,0,0,,0,0,,,,,,,,,0.2,15,0,7,,0,45,,,7,2,"0,0,0",0,0,0,0,0,0,0,0,0,0,0,0,,,,0,0,0,,,,,,,,,
20861,,2,0,剑极狼亚种骨刺,ThornAttackPara_20,,0.02,,,,,,,,,,,,,,,,,,,,,,,,,,,,,,,,0.2,10,,6,,,10,,,6,2,"0,0,0",0,0,0,0,0,,,,,,,,,,,,19134,10000,,,,,,,,,
20862,,2,0,剑极狼亚种手部骨刺,ThornAttackPara_35,,0.04,,,,,,,,,,,,,,,,,,,,,,,,,,,,,,,,0.4,20,,9,,,30,,,9,2,"0,0,0",0,0,0,0,0,,,,,,,,,,,,19134,10000,,,,,,,,,
20863,,2,0,剑极狼亚种背部骨刺,ThornAttackPara_40,,0.045,,,,,,,,,,,,,,,,,,,,,,,,,,,,,,,,0.45,30,,11,,,60,,,11,2,"0,0,0",0,0,0,0,0,,,,,,,,,,,,19134,10000,,,,,,,,,
20864,,2,0,炎狮子地面岩浆残留,Em017_u01GroundFire,,0.005,,,,,,,,,,,,,,,,,,,,,,,,,,,,,,,,0,10,,0,,,10,,,2,2,"0,0,0",0.05,0,0,0,0,,,,,,,,,,,,19179,,,,,,,,,,
20865,,2,0,金狮子激光,Em042_Beam,,0.1,,,,,,,,,,,,,,,,,,,,,,,,,,,,,,,,0.75,20,,11,,,40,1,,11,2,"0,0,0",0,0,0,0,0,,,,,,,,,,,,,,,,,,,,,,
20866,,2,0,浮岳龙吸人,Em037_Absorb,,0.01,,,,,,,,,,,,,,,,,,,,,,,,,,,,,,,,200,10,,13,,,100,,,13,2,"0,0,0",0,0,0,0,0,,,,,,,,1,100,2,,,,,,,,,,,,
20867,,2,0,浮岳龙粉尘带烧伤,Em037_Gas,,0.035,,,,,,,,,,,,,,,,,,,,,,,,,,,,,,,,0.1,10,,9,,,20,,,9,2,"0,0,0",0,0,0.25,0,0,,,,,,,,,,,,19179,,,,,,,,,,
20868,,2,0,火光虫爆炸攻击,M016_Magma_Explode,,0.025,,,,,,,,,,,,,,,,,,,,,,,,,,,,,,,,0.1,10,,9,,,20,,,9,2,"0,0,0",0.15,0,0,0,0,,,,,,,,,,,,,,,,,,,,,,
20869,,2,0,荒厄龙冰爆炸,Em024_IceBeam,,0.1,,,,,,,,,,,,,,,,,,,,,,,,,,,,,,,,0.45,20,,0,,,40,1,,0,2,"0,0,0",0,0,0,0,0.45,,,,,,,,,,,,,,,60019,,,,,,,
20870,,2,0,荒厄龙水爆炸,Em024_WaterBeam,,0.1,,,,,,,,,,,,,,,,,,,,,,,,,,,,,,,,0.45,20,,11,,,40,1,,11,2,"0,0,0",0,0.45,0,0,0,,,,,,,,,,,,10014,,,,,,,,,,
20871,,2,0,荒厄龙电爆炸,Em024_EleBeam,,0.1,,,,,,,,,,,,,,,,,,,,,,,,,,,,,,,,0.45,20,,0,,,40,1,,0,2,"0,0,0",0,0,0,0.45,0,,,,,,,,,,,,,,,60005,,,,,,,
20872,,,,燎渊龙Beam攻击,Em018_u01_Beam,,0.075,,,,,,,,,,,,,,,,,,,,,,,12231,,,,,,,,,0.38,15,,13,,,55,,,13,2,"0,0,0",0.37,0,0,0,0,,,,,,,,,,,,19179,,,,,,,,,,
20873,,2,,燎渊龙热气护盾攻击,Em018_u01_HeatShield,,0,0,0,0,0,0,0,0,"0,0,0",0,0,0,0,0,0,0,0,0,0,0,0,,0,0,,,,,,,,,0,0,0,0,,0,25,,,0,2,"0,0,0",0,0,0,0,0,0,0,0,0,0,0,0,1,,,0,19179,0,,,,,,,,,
20903,,2,0,荒厄龙冰盾,Em024_IceShield,,0,,,,,,,,,,,,,,,,,,,,,,,,,,,,,,,,0,,,0,,,40,,,0,2,"0,0,0",0,0,0,0,0,,,,,,,,1,,,,19158,,,,,,,,,,
20904,,2,0,荒厄龙水盾,Em024_WaterShield,,0,,,,,,,,,,,,,,,,,,,,,,,,,,,,,,,,0,,,0,,,40,,,0,2,"0,0,0",0,0,0,0,0,,,,,,,,1,,,,10030,,,,,,,,,,
20905,,2,0,荒厄龙电攻击,Em024_LightningBall,,0.015,,,,,,,,,,,,,,,,,,,,,,,60005,,,,,,,,,0.15,15,0,0,,0,10,1,,0,2,"0,0,0",0,0,0,0.35,0,0,0,0,0,0,0,0,,,,0,0,0,,60005,,,,,,,
20906,,2,0,荒厄龙地面电爆炸,Em024_EleAttack,,0.1,,,,,,,,,,,,,,,,,,,,,,,,,,,,,,,,0.35,20,,0,,,40,,,0,2,"0,0,0",0,0,0,0.3,0,,,,,,,,,,,,,,,60005,,,,,,,
20907,,2,0,荒厄龙地面冰爆炸,Em024_IceAttack,,0.1,,,,,,,,,,,,,,,,,,,,,,,,,,,,,,,,0.35,20,,0,,,40,,,0,2,"0,0,0",0,0,0,0,0.3,,,,,,,,,,,,,,,60019,,,,,,,
20908,,2,0,荒厄龙地面火爆炸,Em024_FireAttack,,0.1,,,,,,,,,,,,,,,,,,,,,,,,,,,,,,,,0.35,20,,11,,,40,,,11,2,"0,0,0",0.3,0,0,0,0,,,,,,,,,,,,19179,,,,,,,,,,
20909,,2,0,荒厄龙地面龙爆炸,Em024_DragonAttack,,0.1,,,,,,,,,,,,,,,,,,,,,,,,,,,,,,,,0.35,20,,11,,,40,,,11,2,"0,0,0",0,0,0.3,0,0,,,,,,,,,,,,,,,60009,,,,,,,
20910,,2,0,荒厄龙地面水爆炸,Em024_WaterAttack,,0.1,,,,,,,,,,,,,,,,,,,,,,,,,,,,,,,,0.35,20,,11,,,40,,,11,2,"0,0,0",0,0.3,0,0,0,,,,,,,,,,,,10014,,,,,,,,,,
20911,,2,0,燎渊龙3阶炸弹爆炸,LiaoyuanlongBoom,,0,,,,,,,,,,,,,,,,,,,,,,,,,,,,,,,,35,10,,9,9,,50,1,5,5,2,"0,0,0",0,0,0,0,0,,,,,,,,1,100,2,,,,,,,,,,,,
20912,,2,0,异变_冰10_寒,Lemon_Ice10_Cold,,0.01,,,,,,,,,,,,,,,,,,,,,,,,,,,,,,,,0.05,10,,0,,,0,,,0,2,"0,0,0",0,0,0,0,0.05,,,,,,,,,,,,,,,60019,,,,,,,
20913,,2,0,异变_冰15_寒,Lemon_Ice15_Cold,,0.015,,,,,,,,,,,,,,,,,,,,,,,,,,,,,,,,0.075,10,,0,,,5,,,0,2,"0,0,0",0,0,0,0,0.075,,,,,,,,,,,,,,,60019,,,,,,,
20914,,2,0,异变_冰20_寒,Lemon_Ice20_Cold,,0.02,,,,,,,,,,,,,,,,,,,,,,,,,,,,,,,,0.1,10,,0,,,10,,,0,2,"0,0,0",0,0,0,0,0.1,,,,,,,,,,,,,,,60019,,,,,,,
20915,,2,0,异变_冰25_寒,Lemon_Ice25_Cold,,0.025,,,,,,,,,,,,,,,,,,,,,,,,,,,,,,,,0.125,10,,0,,,10,,,0,2,"0,0,0",0,0,0,0,0.125,,,,,,,,,,,,,,,60019,,,,,,,
20916,,2,0,异变_冰30_寒,Lemon_Ice30_Cold,,0.03,,,,,,,,,,,,,,,,,,,,,,,,,,,,,,,,0.15,10,,0,,,15,,,0,2,"0,0,0",0,0,0,0,0.15,,,,,,,,,,,,,,,60019,,,,,,,
20917,,2,0,异变_冰35_寒,Lemon_Ice35_Cold,,0.035,,,,,,,,,,,,,,,,,,,,,,,,,,,,,,,,0.175,10,,0,,,20,,,0,2,"0,0,0",0,0,0,0,0.175,,,,,,,,,,,,,,,60019,,,,,,,
20918,,2,0,异变_冰40_寒,Lemon_Ice40_Cold,,0.04,,,,,,,,,,,,,,,,,,,,,,,,,,,,,,,,0.2,10,,0,,,25,,,0,2,"0,0,0",0,0,0,0,0.2,,,,,,,,,,,,,,,60019,,,,,,,
20924,,2,0,葵盾蟹,Em010_u01_BackDash,,0.035,,,,,,,,,,,,,,,,,,,,,,,,,,,,,,,,0.35,35,0,9,,0,40,,,9,2,"0,0,0",0,0,0,0,0,0,0,0,0,0,0,0,,,,0,0,0,,,,,,,,,
20925,,2,0,葵盾蟹,Em010_u01_DrillUpForHorn,,0.055,,,,,,,,,,,,,,,,,,,,,,,,,,,,,,,,0.55,55,0,13,,0,60,,,13,2,"0,0,0",0,0,0,0,0,0,0,0,0,0,0,0,,,,0,0,0,,,,,,,,,
20926,,2,0,葵盾蟹,Em010_u01_DrillUpForBody,,0.05,,,,,,,,,,,,,,,,,,,,,,,,,,,,,,,,0.5,50,0,12,,0,50,,,12,2,"0,0,0",0,0,0,0,0,0,0,0,0,0,0,0,,,,0,0,0,,,,,,,,,
20927,,2,0,葵盾蟹,Em010_u01_HandAttack,,0.025,,,,,,,,,,,,,,,,,,,,,,,,,,,,,,,,0.25,0,0,5,,0,30,,,5,2,"0,0,0",0,0,0,0,0,0,0,0,0,0,0,0,,,,0,0,0,,,,,,,,,
20928,,2,0,葵盾蟹,Em010_u01_Thump,,0.065,,,,,,,,,,,,,,,,,,,,,,,,,,,,,,,,0.65,55,0,11,,0,50,,,11,2,"0,0,0",0,0,0,0,0,0,0,0,0,0,0,0,,,,0,0,0,,,,,,,,,
20929,,2,0,葵盾蟹,Em010_u01_BodyPush,,0.04,,,,,,,,,,,,,,,,,,,,,,,,,,,,,,,,0.4,40,0,9,,0,50,,,9,2,"0,0,0",0,0,0,0,0,0,0,0,0,0,0,0,,,,0,0,0,,,,,,,,,
20930,,2,0,葵盾蟹,AccumulateHandAttack（Hand）,,0.03,,,,,,,,,,,,,,,,,,,,,,,,,,,,,,,,0.3,30,,9,,,40,,,9,2,"0,0,0",0,0,0,0,0,0,0,0,0,0,0,0,,,,0,0,0,,,,,,,,,
20931,,2,0,葵盾蟹,AccumulateHandAttack（Blast）,,0.03,,,,,,,,,,,,,,,,,,,,,,,,,,,,,,,,0.3,30,,9,,,40,,,9,2,"0,0,0",0,0,0,0,0,0,0,0,0,0,0,0,,,,0,0,0,,,,,,,,,
20932,,2,0,葵盾蟹,Em010_u01_Shake,,0,,,,,,,,,,,,,,,,,,,,,,,,,,,,,,,,0,0,,0,,,10,,,0,2,"0,0,0",0,0,0,0,0,0,0,0,0,0,0,0,,,,0,0,0,,60003,,,,,,,
20933,,2,0,葵盾蟹,AccumulateImpact,,0.045,,,,,,,,,,,,,,,,,,,,,,,,,,,,,,,,0.45,40,,10,,,50,,,10,2,"0,0,0",0,0,0,0,0,0,0,0,0,0,0,0,,,,0,0,0,,,,,,,,,
20934,,2,0,葵盾蟹,BackImpact,,0.045,,,,,,,,,,,,,,,,,,,,,,,,,,,,,,,,0.45,40,,10,,,50,,,10,2,"0,0,0",0,0,0,0,0,0,0,0,0,0,0,0,,,,0,0,0,,,,,,,,,
20935,,2,0,葵盾蟹,DrillUpSlant,,0.05,,,,,,,,,,,,,,,,,,,,,,,,,,,,,,,,0.5,50,,13,,,50,,,13,2,"0,0,0",0,0,0,0,0,0,0,0,0,0,0,0,,,,0,0,0,,,,,,,,,
20936,,2,0,葵盾蟹,HardPush,,0.01,,,,,,,,,,,,,,,,,,,,,,,,,,,,,,,,0.1,101,,3,,,50,,,3,2,"0,0,0",0,0,0,0,0,0,0,0,0,0,0,0,,,,0,0,0,,,,,,,,,
20937,,2,0,葵盾蟹,MusouDash,,0.04,,,,,,,,,,,,,,,,,,,,,,,,,,,,,,,,0.4,30,,10,,,50,,,10,2,"0,0,0",0,0,0,0,0,0,0,0,0,0,0,0,,,,0,0,0,,,,,,,,,
20938,,2,0,葵盾蟹,RoundRush,,0.04,,,,,,,,,,,,,,,,,,,,,,,,,,,,,,,,0.4,30,,10,,,40,,,10,2,"0,0,0",0,0,0,0,0,0,0,0,0,0,0,0,,,,0,0,0,,,,,,,,,
20939,,2,0,葵盾蟹,ThumpFast,,0.06,,,,,,,,,,,,,,,,,,,,,,,,,,,,,,,,0.6,50,,11,,,50,,,11,2,"0,0,0",0,0,0,0,0,0,0,0,0,0,0,0,,,,0,0,0,,,,,,,,,
20940,,2,0,葵盾蟹,Em010_u01_Wind,,0,,,,,,,,,,,,,,,,,,,,,,,,,,,,,,,,0,0,,0,,,10,,,0,2,"0,0,0",0,0,0,0,0,0,0,0,0,0,0,0,,,,0,0,0,,60001,,,,,,,
20941,,2,0,葵盾蟹,RoundThump（Hand）,,0.01,,,,,,,,,,,,,,,,,,,,,,,,,,,,,,,,0.1,0,,5,,,30,,,5,2,"0,0,0",0,0,0,0,0,0,0,0,0,0,0,0,,,,0,0,0,,,,,,,,,
20942,,2,0,葵盾蟹,RoundThump（Rush）,,0.05,,,,,,,,,,,,,,,,,,,,,,,,,,,,,,,,0.5,40,,11,,,50,,,11,2,"0,0,0",0,0,0,0,0,0,0,0,0,0,0,0,,,,0,0,0,,,,,,,,,
20943,,2,0,葵盾蟹,RoundThump（Thump）,,0.075,,,,,,,,,,,,,,,,,,,,,,,,,,,,,,,,0.75,60,,12,,,60,,,12,2,"0,0,0",0,0,0,0,0,0,0,0,0,0,0,0,,,,0,0,0,,,,,,,,,
20944,,2,0,葵盾蟹,TwiceAttack（First）,,0.02,,,,,,,,,,,,,,,,,,,,,,,,,,,,,,,,0.2,0,,5,,,30,,,5,2,"0,0,0",0,0,0,0,0,0,0,0,0,0,0,0,,,,0,0,0,,,,,,,,,
20945,,2,0,葵盾蟹,TwiceAttack（Second）,,0.03,,,,,,,,,,,,,,,,,,,,,,,,,,,,,,,,0.3,30,,9,,,40,,,9,2,"0,0,0",0,0,0,0,0,0,0,0,0,0,0,0,,,,0,0,0,,,,,,,,,
20946,,2,0,葵盾蟹,WaterShootMove（Hand）,,0.01,,,,,,,,,,,,,,,,,,,,,,,,,,,,,,,,0.1,0,,4,,,20,,,4,2,"0,0,0",0,0,0,0,0,0,0,0,0,0,0,0,,,,0,0,0,,,,,,,,,
20947,,2,0,葵盾蟹,WaterShootMove（Water）,,0.035,,,,,,,,,,,,,,,,,,,,,,,,,,,,,,,,0.35,35,,10,,,40,,,10,2,"0,0,0",0,0,0,0,0,0,0,0,0,0,0,0,,,,0,0,0,,,,,,,,,
20948,,2,0,锈钢龙龙车,Em031_u01_DragonDash,,0.035,0,0,0,0,0,0,0,"0,0,0",0,0,0,0,0,0,0,0,0,0,0,0,,0,0,,,,,,,,,0.35,40,0,11,,0,40,,,11,2,"0,0,0",0,0,0,0,0,0,0,0,0,0,0,0,,,,0,0,0,,,,,,,,,
20949,,2,0,锈钢龙横扫,Em031_u01_HandAttack,,0.02,0,0,0,0,0,0,0,"0,0,0",0,0,0,0,0,0,0,0,0,0,0,0,,0,0,,,,,,,,,0.2,20,0,9,,0,25,,,9,2,"0,0,0",0,0,0,0,0,0,0,0,0,0,0,0,,,,0,0,0,,,,,,,,,
20950,,2,0,锈钢龙冰结弹,Em031_u01_ShootOnce,,0.025,0,0,0,0,0,0,0,"0,0,0",0,0,0,0,0,0,0,0,0,0,0,0,,0,0,,,,,,,,,0.25,20,0,11,,0,30,,,11,2,"0,0,0",0,0,0,0,0,0,0,0,0,0,0,0,,,,0,0,0,,,,,,,,,
20951,,2,0,锈钢龙跳跃,Em031_u01_JumpTurn,,0.02,0,0,0,0,0,0,0,"0,0,0",0,0,0,0,0,0,0,0,0,0,0,0,,0,0,,,,,,,,,0.2,15,0,9,,0,35,,,9,2,"0,0,0",0,0,0,0,0,0,0,0,0,0,0,0,,,,0,0,0,,,,,,,,,
20952,,2,0,锈钢龙后跳,Em031_u01_JumpBack,,0.015,0,0,0,0,0,0,0,"0,0,0",0,0,0,0,0,0,0,0,0,0,0,0,,0,0,,,,,,,,,0.15,10,0,7,,0,35,,,7,2,"0,0,0",0,0,0,0,0,0,0,0,0,0,0,0,,,,0,0,0,,,,,,,,,
20953,,2,0,锈钢龙龙卷小,Em031_u01_WindS,,0.025,0,0,0,0,0,0,0,"0,0,0",0,0,0,0,0,0,0,0,0,0,0,0,,0,0,,,,,,,,,0.25,20,0,13,,0,40,,,13,2,"0,0,0",0,0,0,0,0,0,0,0,0,0,0,0,,,,0,0,0,,,,,,,,,
20954,,2,0,锈钢龙龙卷大,Em031_u01_WindL,,0.04,0,0,0,0,0,0,0,"0,0,0",0,0,0,0,0,0,0,0,0,0,0,0,,0,0,,,,,,,,,0.4,30,0,13,,0,50,,,13,2,"0,0,0",0,0,0,0,0,0,0,0,0,0,0,0,,,,0,0,0,,,,,,,,,
20955,,2,0,锈钢龙黑龙卷小,Em031_u01_BlackWindS,,0.035,0,0,0,0,0,0,0,"0,0,0",0,0,0,0,0,0,0,0,0,0,0,0,,0,0,,,,,,,,,0.35,30,0,13,,0,50,,,13,2,"0,0,0",0,0,0,0,0,0,0,0,0,0,0,0,,,,0,19167,0,,,,,,,,,
20956,,2,0,锈钢龙黑龙卷大,Em031_u01_BlackWindL,,0.05,0,0,0,0,0,0,0,"0,0,0",0,0,0,0,0,0,0,0,0,0,0,0,,0,0,,,,,,,,,0.5,40,0,13,,0,60,,,13,2,"0,0,0",0,0,0,0,0,0,0,0,0,0,0,0,,,,0,19167,0,,,,,,,,,
20957,,2,0,锈钢龙空中扑击,Em031_u01_Air_Attack,,0.03,0,0,0,0,0,0,0,"0,0,0",0,0,0,0,0,0,0,0,0,0,0,0,,0,0,,,,,,,,,0.3,25,0,9,,0,40,,,9,2,"0,0,0",0,0,0,0,0,0,0,0,0,0,0,0,,,,0,0,0,,,,,,,,,
20958,,2,0,锈钢龙空中扫尾,Em031_u01_Air_TailAttack,,0.025,0,0,0,0,0,0,0,"0,0,0",0,0,0,0,0,0,0,0,0,0,0,0,,0,0,,,,,,,,,0.25,20,0,7,,0,30,,,7,2,"0,0,0",0,0,0,0,0,0,0,0,0,0,0,0,,,,0,0,0,,,,,,,,,
20959,,2,0,锈钢龙空中咬,Em031_u01_Bite,,0.03,0,0,0,0,0,0,0,"0,0,0",0,0,0,0,0,0,0,0,0,0,0,0,,0,0,,,,,,,,,0.3,25,0,9,,0,40,,,9,2,"0,0,0",0,0,0,0,0,0,0,0,0,0,0,0,,,,0,0,0,,,,,,,,,
20960,,2,0,锈钢龙空中踩,Em031_u01_Air_Kick,,0.02,0,0,0,0,0,0,0,"0,0,0",0,0,0,0,0,0,0,0,0,0,0,0,,0,0,,,,,,,,,0.2,20,0,9,,0,20,,,9,2,"0,0,0",0,0,0,0,0,0,0,0,0,0,0,0,,,,0,0,0,,,,,,,,,
20961,,2,0,锈钢龙空中龙车,Em031_u01_Air_DragonDash,,0.035,0,0,0,0,0,0,0,"0,0,0",0,0,0,0,0,0,0,0,0,0,0,0,,0,0,,,,,,,,,0.35,40,0,11,,0,40,,,11,2,"0,0,0",0,0,0,0,0,0,0,0,0,0,0,0,,,,0,0,0,,,,,,,,,
20962,,2,0,锈钢龙空中喷雪,Em031_u01_Air_ShootSnow,,0.04,0,0,0,0,0,0,0,"0,0,0",0,0,0,0,0,0,0,0,0,0,0,0,,0,0,,,,,,,,,0.4,25,0,9,,0,40,,,9,2,"0,0,0",0,0,0,0,0,0,0,0,0,0,0,0,,,,0,0,0,,,,,,,,,
20963,,2,0,锈钢龙分裂龙卷,Em031_u01_Air_StormBlast,,0.07,0,0,0,0,0,0,0,"0,0,0",0,0,0,0,0,0,0,0,0,0,0,0,,0,0,,,,,,,,,0.7,60,0,13,,0,70,1,,13,2,"0,0,0",0,0,0,0,0,0,0,0,0,0,0,0,,,,0,19167,0,,,,,,,,,
20964,,2,0,锈钢龙大风压,Em031_u01_WindPressure,,0,0,0,0,0,0,0,0,"0,0,0",0,0,0,0,0,0,0,0,0,0,0,0,,0,0,,,,,,,,,0,0,0,0,,0,45,,,0,2,"0,0,0",0,0,0,0,0,0,0,0,0,0,0,0,,,,0,60022,0,,,,,,,,,
20965,,2,0,锈钢龙龙风压,Em031_u01_DragonPressure,,0,0,0,0,0,0,0,0,"0,0,0",0,0,0,0,0,0,0,0,0,0,0,0,,0,0,,,,,,,,,0,0,0,0,,0,50,,,0,2,"0,0,0",0,0,0,0,0,0,0,0,0,0,0,0,,,,0,60002,0,,,,,,,,,
20966,,2,0,浮岳龙吸人_挂buff,Em037_Absorb_AddBuff,,0,,,,,,,,,,,,,,,,,,,,,,,,,,,,,,,,0,0,,0,,,100,,,0,0,"0,0,0",0,0,0,0,0,,,,,,,,1,,,,,,,60030,,,,,,,
20967,,2,0,灭星龙怒气测试,Em013_u02_Test,,0.03,,,,,,,,,,,,,,,,,,,,,,,,,,,,,,,,0.3,10,,6,,,15,,,6,2,"0,0,0",0,0,0,0,0,,,,,,,,,,,,,,,,,,,,,,
20968,,2,0,柠檬大怪鸟火焰残留,Em004_Lemon_Bomb,,0,,,,,,,,,,,,,,,,,,,,,,,12231,,,,,,,,,0,0,,0,,,20,,,0,2,"0,0,0",0,0,0,0,0,,,,,,,,,,,,19179,19162,,,,,,,,,
20969,,2,0,柠檬大怪鸟火风压,Em004_Lemon_Fire_Pressure,,0,,,,,,,,,,,,,,,,,,,,,,,12231,70021,,,,,,,,0,,,0,,,20,1,,0,2,"0,0,0",0,0,0,0,0,,,,,,,,,,,,19179,,,60001,,,,,,,
20970,,2,0,宠物轰炸机攻击1,Pet_SummonSkill_Boom1,,0.2,,,,,,,,,0,0,0,0,0,,,,,0.005,,,1,,,,,,,,,,,0,,,0,,,0,,,4,,,0,0,0,0,0,,,,,,,,,,,,,,,,,,,,,,
20971,,2,0,宠物轰炸机攻击2,Pet_SummonSkill_Boom2,,0.4,,,,,,,,,0,0,0,0,0,,,,,0.005,,,1,,,,,,,,,,,0,,,0,,,0,,,4,,,0,0,0,0,0,,,,,,,,,,,,,,,,,,,,,,
20972,,2,0,柠檬鬼狩蛛,Em005_Lemon_HitFlyLight,,0.035,,,,,,,,,,,,,,,,,,,,,,,,,,,,,,,,0.35,10,0,0,,0,35,,,0,2,"0,0,0",0,0,0,0,0,0,0,0,0,0,0,0,,,,0,60005,0,,,,,,,,,
20973,,2,0,柠檬鬼狩蛛,Em005_Lemon_HitFlyHeavy,,0.045,,,,,,,,,,,,,,,,,,,,,,,,,,,,,,,,0.45,10,0,0,,0,35,,,0,2,"0,0,0",0,0,0,0,0,0,0,0,0,0,0,0,,,,0,60005,0,,,,,,,,,
20974,,2,0,柠檬雌火龙,Em021_Lemon_AttackByClawTailTL02,,0.03,0,0,0,0,0,0,0,"0,0,0",0,0,0,0,0,0,0,0,0,0,0,0,,0,12232,,,,,,,,,0.3,0,0,11,,0,35,,,11,2,"0,0,0",0,0,0,0,0,0,0,0,0,0,0,1024,,,,0,10000,0,,,,,,,,,
20975,,2,0,柠檬雌火龙,Em021_Lemon_AttackByClawTailTL09,,0.035,0,0,0,0,0,0,0,"0,0,0",0,0,0,0,0,0,0,0,0,0,0,0,,0,12232,,,,,,,,,0.35,0,0,11,,0,45,,,11,2,"0,0,0",0,0,0,0,0,0,0,0,0,0,0,1024,,,,0,10000,0,,,,,,,,,
20976,,2,0,柠檬雌火龙,Em021_Lemon_PoisonBall,,0,0,0,0,0,0,0,0,"0,0,0",0,0,0,0,0,0,0,0,0,0,0,0,,0,12232,,,,,,,,,0,0,0,0,,0,20,,,0,2,"0,0,0",0,0,0,0,0,0,0,0,0,0,0,0,,,,0,10000,0,,,,,,,,,
20977,,2,0,柠檬雌火龙,Em021_Lemon_TailAttackByPeck,,0.03,0,0,0,0,0,0,0,"0,0,0",0,0,0,0,0,0,0,0,0,0,0,0,,0,12232,,,,,,,,,0.3,0,0,7,,0,30,,,7,2,"0,0,0",0,0,0,0,0,0,0,0,0,0,0,0,,,,0,10000,0,,,,,,,,,
20978,,2,0,柠檬雌火龙,Em021_Lemon_HeadAttackByPeck,,0.035,0,0,0,0,0,0,0,"0,0,0",0,0,0,0,0,0,0,0,0,0,0,0,,0,12231,,,,,,,,,0.35,0,0,9,,0,45,,,11,2,"0,0,0",0,0,0,0,0,0,0,0,0,0,0,1024,,,,0,19179,0,,,,,,,,,
20980,,2,0,狞猛盾蟹,Em010_Lemon_LightWaterAtt,,0,0,0,0,0,0,0,0,"0,0,1",0,0,0,0,0,0,0,0,0,0,0,0,,0,0,,,,,,,,,0,0,0,2,,0,10,,,2,2,"0,0,1",0,0,0,0,0,0,0,0,0,0,0,0,,,,0,10013,0,,,,,,,,,
20981,,2,0,狞猛盾蟹,Em010_Lemon_HeavyWaterAtt,,0.02,0,0,0,0,0,0,0,"0,0,1",0,0,0,0,0,0,0,0,0,0,0,0,,0,0,,,,,,,,,0.1,0,0,7,,0,20,,,7,2,"0,0,1",0,0.1,0,0,0,0,0,0,0,0,0,0,,,,0,10013,0,,,,,,,,,
20982,,2,,柠檬电龙甩尾,Em012_Lemon_Paralysis,,0.035,,,,,,,,,,,,,,,,,,,,,,,,,,,,,,,,0.35,10,,0,,,15,,,0,2,"0,0,0",0,0,0,0,0,,,,,,,,,,,,0,,,60005,,,,,,,
20983,,2,0,柠檬角龙,Em030_Lemon_RockAttackBig,,0.045,,,,,,,,,,,,,,,,,,,,,,,,,,,,,,,,0.45,40,,10,,,60,,,10,2,"0,0,0",0,0,0,0,0,,,,,,,,,,,,,,,,,,,,,,
20984,,2,0,柠檬角龙20682,Em030_Lemon_BackTail,,0.04,,,,,,,,,,,,,,,,,,,,,,,,,,,,,,,,0.4,40,,9,,,25,,,9,2,"0,0,0",0,0,0,0,0,,,,,,,,,,,,,,,,,,,,,,
20985,,2,0,柠檬角龙20475,Em030_Lemon_DrillUp,,0.06,,,,,,,,,,,,,,,,,,,,,,,,,,,,,,,,0.6,45,,13,,,50,,,13,2,"0,0,0",0,0,0,0,0,,,,,,,,,,,,,,,,,,,,,,
20986,,2,0,柠檬角龙20274,Em030_Lemon_HammerTail,,0.045,,,,,,,,,,,,,,,,,,,,,,,,,,,,,,,,0.45,40,,12,,,35,,,11,2,"0,0,0",0,0,0,0,0,,,,,,,,,,,,,,,,,,,,,,
20987,,2,0,柠檬角龙20684,Em030_Lemon_ImpactHit,,0.05,,,,,,,,,,,,,,,,,,,,,,,,,,,,,,,,0.5,40,,11,,,40,,,11,2,"0,0,0",0,0,0,0,0,,,,,,,,,,,,,,,,,,,,,,
20988,,2,0,柠檬角龙20440,Em030_Lemon_RoundRush,,0.05,,,,,,,,,,,,,,,,,,,,,,,,,,,,,,,,0.5,40,,12,,,40,,,11,2,"0,0,0",0,0,0,0,0,,,,,,,,,,,,,,,,,,,,,,
20989,,2,0,柠檬角龙20803,Em030_Lemon_Kajiao,,0.055,,,,,,,,,,,,,,,,,,,,,,,,,,交互行为,5,,,,,0.55,45,,11,,,40,,,11,2,"0,0,0",0,0,0,0,0,,,,,,,,,,,,,,,,,,,,,,
20990,,2,0,柠檬角龙20439,Em030_RushStop,,0.04,,,,,,,,,,,,,,,,,,,,,,,,,,,,,,,,0.4,40,,12,,,25,,,9,2,"0,0,0",0,0,0,0,0,,,,,,,,,,,,,,,,,,,,,,
20991,,2,0,狞猛盾蟹,Em010_Lemon_HandAttack,,0.035,,,,,,,,,,,,,,,,,,,,,,,,,,,,,,,,0.35,30,0,9,,0,40,,,9,2,"0,0,0",0,0,0,0,0,0,0,0,0,0,0,0,,,,0,0,0,,,,,,,,,
20992,,2,0,狞猛盾蟹,Em010_Lemon_StrongPushBlast,,0.045,,,,,,,,,,,,,,,,,,,,,,,,,,,,,,,,0.45,40,0,10,,0,50,,,10,2,"0,0,0",0,0,0,0,0,0,0,0,0,0,0,0,,,,0,0,0,,,,,,,,,
20993,,2,0,狞猛盾蟹,Em010_Lemon_WaterShoot,,0.04,,,,,,,,,,,,,,,,,,,,,,,,,,,,,,,,0.2,35,0,11,,0,40,,,11,2,"0,0,0",0,0.2,0,0,0,0,0,0,0,0,0,0,,,,0,10013,0,,,,,,,,,
20994,,2,0,葵盾蟹,Em010_u01_Crystal,,0.04,,,,,,,,,,,,,,,,,,,,,,,,,,,,,,,,0.4,30,,10,,,40,,,10,2,"0,0,0",0,0,0,0,0,0,0,0,0,0,0,0,,,,0,0,0,,,,,,,,,
20995,,2,0,葵盾蟹,Em010_u01_AngryBlast,,0.005,,,,,,,,,,,,,,,,,,,,,,,,,,,,,,,,0.05,10,,7,,,20,,,7,2,"0,0,1",0,0,0,0,0,0,0,0,0,0,0,0,,,,0,0,0,,,,,,,,,
20996,,2,0,浮岳龙大风车抽击,Em037_Windmill,,0.08,,,,,,,,,,,,,,,,,,,,,,,,,,,,,,,,0.8,30,,12,,,100,,,12,2,"0,0,0",0,0,0,0,0,,,,,,,,,,,,,,,,,,,,,,
20997,,2,0,浮岳龙插地攻击,Em037_InsertGround,,0.04,,,,,,,,,,,,,,,,,,,,,,,,,,,,,,,,0.4,10,,11,,,60,,,11,2,"0,0,0",0,0,0,0,0,,,,,,,,,,,,,,,,,,,,,,
20998,,2,0,浮岳龙轻攻击,Em037_LightAttack,,0.025,,,,,,,,,,,,,,,,,,,,,,,,,,,,,,,,0.25,10,,7,,,40,,,7,2,"0,0,0",0,0,0,0,0,,,,,,,,,,,,,,,,,,,,,,
20999,,2,0,浮岳龙中攻击,Em037_MediumAttack,,0.035,,,,,,,,,,,,,,,,,,,,,,,,,,,,,,,,0.35,20,,10,,,50,,,10,2,"0,0,0",0,0,0,0,0,,,,,,,,,,,,,,,,,,,,,,
21000,,2,0,浮岳龙重攻击,Em037_HeavyAttack,,0.055,,,,,,,,,,,,,,,,,,,,,,,,,,,,,,,,0.55,30,,12,,,100,,,12,2,"0,0,0",0,0,0,0,0,,,,,,,,,,,,,,,,,,,,,,
21001,,2,0,浮岳龙超重攻击,Em037_MegaAttack,,0.07,,,,,,,,,,,,,,,,,,,,,,,,,,,,,,,,0.7,40,,12,,,200,1,,12,2,"0,0,0",0,0,0,0,0,,,,,,,,,,,,,,,,,,,,,,
21002,,2,0,冰牙龙龙车,Em090_DragonDash,,0.035,0,0,0,0,0,0,0,"0,0,0",0,0,0,0,0,0,0,0,0,0,0,0,,0,0,,,,,,,,,0.35,40,0,11,,0,40,,,11,2,"0,0,0",0,0,0,0,0,0,0,0,0,0,0,0,,,,0,0,0,,,,,,,,,
21003,,2,0,冰牙龙前咬,Em090_Bite,,0.02,0,0,0,0,0,0,0,"0,0,0",0,0,0,0,0,0,0,0,0,0,0,0,,0,0,,,,,,,,,0.2,30,0,9,,0,40,,,9,2,"0,0,0",0,0,0,0,0,0,0,0,0,0,0,0,,,,0,0,0,,,,,,,,,
21004,,2,0,冰牙龙侧咬,Em090_RoundBite,,0.025,0,0,0,0,0,0,0,"0,0,0",0,0,0,0,0,0,0,0,0,0,0,0,,0,0,,,,,,,,,0.25,30,0,11,,0,50,,,11,2,"0,0,0",0,0,0,0,0,0,0,0,0,0,0,0,,,,0,0,0,,,,,,,,,
21005,,2,0,冰牙龙前咬_前脚,Em090_RoundBite_Leg,,0.01,0,0,0,0,0,0,0,"0,0,0",0,0,0,0,0,0,0,0,0,0,0,0,,0,0,,,,,,,,,0.1,20,0,7,,0,40,,,7,2,"0,0,0",0,0,0,0,0,0,0,0,0,0,0,0,,,,0,0,0,,,,,,,,,
21006,,2,0,冰牙龙甩尾,Em090_Tail,,0.025,0,0,0,0,0,0,0,"0,0,0",0,0,0,0,0,0,0,0,0,0,0,0,,0,0,,,,,,,,,0.25,40,0,11,,0,60,,,11,2,"0,0,0",0,0,0,0,0,0,0,0,0,0,0,0,,,,0,19184,0,,,,,,,,,
21007,,2,0,冰牙龙甩尾_断尾后,Em090_TailCut,,0.025,0,0,0,0,0,0,0,"0,0,0",0,0,0,0,0,0,0,0,0,0,0,0,,0,0,,,,,,,,,0.25,40,0,11,,0,60,,,11,2,"0,0,0",0,0,0,0,0,0,0,0,0,0,0,0,,,,0,0,0,,,,,,,,,
21008,,2,0,冰牙龙甩尾_前脚,Em090_Tail_leg,,0.01,0,0,0,0,0,0,0,"0,0,0",0,0,0,0,0,0,0,0,0,0,0,0,,0,0,,,,,,,,,0.1,20,0,7,,0,60,,,7,2,"0,0,0",0,0,0,0,0,0,0,0,0,0,0,0,,,,0,0,0,,,,,,,,,
21009,,2,0,冰牙龙空中飞扑,Em090_Swoop,,0.045,0,0,0,0,0,0,0,"0,0,0",0,0,0,0,0,0,0,0,0,0,0,0,,0,0,,,,,,,,,0.45,50,0,12,,0,60,,,12,2,"0,0,0",0,0,0,0,0,0,0,0,0,0,0,0,,,,0,0,0,,,,,,,,,1
21010,,2,0,冰牙龙空中回转飞扑身体,Em090_RoundSwoop_Body,,0.06,0,0,0,0,0,0,0,"0,0,0",0,0,0,0,0,0,0,0,0,0,0,0,,0,0,,,,,,,,,0.6,40,0,12,,0,60,,,12,2,"0,0,0",0,0,0,0,0,0,0,0,0,0,0,0,,,,0,0,0,,,,,,,,,1
21011,,2,0,冰牙龙空中回转飞扑左棘,Em090_RoundSwoop_LeftSpike,,0.05,0,0,0,0,0,0,0,"0,0,0",0,0,0,0,0,0,0,0,0,0,0,0,,0,0,,,,,,,,,0.5,40,0,12,,0,50,,,12,2,"0,0,0",0,0,0,0,0,0,0,0,0,0,0,0,,,,0,0,0,,,,,,,,,1
21012,,2,0,冰牙龙空中回转飞扑尾巴,Em090_RoundSwoop_Tail,,0.03,0,0,0,0,0,0,0,"0,0,0",0,0,0,0,0,0,0,0,0,0,0,0,,0,0,,,,,,,,,0.3,20,0,11,,0,30,,,11,2,"0,0,0",0,0,0,0,0,0,0,0,0,0,0,0,,,,0,0,0,,,,,,,,,1
21013,,2,0,冰牙龙空中回转飞扑_破坏后,Em090_RoundSwoop_Broken,,0.045,0,0,0,0,0,0,0,"0,0,0",0,0,0,0,0,0,0,0,0,0,0,0,,0,0,,,,,,,,,0.45,40,0,12,,0,40,,,12,2,"0,0,0",0,0,0,0,0,0,0,0,0,0,0,0,,,,0,0,0,,,,,,,,,1
21014,,2,0,冰牙龙爪部/尾部蹭伤,Em090_Scratch,,0.005,0,0,0,0,0,0,0,"0,0,0",0,0,0,0,0,0,0,0,0,0,0,0,,0,0,,,,,,,,,0.05,10,0,3,,0,20,,,3,2,"0,0,0",0,0,0,0,0,0,0,0,0,0,0,0,,,,0,0,0,,,,,,,,,1
21015,,2,0,冰牙龙扑击,Em090_Spring,,0.03,0,0,0,0,0,0,0,"0,0,0",0,0,0,0,0,0,0,0,0,0,0,0,,0,0,,,,,,,,,0.3,40,0,9,,0,40,,,9,2,"0,0,0",0,0,0,0,0,0,0,0,0,0,0,0,,,,0,0,0,,,,,,,,,
21016,,2,0,冰牙龙吐息龙卷,Em090_WindBreath,,0.015,0,0,0,0,0,0,0,"0,0,0",0,0,0,0,0,0,0,0,0,0,0,0,,0,0,,,,,,,,,0.15,30,0,1,,0,50,,,1,2,"0,0,0",0,0,0,0,0.15,0,0,0,0,0,0,0,,,,0,60019,0,,,,,,,,,1
21017,,2,0,冰牙龙铁山靠,Em090_Tackle,,0.045,0,0,0,0,0,0,0,"0,0,0",0,0,0,0,0,0,0,0,0,0,0,0,,0,0,,,,,,,,,0.45,50,0,9,,0,60,,,9,2,"0,0,0",0,0,0,0,0,0,0,0,0,0,0,0,,,,0,0,0,,,,,,,,,
21018,,2,0,冰牙龙冰棘攻击,Em090_IceSpike,,0.05,0,0,0,0,0,0,0,"0,0,0",0,0,0,0,0,0,0,0,0,0,0,0,,0,0,,,,,,,,,0.5,50,0,9,,0,50,,,9,2,"0,0,0",0,0,0,0,0,0,0,0,0,0,0,0,,,,0,0,0,,,,,,,,,
21019,,2,0,冰牙龙俯冲龙卷,Em090_JumpDiving,,0.02,0,0,0,0,0,0,0,"0,0,0",0,0,0,0,0,0,0,0,0,0,0,0,,0,0,,,,,,,,,0.2,30,0,1,,0,50,,,1,2,"0,0,0",0,0,0,0,0.2,0,0,0,0,0,0,0,,,,0,60019,0,,,,,,,,,1
21020,,2,0,冰牙龙滑翔龙车,Em090_Gliding,,0.035,0,0,0,0,0,0,0,"0,0,0",0,0,0,0,0,0,0,0,0,0,0,0,,0,0,,,,,,,,,0.35,40,0,11,,0,40,,,11,2,"0,0,0",0,0,0,0,0,0,0,0,0,0,0,0,,,,0,0,0,,,,,,,,,
21021,,2,0,冰牙龙四连击,Em090_QuadrupleCombo,,0.07,0,0,0,0,0,0,0,"0,0,0",0,0,0,0,0,0,0,0,0,0,0,0,,0,0,,,,,,,,,0.7,50,0,13,,0,70,,,13,2,"0,0,0",0,0,0,0,0,0,0,0,0,0,0,0,,,,0,0,0,,,,,,,,,
21022,,2,0,冰牙龙捕食攻击,Em090_Eat,,0.015,0,0,0,0,0,0,0,"0,0,0",0,0,0,0,0,0,0,0,0,0,0,0,,0,0,,,,,,,,,0.15,30,0,0,,0,50,,,0,2,"0,0,0",0,0,0,0,0,0,0,0,0,0,0,0,,,,0,0,0,,,,,,,,,
21023,,2,,灭星龙能量球,Em013_u02_EnergyBall,,0.04,0,0,0,0,0,0,0,"0,0,0",0,0,0,0,0,0,0,0,0,0,0,0,,0,0,,,交互行为,8,,,,,0.2,10,0,9,,0,40,,,9,2,"0,0,0",0,0,0.2,0,0,0,0,0,0,0,0,2048,,,,0,19183,0,,,,,,,,,
21024,,2,,灭星龙能量球爆炸,Em013_u02_EnergyBallExplode,,0.055,0,0,0,0,0,0,0,"0,0,0",0,0,0,0,0,0,0,0,0,0,0,0,,0,0,,,,,,,,,0.3,20,0,11,,0,50,,,11,2,"0,0,0",0,0,0.25,0,0,0,0,0,0,0,0,0,,,,0,19183,0,,,,,,,,,
21025,,2,,灭星龙前咬,Em013_u02_Bite,,0.03,0,0,0,0,0,0,0,"0,0,0",0,0,0,0,0,0,0,0,0,0,0,0,,0,0,,,,,,,,,0.3,25,0,9,,0,30,,,9,2,"0,0,0",0,0,0,0,0,0,0,0,0,0,0,0,,,,0,0,0,,,,,,,,,
21026,,2,,灭星龙愤怒前咬,Em013_u02_BiteAngry,,0.03,0,0,0,0,0,0,0,"0,0,0",0,0,0,0,0,0,0,0,0,0,0,0,,0,0,,,,,,,,,0.3,30,0,9,,0,30,,,9,2,"0,0,0",0,0,0,0,0,0,0,0,0,0,0,0,,,,0,19176,19186,,,,,,,,,
21027,,2,,灭星龙龙吐息,Em013_u02_Blow,,0.045,0,0,0,0,0,0,0,"0,0,0",0,0,0,0,0,0,0,0,0,0,0,0,,0,0,,,,,,,,,0.2,10,0,9,,0,40,,,9,2,"0,0,0",0,0,0.25,0,0,0,0,0,0,0,0,0,,,,0,19183,0,,,,,,,,,
21028,,2,,灭星龙龙车,Em013_u02_DragonDash,,0.05,0,0,0,0,0,0,0,"0,0,0",0,0,0,0,0,0,0,0,0,0,0,0,,0,0,,,,,,,,,0.5,40,0,11,,0,50,,,11,2,"0,0,0",0,0,0,0,0,0,0,0,0,0,0,0,,,,0,0,0,,,,,,,,,
21029,,2,,灭星龙大爆炸,Em013_u02_Explode,,0.12,0,0,0,0,0,0,0,"0,0,0",0,0,0,0,0,0,0,0,0,0,0,0,,0,0,,,,,,,,,0.6,70,0,12,,0,70,1,,12,2,"0,0,0",0,0,0.6,0,0,0,0,0,0,0,0,0,,,,0,19183,0,,,,,,,,,
21030,,2,,灭星龙蝴蝶爆炸,Em013_u02_FlyDestroy,,0.05,0,0,0,0,0,0,0,"0,0,0",0,0,0,0,0,0,0,0,0,0,0,0,,0,0,,,,,,,,,0.25,20,0,10,,0,50,,,10,2,"0,0,0",0,0,0.25,0,0,0,0,0,0,0,0,0,,,,0,19183,0,,,,,,,,,1
21031,,2,,灭星龙重前咬,Em013_u02_HeavyForward,,0.04,0,0,0,0,0,0,0,"0,0,0",0,0,0,0,0,0,0,0,0,0,0,0,,0,0,,,,,,,,,0.4,30,0,9,,0,40,,,9,2,"0,0,0",0,0,0,0,0,0,0,0,0,0,0,0,,,,0,0,0,,,,,,,,,
21032,,2,,灭星龙愤怒重前咬,Em013_u02_HeavyForwardAngry,,0.04,0,0,0,0,0,0,0,"0,0,0",0,0,0,0,0,0,0,0,0,0,0,0,,0,0,,,,,,,,,0.4,35,0,9,,0,40,,,9,2,"0,0,0",0,0,0,0,0,0,0,0,0,0,0,0,,,,0,19176,19186,,,,,,,,,
21033,,2,,灭星龙起跳甩尾,Em013_u02_JumpTail,,0.055,0,0,0,0,0,0,0,"0,0,0",0,0,0,0,0,0,0,0,0,0,0,0,,0,0,,,,,,,,,0.55,40,0,10,,0,50,,,10,2,"0,0,0",0,0,0,0,0,0,0,0,0,0,0,0,,,,0,0,0,,,,,,,,,
21034,,2,,灭星龙下压,Em013_u02_JumpPressure,,0.065,0,0,0,0,0,0,0,"0,0,0",0,0,0,0,0,0,0,0,0,0,0,0,,0,0,,,,,,,,,0.65,50,0,11,,0,60,,,11,2,"0,0,0",0,0,0,0,0,0,0,0,0,0,0,0,,,,0,0,0,,,,,,,,,
21035,,2,,灭星龙撩击,Em013_u02_HandAttack,,0.035,0,0,0,0,0,0,0,"0,0,0",0,0,0,0,0,0,0,0,0,0,0,0,,0,0,,,,,,,,,0.35,10,0,12,,0,20,,,12,2,"0,0,0",0,0,0,0,0,0,0,0,0,0,0,0,,,,0,0,0,,,,,,,,,
21036,,2,,灭星龙愤怒撩击,Em013_u02_HandAttackAngry,,0.035,0,0,0,0,0,0,0,"0,0,0",0,0,0,0,0,0,0,0,0,0,0,0,,0,0,,,,,,,,,0.35,15,0,12,,0,20,,,12,2,"0,0,0",0,0,0,0,0,0,0,0,0,0,0,0,,,,0,19176,19186,,,,,,,,,
21037,,2,,灭星龙回旋,Em013_u02_RoundAttack,,0.055,0,0,0,0,0,0,0,"0,0,0",0,0,0,0,0,0,0,0,0,0,0,0,,0,0,,,,,,,,,0.55,40,0,11,,0,50,,,11,2,"0,0,0",0,0,0,0,0,0,0,0,0,0,0,0,,,,0,0,0,,,,,,,,,
21038,,2,,灭星龙愤怒回旋,Em013_u02_RoundAttackAngry,,0.055,0,0,0,0,0,0,0,"0,0,0",0,0,0,0,0,0,0,0,0,0,0,0,,0,0,,,,,,,,,0.55,45,0,11,,0,50,,,11,2,"0,0,0",0,0,0,0,0,0,0,0,0,0,0,0,,,,0,19176,19186,,,,,,,,,
21039,,2,,灭星龙前跳拍击,Em013_u02_RushThump,,0.05,0,0,0,0,0,0,0,"0,0,0",0,0,0,0,0,0,0,0,0,0,0,0,,0,0,,,,,,,,,0.5,40,0,10,,0,50,,,10,2,"0,0,0",0,0,0,0,0,0,0,0,0,0,0,0,,,,0,0,0,,,,,,,,,
21040,,2,,灭星龙愤怒前跳拍击,Em013_u02_RushThumpAngry,,0.05,0,0,0,0,0,0,0,"0,0,0",0,0,0,0,0,0,0,0,0,0,0,0,,0,0,,,,,,,,,0.5,45,0,10,,0,50,,,10,2,"0,0,0",0,0,0,0,0,0,0,0,0,0,0,0,,,,0,19176,19186,,,,,,,,,
21041,,2,,灭星龙小扫尾,Em013_u02_SideFling,,0.04,0,0,0,0,0,0,0,"0,0,0",0,0,0,0,0,0,0,0,0,0,0,0,,0,0,,,,,,,,,0.4,30,0,9,,0,40,,,9,2,"0,0,0",0,0,0,0,0,0,0,0,0,0,0,0,,,,0,0,0,,,,,,,,,
21042,,2,,灭星龙愤怒小扫尾,Em013_u02_SideFlingAngry,,0.04,0,0,0,0,0,0,0,"0,0,0",0,0,0,0,0,0,0,0,0,0,0,0,,0,0,,,,,,,,,0.4,35,0,9,,0,40,,,9,2,"0,0,0",0,0,0,0,0,0,0,0,0,0,0,0,,,,0,19176,19186,,,,,,,,,
21043,,2,,灭星龙大扫尾,Em013_u02_SidewayCircularAttack,,0.045,0,0,0,0,0,0,0,"0,0,0",0,0,0,0,0,0,0,0,0,0,0,0,,0,0,,,,,,,,,0.45,30,0,9,,0,40,,,9,2,"0,0,0",0,0,0,0,0,0,0,0,0,0,0,0,,,,0,0,0,,,,,,,,,
21044,,2,,灭星龙愤怒大扫尾,Em013_u02_SidewayCircularAttackAngry,,0.045,0,0,0,0,0,0,0,"0,0,0",0,0,0,0,0,0,0,0,0,0,0,0,,0,0,,,,,,,,,0.45,35,0,9,,0,40,,,9,2,"0,0,0",0,0,0,0,0,0,0,0,0,0,0,0,,,,0,19176,19186,,,,,,,,,
21045,,2,,灭星龙尾砸,Em013_u02_TailAttack,,0.055,0,0,0,0,0,0,0,"0,0,0",0,0,0,0,0,0,0,0,0,0,0,0,,0,0,,,,,,,,,0.55,40,0,10,,0,50,,,10,2,"0,0,0",0,0,0,0,0,0,0,0,0,0,0,0,,,,0,0,0,,,,,,,,,
21046,,2,,灭星龙愤怒尾砸,Em013_u02_TailAttackAngry,,0.055,0,0,0,0,0,0,0,"0,0,0",0,0,0,0,0,0,0,0,0,0,0,0,,0,0,,,,,,,,,0.55,45,0,10,,0,50,,,10,2,"0,0,0",0,0,0,0,0,0,0,0,0,0,0,0,,,,0,19176,19186,,,,,,,,,
21047,,2,0,冰牙龙强甩尾,Em090_TailStrong,,0.025,0,0,0,0,0,0,0,"0,0,0",0,0,0,0,0,0,0,0,0,0,0,0,,0,0,,,,,,,,,0.25,40,0,11,,0,60,,,11,2,"0,0,0",0,0,0,0,0,0,0,0,0,0,0,0,,,,0,19185,0,,,,,,,,,
21048,,2,0,浮岳龙抖落攻击,Em037_ShakeBody,,0,,,,,,,,,,,,,,,,,,,,,,,,,,,,,,,,0,0,,13,,,200,,,13,2,"0,0,0",0,0,0,0,0,,,,,,,,1,,,,,,,,,,,,,,
21049,,2,0,冰牙龙推雪攻击,Em090_SnowCombo,,0.02,0,0,0,0,0,0,0,"0,0,0",0,0,0,0,0,0,0,0,0,0,0,0,,0,0,,,,,,,,,0.2,30,0,1,,0,50,,,1,2,"0,0,0",0,0,0,0,0.2,0,0,0,0,0,0,0,,,,0,60019,0,,,,,,,,,
21050,,2,0,冰牙龙旋转浮空攻击,Em090_RoundFlyUp,,0.02,0,0,0,0,0,0,0,"0,0,0",0,0,0,0,0,0,0,0,0,0,0,0,,0,0,,,,,,,,,0.2,30,0,1,,0,50,,,1,2,"0,0,0",0,0,0,0,0.2,0,0,0,0,0,0,0,,,,0,60019,0,,,,,,,,,
21051,,2,0,恐暴龙拘束攻击,Em088_RestrictAttack,,0.04,,,,,,,,,,,,,,,,,,,,,,,,,,,,,,,,0.4,10,,0,,,25,,,0,2,"0,0,0",0,0,0,0,0,,,,,,,,,,,,60031,,,,,,,,,,
21052,,2,0,浮岳龙专用雷光虫麻痹自爆,Em037_M016_Explode_Suicide,,0.03,,,,,,,,,,,,,,,,,,,,,,,,,,,,,,,,0.15,20,,0,,,20,,,0,2,"0,0,0",0.15,0,0,0,0,,,,,,,,,,,,60005,,,,,,,,,,
21053,,2,0,浮岳龙超重攻击-极,Em037_MegaAttack_SSR,,0.1,,,,,,,,,,,,,,,,,,,,,,,,,,,,,,,,1,80,,12,,,200,1,,12,2,"0,0,0",0,0,0,0,0,,,,,,,,,,,,,,,,,,,,,,
21054,,2,0,浮岳龙专用触手燃烧攻击,Em037_Arm_JetAttack,,0.025,,,,,,,,,,,,,,,,,,,,,,,,,,,,,,,,0.25,20,,10,,,40,,,10,2,"0,0,0",0.1,0,0,0,0,,,,,,,,,,,,19179,,,,,,,,,,
21055,,2,0,恐暴龙踏地板攻击,Em088_RightLegAttack,,0.06,0,0,0,0,0,0,0,"0,0,0",0,0,0,0,0,0,0,0,0,0,0,0,,0,0,,,,,,,,,0.65,35,0,9,,0,50,,,9,2,"0,0,0",0,0,0,0,0,0,0,0,0,0,0,0,,,,0,,,,,,,,,,,
21056,,2,0,恐暴龙甩尾攻击,Em088_TailAttack,,0.04,0,0,0,0,0,0,0,"0,0,0",0,0,0,0,0,0,0,0,0,0,0,0,,0,0,,,,,,,,,0.4,20,0,11,,0,40,,,11,2,"0,0,0",0,0,0,0,0,0,0,0,0,0,0,0,,,,0,,,,,,,,,,,
21057,,2,0,恐暴龙咬击,Em088_HeadAttack,,0.05,0,0,0,0,0,0,0,"0,0,0",0,0,0,0,0,0,0,0,0,0,0,0,,0,0,,,,,,,,,0.5,30,0,7,,0,30,,,7,2,"0,0,0",0,0,0,0,0,0,0,0,0,0,0,0,,,,0,,,,,,,,,,,
21058,,2,0,恐暴龙移动咬击,Em088_MoveHeadAttack,,0.03,0,0,0,0,0,0,0,"0,0,0",0,0,0,0,0,0,0,0,0,0,0,0,,0,0,,,,,,,,,0.3,15,0,7,,0,30,,,7,2,"0,0,0",0,0,0,0,0,0,0,0,0,0,0,0,,,,0,,,,,,,,,,,
21059,,2,0,恐暴龙铁山靠,Em088_BodyAttack,,0.055,0,0,0,0,0,0,0,"0,0,0",0,0,0,0,0,0,0,0,0,0,0,0,,0,0,,,,,,,,,0.55,40,0,11,,0,60,,,11,2,"0,0,0",0,0,0,0,0,0,0,0,0,0,0,0,,,,0,,,,,,,,,,,
21060,,2,0,恐暴龙左右甩头,Em088_HeadDashAttack,,0.06,0,0,0,0,0,0,0,"0,0,0",0,0,0,0,0,0,0,0,0,0,0,0,,0,0,,,,,,,,,0.6,40,0,13,,0,60,,,13,2,"0,0,0",0,0,0,0,0,0,0,0,0,0,0,0,,,,0,,,,,,,,,,,
21061,,2,0,恐暴龙投石头攻击,Em088_ThrowStone,,0.05,0,0,0,0,0,0,0,"0,0,0",0,0,0,0,0,0,0,0,0,0,0,0,,0,0,,,,,,,,,0.5,40,0,11,,0,60,,,13,2,"0,0,0",0,0,0,0,0,0,0,0,0,0,0,0,,,,0,,,,,,,,,,,
21062,,2,0,恐暴龙回旋攻击,Em088_AroundAttack,,0.055,0,0,0,0,0,0,0,"0,0,0",0,0,0,0,0,0,0,0,0,0,0,0,,0,0,,,,,,,,,0.55,40,0,11,,0,60,,,11,2,"0,0,0",0,0,0,0,0,0,0,0,0,0,0,0,,,,0,,,,,,,,,,,
21063,,2,0,恐暴龙咬击疲劳,Em088_HeadAttackHungry,,0.04,0,0,0,0,0,0,0,"0,0,0",0,0,0,0,0,0,0,0,0,0,0,0,,0,0,,,,,,,,,0.4,30,0,7,,0,30,,,7,2,"0,0,0",0,0,0,0,0,0,0,0,0,0,0,0,,,,0,19128,,,,,,,,,,
21064,,2,0,恐暴龙移动咬击疲劳,Em088_MoveHeadAttackHungry,,0.02,0,0,0,0,0,0,0,"0,0,0",0,0,0,0,0,0,0,0,0,0,0,0,,0,0,,,,,,,,,0.2,15,0,7,,0,30,,,7,2,"0,0,0",0,0,0,0,0,0,0,0,0,0,0,0,,,,0,19128,,,,,,,,,,
21065,,2,0,恐暴龙左右甩头疲劳,Em088_HeadDashAttackHungry,,0.05,0,0,0,0,0,0,0,"0,0,0",0,0,0,0,0,0,0,0,0,0,0,0,,0,0,,,,,,,,,0.5,40,0,13,,0,60,,,13,2,"0,0,0",0,0,0,0,0,0,0,0,0,0,0,0,,,,0,19128,,,,,,,,,,
21066,,2,0,恐暴龙回旋攻击疲劳,Em088_AroundAttackHungry,,0.055,0,0,0,0,0,0,0,"0,0,0",0,0,0,0,0,0,0,0,0,0,0,0,,0,0,,,,,,,,,0.55,40,0,11,,0,60,,,11,2,"0,0,0",0,0,0,0,0,0,0,0,0,0,0,0,,,,0,19128,,,,,,,,,,
21067,,2,0,恐暴龙捕食攻击,Em088_Eat,,0.015,0,0,0,0,0,0,0,"0,0,0",0,0,0,0,0,0,0,0,0,0,0,0,,0,0,,,,,,,,,0.15,0,0,0,,0,60,,,0,2,"0,0,0",0,0,0,0,0,0,0,0,0,0,0,0,,,,0,,,,,,,,,,,
21068,,2,0,恐暴龙黑烟攻击,Em088_DragonShoot,,0.055,0,0,0,0,0,0,0,"0,0,0",0,0,0,0,0,0,0,0,0,0,0,0,,0,0,,,,,,,,,0.25,40,0,11,,0,60,,,11,2,"0,0,0",0,0,0.35,0,0,0,0,0,0,0,0,0,,,,0,19183,,,,,,,,,,
21069,,2,0,恐暴龙跳跃尾巴攻击,Em088_JumpTailAttack,,0.04,0,0,0,0,0,0,0,"0,0,0",0,0,0,0,0,0,0,0,0,0,0,0,,0,0,,,,,,,,,0.4,30,0,9,,0,30,,,9,2,"0,0,0",0,0,0,0,0,0,0,0,0,0,0,0,,,,0,,,,,,,,,,,
21070,,2,0,老山龙轻攻击（擦伤）,Em041_LightAttack,,0.04,0,0,0,0,0,0,0,"0,0,0",0,0,0,0,0,0,0,0,0,0,0,0,,0,0,,,,,,,,,0.25,30,0,9,,0,40,,,9,2,"0,0,0",0,0,0,0,0,0,0,0,0,0,0,0,,,,0,,,,,,,,,,,
21071,,2,0,老山龙中攻击（头撞咬击）,Em088_MediumAttack,,0.04,0,0,0,0,0,0,0,"0,0,0",0,0,0,0,0,0,0,0,0,0,0,0,,0,0,,,,,,,,,0.4,40,0,11,,0,60,,,11,2,"0,0,0",0,0,0,0,0,0,0,0,0,0,0,0,,,,0,,,,,,,,,,,
21072,,2,0,老山龙重攻击（脚踩肩撞）,Em088_HeavyAttack,,0.04,0,0,0,0,0,0,0,"0,0,0",0,0,0,0,0,0,0,0,0,0,0,0,,0,0,,,,,,,,,0.55,50,0,12,,0,80,,,12,2,"0,0,0",0,0,0,0,0,0,0,0,0,0,0,0,,,,0,,,,,,,,,,,
21073,,2,0,老山龙超重攻击（地震啦）,Em088_DeadAttack,,0.04,0,0,0,0,0,0,0,"0,0,0",0,0,0,0,0,0,0,0,0,0,0,0,,0,0,,,,,,,,,1,60,0,13,,0,200,,,13,2,"0,0,0",0,0,0,0,0,0,0,0,0,0,0,0,,,,0,,,,,,,,,,,
21074,,2,0,老山龙重吼（混合冲击波）,Em088_UltraWave,,0.04,0,0,0,0,0,0,0,"0,0,0",0,0,0,0,0,0,0,0,0,0,0,0,,0,0,,,,,,,,,0.3,40,0,10,,0,60,,,10,2,"0,0,0",0,0,0,0,0,0,0,0,0,0,0,0,,,,0,,,,,,,,,,,
21075,,2,0,雷狼龙拍击,Em087_Clap,,0.042,0,0,0,0,0,0,0,"0,0,0",0,0,0,0,0,0,0,0,0,0,0,0,,0,0,,,,,,,,,0.42,30,0,11,,0,30,,,11,1,"0,0,0",0,0,0,0,0,0,0,0,0,0,0,0,,,,0,,,,,,,,,,,
21076,,2,0,雷狼龙拍击（超带电）,Em087_ClapAngry,,0.054,0,0,0,0,0,0,0,"0,0,0",0,0,0,0,0,0,0,0,0,0,0,0,,0,0,,,,,,,,,0.27,30,0,12,,0,30,,,12,1,"0,0,0",0,0,0,0.27,0,0,0,0,0,0,0,0,,,,0,19181,,,,,,,,,,
21077,,2,0,雷狼龙蓄力拍击,Em087_ClapCharge,,0.06,0,0,0,0,0,0,0,"0,0,0",0,0,0,0,0,0,0,0,0,0,0,0,,0,0,,,,,,,,,0.3,30,0,12,,0,50,,,12,1,"0,0,0",0,0,0,0.3,0,0,0,0,0,0,0,0,,,,0,19182,,,,,,,,,,
21078,,2,0,雷狼龙周身攻击,Em087_RoundAttack,,0.048,0,0,0,0,0,0,0,"0,0,0",0,0,0,0,0,0,0,0,0,0,0,0,,0,0,,,,,,,,,0.48,35,0,12,,0,60,,,12,2,"0,0,0",0,0,0,0,0,0,0,0,0,0,0,0,,,,0,,,,,,,,,,,
21079,,2,0,雷狼龙周身攻击（起身）,Em087_RoundAttackFromFall,,0.042,0,0,0,0,0,0,0,"0,0,0",0,0,0,0,0,0,0,0,0,0,0,0,,0,0,,,,,,,,,0.42,30,0,11,,0,60,,,11,2,"0,0,0",0,0,0,0,0,0,0,0,0,0,0,0,,,,0,,,,,,,,,,,
21080,,2,0,雷狼龙周身攻击（超带电）,Em087_RoundAttackAngry,,0.06,0,0,0,0,0,0,0,"0,0,0",0,0,0,0,0,0,0,0,0,0,0,0,,0,0,,,,,,,,,0.3,40,0,12,,0,70,,,12,2,"0,0,0",0,0,0,0.3,0,0,0,0,0,0,0,0,,,,0,19182,,,,,,,,,,
21081,,2,0,雷狼龙头突攻击,Em087_HeadAttack,,0.027,0,0,0,0,0,0,0,"0,0,0",0,0,0,0,0,0,0,0,0,0,0,0,,0,0,,,,,,,,,0.27,25,0,11,,0,30,,,11,2,"0,0,0",0,0,0,0,0,0,0,0,0,0,0,0,,,,0,,,,,,,,,,,
21082,,2,0,雷狼龙头突攻击（两腕）,Em087_HeadAttackHand,,0.018,0,0,0,0,0,0,0,"0,0,0",0,0,0,0,0,0,0,0,0,0,0,0,,0,0,,,,,,,,,0.18,0,0,7,,0,20,,,7,2,"0,0,0",0,0,0,0,0,0,0,0,0,0,0,0,,,,0,,,,,,,,,,,
21083,,2,0,雷狼龙咆哮,Em087_EmotionAngry,,0,0,0,0,0,0,0,0,"0,0,0",0,0,0,0,0,0,0,0,0,0,0,0,,0,0,,,,,,,,,0,0,0,0,,0,30,,,0,2,"0,0,0",0,0,0,0,0,0,0,0,0,0,0,0,,,,0,,,,60004,,,,,,,
21084,,2,0,雷狼龙超带电,Em087_ChangeMode,,0.048,0,0,0,0,0,0,0,"0,0,0",0,0,0,0,0,0,0,0,0,0,0,0,,0,0,,,,,,,,,0.24,20,0,12,,0,50,,,12,2,"0,0,0",0,0,0,0.24,0,0,0,0,0,0,0,0,,,,0,19182,,,,,,,,,,
21085,,2,0,雷狼龙跳跃攻击,Em087_JumpAttack,,0.036,0,0,0,0,0,0,0,"0,0,0",0,0,0,0,0,0,0,0,0,0,0,0,,0,0,,,,,,,,,0.36,25,0,11,,0,50,,,11,2,"0,0,0",0,0,0,0,0,0,0,0,0,0,0,0,,,,0,,,,,,,,,,,
21086,,2,0,雷狼龙突进,Em087_DragonDash,,0.03,0,0,0,0,0,0,0,"0,0,0",0,0,0,0,0,0,0,0,0,0,0,0,,0,0,,,,,,,,,0.3,20,0,11,,0,50,,,11,2,"0,0,0",0,0,0,0,0,0,0,0,0,0,0,0,,,,0,,,,,,,,,,,
21087,,2,0,雷狼龙突进（超带电）,Em087_DragonDashAngry,,0.033,0,0,0,0,0,0,0,"0,0,0",0,0,0,0,0,0,0,0,0,0,0,0,,0,0,,,,,,,,,0.18,20,0,11,,0,50,,,11,2,"0,0,0",0,0,0,0.15,0,0,0,0,0,0,0,0,,,,0,19181,,,,,,,,,,
21088,,2,0,雷狼龙铁山靠,Em087_ImpactHit,,0.033,0,0,0,0,0,0,0,"0,0,0",0,0,0,0,0,0,0,0,0,0,0,0,,0,0,,,,,,,,,0.33,30,0,11,,0,50,,,11,2,"0,0,0",0,0,0,0,0,0,0,0,0,0,0,0,,,,0,,,,,,,,,,,
21089,,2,0,雷狼龙铁山靠（超带电）,Em087_ImpactHitAngry,,0.039,0,0,0,0,0,0,0,"0,0,0",0,0,0,0,0,0,0,0,0,0,0,0,,0,0,,,,,,,,,0.21,30,0,11,,0,50,,,11,2,"0,0,0",0,0,0,0.18,0,0,0,0,0,0,0,0,,,,0,19181,,,,,,,,,,
21090,,2,0,雷狼龙背砸,Em087_BackAttack,,0.066,0,0,0,0,0,0,0,"0,0,0",0,0,0,0,0,0,0,0,0,0,0,0,,0,0,,,,,,,,,0.33,40,0,12,,0,70,,,12,2,"0,0,0",0,0,0,0.33,0,0,0,0,0,0,0,0,,,,0,19182,,,,,,,,,,
21091,,2,0,雷狼龙尾砸,Em087_TailAttack,,0.036,0,0,0,0,0,0,0,"0,0,0",0,0,0,0,0,0,0,0,0,0,0,0,,0,0,,,,,,,,,0.36,20,0,10,,0,40,,,10,2,"0,0,0",0,0,0,0,0,0,0,0,0,0,0,0,,,,0,,,,,,,,,,,
21092,,2,0,雷狼龙尾砸（超带电）,Em088_TailAttackAngry,,0.045,0,0,0,0,0,0,0,"0,0,0",0,0,0,0,0,0,0,0,0,0,0,0,,0,0,,,,,,,,,0.24,20,0,11,,0,40,,,11,2,"0,0,0",0,0,0,0.21,0,0,0,0,0,0,0,0,,,,0,19182,,,,,,,,,,
21093,,2,0,雷狼龙全力尾砸,Em087_TailFullAttack,,0.042,0,0,0,0,0,0,0,"0,0,0",0,0,0,0,0,0,0,0,0,0,0,0,,0,0,,,,,,,,,0.42,25,0,11,,0,40,,,11,2,"0,0,0",0,0,0,0,0,0,0,0,0,0,0,0,,,,0,,,,,,,,,,,
21094,,2,0,雷狼龙身体下压,Em087_BodyAttack,,0.03,0,0,0,0,0,0,0,"0,0,0",0,0,0,0,0,0,0,0,0,0,0,0,,0,0,,,,,,,,,0.3,30,0,11,,0,60,,,11,2,"0,0,0",0,0,0,0,0,0,0,0,0,0,0,0,,,,0,,,,,,,,,,,
21095,,2,0,雷狼龙身体下压（风压）,Em087_BodyAttackWind,,0,0,0,0,0,0,0,0,"0,0,0",0,0,0,0,0,0,0,0,0,0,0,0,,0,0,,,,,,,,,0,0,0,0,,0,0,,,0,2,"0,0,0",0,0,0,0,0,0,0,0,0,0,0,0,,,,0,,,,60022,,,,,,,
21096,,2,0,雷狼龙放电,Em087_ThunderAttack,,0.048,0,0,0,0,0,0,0,"0,0,0",0,0,0,0,0,0,0,0,0,0,0,0,,0,0,,,,,,,,,0.24,20,0,12,,0,70,,,12,2,"0,0,0",0,0,0,0.24,0,0,0,0,0,0,0,0,,,,0,19182,,,,,,,,,,
21097,,2,0,雷狼龙起身攻击,Em087_RoundUpAttack,,0.03,0,0,0,0,0,0,0,"0,0,0",0,0,0,0,0,0,0,0,0,0,0,0,,0,0,,,,,,,,,0.3,20,0,13,,0,40,,,13,2,"0,0,0",0,0,0,0,0,0,0,0,0,0,0,0,,,,0,19121,,,,,,,,,,
21098,,2,0,雷狼龙起身空中,Em087_RoundUpAttackAir,,0.039,0,0,0,0,0,0,0,"0,0,0",0,0,0,0,0,0,0,0,0,0,0,0,,0,0,,,,,,,,,0.39,25,0,0,,0,30,,,0,2,"0,0,0",0,0,0,0,0,0,0,0,0,0,0,0,,,,0,60026,,,,,,,,,,
21099,,2,0,雷狼龙起身下砸,Em087_RoundUpAttackDown,,0.039,0,0,0,0,0,0,0,"0,0,0",0,0,0,0,0,0,0,0,0,0,0,0,,0,0,,,,,,,,,0.39,30,0,11,,0,50,,,11,2,"0,0,0",0,0,0,0,0,0,0,0,0,0,0,0,,,,0,,,,,,,,,,,
21100,,2,0,雷狼龙岩盘放电,Em087_ThunderJump,,0.042,0,0,0,0,0,0,0,"0,0,0",0,0,0,0,0,0,0,0,0,0,0,0,,0,0,,,,,,,,,0.21,30,0,11,,0,60,,,11,2,"0,0,0",0,0,0,0.21,0,0,0,0,0,0,0,0,,,,0,19182,,,,,,,,,,
21101,,2,0,雷狼龙雷光龙车,Em087_ThunderDragonDash,,0.036,0,0,0,0,0,0,0,"0,0,0",0,0,0,0,0,0,0,0,0,0,0,0,,0,0,,,,,,,,,0.18,0,0,0,,0,50,1,,0,2,"0,0,0",0,0,0,0.18,0,0,0,0,0,0,0,0,,,,0,19182,,,60005,,,,,,,
21102,,2,0,雷狼龙雷光龙车（电磁）,Em087_ThunderDragonDashBack,,0.03,0,0,0,0,0,0,0,"0,0,0",0,0,0,0,0,0,0,0,0,0,0,0,,0,0,,,,,,,,,0.15,30,0,11,,0,50,,,11,2,"0,0,0",0,0,0,0.15,0,0,0,0,0,0,0,0,,,,0,19182,,,,,,,,,,
21103,,2,0,雷狼龙大放电,Em087_ThunderExplode,,0.11,0,0,0,0,0,0,0,"0,0,0",0,0,0,0,0,0,0,0,0,0,0,0,,0,0,,,,,,,,,0.55,70,0,13,,0,70,1,,13,2,"0,0,0",0,0,0,0.55,0,0,0,0,0,0,0,0,,,,0,19182,,,,,,,,,,
21104,,2,0,雷狼龙大放电（身体）,Em087_ThunderExplodeBody,,0.027,0,0,0,0,0,0,0,"0,0,0",0,0,0,0,0,0,0,0,0,0,0,0,,0,0,,,,,,,,,0.27,20,0,10,,0,30,,,10,2,"0,0,0",0,0,0,0,0,0,0,0,0,0,0,0,,,,0,,,,,,,,,,,
21105,,2,0,雷狼龙拘束攻击,Em087_RestrictAttack,,0.012,0,0,0,0,0,0,0,"0,0,0",0,0,0,0,0,0,0,0,0,0,0,0,,0,0,,,,,,,,,0.12,10,0,0,,0,40,,,0,2,"0,0,0",0,0,0,0,0,0,0,0,0,0,0,0,,,,0,,,,60031,,,,,,,
21106,,2,0,雷狼龙拘束咬,Em087_RestrictAttackBite,,0.009,0,0,0,0,0,0,0,"0,0,0",0,0,0,0,0,0,0,0,0,0,0,0,,0,0,,,,,,,,,0.09,0,0,0,,0,15,,,0,2,"0,0,0",0,0,0,0,0,0,0,0,0,0,0,0,,,,0,,,,,,,,,,,
21107,,2,0,雷狼龙雷光虫弹,Em087_ThunderBall,,0.03,0,0,0,0,0,0,0,"0,0,0",0,0,0,0,0,0,0,0,0,0,0,0,,0,0,,,,,,,,,0.15,20,0,10,,0,30,,,10,2,"0,0,0",0,0,0,0.15,0,0,0,0,0,0,0,0,,,,0,19181,,,,,,,,,,
21108,,2,0,雷狼龙雷光陷阱（爆炸）,Em087_ThunderBallExplode,,0.045,0,0,0,0,0,0,0,"0,0,0",0,0,0,0,0,0,0,0,0,0,0,0,,0,0,,,,,,,,,0.24,30,0,11,,0,30,,,11,2,"0,0,0",0,0,0,0.21,0,0,0,0,0,0,0,0,,,,0,19182,,,,,,,,,,
21109,,2,0,雷狼龙雷光陷阱,Em087_ThunderBallAround,,0.006,0,0,0,0,0,0,0,"0,0,0",0,0,0,0,0,0,0,0,0,0,0,0,,0,0,,,,,,,,,0,0,0,1,,0,0,,,1,2,"0,0,0",0,0,0,0.06,0,0,0,0,0,0,0,0,,,,0,19181,,,,,,,,,,
21110,,2,0,武镰蟹龙车,Em015_Dash,,0.04,,,,,,,,,,,,,,,,,,,,,,,,,,,,,,,,0.4,10,,9,,,50,,,9,2,"0,0,0",0,0,0,0,0,,,,,,,,,,,,,,,,,,,,,,
21111,,2,0,武镰蟹旋转,Em015_AroundAttack,,0.05,,,,,,,,,,,,,,,,,,,,,,,,,,,,,,,,0.5,10,,11,,,60,,,11,2,"0,0,0",0,0,0,0,0,,,,,,,,,,,,,,,,,,,,,,
21112,,2,0,龙击枪,DragonGun_Attack,,100,,,,,,,,,,,,,,,,,,0.005,,,,,85000068,,,,,,,,,0,0,,0,,,0,,,0,2,"0,0,0",0,0,0,0,0,,,,,,,,,,,,,,,,,,,,,,
21113,,2,0,黑铠龙激光,Em039_u01_Laser,,0.06,0,0,0,0,0,0,0,"0,0,0",0,0,0,0,0,0,0,0,0,0,0,0,,0,19180,,,,,,,,,0.3,20,0,12,,0,50,1,,12,2,"0,0,0",0.3,0,0,0,0,0,0,0,0,0,0,0,,,,0,19180,,,,,,,,,,
21114,,2,0,黑铠龙灼热区域,Em039_u01_FireArea,,0,0,0,0,0,0,0,0,"0,0,0",0,0,0,0,0,0,0,0,0,0,0,0,,0,19180,,,,,,,,,0,0,0,0,,0,0,,,0,2,"0,0,0",0,0,0,0,0,0,0,0,0,0,0,0,,,,0,19180,,,,,,,,,,
21115,,2,0,黑铠龙后扫尾,Em039_u01_BackTail,,0.035,0,0,0,0,0,0,0,"0,0,0",0,0,0,0,0,0,0,0,0,0,0,0,,0,0,,,,,,,,,0.35,20,0,11,,0,10,,,11,2,"0,0,0",0,0,0,0,0,0,0,0,0,0,0,0,,,,0,,,,,,,,,,,
21116,,2,0,黑铠龙侧扫尾,Em039_u01_ClawTail,,0.04,0,0,0,0,0,0,0,"0,0,0",0,0,0,0,0,0,0,0,0,0,0,0,,0,0,,,,,,,,,0.4,30,0,11,,0,20,,,11,2,"0,0,0",0,0,0,0,0,0,0,0,0,0,0,0,,,,0,,,,,,,,,,,
21117,,2,0,黑铠龙火气释放,Em039_u01_FireGas,,0.03,0,0,0,0,0,0,0,"0,0,0",0,0,0,0,0,0,0,0,0,0,0,0,,0,19180,,,,,,,,,0.15,10,0,9,,0,40,1,,9,2,"0,0,0",0.15,0,0,0,0,0,0,0,0,0,0,0,,,,0,19180,,,,,,,,,,
21118,,2,0,黑铠龙火气释放（身体）,Em039_u01_DashBreath,,0.03,0,0,0,0,0,0,0,"0,0,0",0,0,0,0,0,0,0,0,0,0,0,0,,0,0,,,,,,,,,0.3,20,0,9,,0,30,,,9,2,"0,0,0",0,0,0,0,0,0,0,0,0,0,0,0,,,,0,,,,,,,,,,,
21119,,2,0,黑铠龙眠气释放,Em039_u01_SleepGas,,0,0,0,0,0,0,0,0,"0,0,0",0,0,0,0,0,0,0,0,0,0,0,0,,0,60006,,,,,,,,,0,10,0,0,,0,10,1,,0,2,"0,0,0",0,0,0,0,0,0,0,0,0,0,0,0,,,,0,,,,60006,,,,,,,
21120,,2,0,黑铠龙龙车,Em039_u01_DragonDash,,0.055,0,0,0,0,0,0,0,"0,0,0",0,0,0,0,0,0,0,0,0,0,0,0,,0,0,,,,,,,,,0.55,30,0,12,,0,40,,,12,2,"0,0,0",0,0,0,0,0,0,0,0,0,0,0,0,,,,0,,,,,,,,,,,
21121,,2,0,黑铠龙下压,Em039_u01_FlyShake,,0.045,0,0,0,0,0,0,0,"0,0,0",0,0,0,0,0,0,0,0,0,0,0,0,,0,0,,,,,,,,,0.45,20,0,11,,0,40,,,11,2,"0,0,0",0,0,0,0,0,0,0,0,0,0,0,0,,,,0,,,,,,,,,,,
21122,,2,0,黑铠龙侧翻,Em039_u01_HitGround,,0.045,0,0,0,0,0,0,0,"0,0,0",0,0,0,0,0,0,0,0,0,0,0,0,,0,0,,,,,,,,,0.45,20,0,11,,0,40,,,11,2,"0,0,0",0,0,0,0,0,0,0,0,0,0,0,0,,,,0,,,,,,,,,,,
21123,,2,0,黑铠龙铁山靠,Em039_u01_IronBody,,0.045,0,0,0,0,0,0,0,"0,0,0",0,0,0,0,0,0,0,0,0,0,0,0,,0,0,,,,,,,,,0.45,20,0,11,,0,30,,,11,2,"0,0,0",0,0,0,0,0,0,0,0,0,0,0,0,,,,0,,,,,,,,,,,
21124,,2,0,黑铠龙吼叫（愤怒）,Em039_u01_EmotionAngry,,0,0,0,0,0,0,0,0,"0,0,0",0,0,0,0,0,0,0,0,0,0,0,0,,0,70024,,,,,,,,,0,0,0,0,,0,20,,,0,2,"0,0,0",0,0,0,0,0,0,0,0,0,0,0,0,,,,0,,,,60004,,,,,,,
21125,,2,0,黑铠龙侧翻（失败）,Em039_u01_HitGroundFall,,0.035,0,0,0,0,0,0,0,"0,0,0",0,0,0,0,0,0,0,0,0,0,0,0,,0,0,,,,,,,,,0.35,20,0,10,,0,30,,,10,2,"0,0,0",0,0,0,0,0,0,0,0,0,0,0,0,,,,0,,,,,,,,,,,
21126,,2,0,黑铠龙正面热气,Em039_u01_ShootSmall,,0.05,0,0,0,0,0,0,0,"0,0,0",0,0,0,0,0,0,0,0,0,0,0,0,,0,19180,,,,,,,,,0.25,20,0,11,,0,40,1,,11,2,"0,0,0",0.25,0,0,0,0,0,0,0,0,0,0,0,,,,0,19180,,,,,,,,,,
21127,,2,0,黑铠龙下压（失败）,Em039_u01_FlyShakeFall,,0.035,0,0,0,0,0,0,0,"0,0,0",0,0,0,0,0,0,0,0,0,0,0,0,,0,0,,,,,,,,,0.35,10,0,10,,0,30,,,10,2,"0,0,0",0,0,0,0,0,0,0,0,0,0,0,0,,,,0,,,,,,,,,,,
21128,,2,0,黑铠龙龙车（刹车）,Em039_u01_DragonDashEnd,,0.035,0,0,0,0,0,0,0,"0,0,0",0,0,0,0,0,0,0,0,0,0,0,0,,0,0,,,,,,,,,0.35,0,0,10,,0,20,,,10,2,"0,0,0",0,0,0,0,0,0,0,0,0,0,0,0,,,,0,,,,,,,,,,,
21129,,2,0,黑铠龙火气释放（激光）,Em039_u01_FireGasLaser,,0.04,0,0,0,0,0,0,0,"0,0,0",0,0,0,0,0,0,0,0,0,0,0,0,,0,19180,,,,,,,,,0.2,10,0,10,,0,40,1,,10,2,"0,0,0",0.2,0,0,0,0,0,0,0,0,0,0,0,,,,0,19180,,,,,,,,,,
21130,,2,0,黑铠龙步行激光,Em039_u01_WalkLaser,,0.065,0,0,0,0,0,0,0,"0,0,0",0,0,0,0,0,0,0,0,0,0,0,0,,0,19180,,,,,,,,,0.35,20,0,12,,0,50,1,,12,2,"0,0,0",0.3,0,0,0,0,0,0,0,0,0,0,0,,,,0,19180,,,,,,,,,,
21131,,2,0,黑铠龙蓄力激光,Em039_u01_BackLaser,,0.07,0,0,0,0,0,0,0,"0,0,0",0,0,0,0,0,0,0,0,0,0,0,0,,0,19180,,,,,,,,,0.35,30,0,12,,0,50,1,,12,2,"0,0,0",0.35,0,0,0,0,0,0,0,0,0,0,0,,,,0,19180,,,,,,,,,,
21132,,2,0,黑铠龙吼叫（发现）,Em039_u01_FindPlayer,,0,0,0,0,0,0,0,0,"0,0,0",0,0,0,0,0,0,0,0,0,0,0,0,,0,70024,,,,,,,,,0,0,0,0,,0,20,,,0,2,"0,0,0",0,0,0,0,0,0,0,0,0,0,0,0,,,,0,,,,60012,,,,,,,
21133,,2,0,麒麟物理小攻击,Em035_LightAttack,,0.03,0,0,0,0,0,0,0,"0,0,0",0,0,0,0,0,0,0,0,0,0,0,0,,0,0,,,,,,,,,0.3,10,0,7,,0,30,,,7,2,"0,0,0",0,0,0,0,0,0,0,0,0,0,0,0,,,,0,,,,,,,,,,,
21134,,2,0,麒麟物理中攻击,Em035_MiddleAttack,,0.04,0,0,0,0,0,0,0,"0,0,0",0,0,0,0,0,0,0,0,0,0,0,0,,0,0,,,,,,,,,0.4,10,0,9,,0,30,,,9,2,"0,0,0",0,0,0,0,0,0,0,0,0,0,0,0,,,,0,,,,,,,,,,,
21135,,2,0,麒麟物理大攻击,Em035_HeavyAttack,,0.055,0,0,0,0,0,0,0,"0,0,0",0,0,0,0,0,0,0,0,0,0,0,0,,0,0,,,,,,,,,0.55,10,0,9,,0,30,,,9,2,"0,0,0",0,0,0,0,0,0,0,0,0,0,0,0,,,,0,,,,,,,,,,,
21136,,2,0,麒麟落雷攻击,Em035_LightningAttack,,0.035,0,0,0,0,0,0,0,"0,0,0",0,0,0,0,0,0,0,0,0,0,0,0,,0,0,,,,,,,,,0.2,20,0,0,,0,40,,,0,2,"0,0,0",0,0,0,0.15,0,0,0,0,0,0,0,0,,,,0,19182,,,60005,,,,,,,
21137,,2,0,麒麟落雷突进,Em035_LigntningDash,,0.05,0,0,0,0,0,0,0,"0,0,0",0,0,0,0,0,0,0,0,0,0,0,0,,0,0,,,,,,,,,0.3,20,0,9,,0,40,,,9,2,"0,0,0",0,0,0,0.2,0,0,0,0,0,0,0,0,,,,0,19182,,,,,,,,,,
21138,,2,0,麒麟AOE落雷,Em035_LigntningAOE,,0.06,0,0,0,0,0,0,0,"0,0,0",0,0,0,0,0,0,0,0,0,0,0,0,,0,0,,,,,,,,,0.4,20,0,11,,0,40,,,11,2,"0,0,0",0,0,0,0.2,0,0,0,0,0,0,0,0,,,,0,19182,,,,,,,,,,
21139,,2,0,绯甲虫俯冲与跳跃攻击,Em049_u01_DiveAttack,,0.035,,,,,,,,,,,,,,,,,,,,,,,,,,,,,,,,0.35,20,,11,,,40,,,11,2,"0,0,0",0,0,0,0,0,0,0,0,0,0,0,0,,,,,,,,,,,,,,,
21140,,2,0,绯甲虫龙车角部攻击,Em049_u01_DrillDashAttack_Atennae,,0.04,,,,,,,,,,,,,,,,,,,,,,,,,,,,,,,,0.25,20,,11,,,40,,,11,2,"0,0,0",0,0,0.15,0,0,0,0,0,0,0,0,0,,,,,19183,,,,,,,,,,
21141,,2,0,绯甲虫龙车身体攻击,Em049_u01_DrillDashAttack_Body,,0.05,,,,,,,,,,,,,,,,,,,,,,,,,,,,,,,,0.35,20,,10,,,30,,,10,2,"0,0,0",0,0,0.15,0,0,0,0,0,0,0,0,0,,,,,,,,,,,,,,,
21142,,2,0,绯甲虫电磁炮,Em049_u01_Railgun,,0.03,,,,,,,,,,,,,,,,,,,,,,,,,,,,,,,,0.2,15,,11,,,40,,,11,2,"0,0,0",0,0,0.1,0,0,0,0,0,0,0,0,0,,,,,19183,,,,,,,,,,
21143,,2,0,绯甲虫空中爆破,Em049_u01_RailgunII,,0.05,,,,,,,,,,,,,,,,,,,,,,,,,,,,,,,,0.3,20,,12,,,60,,,12,2,"0,0,0",0,0,0.2,0,0,0,0,0,0,0,0,0,,,,,19183,,,,,,,,,,
21144,,2,0,绯甲虫S龙车角部攻击,Em049_u01_SDashAttack_Atennae,,0.05,,,,,,,,,,,,,,,,,,,,,,,,,,,,,,,,0.3,30,,12,,,50,,,12,2,"0,0,0",0,0,0.2,0,0,0,0,0,0,0,0,0,,,,,19183,,,,,,,,,,
21145,,2,0,绯甲虫S龙车身体攻击,Em049_u01_SDashAttack_Body,,0.045,,,,,,,,,,,,,,,,,,,,,,,,,,,,,,,,0.45,30,,12,,,50,,,12,2,"0,0,0",0,0,0,0,0,0,0,0,0,0,0,0,,,,,,,,,,,,,,,
21146,,2,0,鸡年年兽放屁攻击,TemplateAttack_40_2017,,0.04,,,,,,,,,,,,,,,,,,,,,,,,,,,,,,,,0.4,10,,9,,,25,,,9,2,"0,0,0",0,0,0,0,0,,,,,,,,,,,,60027,,,,,,,,,,
21147,,2,0,鸡年年兽吐息攻击-幻乱,BlowParalysisM_2017,,0,0,0,0,0,0,0,0,"0,0,0",0,0,0,0,0,0,0,0,0,0,0,0,,0,0,70025,,,,,,,,0,15,0,7,,0,25,,,7,2,"0,0,0",0,0,0,0,0,0,0,0,0,0,0,0,,,,0,60027,0,,,,,,,,,
21148,,2,0,鸡年年兽偷窍爪击,HandAttack_Steal,,0.025,0,0,0,0,0,0,0,"0,0,0",0,0,0,0,0,0,0,0,0,0,0,0,,0,0,,,,,,,,,0.25,0,0,7,,0,15,,,7,2,"0,0,0",0,0,0,0,0,0,0,0,0,0,0,0,,,,0,0,0,,,,,,,,,
21149,,2,0,绯甲虫擦地甩角攻击,Em049_u01_SlashAround_Ground,,0.04,,,,,,,,,,,,,,,,,,,,,,,,,,,,,,,,0.25,10,,10,,,50,,,10,2,"0,0,0",0,0,0.15,0,0,0,0,0,0,0,0,0,,,,,19183,,,,,,,,,,
21150,,2,0,绯甲虫空中盘旋攻击,Em049_u01_SlashAround_Air,,0.025,,,,,,,,,,,,,,,,,,,,,,,,,,,,,,,,0.25,10,,7,,,20,,,7,2,"0,0,0",0,0,0,0,0,0,0,0,0,0,0,0,,,,,,,,,,,,,,,
21151,,2,0,绯甲虫神风击飞,Em049_u01_AirSlash_Hit,,0.03,,,,,,,,,,,,,,,,,,,,,,,,,,,,,,,,0.3,10,,13,,,60,,,13,2,"0,0,0",0,0,0,0,0,0,0,0,0,0,0,0,,,,,19121,,1,,,,,,,,
21152,,2,0,绯甲虫神风二段冲击,Em049_u01_AirSlash_FinalHit,,0.04,,,,,,,,,,,,,,,,,,,,,,,,,,,,,,,,0.4,10,,11,,,50,,,11,2,"0,0,0",0,0,0,0,0,0,0,0,0,0,0,0,,,,,,,,,,,,,,,
21153,,2,0,金火龙拘束攻击,Em021_u02_Restrict,,0.015,0,0,0,0,0,0,0,"0,0,0",0,0,0,0,0,0,0,0,0,0,0,0,,0,0,,,,,,,,,0.15,10,0,0,,0,40,,,0,2,"0,0,0",0,0,0,0,0,0,0,0,0,0,0,0,,,,0,,,,60031,,,,,,,
21154,,2,0,金火龙拘束咬,Em021_u02_RestrictLoop,,0.01,0,0,0,0,0,0,0,"0,0,0",0,0,0,0,0,0,0,0,0,0,0,0,,0,0,,,,,,,,,0.1,0,0,0,,0,15,,,0,2,"0,0,0",0,0,0,0,0,0,0,0,0,0,0,0,,,,0,,,,,,,,,,,
21155,,2,0,金火龙范围爆炸,Em021_u02_SwipeAreaFire,,0.05,0,0,0,0,0,0,0,"0,0,0",0,0,0,0,0,0,0,0,0,0,0,0,,0,0,,,,,,,,,0.5,40,0,0,,0,60,,,0,2,"0,0,0",0,0,0,0,0,0,0,0,0,0,0,0,,,,0,,,,,,,,,,,
21160,,2,0,炎轰龙爪击,Em028_u01_ClawImpact,,0.05,0,0,0,0,0,0,0,"0,0,0",0,0,0,0,0,0,0,0,0,0,0,0,,0,0,,,,,,,,,0.5,30,0,9,,0,30,,,9,2,"0,0,0",0,0,0,0,0,0,0,0,0,0,0,0,,,,0,,,,,,,,,,,
21161,,2,0,炎轰龙蹭伤,Em028_u01_LightAtk,,0.005,0,0,0,0,0,0,0,"0,0,0",0,0,0,0,0,0,0,0,0,0,0,0,,0,0,,,,,,,,,0.05,0,0,4,,0,10,,,4,2,"0,0,0",0,0,0,0,0,0,0,0,0,0,0,0,,,,0,,,,,,,,,,,
21162,,2,0,炎轰龙龙焰喷射,Em028_u01_DragonFireBreath,,0.08,0,0,0,0,0,0,0,"0,0,0",0,0,0,0,0,0,0,0,0,0,0,0,,0,19180,,,,,,,,,0.4,60,0,12,,0,60,1,,12,2,"0,0,0",0.4,0,0,0,0,0,0,0,0,0,0,0,,,,0,19180,,,,,,,,,,
21163,,2,0,炎轰龙裂地_爪命中,Em028_u01_GroundSmash_Claw,,0.7,0,0,0,0,0,0,0,"0,0,0",0,0,0,0,0,0,0,0,0,0,0,0,,0,0,,,,,,,,,0.7,50,0,11,,0,40,,,11,2,"0,0,0",0,0,0,0,0,0,0,0,0,0,0,0,,,,0,,,,,,,,,,,
21164,,2,0,炎轰龙裂地_岩浆命中,Em028_u01_GroundSmash_Blast,,0.06,0,0,0,0,0,0,0,"0,0,0",0,0,0,0,0,0,0,0,0,0,0,0,,0,19180,,,,,,,,,0.3,40,0,13,,0,40,,,13,2,"0,0,0",0.3,0,0,0,0,0,0,0,0,0,0,0,,,,0,19180,,,,,,,,,,
21165,,2,0,炎轰龙跳跃,Em028_u01_HalfRoundAtk,,0.03,0,0,0,0,0,0,0,"0,0,0",0,0,0,0,0,0,0,0,0,0,0,0,,0,0,,,,,,,,,0.3,20,0,9,,0,30,,,9,2,"0,0,0",0,0,0,0,0,0,0,0,0,0,0,0,,,,0,,,,,,,,,,,
21166,,2,0,炎轰龙巨石推进_大,Em028_u01_HugeStone_Big,,0.05,0,0,0,0,0,0,0,"0,0,0",0,0,0,0,0,0,0,0,0,0,0,0,,0,0,,,,,,,,,0.5,40,0,11,,0,40,,,11,2,"0,0,0",0,0,0,0,0,0,0,0,0,0,0,0,,,,0,,,,,,,,,,,
21167,,2,0,炎轰龙巨石推进_小,Em028_u01_HugeStone_Small,,0.03,0,0,0,0,0,0,0,"0,0,0",0,0,0,0,0,0,0,0,0,0,0,0,,0,0,,,,,,,,,0.3,20,0,9,,0,20,,,9,2,"0,0,0",0,0,0,0,0,0,0,0,0,0,0,0,,,,0,,,,,,,,,,,
21168,,2,0,炎轰龙旋转攻击,Em028_u01_RoundAtk,,0.05,0,0,0,0,0,0,0,"0,0,0",0,0,0,0,0,0,0,0,0,0,0,0,,0,0,,,,,,,,,0.5,30,0,11,,0,40,,,11,2,"0,0,0",0,0,0,0,0,0,0,0,0,0,0,0,,,,0,,,,,,,,,,,
21169,,2,0,炎轰龙大咆哮,Em028_u01_SuperRoar,,0.06,0,0,0,0,0,0,0,"0,0,0",0,0,0,0,0,0,0,0,0,0,0,0,,0,0,,,,,,,,,0.6,40,0,12,,0,40,,,12,2,"0,0,0",0,0,0,0,0,0,0,0,0,0,0,0,,,,0,,,,,,,,,,,
21170,,2,0,炎轰龙乱爬,Em028_u01_TrackDash,,0.03,0,0,0,0,0,0,0,"0,0,0",0,0,0,0,0,0,0,0,0,0,0,0,,0,0,,,,,,,,,0.3,30,0,9,,0,30,,,9,2,"0,0,0",0,0,0,0,0,0,0,0,0,0,0,0,,,,0,,,,,,,,,,,
21171,,2,0,绯甲虫浮游炮撞击,Em049_u01_FunnelSurrond,,0,,,,,,,,,,,,,,,,,,,,,,,,,,,,,,,,0.25,0.1,,6,,,40,,,6,2,"0,0,0",0,0,0.1,0,0,0,0,0,0,0,0,0,,,,,19183,,,,,,,,,,
21172,,2,0,狞龙背后咬击,Em063_BackBite,,0.05,0,0,0,0,0,0,0,"0,0,0",0,0,0,0,0,0,0,0,0,0,0,0,,0,0,,,,,,,,,0.5,30,0,7,,0,40,,,7,2,"0,0,0",0,0,0,0,0,0,0,0,0,0,0,0,,,,0,,,,,,,,,,,
21173,,2,0,狞龙背后咬击（腐食）,Em063_BackBiteAngry,,0.05,0,0,0,0,0,0,0,"0,0,0",0,0,0,0,0,0,0,0,0,0,0,0,,0,0,,,,,,,,,0.5,30,0,7,,0,40,,,7,2,"0,0,0",0,0,0,0,0,0,0,0,0,0,0,0,,,,0,19207,,,,,,,,,,
21174,,2,0,狞龙背后连续咬击,Em063_BackBiteCon,,0.04,0,0,0,0,0,0,0,"0,0,0",0,0,0,0,0,0,0,0,0,0,0,0,,0,0,,,,,,,,,0.4,30,0,7,,0,30,,,7,2,"0,0,0",0,0,0,0,0,0,0,0,0,0,0,0,,,,0,,,,,,,,,,,
21175,,2,0,狞龙背后连续咬击（腐食）,Em063_BackBiteConAngry,,0.04,0,0,0,0,0,0,0,"0,0,0",0,0,0,0,0,0,0,0,0,0,0,0,,0,0,,,,,,,,,0.4,30,0,7,,0,30,,,7,2,"0,0,0",0,0,0,0,0,0,0,0,0,0,0,0,,,,0,19207,,,,,,,,,,
21176,,2,0,狞龙咬击爆炸,Em063_BiteExplode,,0.06,0,0,0,0,0,0,0,"0,0,0",0,0,0,0,0,0,0,0,0,0,0,0,,0,0,,,,,,,,,0.3,40,0,11,,0,60,,,11,2,"0,0,0",0.3,0,0,0,0,0,0,0,0,0,0,0,,,,0,19180,,,,,,,,,,
21177,,2,0,狞龙侧咬,Em063_BiteSide,,0.03,0,0,0,0,0,0,0,"0,0,0",0,0,0,0,0,0,0,0,0,0,0,0,,0,0,,,,,,,,,0.3,15,0,7,,0,20,,,7,2,"0,0,0",0,0,0,0,0,0,0,0,0,0,0,0,,,,0,,,,,,,,,,,
21178,,2,0,狞龙侧咬（腐食）,Em063_BiteSideAngry,,0.03,0,0,0,0,0,0,0,"0,0,0",0,0,0,0,0,0,0,0,0,0,0,0,,0,0,,,,,,,,,0.3,15,0,7,,0,20,,,7,2,"0,0,0",0,0,0,0,0,0,0,0,0,0,0,0,,,,0,19207,,,,,,,,,,
21179,,2,0,狞龙三连击一段扫尾,Em063_ComboFirstTail,,0.02,0,0,0,0,0,0,0,"0,0,0",0,0,0,0,0,0,0,0,0,0,0,0,,0,0,,,,,,,,,0.2,110,0,2,,0,20,,,2,2,"0,0,0",0,0,0,0,0,0,0,0,0,0,0,0,,,,0,,,,,,,,,,,
21180,,2,0,狞龙三连击二段扫尾,Em063_ComboSecondTail,,0.03,0,0,0,0,0,0,0,"0,0,0",0,0,0,0,0,0,0,0,0,0,0,0,,0,0,,,,,,,,,0.3,20,0,13,,0,30,,,13,2,"0,0,0",0,0,0,0,0,0,0,0,0,0,0,0,,,,0,19121,19211,1,,,,,,,,
21181,,2,0,狞龙三连击爆炸,Em063_ComboExplode,,0.07,0,0,0,0,0,0,0,"0,0,0",0,0,0,0,0,0,0,0,0,0,0,0,,0,0,,,,,,,,,0.35,40,0,12,,0,70,,,12,2,"0,0,0",0.35,0,0,0,0,0,0,0,0,0,0,0,,,,0,19180,,,60032,,,,,,,
21182,,2,0,狞龙龙车,Em063_DragonDash,,0.05,0,0,0,0,0,0,0,"0,0,0",0,0,0,0,0,0,0,0,0,0,0,0,,0,0,,,,,,,,,0.5,30,0,10,,0,40,,,10,2,"0,0,0",0,0,0,0,0,0,0,0,0,0,0,0,,,,0,,,,,,,,,,,
21183,,2,0,狞龙火焰吐息,Em063_FireBreath,,0.06,0,0,0,0,0,0,0,"0,0,0",0,0,0,0,0,0,0,0,0,0,0,0,,0,0,,,,,,,,,0.3,0,0,10,,0,40,,,10,2,"0,0,0",0.3,0,0,0,0,0,0,0,0,0,0,0,,,,0,19180,,,,,,,,,,
21184,,2,0,狞龙前咬,Em063_ForwardBite,,0.045,0,0,0,0,0,0,0,"0,0,0",0,0,0,0,0,0,0,0,0,0,0,0,,0,0,,,,,,,,,0.45,30,0,7,,0,40,,,7,2,"0,0,0",0,0,0,0,0,0,0,0,0,0,0,0,,,,0,,,,,,,,,,,
21185,,2,0,狞龙前咬（腐食）,Em063_ForwardBiteAngry,,0.045,0,0,0,0,0,0,0,"0,0,0",0,0,0,0,0,0,0,0,0,0,0,0,,0,0,,,,,,,,,0.45,30,0,7,,0,40,,,7,2,"0,0,0",0,0,0,0,0,0,0,0,0,0,0,0,,,,0,19207,,,,,,,,,,
21186,,2,0,狞龙连续前咬甩击,Em063_ForwardBiteDash,,0.06,0,0,0,0,0,0,0,"0,0,0",0,0,0,0,0,0,0,0,0,0,0,0,,0,0,,,,,,,,,0.6,25,0,13,,0,50,,,13,2,"0,0,0",0,0,0,0,0,0,0,0,0,0,0,0,,,,0,,,,,,,,,,,
21187,,2,0,狞龙前咬爆炸,Em063_ForwardBiteExplode,,0.06,0,0,0,0,0,0,0,"0,0,0",0,0,0,0,0,0,0,0,0,0,0,0,,0,0,,,,,,,,,0.3,40,0,11,,0,60,,,11,2,"0,0,0",0.3,0,0,0,0,0,0,0,0,0,0,0,,,,0,19180,,,,,,,,,,
21188,,2,0,狞龙前咬爆炸飞石,Em063_ForwardBiteExplodeStone,,0.04,0,0,0,0,0,0,0,"0,0,0",0,0,0,0,0,0,0,0,0,0,0,0,,0,0,,,,,,,,,0.2,10,0,7,,0,20,,,7,2,"0,0,0",0.2,0,0,0,0,0,0,0,0,0,0,0,,,,0,19180,,,,,,,,,,
21189,,2,0,狞龙头槌攻击,Em063_HeadAttack,,0.035,0,0,0,0,0,0,0,"0,0,0",0,0,0,0,0,0,0,0,0,0,0,0,,0,0,,,,,,,,,0.35,20,0,9,,0,20,,,9,2,"0,0,0",0,0,0,0,0,0,0,0,0,0,0,0,,,,0,,,,,,,,,,,
21190,,2,0,狞龙头槌攻击挑飞,Em063_HeadAttackCon,,0.04,0,0,0,0,0,0,0,"0,0,0",0,0,0,0,0,0,0,0,0,0,0,0,,0,0,,,,,,,,,0.4,25,0,13,,0,30,,,13,2,"0,0,0",0,0,0,0,0,0,0,0,0,0,0,0,,,,0,,,,,,,,,,,
21191,,2,0,狞龙前进头槌扫尾,Em063_HeadAttackMoveTail,,0.03,0,0,0,0,0,0,0,"0,0,0",0,0,0,0,0,0,0,0,0,0,0,0,,0,0,,,,,,,,,0.3,10,0,6,,0,10,,,6,2,"0,0,0",0,0,0,0,0,0,0,0,0,0,0,0,,,,0,,,,,,,,,,,
21192,,2,0,狞龙重尾砸,Em063_HeavyTailAttack,,0.06,0,0,0,0,0,0,0,"0,0,0",0,0,0,0,0,0,0,0,0,0,0,0,,0,0,,,,,,,,,0.6,30,0,11,,0,60,,,11,2,"0,0,0",0,0,0,0,0,0,0,0,0,0,0,0,,,,0,,,,,,,,,,,
21193,,2,0,狞龙重尾砸冲击波,Em063_HeavyAttack,,0.055,0,0,0,0,0,0,0,"0,0,0",0,0,0,0,0,0,0,0,0,0,0,0,,0,0,,,,,,,,,0.55,25,0,11,,0,60,,,11,2,"0,0,0",0,0,0,0,0,0,0,0,0,0,0,0,,,,0,,,,,,,,,,,
21194,,2,0,狞龙铁山靠,Em063_ImpactHit,,0.06,0,0,0,0,0,0,0,"0,0,0",0,0,0,0,0,0,0,0,0,0,0,0,,0,0,,,,,,,,,0.6,25,0,10,,0,50,,,10,2,"0,0,0",0,0,0,0,0,0,0,0,0,0,0,0,,,,0,,,,,,,,,,,
21195,,2,0,狞龙前跳攻击,Em063_JumpStep,,0.04,0,0,0,0,0,0,0,"0,0,0",0,0,0,0,0,0,0,0,0,0,0,0,,0,0,,,,,,,,,0.4,10,0,9,,0,40,,,9,2,"0,0,0",0,0,0,0,0,0,0,0,0,0,0,0,,,,0,,,,,,,,,,,
21196,,2,0,狞龙前跳攻击落地,Em063_JumpStepNext,,0.02,0,0,0,0,0,0,0,"0,0,0",0,0,0,0,0,0,0,0,0,0,0,0,,0,0,,,,,,,,,0.2,10,0,6,,0,10,,,6,2,"0,0,0",0,0,0,0,0,0,0,0,0,0,0,0,,,,0,,,,,,,,,,,
21197,,2,0,狞龙飞石攻击,Em063_StoneAttack,,0.04,0,0,0,0,0,0,0,"0,0,0",0,0,0,0,0,0,0,0,0,0,0,0,,0,0,,,,,,,,,0.4,20,0,9,,0,30,,,9,2,"0,0,0",0,0,0,0,0,0,0,0,0,0,0,0,,,,0,,,,,,,,,,,
21198,,2,0,狞龙飞石攻击飞行物,Em063_Stone,,0.06,0,0,0,0,0,0,0,"0,0,0",0,0,0,0,0,0,0,0,0,0,0,0,,0,0,,,,,,,,,0.6,30,0,11,,0,70,,,11,2,"0,0,0",0,0,0,0,0,0,0,0,0,0,0,0,,,,0,,,,,,,,,,,
21199,,2,0,狞龙扫尾攻击,Em063_TailAttack,,0.04,0,0,0,0,0,0,0,"0,0,0",0,0,0,0,0,0,0,0,0,0,0,0,,0,0,,,,,,,,,0.4,20,0,9,,0,50,,,9,1,"0,0,0",0,0,0,0,0,0,0,0,0,0,0,0,,,,0,,,,,,,,,,,
21200,,2,0,狞龙二连击砸尾,Em063_TailAttackCombo,,0.035,0,0,0,0,0,0,0,"0,0,0",0,0,0,0,0,0,0,0,0,0,0,0,,0,0,,,,,,,,,0.35,20,0,9,,0,30,,,9,2,"0,0,0",0,0,0,0,0,0,0,0,0,0,0,0,,,,0,,,,,,,,,,,
21201,,2,0,狞龙二连击砸尾震地,Em063_TailAttackComboShake,,0,0,0,0,0,0,0,0,"0,0,0",0,0,0,0,0,0,0,0,0,0,0,0,,0,0,,,,,,,,,0,0,0,0,,0,5,,,0,2,"0,0,0",0,0,0,0,0,0,0,0,0,0,0,0,,,,0,,,,60003,,,,,,,
21202,,2,0,狞龙二连击爆炸,Em063_TailAttackComboExplode,,0.06,0,0,0,0,0,0,0,"0,0,0",0,0,0,0,0,0,0,0,0,0,0,0,,0,0,,,,,,,,,0.3,40,0,11,,0,60,,,11,2,"0,0,0",0.3,0,0,0,0,0,0,0,0,0,0,0,,,,0,19180,,,60032,,,,,,,
21203,,2,0,狞龙尾砸,Em063_TailUnderAttack,,0.04,0,0,0,0,0,0,0,"0,0,0",0,0,0,0,0,0,0,0,0,0,0,0,,0,0,,,,,,,,,0.4,20,0,9,,0,40,,,9,2,"0,0,0",0,0,0,0,0,0,0,0,0,0,0,0,,,,0,,,,,,,,,,,
21204,,2,0,狞龙尾砸范围,Em063_TailUnderAttackRange,,0.035,0,0,0,0,0,0,0,"0,0,0",0,0,0,0,0,0,0,0,0,0,0,0,,0,0,,,,,,,,,0.35,20,0,9,,0,40,,,9,2,"0,0,0",0,0,0,0,0,0,0,0,0,0,0,0,,,,0,,,,,,,,,,,
21205,,2,0,狞龙挑飞攻击,Em063_TailUpAttack,,0.035,0,0,0,0,0,0,0,"0,0,0",0,0,0,0,0,0,0,0,0,0,0,0,,0,0,,,,,,,,,0.35,25,0,13,,0,20,,,13,2,"0,0,0",0,0,0,0,0,0,0,0,0,0,0,0,,,,0,,,,,,,,,,,
21206,,2,0,狞龙尾刺攻击,Em063_ThornAttack,,0.03,0,0,0,0,0,0,0,"0,0,0",0,0,0,0,0,0,0,0,0,0,0,0,,0,0,,,,,,,,,0.3,15,0,9,,0,30,,,9,2,"0,0,0",0,0,0,0,0,0,0,0,0,0,0,0,,,,0,,,,,,,,,,,
21207,,2,0,狞龙尾刺,Em063_Thorn,,0.035,0,0,0,0,0,0,0,"0,0,0",0,0,0,0,0,0,0,0,0,0,0,0,,0,0,,,,,,,,,0.35,10,0,6,,0,20,,,6,2,"0,0,0",0,0,0,0,0,0,0,0,0,0,0,0,,,,0,,,,,,,,,,,
21208,,2,0,狞龙右踩地攻击,Em063_TreadAttack,,0.045,0,0,0,0,0,0,0,"0,0,0",0,0,0,0,0,0,0,0,0,0,0,0,,0,0,,,,,,,,,0.45,35,0,9,,0,50,,,9,2,"0,0,0",0,0,0,0,0,0,0,0,0,0,0,0,,,,0,,,,,,,,,,,
21209,,2,0,狞龙左踩地攻击,Em063_TreadAttackLeft,,0.035,0,0,0,0,0,0,0,"0,0,0",0,0,0,0,0,0,0,0,0,0,0,0,,0,0,,,,,,,,,0.35,25,0,9,,0,40,,,9,2,"0,0,0",0,0,0,0,0,0,0,0,0,0,0,0,,,,0,,,,,,,,,,,
21210,,2,0,狞龙吼叫,Em063_Howl,,0,0,0,0,0,0,0,0,"0,0,0",0,0,0,0,0,0,0,0,0,0,0,0,,0,0,,,,,,,,,0,0,0,0,,0,40,,,0,2,"0,0,0",0,0,0,0,0,0,0,0,0,0,0,0,,,,0,,,,60012,,,,,,,
21211,,2,0,狞龙二连击二段扫尾,Em063_TailComboSecondTail,,0.03,0,0,0,0,0,0,0,"0,0,0",0,0,0,0,0,0,0,0,0,0,0,0,,0,0,,,,,,,,,0.3,20,0,13,,0,30,,,13,2,"0,0,0",0,0,0,0,0,0,0,0,0,0,0,0,,,,0,19121,,1,,,,,,,,
21212,,2,0,绯甲虫浮游炮攻击前能量波,Em049_u01_Funnel_Wave,,0.035,,,,,,,,,,,,,,,,,,,,,,,,,,,,,,,,0.2,15,,9,,,40,,,9,2,"0,0,0",0,0,0.15,0,0,0,0,0,0,0,0,0,,,,,19183,,,,,,,,,,
21213,,2,0,金火龙猛毒甩尾,Em021_u02_TailTL02,,0.035,0,0,0,0,0,0,0,"0,0,0",0,0,0,0,0,0,0,0,0,0,0,0,,0,12232,,,,,,,,,0.35,40,0,12,,0,40,,,12,1,"0,0,0",0,0,0,0,0,0,0,0,0,0,0,1024,,,,0,20000,0,,,,,,,,,
21214,,2,0,金火龙猛毒甩尾,Em021_u02_TailTL09,,0.045,0,0,0,0,0,0,0,"0,0,0",0,0,0,0,0,0,0,0,0,0,0,0,,0,12232,,,,,,,,,0.45,40,0,12,,0,40,,,12,1,"0,0,0",0,0,0,0,0,0,0,0,0,0,0,1024,,,,0,20000,0,,,,,,,,,
21215,,2,0,狞龙连续前咬甩击（腐食）,Em063_ForwardBiteDashAngry,,0.06,0,0,0,0,0,0,0,"0,0,0",0,0,0,0,0,0,0,0,0,0,0,0,,0,0,,,,,,,,,0.6,25,0,13,,0,50,,,13,2,"0,0,0",0,0,0,0,0,0,0,0,0,0,0,0,,,,0,19207,,,,,,,,,,
21216,,2,0,爆锤龙_震动,Em091_Quake,,0,0,0,0,0,0,0,0,"0,0,0",0,0,0,0,0,0,0,0,0,0,0,0,,0,,70023,,,,,,,,0,,,0,,,10,,,0,2,"0,0,0",0,0,0,0,0,,,,,,,,,,,,,,,60003,,,,,,,
21217,,,,舞雷龙咬击A（麻痹）,Em044_Bite_PackA,,0.01,,,,,,,,,,,,,,,,,,,,,,,,,,,,,,,,0.1,5,,0,,,30,,,0,2,"0,0,0",0,0,0,0.1,0,,,,,,,,,,,,60005,,,,,,,,,,
21218,,,,舞雷龙咬击B（斩味清空）,Em044_Bite_PackB,,0.01,,,,,,,,,,,,,,,,,,,,,,,,,,,,,,,,0.1,15,,7,,,30,,,7,2,"0,0,0",0,0,0,0.1,0,,,,,,,,,,,,19217,,,,,,,,,,
21219,,,,舞雷龙钩爪攻击,Em044_CLawAttack,,0.02,,,,,,,,,,,,,,,,,,,,,,,,,,,,,,,,0.2,10,,9,,,40,,,9,2,"0,0,0",0,0,0,0.1,0,,,,,,,,,,,,,,,,,,,,,,
21220,,,,舞雷龙钩爪鞭侧击（无效果）,Em044_ClawWhip,,0.02,,,,,,,,,,,,,,,,,,,,,,,,,,,,,,,,0.2,15,,9,,,45,,,9,2,"0,0,0",0,0,0,0.2,0,,,,,,,,,,,,,,,,,,,,,,
21221,,,,舞雷龙钩爪鞭侧击（麻痹）,Em044_ClawWhip_G,,0.02,,,,,,,,,,,,,,,,,,,,,,,,,,,,,,,,0.2,5,,0,,,45,,,0,2,"0,0,0",0,0,0,0.2,0,,,,,,,,,,,,60005,,,,,,,,,,
21222,,,,舞雷龙小放电（雷异常小）,Em044_DisCharge,,0.02,,,,,,,,,,,,,,,,,,,,,,,,,,,,,,,,0.2,15,,9,,,40,,,9,2,"0,0,0",0,0,0,0.2,0,,,,,,,,,,,,19181,,,,,,,,,,
21223,,,,舞雷龙龙息（雷异常大）,Em044_DragonBreath,,0.035,,,,,,,,,,,,,,,,,,,,,,,,,,,,,,,,0.35,20,,10,,,50,,,10,2,"0,0,0",0,0,0,0.2,0,,,,,,,,,,,,19182,,,,,,,,,,
21224,,,,舞雷龙滑行攻击,Em044_Glide,,0.03,,,,,,,,,,,,,,,,,,,,,,,,,,,,,,,,0.3,15,,10,,,50,,,10,2,"0,0,0",0,0,0,0.15,0,,,,,,,,,,,,,,,,,,,,,,
21225,,,,舞雷龙落地大放电（雷异常大）,Em044_LandStamp,,0.045,,,,,,,,,,,,,,,,,,,,,,,,,,,,,,,,0.45,30,,11,,,70,,,11,2,"0,0,0",0,0,0,0.25,0,,,,,,,,,,,,19182,,,,,,,,,,
21226,,,,舞雷龙回旋爪击,Em044_StonePing,,0.025,,,,,,,,,,,,,,,,,,,,,,,,,,,,,,,,0.25,10,,7,,,35,,,7,2,"0,0,0",0,0,0,0,0,,,,,,,,,,,,,,,,,,,,,,
21227,,,,舞雷龙回旋升空,Em044_Spiral,,0.035,,,,,,,,,,,,,,,,,,,,,,,,,,,,,,,,0.35,15,,9,,,45,,,9,2,"0,0,0",0,0,0,0,0,,,,,,,,,,,,,,,,,,,,,,
21228,,,,舞雷龙尾砸,Em044_TailBeat,,0.035,,,,,,,,,,,,,,,,,,,,,,,,,,,,,,,,0.35,20,,9,,,40,,,9,2,"0,0,0",0,0,0,0.05,0,,,,,,,,,,,,,,,,,,,,,,
21229,,,,舞雷龙飞石攻击,Em044_ThrowStone,,0.05,,,,,,,,,,,,,,,,,,,,,,,,,,,,,,,,0.5,30,,11,,,60,,,11,2,"0,0,0",0,0,0,0,0,,,,,,,,,,,,,,,,,,,,,,
21230,,,,舞雷龙自走雷球-蓝（雷异常大）,Em044_AutoVoltBall_Blue,,0.015,,,,,,,,,,,,,,,,,,,,,,,,,,,,,,,,0.15,15,,7,,,40,,,7,2,"0,0,0",0,0,0,0.2,0,,,,,,,,,,,,19182,,,,,,,,,,
21231,,,,舞雷龙自走雷球-黄（雷异常小）,Em044_AutoVoltBall_Yellow,,0.015,,,,,,,,,,,,,,,,,,,,,,,,,,,,,,,,0.15,10,,7,,,35,,,7,2,"0,0,0",0,0,0,0.15,0,,,,,,,,,,,,19181,,,,,,,,,,
21232,,,,舞雷龙超大落地AOE（雷异常大）,Em044_LandStamp_G,,0.045,,,,,,,,,,,,,,,,,,,,,,,,,,,,,,,,0.45,30,,11,,,70,,,11,2,"0,0,0",0,0,0,0.3,0,,,,,,,,,,,,19182,,,,,,,,,,
21233,,,,舞雷龙钩爪扫击（无效果）,Em044_WingSweep,,0.015,,,,,,,,,,,,,,,,,,,,,,,,,,,,,,,,0.15,15,,7,,,35,,,7,2,"0,0,0",0,0,0,0.15,0,,,,,,,,,,,,,,,,,,,,,,
21234,,,,舞雷龙钩爪扫击（有麻痹）,Em044_WingSweep_G,,0.015,,,,,,,,,,,,,,,,,,,,,,,,,,,,,,,,0.15,5,,0,,,35,,,0,2,"0,0,0",0,0,0,0.15,0,,,,,,,,,,,,60005,,,,,,,,,,
21235,,,,舞雷龙嘴炮Beam（雷异常大）,Em044_BeamCombo,,0.045,,,,,,,,,,,,,,,,,,,,,,,,,,,,,,,,0.45,25,,11,,,60,1,,11,2,"0,0,0",0,0,0,0.25,0,,,,,,,,,,,,19215,19182,,,,,,,,,
21236,,,,舞雷龙地面咬击,Em044_Land_Bite,,0.02,,,,,,,,,,,,,,,,,,,,,,,,,,,,,,,,0.2,5,,7,,,30,,,7,2,"0,0,0",0,0,0,0,0,,,,,,,,,,,,,,,,,,,,,,
21237,,,,舞雷龙龙车,Em044_DragonDash,,0.04,,,,,,,,,,,,,,,,,,,,,,,,,,,,,,,,0.4,20,,9,,,50,,,9,2,"0,0,0",0,0,0,0,0,,,,,,,,,,,,,,,,,,,,,,
21238,,,,舞雷龙甩尾,Em044_TailAttack,,0.03,,,,,,,,,,,,,,,,,,,,,,,,,,,,,,,,0.3,20,,9,,,45,,,9,2,"0,0,0",0,0,0,0.1,0,,,,,,,,,,,,,,,,,,,,,,
21239,,,,舞雷龙钩爪扣地抽击,Em044_WingSting,,0.035,,,,,,,,,,,,,,,,,,,,,,,,,,,,,,,,0.35,20,,9,,,40,,,9,2,"0,0,0",0,0,0,0.1,0,,,,,,,,,,,,19215,,,,,,,,,,
21240,,2,0,Lemon镰蟹跳斩,Em015_JumpCut_,,0.004,0,0,0,0,0,0,0,"0,0,0",0,0,0,0,0,0,0,0,0,0,0,0,,0,19117,,,,,,,,,0.4,0,0,9,,0,0,,,9,2,"0,0,0",0,0,0,0,0,,,,,,,,,,,,19117,,,,,,,,,,
21241,,2,0,Lemon镰蟹居合斩,Em015_Attack_TwinClawHCut_Lemon,,0.045,0,0,0,0,0,0,0,"0,0,0",0,0,0,0,0,0,0,0,0,0,0,0,,0,19117,,,,,,,,,0.65,0,0,13,,0,0,,,13,2,"0,0,0",0,0,0,0,0,,,,,,,,,,,,19117,,,,,,,,,,
21242,,2,0,Lemon镰蟹V字斩,Em015_Attack_TwinClawVCut_Lemon,,0.045,0,0,0,0,0,0,0,"0,0,0",0,0,0,0,0,0,0,0,0,0,0,0,,0,19117,,,,,,,,,0.55,0,0,8,,0,,,,8,2,"0,0,0",0,0,0,0,0,,,,,,,,,,,,19117,,,,,,,,,,
21243,,,,Lemon镰蟹左手斩,Em015_Attack_LeftClawStand_Lemon,,0.03,0,0,0,0,0,0,0,"0,0,0",0,0,0,0,0,0,0,0,0,0,0,0,,0,19117,,,,,,,,,0.45,0,0,7,,0,,,,8,2,"0,0,0",0,0,0,0,0,,,,,,,,,,,,19117,,,,,,,,,,
21244,,,,Lemon镰蟹右手斩,Em015_Attack_RightClawStand_Lemon,,0.03,0,0,0,0,0,0,0,"0,0,0",0,0,0,0,0,0,0,0,0,0,0,0,,0,19117,,,,,,,,,0.45,0,0,7,,0,,,,7,2,"0,0,0",0,0,0,0,0,,,,,,,,,,,,19117,,,,,,,,,,
21245,,2,0,眠鸟_Lemon,MouthAttackHead123,,0.035,0,0,0,0,0,0,0,"0,0,0",0,0,0,0,0,0,0,0,0,0,0,0,,0,0,,,,,,,,,0.35,25,0,2,,0,45,,,2,2,"0,0,0",0,0,0,0,0,0,0,0,0,0,0,0,,,,0,0,0,,,,,,,,,
21246,,2,0,金火龙强甩尾,Em021_u02_HeavyTail,,0.035,0,0,0,0,0,0,0,"0,0,0",0,0,0,0,0,0,0,0,0,0,0,0,,0,0,,,,,,,,,0.35,20,0,9,,0,50,,,9,2,"0,0,0",0,0,0,0,0,0,0,0,0,0,0,0,,,,0,,,,,,,,,,,
21247,,2,0,吞龙吐石头,Em027Stone,,0.01,,,,,,,,,,,,,,,,,,,,,,,,,,,,,,,,0.1,40,,2,,,0,,,2,2,"0,0,0",0,0,0,0,0,,,,,,,,,,,,,,,,,,,,,,
21248,,2,0,奇烈雪狮子王雪球,Em017_Lemon_SnowBall,,0.04,,,,,,,,,,,,,,,,,,,,,,,,,,,,,,,,0.2,20,,9,,,40,,,9,2,"0,0,0",0,0,0,0,0.2,0,0,0,0,0,0,0,,,,0,19185,0,,60019,,,,,,,
21249,,2,0,奇烈雪狮子王雪球爆炸,Em017_Lemon_SnowBallExplosion,,0.025,,,,,,,,,,,,,,,,,,,,,,,,,,,,,,,,0.1,10,,6,,,20,,,6,2,"0,0,0",0,0,0,0,0.15,0,0,0,0,0,0,0,,,,0,19185,0,,60019,,,,,,,
21250,,2,0,奇烈雪狮子王跃出,Em017_Lemon_JumpOut,,0.04,,,,,,,,,,,,,,,,,,,,,,,,,,,,,,,,0.2,35,,10,,,40,,,10,2,"0,0,0",0,0,0,0,0.2,,,,,,,,,,,,19184,,,,,,,,,,
21251,,2,0,奇烈雪狮子王下砸,Em017_Lemon_HeavyBodyDown,,0.055,,,,,,,,,,,,,,,,,,,,,,,,,,,,,,,,0.275,35,,12,,,50,,,12,2,"0,0,0",0,0,0,0,0.275,,,,,,,,,,,,19184,,,,,,,,,,
21252,,2,0,奇烈雪狮子王喷吐,Em017_Lemon_Shoot,,0.04,,,,,,,,,,,,,,,,,,,,,,,,,,,,,,,,0.2,10,,6,,,30,,,6,2,"0,0,0",0,0,0,0,0.2,0,0,0,0,0,0,0,,,,0,19185,0,,60019,,,,,,,
21253,,2,0,奇烈雪狮子王龙车,Em017_Lemon_DragonDash,,0.04,,,,,,,,,,,,,,,,,,,,,,,,,,,,,,,,0.2,30,,11,,,40,,,11,2,"0,0,0",0,0,0,0,0.2,,,,,,,,,,,,19184,,,,,,,,,,
21254,,2,0,奇烈雪狮子王前扑,Em017_Lemon_QuickJumpForward,,0.045,,,,,,,,,,,,,,,,,,,,,,,,,,,,,,,,0.25,30,,12,,,40,,,12,2,"0,0,0",0,0,0,0,0.2,,,,,,,,,,,,19184,,,,,,,,,,
21255,,2,0,奇烈雪狮子王爪击,Em017_Lemon_Claw,,0.03,,,,,,,,,,,,,,,,,,,,,,,,,,,,,,,,0.15,20,,11,,,30,,,11,2,"0,0,0",0,0,0,0,0.15,,,,,,,,,,,,19184,,,,,,,,,,
21256,,2,0,奇烈雪狮子王强化爪击,Em017_Lemon_ClawToRight,,0.04,,,,,,,,,,,,,,,,,,,,,,,,,,,,,,,,0.2,20,,12,,,30,,,12,2,"0,0,0",0,0,0,0,0.2,,,,,,,,,,,,19184,,,,,,,,,,
21257,,2,0,奇烈雪狮子王下压,Em017_Lemon_BodyDown,,0.05,,,,,,,,,,,,,,,,,,,,,,,,,,,,,,,,0.25,35,,12,,,40,,,12,2,"0,0,0",0,0,0,0,0.25,,,,,,,,,,,,19184,,,,,,,,,,
21258,,2,0,奇烈雪狮子王挥击,Em017_Lemon_Strike,,0.05,,,,,,,,,,,,,,,,,,,,,,,,,,,,,,,,0.25,30,,11,,,40,,,11,2,"0,0,0",0,0,0,0,0.25,,,,,,,,,,,,19184,,,,,,,,,,
21259,,,,舞雷龙地面带电咬击（麻痹）,Em044_Land_VoltBite,,0.02,,,,,,,,,,,,,,,,,,,,,,,,,,,,,,,,0.2,15,,0,,,35,,,0,2,"0,0,0",0,0,0,0.1,0,,,,,,,,,,,,60005,,,,,,,,,,
21260,,2,0,奇烈岩龙火气,Em023_Lemon_FireGas,,0.04,,,,,,,,,,,,,,,,,,,,,,,12231,,,,,,,,,0.2,10,,12,,,30,1,,12,2,"0,0,0",0.2,0,0,0,0,,,,,,,,,,,,19180,,,,,,,,,,
21261,,2,0,奇烈岩龙前冲火气,Em023_Lemon_DashBreath,,0.03,,,,,,,,,,,,,,,,,,,,,,,12231,,,,,,,,,0.15,10,,12,,,30,1,,12,2,"0,0,0",0.15,0,0,0,0,,,,,,,,,,,,19180,,,,,,,,,,
21264,,2,0,冰狐龙咬击,Em058_Bite,,0.035,0,0,0,0,0,0,0,"0,0,0",0,0,0,0,0,0,0,0,0,0,0,0,,0,0,,,,,,,,,0.35,25,0,9,,0,30,,,9,2,"0,0,0",0,0,0,0,0,0,0,0,0,0,0,0,,,,0,,,,,,,,,,,
21265,,2,0,冰狐龙咬击（手部）,Em058_BiteHand,,0.02,0,0,0,0,0,0,0,"0,0,0",0,0,0,0,0,0,0,0,0,0,0,0,,0,0,,,,,,,,,0.2,10,0,6,,0,20,,,6,2,"0,0,0",0,0,0,0,0,0,0,0,0,0,0,0,,,,0,,,,,,,,,,,
21266,,2,0,冰狐龙回旋攻击,Em058_DoubleLariat,,0.04,0,0,0,0,0,0,0,"0,0,0",0,0,0,0,0,0,0,0,0,0,0,0,,0,0,,,,,,,,,0.4,30,0,9,,0,30,,,9,2,"0,0,0",0,0,0,0,0,0,0,0,0,0,0,0,,,,0,,,,,,,,,,,
21267,,2,0,冰狐龙回旋攻击（尾部）,Em058_DoubleLariatTail,,0.025,0,0,0,0,0,0,0,"0,0,0",0,0,0,0,0,0,0,0,0,0,0,0,,0,0,,,,,,,,,0.25,15,0,7,,0,20,,,7,2,"0,0,0",0,0,0,0,0,0,0,0,0,0,0,0,,,,0,,,,,,,,,,,
21268,,2,0,冰狐龙龙车攻击,Em058_DragonDash,,0.045,0,0,0,0,0,0,0,"0,0,0",0,0,0,0,0,0,0,0,0,0,0,0,,0,0,,,,,,,,,0.45,30,0,10,,0,40,,,10,2,"0,0,0",0,0,0,0,0,0,0,0,0,0,0,0,,,,0,,,,,,,,,,,
21269,,2,0,冰狐龙前扑攻击,Em058_ForwardJump,,0.04,0,0,0,0,0,0,0,"0,0,0",0,0,0,0,0,0,0,0,0,0,0,0,,0,0,,,,,,,,,0.4,30,0,10,,0,40,,,10,2,"0,0,0",0,0,0,0,0,0,0,0,0,0,0,0,,,,0,,,,,,,,,,,
21270,,2,0,冰狐龙前扑攻击（尾部）,Em058_ForwardJumpTail,,0.025,0,0,0,0,0,0,0,"0,0,0",0,0,0,0,0,0,0,0,0,0,0,0,,0,0,,,,,,,,,0.25,15,0,7,,0,20,,,7,2,"0,0,0",0,0,0,0,0,0,0,0,0,0,0,0,,,,0,,,,,,,,,,,
21271,,2,0,冰狐龙横扫,Em058_HandAttack,,0.04,0,0,0,0,0,0,0,"0,0,0",0,0,0,0,0,0,0,0,0,0,0,0,,0,0,,,,,,,,,0.4,30,,10,,,40,,,10,2,"0,0,0",0,0,0,0,0,0,0,0,0,0,0,0,,,,0,,,,,,,,,,,
21272,,2,0,冰狐龙扫尾,Em058_HandAttackTail,,0.045,0,0,0,0,0,0,0,"0,0,0",0,0,0,0,0,0,0,0,0,0,0,0,,0,0,,,,,,,,,0.45,35,,11,,,40,,,11,2,"0,0,0",0,0,0,0,0,0,0,0,0,0,0,0,,,,0,,,,,,,,,,,
21273,,2,0,冰狐龙双重回旋,Em058_HeavyRoundAttack,,0.055,0,0,0,0,0,0,0,"0,0,0",0,0,0,0,0,0,0,0,0,0,0,0,,0,0,,,,,,,,,0.55,35,,11,,,50,,,11,2,"0,0,0",0,0,0,0,0,0,0,0,0,0,0,0,,,,0,,,,,,,,,,,
21274,,2,0,冰狐龙冰柱攻击,Em058_IceAttack,,0.05,0,0,0,0,0,0,0,"0,0,0",0,0,0,0,0,0,0,0,0,0,0,0,,0,0,,,,,,,,,0.25,30,,9,,,30,,,9,2,"0,0,0",0,0,0,0,0.25,0,0,0,0,0,0,0,,,,0,19185,,,,,,,,,,
21275,,2,0,冰狐龙冰柱攻击碎冰,Em058_IceShard,,0.04,0,0,0,0,0,0,0,"0,0,0",0,0,0,0,0,0,0,0,0,0,0,0,,0,0,,,,,,,,,0.2,20,,9,,,20,,,9,2,"0,0,0",0,0,0,0,0.2,0,0,0,0,0,0,0,,,,0,19185,,,,,,,,,,
21276,,2,0,冰狐龙侧撞攻击,Em058_ImpactHit,,0.05,0,0,0,0,0,0,0,"0,0,0",0,0,0,0,0,0,0,0,0,0,0,0,,0,0,,,,,,,,,0.5,35,,10,,,40,,,10,2,"0,0,0",0,0,0,0,0,0,0,0,0,0,0,0,,,,0,,,,,,,,,,,
21277,,2,0,冰狐龙防反攻击,Em058_KeepAttack,,0.045,0,0,0,0,0,0,0,"0,0,0",0,0,0,0,0,0,0,0,0,0,0,0,,0,0,,,,,,,,,0.45,30,,10,,,40,,,10,2,"0,0,0",0,0,0,0,0,0,0,0,0,0,0,0,,,,0,,,,,,,,,,,
21278,,2,0,冰狐龙防反攻击（尾部）,Em058_KeepAttackTail,,0.025,0,0,0,0,0,0,0,"0,0,0",0,0,0,0,0,0,0,0,0,0,0,0,,0,0,,,,,,,,,0.25,15,,7,,,20,,,7,2,"0,0,0",0,0,0,0,0,0,0,0,0,0,0,0,,,,0,,,,,,,,,,,
21279,,2,0,冰狐龙挥击,Em058_RoundAttack,,0.04,0,0,0,0,0,0,0,"0,0,0",0,0,0,0,0,0,0,0,0,0,0,0,,0,0,,,,,,,,,0.4,20,,9,,,30,,,9,2,"0,0,0",0,0,0,0,0,0,0,0,0,0,0,0,,,,0,,,,,,,,,,,
21280,,2,0,冰狐龙挥击（尾部）,Em058_RoundAttackTail,,0.02,0,0,0,0,0,0,0,"0,0,0",0,0,0,0,0,0,0,0,0,0,0,0,,0,0,,,,,,,,,0.2,10,,6,,,20,,,6,2,"0,0,0",0,0,0,0,0,0,0,0,0,0,0,0,,,,0,,,,,,,,,,,
21281,,2,0,冰狐龙冰柱吐息,Em058_Shoot,,0.045,0,0,0,0,0,0,0,"0,0,0",0,0,0,0,0,0,0,0,0,0,0,0,,0,0,,,,,,,,,0.25,15,,9,,,20,,,9,2,"0,0,0",0,0,0,0,0.2,0,0,0,0,0,0,0,,,,0,19185,,,,,,,,,,
21282,,2,0,冰狐龙前跳扫尾,Em058_TailAttack,,0.04,0,0,0,0,0,0,0,"0,0,0",0,0,0,0,0,0,0,0,0,0,0,0,,0,0,,,,,,,,,0.4,30,,10,,,40,,,10,2,"0,0,0",0,0,0,0,0,0,0,0,0,0,0,0,,,,0,,,,,,,,,,,
21283,,2,0,冰狐龙前跳尾砸,Em058_TailAttackDown,,0.03,0,0,0,0,0,0,0,"0,0,0",0,0,0,0,0,0,0,0,0,0,0,0,,0,0,,,,,,,,,0.3,15,,7,,,20,,,7,2,"0,0,0",0,0,0,0,0,0,0,0,0,0,0,0,,,,0,,,,,,,,,,,
21284,,2,0,冰狐龙前跳眠气,Em058_SleepGas,,0,0,0,0,0,0,0,0,"0,0,0",0,0,0,0,0,0,0,0,0,0,0,0,,0,0,,,,,,,,,0,0,,0,,,10,,,0,2,"0,0,0",0,0,0,0,0,0,0,0,0,0,0,0,,,,0,,,,60006,,,,,,,
21285,,2,0,冰狐龙后跳震地,Em058_WaveAttack,,0.035,0,0,0,0,0,0,0,"0,0,0",0,0,0,0,0,0,0,0,0,0,0,0,,0,0,,,,,,,,,0.35,20,,13,,,30,,,13,2,"0,0,0",0,0,0,0,0,0,0,0,0,0,0,0,,,,0,19121,19211,1,,,,,,,,
21286,,2,0,冰狐龙后跳爆炸,Em058_WaveAttackLaunch,,0.065,0,0,0,0,0,0,0,"0,0,0",0,0,0,0,0,0,0,0,0,0,0,0,,0,0,,,,,,,,,0.35,40,,11,,,60,,,11,2,"0,0,0",0,0,0,0,0.3,0,0,0,0,0,0,0,,,,0,19185,,,60032,,,,,,,
21287,,2,0,冰狐龙挥爪攻击,Em058_WindAttack,,0.04,0,0,0,0,0,0,0,"0,0,0",0,0,0,0,0,0,0,0,0,0,0,0,,0,0,,,,,,,,,0.4,25,,9,,,30,,,9,2,"0,0,0",0,0,0,0,0,0,0,0,0,0,0,0,,,,0,,,,,,,,,,,
21288,,2,0,冰狐龙挥爪冰气,Em058_WindAttackWind,,0.02,0,0,0,0,0,0,0,"0,0,0",0,0,0,0,0,0,0,0,0,0,0,0,,0,0,,,,,,,,,0.1,0,,6,,,10,,,6,2,"0,0,0",0,0,0,0,0.1,0,0,0,0,0,0,0,,,,0,19185,,,,,,,,,,
21289,,2,0,冰狐龙挥爪龙卷,Em058_WindAttackTornado,,0.04,0,0,0,0,0,0,0,"0,0,0",0,0,0,0,0,0,0,0,0,0,0,0,,0,0,,,,,,,,,0.2,20,,13,,,40,,,13,2,"0,0,0",0,0,0,0,0.2,0,0,0,0,0,0,0,,,,0,19185,,,,,,,,,,
21290,,2,0,银火龙空中火咬,Em025_u02_Air_Bite_25,,0.015,0,0,0,0,0,0,0,"0,0,0",0,0,0,0,0,0,0,0,0,0,0,0,,0,12231,,,,,,,,,0.15,10,0,6,,0,15,,,6,2,"0,0,0",0.1,0,0,0,0,0,0,0,0,0,0,0,,,,0,19180,,,,,,,,,,
21291,,2,0,银火龙空中毒抓,Em025_u02_Air_Claw_Posion_30,,0.03,0,0,0,0,0,0,0,"0,0,0",0,0,0,0,0,0,0,0,0,0,0,0,,0,12232,,,,,,,,,0.3,30,0,12,,0,20,,,12,2,"0,0,0",0,0,0,0,0,0,0,0,0,0,0,0,,,,0,20000,,,,,,,,,,
21292,,2,0,银火龙空中龙车,Em025_u02_Dash_25,,0.025,0,0,0,0,0,0,0,"0,0,0",0,0,0,0,0,0,0,0,0,0,0,0,,0,0,,,,,,,,,0.25,30,0,11,,0,30,,,11,2,"0,0,0",0,0,0,0,0,0,0,0,0,0,0,0,,,,0,,,,,,,,,,,
21293,,2,0,银火龙地面火咬,Em025_u02_Bite_25,,0.025,0,0,0,0,0,0,0,"0,0,0",0,0,0,0,0,0,0,0,0,0,0,0,,0,0,,,,,,,,,0.25,10,0,6,,0,15,,,6,2,"0,0,0",0,0,0,0,0,0,0,0,0,0,0,0,,,,0,,,,,,,,,,,
21294,,2,0,银火龙地面龙车,Em025_u02_Dash_40,,0.04,0,0,0,0,0,0,0,"0,0,0",0,0,0,0,0,0,0,0,0,0,0,0,,0,0,,,交互行为,5,,,,,0.4,30,0,11,,0,30,,,11,2,"0,0,0",0,0,0,0,0,0,0,0,0,0,0,0,,,,0,,,,,,,,,,,
21295,,2,0,银火龙地面毒抓,Em025_u02_Claw_Posion_40,,0.04,0,0,0,0,0,0,0,"0,0,0",0,0,0,0,0,0,0,0,0,0,0,0,,0,12232,,,,,,,,,0.4,30,0,12,,0,20,,,12,2,"0,0,0",0,0,0,0,0,0,0,0,0,0,0,0,,,,0,20000,,,,,,,,,,
21296,,2,0,银火龙大甩尾,Em025_u02_HeavyTail_30,,0.03,0,0,0,0,0,0,0,"0,0,0",0,0,0,0,0,0,0,0,0,0,0,0,,0,0,,,,,,,,,0.3,30,0,11,,0,30,,,11,2,"0,0,0",0,0,0,0,0,0,0,0,0,0,0,0,,,,0,,,,,,,,,,,
21297,,2,0,银火龙小甩尾,Em025_u02_Tail_20,,0.02,0,0,0,0,0,0,0,"0,0,0",0,0,0,0,0,0,0,0,0,0,0,0,,0,0,,,,,,,,,0.2,10,0,11,,0,15,,,11,2,"0,0,0",0,0,0,0,0,0,0,0,0,0,0,0,,,,0,,,,,,,,,,,
21298,,2,0,银火龙火球,Em025_u02_FireBall_35,,0.02,0,0,0,0,0,0,0,"0,0,0",0,0,0,0,0,0,0,0,0,0,0,0,,0,12231,,,交互行为,8,,,,,0.2,30,0,11,,0,30,,,11,2,"0,0,0",0.15,0,0,0,0,0,0,0,0,0,0,2048,,,,0,19180,,,,,,,,,,
21299,,2,0,银火龙火球残留,Em025_u02_Ground_Fire_0,,0,0,0,0,0,0,0,0,"0,0,0",0,0,0,0,0,0,0,0,0,0,0,0,,0,12231,,,,,,,,,0,0,0,2,,0,3,,,2,2,"0,0,0",0.03,0,0,0,0,0,0,0,0,0,0,0,,,,0,19180,,,,,,,,,,
21300,,2,0,霸龙下巴敲地,Em045_Beat,,0.06,0,0,0,0,0,0,0,"0,0,0",0,0,0,0,0,0,0,0,0,0,0,0,,0,0,,,,,,,,,0.6,25,,11,,,60,,,11,2,"0,0,0",0,0,0,0,0,0,0,0,0,0,0,0,,,,0,,,,,,,,,,,
21301,,2,0,霸龙咬,Em045_Bite,,0.04,0,0,0,0,0,0,0,"0,0,0",0,0,0,0,0,0,0,0,0,0,0,0,,0,0,,,,,,,,,0.4,20,,9,,,40,,,9,2,"0,0,0",0,0,0,0,0,0,0,0,0,0,0,0,,,,0,,,,,,,,,,,
21302,,2,0,霸龙龙车,Em045_DragonDash,,0.05,0,0,0,0,0,0,0,"0,0,0",0,0,0,0,0,0,0,0,0,0,0,0,,0,0,,,,,,,,,0.5,20,,11,,,60,,,11,2,"0,0,0",0,0,0,0,0,0,0,0,0,0,0,0,,,,0,,,,,,,,,,,
21303,,2,0,霸龙爪子蹭伤,Em045_ClawHit,,0.02,0,0,0,0,0,0,0,"0,0,0",0,0,0,0,0,0,0,0,0,0,0,0,,0,0,,,,,,,,,0.2,10,,7,,,40,,,7,2,"0,0,0",0,0,0,0,0,0,0,0,0,0,0,0,,,,0,,,,,,,,,,,
21304,,2,0,霸龙龙车咬（转身咬）,Em045_DragonDashBite,,0.05,0,0,0,0,0,0,0,"0,0,0",0,0,0,0,0,0,0,0,0,0,0,0,,0,0,,,,,,,,,0.5,30,,10,,,50,,,10,2,"0,0,0",0,0,0,0,0,0,0,0,0,0,0,0,,,,0,,,,,,,,,,,
21305,,2,0,霸龙钻地_熔岩,Em045_Dig_Magma,,0.03,0,0,0,0,0,0,0,"0,0,0",0,0,0,0,0,0,0,0,0,0,0,0,,0,0,,,,,,,,,0.2,0,,9,,,50,,,9,2,"0,0,0",0.1,0,0,0,0,0,0,0,0,0,0,0,,,,0,,,,,,,,,,,
21306,,2,0,霸龙钻地_体当,Em045_Dig_Body,,0.06,0,0,0,0,0,0,0,"0,0,0",0,0,0,0,0,0,0,0,0,0,0,0,,0,0,,,,,,,,,0.4,20,,10,,,60,,,10,2,"0,0,0",0.2,0,0,0,0,0,0,0,0,0,0,0,,,,0,,,,,,,,,,,
21307,,2,0,霸龙挑击,Em045_Scoop,,0.05,0,0,0,0,0,0,0,"0,0,0",0,0,0,0,0,0,0,0,0,0,0,0,,0,0,,,,,,,,,0.5,30,,12,,,60,,,12,2,"0,0,0",0,0,0,0,0,0,0,0,0,0,0,0,,,,0,,,,,,,,,,,
21308,,2,0,霸龙尾巴拍地,Em045_TailBeat,,0.045,0,0,0,0,0,0,0,"0,0,0",0,0,0,0,0,0,0,0,0,0,0,0,,0,0,,,,,,,,,0.3,20,,11,,,60,,,11,2,"0,0,0",0,0,0.15,0,0,0,0,0,0,0,0,0,,,,0,,,,,,,,,,,
21309,,2,0,霸龙尾巴扫地,Em045_TailSweep,,0.04,0,0,0,0,0,0,0,"0,0,0",0,0,0,0,0,0,0,0,0,0,0,0,,0,0,,,,,,,,,0.25,20,,11,,,60,,,11,2,"0,0,0",0,0,0.15,0,0,0,0,0,0,0,0,0,,,,0,,,,,,,,,,,
21310,,2,0,霸龙声波Beam,Em045_SnoicBlast,,0.085,0,0,0,0,0,0,0,"0,0,0",0,0,0,0,0,0,0,0,0,0,0,0,,0,0,,,,,,,,,0.6,10,,12,,,60,1,,12,2,"0,0,0",0,0,0.25,0,0,0,0,0,0,0,0,0,,,,0,,,,,,,,,,,
21311,,2,0,霸龙拍爪,Em045_HandBeat,,0.04,0,0,0,0,0,0,0,"0,0,0",0,0,0,0,0,0,0,0,0,0,0,0,,0,0,,,,,,,,,0.4,15,,10,,,60,,,10,2,"0,0,0",0,0,0,0,0,0,0,0,0,0,0,0,,,,0,,,,,,,,,,,
21312,,2,0,劫龙龙车,Em047_DragonDash,,0.045,0,0,0,0,0,0,0,"0,0,0",0,0,0,0,0,0,0,0,0,0,0,0,,0,0,,,,,,,,,0.45,30,0,11,,0,40,,,11,2,"0,0,0",0,0,0,0,0,0,0,0,0,0,0,0,,,,0,0,0,,,,,,,,,
21313,,2,0,劫龙双脚蹭伤,Em047_Scratch,,0.005,0,0,0,0,0,0,0,"0,0,0",0,0,0,0,0,0,0,0,0,0,0,0,,0,0,,,,,,,,,0.05,5,0,7,,0,20,,,7,2,"0,0,0",0,0,0,0,0,0,0,0,0,0,0,0,,,,0,0,0,,,,,,,,,
21314,,2,0,劫龙甩尾,Em047_Tail,,0.026,0,0,0,0,0,0,0,"0,0,0",0,0,0,0,0,0,0,0,0,0,0,0,,0,0,,,,,,,,,0.26,20,0,11,,0,40,,,11,2,"0,0,0",0,0,0,0,0,0,0,0,0,0,0,0,,,,0,0,0,,,,,,,,,
21315,,2,0,劫龙横扫,Em047_TurnSwipe,,0.033,0,0,0,0,0,0,0,"0,0,0",0,0,0,0,0,0,0,0,0,0,0,0,,0,0,,,,,,,,,0.33,20,0,9,,0,40,,,9,2,"0,0,0",0,0,0,0,0,0,0,0,0,0,0,0,,,,0,0,0,,,,,,,,,
21316,,2,0,劫龙前咬,Em047_HeadBump,,0.04,0,0,0,0,0,0,0,"0,0,0",0,0,0,0,0,0,0,0,0,0,0,0,,0,0,,,,,,,,,0.4,20,0,11,,0,50,,,11,2,"0,0,0",0,0,0,0,0,0,0,0,0,0,0,0,,,,0,0,0,,,,,,,,,
21317,,2,0,劫龙铁山靠,Em047_BodyRam,,0.05,0,0,0,0,0,0,0,"0,0,0",0,0,0,0,0,0,0,0,0,0,0,0,,0,0,,,,,,,,,0.5,40,0,11,,0,60,,,11,2,"0,0,0",0,0,0,0,0,0,0,0,0,0,0,0,,,,0,0,0,,,,,,,,,
21318,,2,0,劫龙跳跃攻击,Em047_JumpAttack,,0.065,0,0,0,0,0,0,0,"0,0,0",0,0,0,0,0,0,0,0,0,0,0,0,,0,0,,,,,,,,,0.65,50,0,12,,0,60,,,12,2,"0,0,0",0,0,0,0,0,0,0,0,0,0,0,0,,,,0,0,0,,,,,,,,,
21319,,2,0,劫龙砸地攻击,Em047_HitGround,,0.032,0,0,0,0,0,0,0,"0,0,0",0,0,0,0,0,0,0,0,0,0,0,0,,0,0,,,,,,,,,0.32,20,0,9,,0,40,,,9,2,"0,0,0",0,0,0,0,0,0,0,0,0,0,0,0,,,,0,0,0,,,,,,,,,1
21320,,2,0,霸龙黑风,Em045_BlackWind,,0.065,0,0,0,0,0,0,0,"0,0,0",0,0,0,0,0,0,0,0,0,0,0,0,,0,0,,,,,,,,,0.45,10,,13,,,60,,,13,2,"0,0,0",0,0,0.2,0,0,0,0,0,0,0,0,0,,,,0,,,,,,,,,,,
21321,,2,0,霸龙黑风Beam,Em045_BlackSonicBlast,,0.075,0,0,0,0,0,0,0,"0,0,0",0,0,0,0,0,0,0,0,0,0,0,0,,0,0,,,,,,,,,0.5,15,,12,,,70,1,,12,2,"0,0,0",0,0,0.25,0,0,0,0,0,0,0,0,0,,,,0,,,,,,,,,,,
21322,,2,0,霸龙爆炎,Em045_MagmaBlast,,0.04,0,0,0,0,0,0,0,"0,0,0",0,0,0,0,0,0,0,0,0,0,0,0,,0,0,,,,,,,,,0.3,10,,9,,,40,,,9,2,"0,0,0",0.1,0,0,0,0,0,0,0,0,0,0,0,,,,0,,,,,,,,,,,
21323,,2,0,蛮龙挑头,Em062_Attack_HeadAttack,,0.02,0,0,0,0,0,0,0,"0,0,0",0,0,0,0,0,0,0,0,0,0,0,0,,0,0,,,,,,,,,0.2,10,,10,,,40,,,10,2,"0,0,0",0,0,0,0,0,0,0,0,0,0,0,0,,,,0,,,,,,,,,,,
21324,,2,0,蛮龙侧咬+甩尾,Em062_Attack_Bite,,0.02,0,0,0,0,0,0,0,"0,0,0",0,0,0,0,0,0,0,0,0,0,0,0,,0,0,,,,,,,,,0.2,10,,9,,,40,,,9,2,"0,0,0",0,0,0,0,0,0,0,0,0,0,0,0,,,,0,,,,,,,,,,,
21325,,2,0,蛮龙拍地,Em062_Attack_Paidi,,0.025,0,0,0,0,0,0,0,"0,0,0",0,0,0,0,0,0,0,0,0,0,0,0,,0,0,,,,,,,,,0.25,25,,7,,,40,,,7,2,"0,0,0",0,0,0,0,0,0,0,0,0,0,0,0,,,,0,,,,,,,,,,,
21326,,2,0,蛮龙气压后飞,Em062_Attack_FlyBackwind,,0.04,0,0,0,0,0,0,0,"0,0,0",0,0,0,0,0,0,0,0,0,0,0,0,,0,0,,,,,,,,,0.4,10,,13,,,40,,,13,2,"0,0,0",0,0,0,0,0,0,0,0,0,0,0,0,,,,0,,,,,,,,,,,
21327,,2,0,蛮龙180度大回旋,Em062_Attack_RollAround,,0.035,0,0,0,0,0,0,0,"0,0,0",0,0,0,0,0,0,0,0,0,0,0,0,,0,0,,,,,,,,,0.35,15,,10,,,50,,,10,2,"0,0,0",0,0,0,0,0,0,0,0,0,0,0,0,,,,0,,,,,,,,,,,
21328,,2,0,蛮龙飞空落地,Em062_Attack_FlyUp,,0.05,0,0,0,0,0,0,0,"0,0,0",0,0,0,0,0,0,0,0,0,0,0,0,,0,0,,,,,,,,,0.5,10,,10,,,50,,,10,2,"0,0,0",0,0,0,0,0,0,0,0,0,0,0,0,,,,0,10024,,,,,,,,,,
21329,,2,0,蛮龙90度挑头破土,Em062_Attack_DubHeadAttack,,0.035,0,0,0,0,0,0,0,"0,0,0",0,0,0,0,0,0,0,0,0,0,0,0,,0,0,,,,,,,,,0.35,20,,12,,,60,,,12,2,"0,0,0",0,0,0,0,0,0,0,0,0,0,0,0,,,,0,,,,,,,,,,,
21330,,2,0,蛮龙铁山靠,Em062_Attack_Ironbody,,0.03,0,0,0,0,0,0,0,"0,0,0",0,0,0,0,0,0,0,0,0,0,0,0,,0,0,,,,,,,,,0.3,25,,10,,,30,,,10,2,"0,0,0",0,0,0,0,0,0,0,0,0,0,0,0,,,,0,,,,,,,,,,,
21331,,2,0,蛮龙两次侧咬104,Em062_Attack_BiteTwice,,0.035,0,0,0,0,0,0,0,"0,0,0",0,0,0,0,0,0,0,0,0,0,0,0,,0,0,,,,,,,,,0.35,20,,9,,,60,,,9,2,"0,0,0",0,0,0,0,0,0,0,0,0,0,0,0,,,,0,10014,,,,,,,,,,
21332,,2,0,蛮龙尾巴扫地,Em062_Attack_TailLeft,,0.04,0,0,0,0,0,0,0,"0,0,0",0,0,0,0,0,0,0,0,0,0,0,0,,0,0,,,,,,,,,0.4,20,,9,,,15,,,9,2,"0,0,0",0,0,0,0,0,0,0,0,0,0,0,0,,,,0,,,,,,,,,,,
21333,,2,0,蛮龙转向水射线,Em062_Attack_TurnRay,,0.05,0,0,0,0,0,0,0,"0,0,0",0,0,0,0,0,0,0,0,0,0,0,0,,0,0,,,,,,,,,0.2,30,,12,,,40,,,12,2,"0,0,0",0,0.3,0,0,0,0,0,0,0,0,0,0,,,,0,10024,,,,,,,,,,
21334,,2,0,蛮龙水球,Em062_Attack_waterBall,,0.04,0,0,0,0,0,0,0,"0,0,0",0,0,0,0,0,0,0,0,0,0,0,0,,0,0,,,,,,,,,0.2,10,,9,,,15,,,9,2,"0,0,0",0,0.2,0,0,0,0,0,0,0,0,0,0,,,,0,10014,,,,,,,,,,
21335,,2,0,蛮龙龙车,Em062_Attack_DragonDashEnd,,0.04,0,0,0,0,0,0,0,"0,0,0",0,0,0,0,0,0,0,0,0,0,0,0,,0,0,,,,,,,,,0.4,20,,11,,,60,,,11,2,"0,0,0",0,0,0,0,0,0,0,0,0,0,0,0,,,,0,,,,,,,,,,,
21336,,2,0,蛮龙跳击碎石,Em062_Attack_HeavyHeadAttack,,0.04,0,0,0,0,0,0,0,"0,0,0",0,0,0,0,0,0,0,0,0,0,0,0,,0,0,,,,,,,,,0.4,20,,10,,,60,,,10,2,"0,0,0",0,0,0,0,0,0,0,0,0,0,0,0,,,,0,,,,,,,,,,,
21337,,2,0,蛮龙水射线,Em062_Attack_Ray,,0.05,0,0,0,0,0,0,0,"0,0,0",0,0,0,0,0,0,0,0,0,0,0,0,,0,0,,,,,,,,,0.2,10,,10,,,60,,,10,2,"0,0,0",0,0.3,0,0,0,0,0,0,0,0,0,0,,,,0,10014,,,,,,,,,,
21338,,2,0,蛮龙飞空前置风压,Em062_Attack_FlyUp2,,0,0,0,0,0,0,0,0,"0,0,0",0,0,0,0,0,0,0,0,0,0,0,0,,0,0,,,,,,,,,0,0,0,0,,0,45,,,0,2,"0,0,0",0,0,0,0,0,0,0,0,0,0,0,0,,,,0,60001,10014,,,,,,,,,
21339,,2,0,霸龙钻出,Em045_DigOut,,0.07,0,0,0,0,0,0,0,"0,0,0",0,0,0,0,0,0,0,0,0,0,0,0,,0,0,,,,,,,,,0.5,30,,13,,,65,,,13,2,"0,0,0",0.2,0,0,0,0,0,0,0,0,0,0,0,,,,0,,,,,,,,,,,
21340,,2,0,碎龙_勾拳,Em089_ArmSlash,,0.03,0,0,0,0,0,0,0,"0,0,0",0,0,0,0,0,0,0,0,0,0,0,0,,0,0,,,,,,,,,0.3,50,0,9,,0,40,,,9,2,"0,0,0",0,0,0,0,0,0,0,0,0,0,0,0,,,,0,19226,,,,,,,,,,
21341,,2,0,碎龙_闪躲体当,Em089_BodyAttack,,0.025,0,0,0,0,0,0,0,"0,0,0",0,0,0,0,0,0,0,0,0,0,0,0,,0,0,,,,,,,,,0.25,30,0,12,,0,40,,,12,2,"0,0,0",0,0,0,0,0,0,0,0,0,0,0,0,,,,0,,,,,,,,,,,
21342,,2,0,碎龙_头部下压,Em089_HeadAttackDown,,0.03,0,0,0,0,0,0,0,"0,0,0",0,0,0,0,0,0,0,0,0,0,0,0,,0,0,,,,,,,,,0.3,30,0,9,,0,30,,,9,2,"0,0,0",0,0,0,0,0,0,0,0,0,0,0,0,,,,0,60003,,,,,,,,,,
21343,,2,0,碎龙_头部上挑,Em089_HeadAttackUp,,0.03,0,0,0,0,0,0,0,"0,0,0",0,0,0,0,0,0,0,0,0,0,0,0,,0,0,,,,,,,,,0.3,30,0,10,,0,30,,,10,2,"0,0,0",0,0,0,0,0,0,0,0,0,0,0,0,,,,0,19226,,,,,,,,,,
21344,,2,0,碎龙_跳跃一击,Em089_JumpAttack,,0.07,0,0,0,0,0,0,0,"0,0,0",0,0,0,0,0,0,0,0,0,0,0,0,,0,0,,,,,,,,,0.4,40,0,9,,0,60,,,9,2,"0,0,0",0.3,0,0,0,0,0,0,0,0,0,0,0,,,,0,60003,,,,,,,,,,
21345,,2,0,碎龙_甩尾,Em089_TailAttack,,0.025,0,0,0,0,0,0,0,"0,0,0",0,0,0,0,0,0,0,0,0,0,0,0,,0,0,,,,,,,,,0.25,20,0,9,,0,20,,,9,2,"0,0,0",0,0,0,0,0,0,0,0,0,0,0,0,,,,0,,,,,,,,,,,
21346,,2,0,碎龙_大地一击,Em089_EarthAttack,,0.04,0,0,0,0,0,0,0,"0,0,0",0,0,0,0,0,0,0,0,0,0,0,0,,0,0,,,,,,,,,0.4,20,0,10,,0,20,,,10,2,"0,0,0",0,0,0,0,0,0,0,0,0,0,0,0,,,,0,,,,,,,,,,,
21347,,2,0,碎龙_粘菌爆炸,Em089_GermBlast,,0.02,0,0,0,0,0,0,0,"0,0,0",0,0,0,0,0,0,0,0,0,0,0,0,,0,0,,,,,,,,,0.2,20,0,9,,0,20,,,9,2,"0,0,0",0,0,0,0,0,0,0,0,0,0,0,0,,,,0,,,,,,,,,,,
21348,,2,0,碎龙_龙车,Em089_Dash,,0.03,0,0,0,0,0,0,0,"0,0,0",0,0,0,0,0,0,0,0,0,0,0,0,,0,0,,,,,,,,,0.3,20,0,11,,0,30,,,11,2,"0,0,0",0,0,0,0,0,0,0,0,0,0,0,0,,,,0,,,,,,,,,,,
21349,,2,0,碎龙_十字爆炸,Em089_CrossBomb,,0.07,0,0,0,0,0,0,0,"0,0,0",0,0,0,0,0,0,0,0,0,0,0,0,,0,0,,,,,,,,,0.35,40,0,9,,0,70,,,9,2,"0,0,0",0.35,0,0,0,0,0,0,0,0,0,0,0,,,,0,,,,,,,,,,,
21350,,2,0,碎龙_前侧爆炸,Em089_FrontBomb,,0.05,0,0,0,0,0,0,0,"0,0,0",0,0,0,0,0,0,0,0,0,0,0,0,,0,0,,,,,,,,,0.5,30,0,9,,0,40,,,9,2,"0,0,0",0,0,0,0,0,0,0,0,0,0,0,0,,,,0,,,,,,,,,,,
21351,,2,0,碎龙_石头爆炸,Em089_RockBreak,,0.08,0,0,0,0,0,0,0,"0,0,0",0,0,0,0,0,0,0,0,0,0,0,0,,0,0,,,,,,,,,0.5,20,0,10,,0,40,,,10,2,"0,0,0",0.3,0,0,0,0,0,0,0,0,0,0,0,,,,0,,,,,,,,,,,
21352,,2,0,碎龙_右手重击,Em089_RightArmHeavy,,0.04,0,0,0,0,0,0,0,"0,0,0",0,0,0,0,0,0,0,0,0,0,0,0,,0,0,,,,,,,,,0.4,30,0,9,,0,40,,,9,2,"0,0,0",0,0,0,0,0,0,0,0,0,0,0,0,,,,0,,,,,,,,,,,
21353,,2,0,碎龙_手部爆炸,Em089_X5,,0.045,0,0,0,0,0,0,0,"0,0,0",0,0,0,0,0,0,0,0,0,0,0,0,,0,0,,,,,,,,,0.45,30,0,10,,0,40,,,10,2,"0,0,0",0,0,0,0,0,0,0,0,0,0,0,0,,,,0,,,,,,,,,,,
21354,,2,0,碎龙_粘菌爆炸大,Em089_X6,,0.05,0,0,0,0,0,0,0,"0,0,0",0,0,0,0,0,0,0,0,0,0,0,0,,0,0,,,,,,,,,0.5,25,0,10,,0,50,,,10,2,"0,0,0",0,0,0,0,0,0,0,0,0,0,0,0,,,,0,,,,,,,,,,,
21355,,2,0,碎龙_地狱烈焰,Em089_X7,,0.09,0,0,0,0,0,0,0,"0,0,0",0,0,0,0,0,0,0,0,0,0,0,0,,0,0,,,,,,,,,0.6,40,0,13,,0,60,,,13,2,"0,0,0",0.3,0,0,0,0,0,0,0,0,0,0,0,,,,0,,,,,,,,,,,
21356,,2,0,碎龙_炎狱一击,Em089_X8,,0.09,0,0,0,0,0,0,0,"0,0,0",0,0,0,0,0,0,0,0,0,0,0,0,,0,0,,,,,,,,,0.7,20,0,12,,0,20,,,12,2,"0,0,0",0.2,0,0,0,0,0,0,0,0,0,0,0,,,,0,,,,,,,,,,,
21380,,2,0,霸龙咬（怒）,Em045_Bite_Angry,,0.04,0,0,0,0,0,0,0,"0,0,0",0,0,0,0,0,0,0,0,0,0,0,0,,0,0,,,,,,,,,0.4,20,0,9,,0,40,,,9,2,"0,0,0",0,0,0,0,0,0,0,0,0,0,0,0,,,,0,,,,,,,,,,,
21381,,2,0,霸龙龙车咬（转身咬）（怒）,Em045_DragonDashBite_Angry,,0.06,0,0,0,0,0,0,0,"0,0,0",0,0,0,0,0,0,0,0,0,0,0,0,,0,0,,,,,,,,,0.6,30,0,10,,0,50,,,10,2,"0,0,0",0,0,0,0,0,0,0,0,0,0,0,0,,,,0,,,,,,,,,,,
21382,,2,0,霸龙钻出（怒）,Em045_DigOut_Angry,,0.07,0,0,0,0,0,0,0,"0,0,0",0,0,0,0,0,0,0,0,0,0,0,0,,0,0,,,,,,,,,0.5,30,0,13,,0,65,,,13,2,"0,0,0",0.2,0,0,0,0,0,0,0,0,0,0,0,,,,0,,,,,,,,,,,
21383,,2,0,霸龙挑击（怒）,Em045_Scoop_Angry,,0.05,0,0,0,0,0,0,0,"0,0,0",0,0,0,0,0,0,0,0,0,0,0,0,,0,0,,,,,,,,,0.5,30,0,12,,0,60,,,12,2,"0,0,0",0,0,0,0,0,0,0,0,0,0,0,0,,,,0,,,,,,,,,,,
21384,,2,0,蛮龙跳击碎石（愤怒）,Em062_Attack_HeavyHeadAttackAngry,,0.045,0,0,0,0,0,0,0,"0,0,0",0,0,0,0,0,0,0,0,0,0,0,0,,0,0,,,,,,,,,0.2,20,0,10,,0,60,,,10,2,"0,0,0",0,0.25,0,0,0,0,0,0,0,0,0,0,,,,0,10024,,,,,,,,,,
21385,,2,0,蛮龙气压后飞（愤怒）,Em062_Attack_FlyBackwindAngry,,0.045,0,0,0,0,0,0,0,"0,0,0",0,0,0,0,0,0,0,0,0,0,0,0,,0,0,,,,,,,,,0.2,10,0,13,,0,40,,,13,2,"0,0,0",0,0.25,0,0,0,0,0,0,0,0,0,0,,,,0,10024,,,,,,,,,,
21386,,2,0,蛮龙铁山靠（愤怒）,Em062_Attack_IronbodyAngry,,0.045,0,0,0,0,0,0,0,"0,0,0",0,0,0,0,0,0,0,0,0,0,0,0,,0,0,,,,,,,,,0.3,25,0,10,,0,30,,,10,2,"0,0,0",0,0.15,0,0,0,0,0,0,0,0,0,0,,,,0,10024,,,,,,,,,,
21387,,2,0,蛮龙90度挑头破土（愤怒）,Em062_Attack_DubHeadAttackAngry,,0.06,0,0,0,0,0,0,0,"0,0,0",0,0,0,0,0,0,0,0,0,0,0,0,,0,0,,,,,,,,,0.35,20,,12,,,60,,,12,2,"0,0,0",0,0.25,0,0,0,0,0,0,0,0,0,0,,,,0,10024,,,,,,,,,,
21388,,2,0,冥雷龙空中咬击_20,Em044_u01_Air_Bite,,0.02,0,0,0,0,0,0,0,"0,0,0",0,0,0,0,0,0,0,0,0,0,0,0,,0,0,,,,,,,,,0.2,5,0,7,,0,30,,,7,2,"0,0,0",0,0,0,0,0,0,0,0,0,0,0,0,,,,0,,,,,,,,,,,
21389,,2,0,冥雷龙地面咬击_25,Em044_u01_Land_Bite,,0.025,0,0,0,0,0,0,0,"0,0,0",0,0,0,0,0,0,0,0,0,0,0,0,,0,0,,,,,,,,,0.25,5,0,7,,0,30,,,7,2,"0,0,0",0,0,0,0,0,0,0,0,0,0,0,0,,,,0,,,,,,,,,,,
21390,,2,0,冥雷龙钩爪攻击_30,Em044_u01_CLawAttack,,0.03,0,0,0,0,0,0,0,"0,0,0",0,0,0,0,0,0,0,0,0,0,0,0,,0,0,,,,,,,,,0.3,10,0,10,,0,20,,,10,2,"0,0,0",0,0,0,0,0,0,0,0,0,0,0,0,,,,0,,,,,,,,,,,
21391,,2,0,冥雷龙风压,Em044_u01_Wind,,0,0,0,0,0,0,0,0,"0,0,0",0,0,0,0,0,0,0,0,0,0,0,0,,0,0,,,,,,,,,0,0,0,0,,0,10,,,0,2,"0,0,0",0,0,0,0,0,0,0,0,0,0,0,0,,,,0,60022,,,,,,,,,,
21392,,2,0,冥雷龙钩爪鞭侧击（龙）_30,Em044_u01_ClawWhip,,0.02,0,0,0,0,0,0,0,"0,0,0",0,0,0,0,0,0,0,0,0,0,0,0,,0,0,,,,,,,,,0.2,15,0,10,,0,35,,,10,2,"0,0,0",0,0,0.1,0,0,0,0,0,0,0,0,0,,,,0,19183,,,,,,,,,,
21393,,2,0,冥雷龙钩爪鞭侧击_30,Em044_u01_ClawWhip_None,,0.03,0,0,0,0,0,0,0,"0,0,0",0,0,0,0,0,0,0,0,0,0,0,0,,0,0,,,,,,,,,0.3,15,0,10,,0,35,,,10,2,"0,0,0",0,0,0,0,0,0,0,0,0,0,0,0,,,,0,,,,,,,,,,,
21394,,2,0,冥雷龙滑行攻击（龙）_45,Em044_u01_Glide,,0.035,0,0,0,0,0,0,0,"0,0,0",0,0,0,0,0,0,0,0,0,0,0,0,,0,0,,,,,,,,,0.35,10,0,11,,0,25,,,11,2,"0,0,0",0,0,0.1,0,0,0,0,0,0,0,0,0,,,,0,19183,,,,,,,,,,
21395,,2,0,冥雷龙滑行转身攻击（龙）_40,Em044_u01_Glide_Turn,,0.03,0,0,0,0,0,0,0,"0,0,0",0,0,0,0,0,0,0,0,0,0,0,0,,0,0,,,,,,,,,0.3,30,0,9,,0,25,,,9,2,"0,0,0",0,0,0.1,0,0,0,0,0,0,0,0,0,,,,0,,,,,,,,,,,
21396,,2,0,冥雷龙钩地_25,Em044_u01_LandShake_Small,,0.025,0,0,0,0,0,0,0,"0,0,0",0,0,0,0,0,0,0,0,0,0,0,0,,0,0,,,,,,,,,0.25,10,0,9,,0,20,,,9,2,"0,0,0",0,0,0,0,0,0,0,0,0,0,0,0,,,,0,19183,,,,,,,,,,
21397,,2,0,冥雷龙震地_45,Em044_u01_LandShake_Large,,0.045,0,0,0,0,0,0,0,"0,0,0",0,0,0,0,0,0,0,0,0,0,0,0,,0,0,,,,,,,,,0.45,10,0,11,,0,35,,,11,2,"0,0,0",0,0,0,0,0,0,0,0,0,0,0,0,,,,0,,,,,,,,,,,
21398,,2,0,冥雷龙落地大放电_75,Em044_u01_LandStamp,,0.05,0,0,0,0,0,0,0,"0,0,0",0,0,0,0,0,0,0,0,0,0,0,0,,0,0,,,,,,,,,0.5,30,0,12,,0,25,,,12,2,"0,0,0",0,0,0.25,0,0,0,0,0,0,0,0,0,1,,,0,,,,,,,,,,,
21399,,2,0,冥雷龙回旋升空放电（龙）_55,Em044_u01_Spiral,,0.035,0,0,0,0,0,0,0,"0,0,0",0,0,0,0,0,0,0,0,0,0,0,0,,0,0,,,,,,,,,0.35,15,0,10,,0,30,,,10,2,"0,0,0",0,0,0.2,0,0,0,0,0,0,0,0,0,,,,0,,,,,,,,,,,
21400,,2,0,冥雷龙尾砸（龙）_30,Em044_u01_TailBeat,,0.02,0,0,0,0,0,0,0,"0,0,0",0,0,0,0,0,0,0,0,0,0,0,0,,0,0,,,,,,,,,0.2,20,0,8,,0,30,,,8,2,"0,0,0",0,0,0.1,0,0,0,0,0,0,0,0,0,,,,0,19183,,,,,,,,,,
21401,,2,0,冥雷龙尾砸_30,Em044_u01_TailBeat_None,,0.03,0,0,0,0,0,0,0,"0,0,0",0,0,0,0,0,0,0,0,0,0,0,0,,0,0,,,,,,,,,0.3,20,0,8,,0,30,,,8,2,"0,0,0",0,0,0,0,0,0,0,0,0,0,0,0,,,,0,,,,,,,,,,,
21402,,2,0,冥雷龙飞石攻击_35,Em044_u01_ThrowStone,,0.025,0,0,0,0,0,0,0,"0,0,0",0,0,0,0,0,0,0,0,0,0,0,0,,0,0,,,,,,,,,0.25,30,0,11,,0,25,,,11,2,"0,0,0",0,0,0.1,0,0,0,0,0,0,0,0,0,,,,0,,,,,,,,,,,
21403,,2,0,冥雷龙钩爪扫击（龙）_35,Em044_u01_WingSweep,,0.025,0,0,0,0,0,0,0,"0,0,0",0,0,0,0,0,0,0,0,0,0,0,0,,0,0,,,,,,,,,0.25,10,0,10,,0,35,,,10,2,"0,0,0",0,0,0.1,0,0,0,0,0,0,0,0,0,,,,0,19183,,,,,,,,,,
21404,,2,0,冥雷龙正面钩爪（龙）_35,Em044_u01_ClawWhipFront,,0.03,0,0,0,0,0,0,0,"0,0,0",0,0,0,0,0,0,0,0,0,0,0,0,,0,0,,,,,,,,,0.3,15,0,10,,0,35,,,10,2,"0,0,0",0,0,0.05,0,0,0,0,0,0,0,0,0,,,,0,19183,,,,,,,,,,
21405,,2,0,冥雷龙龙车_60,Em044_u01_DragonDash,,0.06,0,0,0,0,0,0,0,"0,0,0",0,0,0,0,0,0,0,0,0,0,0,0,,0,0,,,,,,,,,0.6,20,0,11,,0,30,,,11,2,"0,0,0",0,0,0,0,0,0,0,0,0,0,0,0,,,,0,,,,,,,,,,,
21406,,2,0,冥雷龙蓄力放电_55,Em044_u01_LandSpark,,0.04,0,0,0,0,0,0,0,"0,0,0",0,0,0,0,0,0,0,0,0,0,0,0,,0,0,,,,,,,,,0.4,30,0,10,,0,25,,,10,2,"0,0,0",0,0,0.15,0,0,0,0,0,0,0,0,0,,,,0,,,,,,,,,,,
21407,,2,0,冥雷龙甩尾_25,Em044_u01_TailSweep,,0.025,0,0,0,0,0,0,0,"0,0,0",0,0,0,0,0,0,0,0,0,0,0,0,,0,0,,,,,,,,,0.25,20,0,9,,0,25,,,9,2,"0,0,0",0,0,0,0,0,0,0,0,0,0,0,0,,,,0,,,,,,,,,,,
21408,,2,0,冥雷龙钩爪扣地（龙）_45,Em044_u01_WingSting,,0.03,0,0,0,0,0,0,0,"0,0,0",0,0,0,0,0,0,0,0,0,0,0,0,,0,0,,,,,,,,,0.3,20,0,9,,0,25,,,9,2,"0,0,0",0,0,0.15,0,0,0,0,0,0,0,0,0,,,,0,,,,,,,,,,,
21409,,2,0,冥雷龙钩爪拔出_40,Em044_u01_WingSting_Leave,,0.04,0,0,0,0,0,0,0,"0,0,0",0,0,0,0,0,0,0,0,0,0,0,0,,0,0,,,,,,,,,0.4,25,0,10,,0,30,,,10,2,"0,0,0",0,0,0,0,0,0,0,0,0,0,0,0,,,,0,,,,,,,,,,,
21410,,2,0,冥雷龙闪电球伤害（有麻痹）_30,Em044_u01_RedBall,,0.02,0,0,0,0,0,0,0,"0,0,0",0,0,0,0,0,0,0,0,0,0,0,0,,0,0,,,,,,,,,0.2,15,0,9,,0,15,,,9,2,"0,0,0",0,0,0.1,0,0,0,0,0,0,0,0,0,,,,0,,,,60005,,,,,,,
21411,,2,0,冥雷龙休憩伤害_10,Em044_u01_Air_Rest,,0.01,0,0,0,0,0,0,0,"0,0,0",0,0,0,0,0,0,0,0,0,0,0,0,,0,0,,,,,,,,,0.1,5,0,4,,0,10,,,4,2,"0,0,0",0,0,0,0,0,0,0,0,0,0,0,0,,,,0,,,,,,,,,,,
21412,,2,0,冥雷龙回旋升空伤害_40,Em044_u01_SpiralUp,,0.03,0,0,0,0,0,0,0,"0,0,0",0,0,0,0,0,0,0,0,0,0,0,0,,0,0,,,,,,,,,0.3,15,0,11,,0,35,,,11,2,"0,0,0",0,0,0.1,0,0,0,0,0,0,0,0,0,,,,0,,,,,,,,,,,
21413,,2,0,冥雷龙吼叫,Em044_u01_Howl,,0,0,0,0,0,0,0,0,"0,0,0",0,0,0,0,0,0,0,0,0,0,0,0,,0,0,,,,,,,,,0,0,0,0,,0,35,,,0,2,"0,0,0",0,0,0,0,0,0,0,0,0,0,0,0,,,,0,,,,60012,,,,,,,
21414,,2,0,冥雷龙趴地_45,Em044_u01_BodyPress,,0.045,0,0,0,0,0,0,0,"0,0,0",0,0,0,0,0,0,0,0,0,0,0,0,,0,0,,,,,,,,,0.45,20,0,8,,0,25,,,8,2,"0,0,0",0,0,0,0,0,0,0,0,0,0,0,0,,,,0,,,,,,,,,,,
21415,,2,0,冥雷龙趴地放电（龙）_50,Em044_u01_BodyPressE,,0.03,0,0,0,0,0,0,0,"0,0,0",0,0,0,0,0,0,0,0,0,0,0,0,,0,0,,,,,,,,,0.3,15,0,11,,0,25,,,11,2,"0,0,0",0,0,0.2,0,0,0,0,0,0,0,0,0,,,,0,19183,,,,,,,,,,
21420,,2,0,炎妃龙小蹭伤_20,Em038_LittleBit,,0.02,,,,,,,,,,,,,,,,,,,,,,,,,,,,,,,,0.2,10,,6,,,10,,,6,2,"0,0,0",0,0,0,0,0,,,,,,,,,,,,,,,,,,,,,,
21421,,2,0,炎妃龙大蹭伤_30,Em038_BigBit,,0.03,,,,,,,,,,,,,,,,,,,,,,,,,,,,,,,,0.3,15,,7,,,20,,,7,2,"0,0,0",0,0,0,0,0,,,,,,,,,,,,,,,,,,,,,,
21422,,2,0,炎妃龙空中爪击爆炸（火异常）_40,Em038_Air_HandBoom,,0.04,,,,,,,,,,,,,,,,,,,,,,,,,,,,,,,,0.4,20,,11,,,25,,,11,2,"0,0,0",0,0,0,0,0,,,,,,,,,,,,19180,,,,,,,,,,
21423,,2,0,炎妃龙空中尾巴攻击（龙）_40,Em038_Air_TailAttack,,0.02,,,,,,,,,,,,,,,,,,,,,,,,,,,,,,,,0.2,20,,11,,,25,,,11,2,"0,0,0",0,0,0.2,0,0,,,,,,,,,,,,,,,,,,,,,,
21424,,2,0,炎妃龙空中回旋转击（龙）_30,Em038_Air_TurnAttack,,0.02,,,,,,,,,,,,,,,,,,,,,,,,,,,,,,,,0.2,15,,10,,,25,,,10,2,"0,0,0",0,0,0.1,0,0,,,,,,,,,,,,,,,,,,,,,,
21425,,2,0,炎妃龙空中粉尘小爆炸_45,Em038_Air_LittleBoom,,0.045,,,,,,,,,,,,,,,,,,,,,,,,,,,,,,,,0.45,15,,10,,,30,,,10,2,"0,0,0",0,0,0,0,0,,,,,,,,,,,,19180,,,,,,,,,,
21426,,2,0,炎妃龙空中粉尘大爆炸_90,Em038_Air_BigBoom,,0.09,,,,,,,,,,,,,,,,,,,,,,,,,,,,,,,,0.9,40,,12,,,60,,,12,2,"0,0,0",0,0,0,0,0,,,,,,,,,,,,19180,,,,,,,,,,
21427,,2,0,炎妃龙空中龙车_60,Em038_Air_Dash,,0.04,,,,,,,,,,,,,,,,,,,,,,,,,,,,,,,,0.4,20,,12,,,50,,,12,2,"0,0,0",0,0,0.2,0,0,,,,,,,,,,,,,,,,,,,,,,
21428,,2,0,炎妃龙空中核爆_80,Em038_Air_Nuclear,,0.08,,,,,,,,,,,,,,,,,,,,,,,,,,,,,,,,0.8,30,,12,,,50,,,12,2,"0,0,0",0,0,0,0,0,,,,,,,,,,,,19180,,,,,,,,,,
21429,,2,0,炎妃龙喷火（火）_50,Em038_Air_Fire,,0.02,,,,,,,,,,,,,,,,,,,,,,,,,,,,,,,,0.2,20,,10,,,30,,,10,2,"0,0,0",0.3,0,0,0,0,,,,,,,,,,,,19180,,,,,,,,,,
21430,,2,0,炎妃龙龙车_60,Em038_Dash,,0.06,,,,,,,,,,,,,,,,,,,,,,,,,,,,,,,,0.3,15,,12,,,50,,,12,2,"0,0,0",0,0,0.3,0,0,,,,,,,,,,,,,,,,,,,,,,
21431,,2,0,炎妃龙拍地_90,Em038_HandPress,,0.09,,,,,,,,,,,,,,,,,,,,,,,,,,,,,,,,0.9,40,,8,,,60,,,8,2,"0,0,0",0,0,0,0,0,,,,,,,,,,,,,,,,,,,,,,
21432,,2,0,炎妃龙甩尾（龙）_50,Em038_TailAttack,,0.04,,,,,,,,,,,,,,,,,,,,,,,,,,,,,,,,0.4,30,,12,,,25,,,12,2,"0,0,0",0,0,0.1,0,0,,,,,,,,,,,,,,,,,,,,,,
21433,,2,0,炎妃龙飞扑（龙）_50,Em038_Forward,,0.03,,,,,,,,,,,,,,,,,,,,,,,,,,,,,,,,0.3,30,,12,,,25,,,12,2,"0,0,0",0,0,0.2,0,0,,,,,,,,,,,,,,,,,,,,,,
21434,,2,0,炎妃龙后跳（龙）_40,Em038_Back,,0.03,,,,,,,,,,,,,,,,,,,,,,,,,,,,,,,,0.3,40,,12,,,25,,,12,2,"0,0,0",0,0,0.1,0,0,,,,,,,,,,,,,,,,,,,,,,
21435,,2,0,炎妃龙着火坠地（火）_70,Em038_Down,,0.05,,,,,,,,,,,,,,,,,,,,,,,,,,,,,,,,0.5,60,,12,,,60,,,12,2,"0,0,0",0.2,0,0,0,0,,,,,,,,,,,,19180,,,,,,,,,,
21436,,2,0,炎妃龙爆炸（火异常）_50,Em038_FireShoot,,0.03,,,,,,,,,,,,,,,,,,,,,,,,,,,,,,,,0.3,15,,11,,,25,,,11,2,"0,0,0",0.2,0,0,0,0,,,,,,,,,,,,19180,,,,,,,,,,
21437,,2,0,炎妃龙粉尘_03,Em038_Smoke,,0,,,,,,,,,,,,,,,,,,,,,,,,,,,,,,,,0,0,,2,,,3,,,2,2,"0,0,0",0,0,0,0,0,,,,,,,,,,,,19226,,,,,,,,,,
21438,,2,0,冰狞龙小蹭伤,Em063_u01_LittleHurt,,0.02,0,0,0,0,0,0,0,"0,0,0",0,0,0,0,0,0,0,0,0,0,0,0,,0,0,,,,,,,,,0.2,20,0,5,,0,20,,,5,2,"0,0,0",0,0,0,0,0,0,0,0,0,0,0,0,,,,0,,,,,,,,,,,
21439,,2,0,冰狞龙大蹭伤,Em063_u01_LargeHurt,,0.035,0,0,0,0,0,0,0,"0,0,0",0,0,0,0,0,0,0,0,0,0,0,0,,0,0,,,,,,,,,0.35,40,0,6,,0,20,,,6,2,"0,0,0",0,0,0,0,0,0,0,0,0,0,0,0,,,,0,,,,,,,,,,,
21440,,2,0,冰狞龙背后咬击,Em063_u01_BackBite,,0.05,0,0,0,0,0,0,0,"0,0,0",0,0,0,0,0,0,0,0,0,0,0,0,,0,0,,,,,,,,,0.5,30,0,7,,0,40,,,7,2,"0,0,0",0,0,0,0,0,0,0,0,0,0,0,0,,,,0,,,,,,,,,,,
21441,,2,0,冰狞龙背后咬击（冰小异常）,Em063_u01_BackBiteAngry,,0.05,0,0,0,0,0,0,0,"0,0,0",0,0,0,0,0,0,0,0,0,0,0,0,,0,0,,,,,,,,,0.5,30,0,7,,0,40,,,7,2,"0,0,0",0,0,0,0,0,0,0,0,0,0,0,0,,,,0,19184,,,,,,,,,,
21442,,2,0,冰狞龙背后连续咬击,Em063_u01_BackBiteCon,,0.04,0,0,0,0,0,0,0,"0,0,0",0,0,0,0,0,0,0,0,0,0,0,0,,0,0,,,,,,,,,0.4,30,0,9,,0,30,,,9,2,"0,0,0",0,0,0,0,0,0,0,0,0,0,0,0,,,,0,,,,,,,,,,,
21443,,2,0,冰狞龙背后连续咬击（冰小异常）,Em063_u01_BackBiteConAngry,,0.04,0,0,0,0,0,0,0,"0,0,0",0,0,0,0,0,0,0,0,0,0,0,0,,0,0,,,,,,,,,0.4,30,0,9,,0,30,,,9,2,"0,0,0",0,0,0,0,0,0,0,0,0,0,0,0,,,,0,19184,,,,,,,,,,
21444,,2,0,冰狞龙咬击冰爆,Em063_u01_BiteExplode,,0.05,0,0,0,0,0,0,0,"0,0,0",0,0,0,0,0,0,0,0,0,0,0,0,,0,0,,,,,,,,,0.3,40,0,11,,0,60,,,11,2,"0,0,0",0,0,0,0,0.2,0,0,0,0,0,0,0,,,,0,,,,,,,,,,,
21445,,2,0,冰狞龙侧咬,Em063_u01_BiteSide,,0.04,0,0,0,0,0,0,0,"0,0,0",0,0,0,0,0,0,0,0,0,0,0,0,,0,0,,,,,,,,,0.4,15,0,7,,0,20,,,7,2,"0,0,0",0,0,0,0,0,0,0,0,0,0,0,0,,,,0,,,,,,,,,,,
21446,,2,0,冰狞龙侧咬（冰小异常）,Em063_u01_BiteSideAngry,,0.04,0,0,0,0,0,0,0,"0,0,0",0,0,0,0,0,0,0,0,0,0,0,0,,0,0,,,,,,,,,0.4,15,0,7,,0,20,,,7,2,"0,0,0",0,0,0,0,0,0,0,0,0,0,0,0,,,,0,19184,,,,,,,,,,
21447,,2,0,冰狞龙三连击一段扫尾,Em063_u01_ComboFirstTail,,0.02,0,0,0,0,0,0,0,"0,0,0",0,0,0,0,0,0,0,0,0,0,0,0,,0,0,,,,,,,,,0.2,110,0,2,,0,20,,,2,2,"0,0,0",0,0,0,0,0,0,0,0,0,0,0,0,,,,0,,,,,,,,,,,
21448,,2,0,冰狞龙三连击二段扫尾,Em063_u01_ComboSecondTail,,0.03,0,0,0,0,0,0,0,"0,0,0",0,0,0,0,0,0,0,0,0,0,0,0,,0,0,,,,,,,,,0.3,20,0,13,,0,30,,,13,2,"0,0,0",0,0,0,0,0,0,0,0,0,0,0,0,,,,0,19121,19211,1,,,,,,,,
21449,,2,0,冰狞龙三连击爆炸,Em063_u01_ComboExplode,,0.07,0,0,0,0,0,0,0,"0,0,0",0,0,0,0,0,0,0,0,0,0,0,0,,0,0,,,,,,,,,0.35,40,0,12,,0,70,,,12,2,"0,0,0",0,0,0,0,0.35,0,0,0,0,0,0,0,,,,0,,,,60032,,,,,,,
21450,,2,0,冰狞龙龙车,Em063_u01_DragonDash,,0.06,0,0,0,0,0,0,0,"0,0,0",0,0,0,0,0,0,0,0,0,0,0,0,,0,0,,,,,,,,,0.6,30,0,10,,0,40,,,10,2,"0,0,0",0,0,0,0,0,0,0,0,0,0,0,0,,,,0,,,,,,,,,,,
21451,,2,0,冰狞龙冰息喷吐,Em063_u01_FireBreath,,0.06,0,0,0,0,0,0,0,"0,0,0",0,0,0,0,0,0,0,0,0,0,0,0,,0,0,,,,,,,,,0.3,0,0,10,,0,40,,,10,2,"0,0,0",0,0,0,0,0.3,0,0,0,0,0,0,0,,,,0,,,,,,,,,,,
21452,,2,0,冰狞龙前咬,Em063_u01_ForwardBite,,0.055,0,0,0,0,0,0,0,"0,0,0",0,0,0,0,0,0,0,0,0,0,0,0,,0,0,,,,,,,,,0.55,30,0,9,,0,40,,,9,2,"0,0,0",0,0,0,0,0,0,0,0,0,0,0,0,,,,0,,,,,,,,,,,
21453,,2,0,冰狞龙前咬（冰小异常）,Em063_u01_ForwardBiteAngry,,0.055,0,0,0,0,0,0,0,"0,0,0",0,0,0,0,0,0,0,0,0,0,0,0,,0,0,,,,,,,,,0.55,30,0,9,,0,40,,,9,2,"0,0,0",0,0,0,0,0,0,0,0,0,0,0,0,,,,0,19184,,,,,,,,,,
21454,,2,0,冰狞龙连续前咬甩击,Em063_u01_ForwardBiteDash,,0.06,0,0,0,0,0,0,0,"0,0,0",0,0,0,0,0,0,0,0,0,0,0,0,,0,0,,,,,,,,,0.6,25,0,13,,0,50,,,13,2,"0,0,0",0,0,0,0,0,0,0,0,0,0,0,0,,,,0,,,,,,,,,,,
21455,,2,0,冰狞龙连续前咬甩击（冰小异常）,Em063_u01_ForwardBiteDashAngry,,0.06,0,0,0,0,0,0,0,"0,0,0",0,0,0,0,0,0,0,0,0,0,0,0,,0,0,,,,,,,,,0.6,25,0,13,,0,50,,,13,2,"0,0,0",0,0,0,0,0,0,0,0,0,0,0,0,,,,0,19184,,,,,,,,,,
21456,,2,0,冰狞龙前咬冰爆,Em063_u01_ForwardBiteExplode,,0.04,0,0,0,0,0,0,0,"0,0,0",0,0,0,0,0,0,0,0,0,0,0,0,,0,0,,,,,,,,,0.2,40,0,11,,0,60,,,11,2,"0,0,0",0,0,0,0,0.2,0,0,0,0,0,0,0,,,,0,,,,,,,,,,,
21457,,2,0,冰狞龙前咬冰爆飞石,Em063_u01_ForwardBiteExplodeStone,,0.04,0,0,0,0,0,0,0,"0,0,0",0,0,0,0,0,0,0,0,0,0,0,0,,0,0,,,,,,,,,0.15,10,0,9,,0,20,,,9,2,"0,0,0",0,0,0,0,0.25,0,0,0,0,0,0,0,,,,0,,,,,,,,,,,
21458,,2,0,冰狞龙头槌攻击,Em063_u01_HeadAttack,,0.055,0,0,0,0,0,0,0,"0,0,0",0,0,0,0,0,0,0,0,0,0,0,0,,0,0,,,,,,,,,0.55,20,0,9,,0,20,,,9,2,"0,0,0",0,0,0,0,0,0,0,0,0,0,0,0,,,,0,,,,,,,,,,,
21459,,2,0,冰狞龙头槌攻击挑飞,Em063_u01_ForwardHeadAttack,,0.06,0,0,0,0,0,0,0,"0,0,0",0,0,0,0,0,0,0,0,0,0,0,0,,0,0,,,,,,,,,0.6,25,0,13,,0,30,,,13,2,"0,0,0",0,0,0,0,0,0,0,0,0,0,0,0,,,,0,,,,,,,,,,,
21460,,2,0,冰狞龙前进头槌扫尾,Em063_u01_HeadAttackMoveTail,,0.035,0,0,0,0,0,0,0,"0,0,0",0,0,0,0,0,0,0,0,0,0,0,0,,0,0,,,,,,,,,0.35,10,0,7,,0,10,,,7,2,"0,0,0",0,0,0,0,0,0,0,0,0,0,0,0,,,,0,,,,,,,,,,,
21461,,2,0,冰狞龙重尾砸,Em063_u01_HeavyTailAttack,,0.06,0,0,0,0,0,0,0,"0,0,0",0,0,0,0,0,0,0,0,0,0,0,0,,0,0,,,,,,,,,0.5,30,0,8,,0,60,,,8,2,"0,0,0",0,0,0,0,0.1,0,0,0,0,0,0,0,,,,0,,,,,,,,,,,
21462,,2,0,冰狞龙重尾砸拔出,Em063_u01_HeavyTailAttackEnd,,0.06,0,0,0,0,0,0,0,"0,0,0",0,0,0,0,0,0,0,0,0,0,0,0,,0,0,,,,,,,,,0.4,30,0,10,,0,60,,,10,2,"0,0,0",0,0,0,0,0.2,0,0,0,0,0,0,0,,,,0,,,,,,,,,,,
21463,,2,0,冰狞龙重尾砸冲击波,Em063_u01_HeavyAttack,,0,0,0,0,0,0,0,0,"0,0,0",0,0,0,0,0,0,0,0,0,0,0,0,,0,0,,,,,,,,,0,0,0,0,,0,5,,,0,2,"0,0,0",0,0,0,0,0,0,0,0,0,0,0,0,,,,0,,,,60003,,,,,,,
21464,,2,0,冰狞龙直线喷吐,Em063_u01_Icicle,,0.05,0,0,0,0,0,0,0,"0,0,0",0,0,0,0,0,0,0,0,0,0,0,0,,0,0,,,,,,,,,0.2,25,0,10,,0,50,,,10,2,"0,0,0",0,0,0,0,0.3,0,0,0,0,0,0,0,,,,0,,,,,,,,,,,
21465,,2,0,冰狞龙铁山靠,Em063_u01_ImpactHit,,0.06,0,0,0,0,0,0,0,"0,0,0",0,0,0,0,0,0,0,0,0,0,0,0,,0,0,,,,,,,,,0.6,25,0,11,,0,50,,,11,2,"0,0,0",0,0,0,0,0,0,0,0,0,0,0,0,,,,0,,,,,,,,,,,
21466,,2,0,冰狞龙前跳攻击,Em063_u01_JumpStep,,0.04,0,0,0,0,0,0,0,"0,0,0",0,0,0,0,0,0,0,0,0,0,0,0,,0,0,,,,,,,,,0.4,10,0,9,,0,40,,,9,2,"0,0,0",0,0,0,0,0,0,0,0,0,0,0,0,,,,0,,,,,,,,,,,
21467,,2,0,冰狞龙前跳攻击落地地震,Em063_u01_JumpStepNext,,0,0,0,0,0,0,0,0,"0,0,0",0,0,0,0,0,0,0,0,0,0,0,0,,0,0,,,,,,,,,0,0,0,0,,0,5,,,0,2,"0,0,0",0,0,0,0,0,0,0,0,0,0,0,0,,,,0,,,,60003,,,,,,,
21468,,2,0,冰狞龙蜷缩翻滚,Em063_u01_RollDash,,0.065,0,0,0,0,0,0,0,"0,0,0",0,0,0,0,0,0,0,0,0,0,0,0,,0,0,,,,,,,,,0.5,30,0,10,,0,60,,,10,2,"0,0,0",0,0,0,0,0.15,0,0,0,0,0,0,0,,,,0,,,,,,,,,,,
21469,,2,0,冰狞龙喷雾减速,Em063_u01_SpurtIce1,,0,0,0,0,0,0,0,0,"0,0,0",0,0,0,0,0,0,0,0,0,0,0,0,,0,0,,,,,,,,,0,0,0,0,,0,5,,,0,2,"0,0,0",0,0,0,0,0,0,0,0,0,0,0,0,,,,0,10524,,,,,,,,,,
21470,,2,0,冰狞龙喷雾冰冻,Em063_u01_SpurtIce2,,0,0,0,0,0,0,0,0,"0,0,0",0,0,0,0,0,0,0,0,0,0,0,0,,0,0,,,,,,,,,0,0,0,0,,0,50,,,0,2,"0,0,0",0,0,0,0,0,0,0,0,0,0,0,0,,,,0,,,,60023,,,,,,,
21471,,2,0,冰狞龙撞击伤害,Em063_u01_SpurtIce3,,0.07,0,0,0,0,0,0,0,"0,0,0",0,0,0,0,0,0,0,0,0,0,0,0,,0,0,,,,,,,,,0.5,30,0,10,,0,70,,,10,2,"0,0,0",0,0,0,0,0.2,0,0,0,0,0,0,0,,,,0,,,,,,,,,,,
21472,,2,0,冰狞龙飞石攻击,Em063_u01_StoneAttack,,0.045,0,0,0,0,0,0,0,"0,0,0",0,0,0,0,0,0,0,0,0,0,0,0,,0,0,,,,,,,,,0.35,20,0,9,,0,30,,,9,2,"0,0,0",0,0,0,0,0.1,0,0,0,0,0,0,0,,,,0,,,,,,,,,,,
21473,,2,0,冰狞龙飞石攻击飞行物,Em063_u01_Stone,,0.06,0,0,0,0,0,0,0,"0,0,0",0,0,0,0,0,0,0,0,0,0,0,0,,0,0,,,,,,,,,0.4,30,0,11,,0,60,,,11,2,"0,0,0",0,0,0,0,0.2,0,0,0,0,0,0,0,,,,0,,,,,,,,,,,
21474,,2,0,冰狞龙扫尾攻击,Em063_u01_TailAttack,,0.04,0,0,0,0,0,0,0,"0,0,0",0,0,0,0,0,0,0,0,0,0,0,0,,0,0,,,,,,,,,0.4,20,0,9,,0,50,,,9,1,"0,0,0",0,0,0,0,0,0,0,0,0,0,0,0,,,,0,,,,,,,,,,,
21475,,2,0,冰狞龙二连击砸尾,Em063_u01_TailAttackCombo,,0.035,0,0,0,0,0,0,0,"0,0,0",0,0,0,0,0,0,0,0,0,0,0,0,,0,0,,,,,,,,,0.35,20,0,9,,0,30,,,9,2,"0,0,0",0,0,0,0,0,0,0,0,0,0,0,0,,,,0,,,,,,,,,,,
21476,,2,0,冰狞龙二连击砸尾震地,Em063_u01_TailAttackComboShake,,0,0,0,0,0,0,0,0,"0,0,0",0,0,0,0,0,0,0,0,0,0,0,0,,0,0,,,,,,,,,0,0,0,0,,0,5,,,0,2,"0,0,0",0,0,0,0,0,0,0,0,0,0,0,0,,,,0,,,,60003,,,,,,,
21477,,2,0,冰狞龙二连击爆炸,Em063_u01_TailAttackComboExplode,,0.03,0,0,0,0,0,0,0,"0,0,0",0,0,0,0,0,0,0,0,0,0,0,0,,0,0,,,,,,,,,0.2,40,0,11,,0,60,,,11,2,"0,0,0",0,0,0,0,0.1,0,0,0,0,0,0,0,,,,0,,,,60032,,,,,,,
21478,,2,0,冰狞龙二连击二段扫尾,Em063_u01_TailComboSecondTail,,0.02,0,0,0,0,0,0,0,"0,0,0",0,0,0,0,0,0,0,0,0,0,0,0,,0,0,,,,,,,,,0.2,20,0,13,,0,30,,,13,2,"0,0,0",0,0,0,0,0,0,0,0,0,0,0,0,,,,0,19121,,1,,,,,,,,
21479,,2,0,冰狞龙尾砸,Em063_u01_TailUnderAttack,,0.05,0,0,0,0,0,0,0,"0,0,0",0,0,0,0,0,0,0,0,0,0,0,0,,0,0,,,,,,,,,0.5,20,0,8,,0,40,,,8,2,"0,0,0",0,0,0,0,0,0,0,0,0,0,0,0,,,,0,,,,,,,,,,,
21480,,2,0,冰狞龙尾砸范围,Em063_u01_TailUnderAttackRange,,0.035,0,0,0,0,0,0,0,"0,0,0",0,0,0,0,0,0,0,0,0,0,0,0,,0,0,,,,,,,,,0.35,20,0,9,,0,40,,,9,2,"0,0,0",0,0,0,0,0,0,0,0,0,0,0,0,,,,0,,,,,,,,,,,
21481,,2,0,冰狞龙挑飞攻击,Em063_u01_TailUpAttack,,0.055,0,0,0,0,0,0,0,"0,0,0",0,0,0,0,0,0,0,0,0,0,0,0,,0,0,,,,,,,,,0.55,25,0,13,,0,20,,,13,2,"0,0,0",0,0,0,0,0,0,0,0,0,0,0,0,,,,0,,,,,,,,,,,
21482,,2,0,冰狞龙尾刺攻击,Em063_u01_ThornAttack,,0.045,0,0,0,0,0,0,0,"0,0,0",0,0,0,0,0,0,0,0,0,0,0,0,,0,0,,,,,,,,,0.45,15,0,9,,0,30,,,9,2,"0,0,0",0,0,0,0,0,0,0,0,0,0,0,0,,,,0,,,,,,,,,,,
21483,,2,0,冰狞龙尾刺,Em063_u01_Thorn,,0.04,0,0,0,0,0,0,0,"0,0,0",0,0,0,0,0,0,0,0,0,0,0,0,,0,0,,,,,,,,,0.25,10,0,7,,0,20,,,7,2,"0,0,0",0,0,0,0,0.15,0,0,0,0,0,0,0,,,,0,,,,,,,,,,,
21484,,2,0,冰狞龙右踩地攻击,Em063_u01_TreadAttack,,0.045,0,0,0,0,0,0,0,"0,0,0",0,0,0,0,0,0,0,0,0,0,0,0,,0,0,,,,,,,,,0.45,35,0,9,,0,50,,,9,2,"0,0,0",0,0,0,0,0,0,0,0,0,0,0,0,,,,0,,,,,,,,,,,
21485,,2,0,冰狞龙左踩地攻击,Em063_u01_TreadAttackLeft,,0.035,0,0,0,0,0,0,0,"0,0,0",0,0,0,0,0,0,0,0,0,0,0,0,,0,0,,,,,,,,,0.35,25,0,9,,0,40,,,9,2,"0,0,0",0,0,0,0,0,0,0,0,0,0,0,0,,,,0,,,,,,,,,,,
21486,,2,0,冰狞龙吼叫,Em063_u01_Howl,,0,0,0,0,0,0,0,0,"0,0,0",0,0,0,0,0,0,0,0,0,0,0,0,,0,0,,,,,,,,,0,0,0,0,,0,40,,,0,2,"0,0,0",0,0,0,0,0,0,0,0,0,0,0,0,,,,0,,,,60012,,,,,,,
21487,,2,0,冰狞龙三连击一段扫尾T（冰小异常）,Em063_u01_ComboFirstTailT,,0.03,0,0,0,0,0,0,0,"0,0,0",0,0,0,0,0,0,0,0,0,0,0,0,,0,0,,,,,,,,,0.3,110,0,2,,0,20,,,2,2,"0,0,0",0,0,0,0,0,0,0,0,0,0,0,0,,,,0,19184,,,,,,,,,,
21488,,2,0,冰狞龙三连击二段扫尾T,Em063_u01_ComboSecondTailT,,0.04,0,0,0,0,0,0,0,"0,0,0",0,0,0,0,0,0,0,0,0,0,0,0,,0,0,,,,,,,,,0.4,20,0,13,,0,30,,,13,2,"0,0,0",0,0,0,0,0,0,0,0,0,0,0,0,,,,0,19121,19211,1,,,,,,,,
21489,,2,0,冰狞龙前进头槌扫尾T（冰小异常）,Em063_u01_HeadAttackMoveTailT,,0.045,0,0,0,0,0,0,0,"0,0,0",0,0,0,0,0,0,0,0,0,0,0,0,,0,0,,,,,,,,,0.45,10,0,7,,0,10,,,7,2,"0,0,0",0,0,0,0,0,0,0,0,0,0,0,0,,,,0,19184,,,,,,,,,,
21490,,2,0,冰狞龙重尾砸T（冰小异常）,Em063_u01_HeavyTailAttackT,,0.07,0,0,0,0,0,0,0,"0,0,0",0,0,0,0,0,0,0,0,0,0,0,0,,0,0,,,,,,,,,0.6,30,0,8,,0,60,,,8,2,"0,0,0",0,0,0,0,0.1,0,0,0,0,0,0,0,,,,0,19184,,,,,,,,,,
21491,,2,0,冰狞龙扫尾攻击T（冰小异常）,Em063_u01_TailAttackT,,0.05,0,0,0,0,0,0,0,"0,0,0",0,0,0,0,0,0,0,0,0,0,0,0,,0,0,,,,,,,,,0.5,20,0,9,,0,50,,,9,1,"0,0,0",0,0,0,0,0,0,0,0,0,0,0,0,,,,0,19184,,,,,,,,,,
21492,,2,0,冰狞龙二连击砸尾T（冰小异常）,Em063_u01_TailAttackComboT,,0.045,0,0,0,0,0,0,0,"0,0,0",0,0,0,0,0,0,0,0,0,0,0,0,,0,0,,,,,,,,,0.45,20,0,9,,0,30,,,9,2,"0,0,0",0,0,0,0,0,0,0,0,0,0,0,0,,,,0,19184,,,,,,,,,,
21493,,2,0,冰狞龙二连击二段扫尾T（冰小异常）,Em063_u01_TailComboSecondTailT,,0.04,0,0,0,0,0,0,0,"0,0,0",0,0,0,0,0,0,0,0,0,0,0,0,,0,0,,,,,,,,,0.4,20,0,13,,0,30,,,13,2,"0,0,0",0,0,0,0,0,0,0,0,0,0,0,0,,,,0,19121,19184,1,,,,,,,,
21494,,2,0,冰狞龙尾砸T（冰小异常）,Em063_u01_TailUnderAttackT,,0.06,0,0,0,0,0,0,0,"0,0,0",0,0,0,0,0,0,0,0,0,0,0,0,,0,0,,,,,,,,,0.6,20,0,8,,0,40,,,8,2,"0,0,0",0,0,0,0,0,0,0,0,0,0,0,0,,,,0,19184,,,,,,,,,,
21495,,2,0,冰狞龙挑飞攻击T（冰小异常）,Em063_u01_TailUpAttackT,,0.065,0,0,0,0,0,0,0,"0,0,0",0,0,0,0,0,0,0,0,0,0,0,0,,0,0,,,,,,,,,0.65,25,0,13,,0,20,,,13,2,"0,0,0",0,0,0,0,0,0,0,0,0,0,0,0,,,,0,19184,,,,,,,,,,
21496,,2,0,冰狞龙尾刺攻击T（冰小异常）,Em063_u01_ThornAttackT,,0.055,0,0,0,0,0,0,0,"0,0,0",0,0,0,0,0,0,0,0,0,0,0,0,,0,0,,,,,,,,,0.55,15,0,9,,0,30,,,9,2,"0,0,0",0,0,0,0,0,0,0,0,0,0,0,0,,,,0,19184,,,,,,,,,,
21497,,2,0,冰狞龙直线喷吐2段（冰小异常）,Em063_u01_IcicleS,,0.06,0,0,0,0,0,0,0,"0,0,0",0,0,0,0,0,0,0,0,0,0,0,0,,0,0,,,,,,,,,0.3,25,0,10,,0,120,,,10,2,"0,0,0",0,0,0,0,0.3,0,0,0,0,0,0,0,,,,0,,,,,,,,,,,
21500,,2,0,墨麒麟小蹭伤,Em046_LittleHurt,,0.02,0,0,0,0,0,0,0,"0,0,0",0,0,0,0,0,0,0,0,0,0,0,0,,0,0,,,,,,,,,0.2,10,0,3,,0,10,,,3,2,"0,0,0",0,0,0,,0,0,0,0,0,0,0,0,,,,0,,,,,,,,,,,
21501,,2,0,墨麒麟大蹭伤,Em046_LargeHurt,,0.03,0,0,0,0,0,0,0,"0,0,0",0,0,0,0,0,0,0,0,0,0,0,0,,0,0,,,,,,,,,0.3,15,0,5,,0,10,,,5,2,"0,0,0",0,0,0,,0,0,0,0,0,0,0,0,,,,0,,,,,,,,,,,
21502,,2,0,墨麒麟后踢,Em046_FootAttack,,0.035,0,0,0,0,0,0,0,"0,0,0",0,0,0,0,0,0,0,0,0,0,0,0,,0,0,,,,,,,,,0.35,20,0,9,,0,20,,,9,2,"0,0,0",0,0,0,,0,0,0,0,0,0,0,0,,,,0,,,,,,,,,,,
21503,,2,0,墨麒麟踢出的球伤害（有麻痹）,Em046_FootBall,,0.015,0,0,0,0,0,0,0,"0,0,0",0,0,0,0,0,0,0,0,0,0,0,0,,0,0,,,,,,,,,0.15,20,0,9,,0,25,,,9,2,"0,0,0",0,0,0.2,,0,0,0,0,0,0,0,0,,,,0,,,,60005,,,,,,,
21504,,2,0,墨麒麟踢出的球爆炸,Em046_FootBallExplode,,0.04,0,0,0,0,0,0,0,"0,0,0",0,0,0,0,0,0,0,0,0,0,0,0,,0,0,,,,,,,,,0.1,25,0,11,,0,45,,,11,2,"0,0,0",0,0,0.3,,0,0,0,0,0,0,0,0,,,,0,19183,,,,,,,,,,
21505,,2,0,墨麒麟头部攻击,Em046_HeadAttack,,0.035,0,0,0,0,0,0,0,"0,0,0",0,0,0,0,0,0,0,0,0,0,0,0,,0,0,,,,,,,,,0.35,15,0,7,,0,30,,,7,2,"0,0,0",0,0,0,,0,0,0,0,0,0,0,0,,,,0,,,,,,,,,,,
21506,,2,0,墨麒麟落雷攻击,Em046_LightningAttack,,0.025,0,0,0,0,0,0,0,"0,0,0",0,0,0,0,0,0,0,0,0,0,0,0,,0,0,,,,,,,,,0.25,20,0,9,,0,35,,,9,2,"0,0,0",0,0,0,,0,0,0,0,0,0,0,0,,,,0,,,,60005,,,,,,,
21507,,2,0,墨麒麟小雷暴,Em046_LightAOE,,0.04,0,0,0,0,0,0,0,"0,0,0",0,0,0,0,0,0,0,0,0,0,0,0,,0,0,,,,,,,,,0.25,25,0,10,,0,25,,,10,2,"0,0,0",0,0,0.15,,0,0,0,0,0,0,0,0,,,,0,,,,60005,,,,,,,
21508,,2,0,墨麒麟龙车,Em046_DragonDash,,0.055,0,0,0,0,0,0,0,"0,0,0",0,0,0,0,0,0,0,0,0,0,0,0,,0,0,,,,,,,,,0.55,25,0,10,,0,30,,,10,2,"0,0,0",0,0,0,,0,0,0,0,0,0,0,0,,,,0,,,,,,,,,,,
21509,,2,0,墨麒麟闪雷攻击,Em046_ShankAttack,,0.045,0,0,0,0,0,0,0,"0,0,0",0,0,0,0,0,0,0,0,0,0,0,0,,0,0,,,,,,,,,0.25,20,0,9,,0,30,,,9,2,"0,0,0",0,0,0.2,,0,0,0,0,0,0,0,0,,,,0,19183,,,,,,,,,,
21510,,2,0,墨麒麟回旋雷球,Em046_ComeGoBall,,0.015,0,0,0,0,0,0,0,"0,0,0",0,0,0,0,0,0,0,0,0,0,0,0,,0,0,,,,,,,,,0.15,25,0,9,,0,35,,,9,2,"0,0,0",0,0,0.25,,0,0,0,0,0,0,0,0,,,,0,19183,,,,,,,,,,
21511,,2,0,墨麒麟大雷暴,Em046_WeightAOE,,0.055,0,0,0,0,0,0,0,"0,0,0",0,0,0,0,0,0,0,0,0,0,0,0,,0,0,,,,,,,,,0.25,30,0,12,,0,60,,,12,2,"0,0,0",0,0,0.3,,0,0,0,0,0,0,0,0,,,,0,19183,,,,,,,,,,
21512,,2,0,墨麒麟龙风压,Em046_ThunderWind,,0,0,0,0,0,0,0,0,"0,0,0",0,0,0,0,0,0,0,0,0,0,0,0,,0,0,70021,,,,,,,,0,5,0,0,,0,40,,,0,2,"0,0,0",0,0,0,,0,0,0,0,0,0,0,0,,,,0,,,,60002,,,,,,,
21520,,2,0,奇烈银火龙火场,Em025_u04_FireCircle,,0,0,0,0,0,0,0,0,"0,0,0",0,0,0,0,0,0,0,0,0,0,0,0,,0,12231,,,交互行为,8,,,,,0,0,0,0,,0,30,,,0,2,"0,0,0",0,0,0,0,0,0,0,0,0,0,0,2048,,,,0,19180,,,,,,,,,,
21521,,2,0,奇烈银火龙空中火咬,Em025_u04_Air_Bite_25,,0.025,0,0,0,0,0,0,0,"0,0,0",0,0,0,0,0,0,0,0,0,0,0,0,,0,12231,,,,,,,,,0.25,10,0,6,,0,15,,,6,2,"0,0,0",0.1,0,0,0,0,0,0,0,0,0,0,0,,,,0,19180,,,,,,,,,,
21522,,2,0,奇烈银火龙空中毒抓,Em025_u04_Air_Claw_Posion_30,,0.03,0,0,0,0,0,0,0,"0,0,0",0,0,0,0,0,0,0,0,0,0,0,0,,0,12232,,,,,,,,,0.3,30,0,12,,0,20,,,12,2,"0,0,0",0,0,0,0,0,0,0,0,0,0,0,0,,,,0,20000,,,,,,,,,,
21523,,2,0,奇烈银火龙空中龙车,Em025_u04_Dash_25,,0.045,0,0,0,0,0,0,0,"0,0,0",0,0,0,0,0,0,0,0,0,0,0,0,,0,0,,,,,,,,,0.45,30,0,11,,0,30,,,11,2,"0,0,0",0,0,0,0,0,0,0,0,0,0,0,0,,,,0,,,,,,,,,,,
21524,,2,0,奇烈银火龙地面火咬,Em025_u04_Bite_25,,0.025,0,0,0,0,0,0,0,"0,0,0",0,0,0,0,0,0,0,0,0,0,0,0,,0,0,,,,,,,,,0.25,10,0,6,,0,15,,,6,2,"0,0,0",0.1,0,0,0,0,0,0,0,0,0,0,0,,,,0,,,,,,,,,,,
21525,,2,0,奇烈银火龙地面龙车,Em025_u04_Dash_40,,0.04,0,0,0,0,0,0,0,"0,0,0",0,0,0,0,0,0,0,0,0,0,0,0,,0,0,,,交互行为,5,,,,,0.4,30,0,11,,0,30,,,11,2,"0,0,0",0,0,0,0,0,0,0,0,0,0,0,0,,,,0,,,,,,,,,,,
21526,,2,0,奇烈银火龙地面毒抓,Em025_u04_Claw_Posion_40,,0.03,0,0,0,0,0,0,0,"0,0,0",0,0,0,0,0,0,0,0,0,0,0,0,,0,12232,,,,,,,,,0.3,30,0,12,,0,20,,,12,2,"0,0,0",0,0,0,0,0,0,0,0,0,0,0,0,,,,0,20000,,,,,,,,,,
21527,,2,0,奇烈银火龙大甩尾,Em025_u04_HeavyTail_30,,0.03,0,0,0,0,0,0,0,"0,0,0",0,0,0,0,0,0,0,0,0,0,0,0,,0,0,,,,,,,,,0.3,30,0,11,,0,30,,,11,2,"0,0,0",0,0,0,0,0,0,0,0,0,0,0,0,,,,0,,,,,,,,,,,
21528,,2,0,奇烈银火龙小甩尾,Em025_u04_Tail_20,,0.02,0,0,0,0,0,0,0,"0,0,0",0,0,0,0,0,0,0,0,0,0,0,0,,0,0,,,,,,,,,0.2,10,0,11,,0,15,,,11,2,"0,0,0",0,0,0,0,0,0,0,0,0,0,0,0,,,,0,,,,,,,,,,,
21529,,2,0,奇烈银火龙火球,Em025_u04_FireBall_35,,0.02,0,0,0,0,0,0,0,"0,0,0",0,0,0,0,0,0,0,0,0,0,0,0,,0,12231,,,交互行为,8,,,,,0.2,30,0,11,,0,30,,,11,2,"0,0,0",0.25,0,0,0,0,0,0,0,0,0,0,2048,,,,0,19180,,,,,,,,,,
21530,,2,0,奇烈银火龙火球残留,Em025_u04_Ground_Fire_0,,0,0,0,0,0,0,0,0,"0,0,0",0,0,0,0,0,0,0,0,0,0,0,0,,0,12231,,,,,,,,,0,0,0,2,,0,3,,,2,2,"0,0,0",0.1,0,0,0,0,0,0,0,0,0,0,0,,,,0,19180,,,,,,,,,,
21531,,2,0,奇烈银火龙火场爆炸,Em025_u04_FireCircleBoom,,0.02,0,0,0,0,0,0,0,"0,0,0",0,0,0,0,0,0,0,0,0,0,0,0,,0,12231,,,交互行为,8,,,,,0.2,30,0,11,,0,30,,,11,2,"0,0,0",0.3,0,0,0,0,0,0,0,0,0,0,2048,,,,0,19180,,,,,,,,,,
21532,,2,0,棘龙小蹭伤20,Em036_LittleHurt,,0.02,0,0,0,0,0,0,0,"0,0,0",0,0,0,0,0,0,0,0,0,0,0,0,,0,0,,,,,,,,,0.2,10,0,3,,0,15,,,3,2,"0,0,0",0,0,0,0,0,0,0,0,0,0,0,0,,,,0,,,,,,,,,,,
21533,,2,0,棘龙龙大蹭伤30,Em036_LargeHurt,,0.03,0,0,0,0,0,0,0,"0,0,0",0,0,0,0,0,0,0,0,0,0,0,0,,0,0,,,,,,,,,0.3,20,0,6,,0,20,,,6,2,"0,0,0",0,0,0,0,0,0,0,0,0,0,0,0,,,,0,,,,,,,,,,,
21534,,2,0,棘龙咬击35,Em036_Bite,,0.035,0,0,0,0,0,0,0,"0,0,0",0,0,0,0,0,0,0,0,0,0,0,0,,0,0,,,,,,,,,0.35,25,0,9,,0,35,,,9,2,"0,0,0",0,0,0,0,0,0,0,0,0,0,0,0,,,,0,10000,,,,,,,,,,
21535,,2,0,棘龙咬击毒雾40,Em036_BiteFog,,0.04,0,0,0,0,0,0,0,"0,0,0",0,0,0,0,0,0,0,0,0,0,0,0,,0,0,,,,,,,,,0.4,30,0,9,,0,35,,,9,2,"0,0,0",0,0,0,0,0,0,0,0,0,0,0,0,,,,0,10000,,,,,,,,,,
21536,,2,0,棘龙铁山靠45,Em036_BodyRush,,0.045,0,0,0,0,0,0,0,"0,0,0",0,0,0,0,0,0,0,0,0,0,0,0,,0,0,,,,,,,,,0.45,30,0,10,,0,30,,,10,2,"0,0,0",0,0,0,0,0,0,0,0,0,0,0,0,,,,0,,,,,,,,,,,
21537,,2,0,棘龙龙车55,Em036_DragonDash,,0.055,0,0,0,0,0,0,0,"0,0,0",0,0,0,0,0,0,0,0,0,0,0,0,,0,0,,,,,,,,,0.55,35,0,11,,0,40,,,11,2,"0,0,0",0,0,0,0,0,0,0,0,0,0,0,0,,,,0,10000,,,,,,,,,,
21538,,2,0,棘龙慵懒攻击15,Em036_LazyAttack,,0.015,0,0,0,0,0,0,0,"0,0,0",0,0,0,0,0,0,0,0,0,0,0,0,,0,0,,,,,,,,,0.15,10,0,4,,0,15,,,4,2,"0,0,0",0,0,0,0,0,0,0,0,0,0,0,0,,,,0,,,,,,,,,,,
21539,,2,0,棘龙慵懒攻击带毒15,Em036_LazyAttackPoison,,0.015,0,0,0,0,0,0,0,"0,0,0",0,0,0,0,0,0,0,0,0,0,0,0,,0,12232,,,,,,,,,0.15,10,0,4,,0,15,,,4,2,"0,0,0",0,0,0,0,0,0,0,0,0,0,0,0,,,,0,10000,,,,,,,,,,
21540,,2,0,棘龙慵懒风压,Em036_LazyWind,,0,0,0,0,0,0,0,0,"0,0,0",0,0,0,0,0,0,0,0,0,0,0,0,,0,0,70021,,,,,,,,0,15,0,0,,0,0,,,0,2,"0,0,0",0,0,0,0,0,0,0,0,0,0,0,0,,,,0,,,,60001,,,,,,,
21541,,2,0,棘龙慵懒风压带毒,Em036_LazyPoison,,0,0,0,0,0,0,0,0,"0,0,0",0,0,0,0,0,0,0,0,0,0,0,0,,0,12232,70021,,,,,,,,0,15,0,0,,0,0,,,0,2,"0,0,0",0,0,0,0,0,0,0,0,0,0,0,0,,,,0,10000,,,60001,,,,,,,
21542,,2,0,棘龙低吼,Em036_LowHowl,,0,0,0,0,0,0,0,0,"0,0,0",0,0,0,0,0,0,0,0,0,0,0,0,,0,0,70024,,,,,,,,0,20,0,0,,0,0,,,0,2,"0,0,0",0,0,0,0,0,0,0,0,0,0,0,0,,,,0,,,,60004,,,,,,,
21543,,2,0,棘龙挑击40,Em036_PickUp,,0.04,0,0,0,0,0,0,0,"0,0,0",0,0,0,0,0,0,0,0,0,0,0,0,,0,0,,,,,,,,,0.4,25,0,11,,0,30,,,11,2,"0,0,0",0,0,0,0,0,0,0,0,0,0,0,0,,,,0,,,,,,,,,,,
21544,,2,0,棘龙挑击蹭伤20,Em036_PickUpLow,,0.02,0,0,0,0,0,0,0,"0,0,0",0,0,0,0,0,0,0,0,0,0,0,0,,0,0,,,,,,,,,0.2,25,0,7,,0,15,,,7,2,"0,0,0",0,0,0,0,0,0,0,0,0,0,0,0,,,,0,,,,,,,,,,,
21545,,2,0,棘龙毒雾50,Em036_Fog,,0.035,0,0,0,0,0,0,0,"0,0,0",0,0,0,0,0,0,0,0,0,0,0,0,,0,12232,,,,,,,,,0.35,30,0,11,,0,35,,,10,2,"0,0,0",0,0,0,0,0,0,0,0,0,0,0,0,,,,0,10000,,,,,,,,,,
21546,,2,0,棘龙睡觉攻击18,Em036_SleepAttack,,0.018,0,0,0,0,0,0,0,"0,0,0",0,0,0,0,0,0,0,0,0,0,0,0,,0,0,,,,,,,,,0.18,15,0,3,,0,15,,,3,2,"0,0,0",0,0,0,0,0,0,0,0,0,0,0,0,,,,0,,,,,,,,,,,
21547,,2,0,棘龙睡觉带毒18,Em036_SleepAttackPoison,,0.018,0,0,0,0,0,0,0,"0,0,0",0,0,0,0,0,0,0,0,0,0,0,0,,0,12232,,,,,,,,,0.18,15,0,3,,0,15,,,3,2,"0,0,0",0,0,0,0,0,0,0,0,0,0,0,0,,,,0,10000,,,,,,,,,,
21548,,2,0,棘龙甩尾45,Em036_SweepTail,,0.045,0,0,0,0,0,0,0,"0,0,0",0,0,0,0,0,0,0,0,0,0,0,0,,0,0,,,,,,,,,0.45,25,0,10,,0,40,,,10,2,"0,0,0",0,0,0,0,0,0,0,0,0,0,0,0,,,,0,,,,,,,,,,,
21549,,2,0,棘龙三连40,Em036_ThreeWings,,0.045,0,0,0,0,0,0,0,"0,0,0",0,0,0,0,0,0,0,0,0,0,0,0,,0,0,,,,,,,,,0.45,30,0,11,,0,35,,,11,2,"0,0,0",0,0,0,0,0,0,0,0,0,0,0,0,,,,0,,,,,,,,,,,
21550,,2,0,棘龙三连蹭伤25,Em036_ThreeWingsLow,,0.025,0,0,0,0,0,0,0,"0,0,0",0,0,0,0,0,0,0,0,0,0,0,0,,0,0,,,,,,,,,0.25,30,0,7,,0,20,,,7,2,"0,0,0",0,0,0,0,0,0,0,0,0,0,0,0,,,,0,,,,,,,,,,,
21551,,2,0,棘龙风压,Em036_Wind,,0,0,0,0,0,0,0,0,"0,0,0",0,0,0,0,0,0,0,0,0,0,0,0,,0,0,70021,,,,,,,,0,10,0,0,,0,0,,,0,2,"0,0,0",0,0,0,0,0,0,0,0,0,0,0,0,,,,0,,,,60001,,,,,,,
21552,,2,0,棘龙高吼,Em036_LargeHowl,,0,0,0,0,0,0,0,0,"0,0,0",0,0,0,0,0,0,0,0,0,0,0,0,,0,0,70024,,,,,,,,0,20,0,0,,0,0,,,0,2,"0,0,0",0,0,0,0,0,0,0,0,0,0,0,0,,,,0,,,,60012,,,,,,,
21553,,2,0,小毒球伤害30,Em036_LittleBall,,0.03,0,0,0,0,0,0,0,"0,0,0",0,0,0,0,0,0,0,0,0,0,0,0,,0,12232,,,,,,,,,0.15,25,0,9,,0,30,,,9,2,"0,0,0",0.15,0,0,0,0,0,0,0,0,0,0,0,,,,0,10000,,,60005,,,,,,,
21554,,2,0,大毒球伤害40,Em036_BigBall,,0.04,0,0,0,0,0,0,0,"0,0,0",0,0,0,0,0,0,0,0,0,0,0,0,,0,12232,,,,,,,,,0.2,35,0,11,,0,40,,,11,2,"0,0,0",0.2,0,0,0,0,0,0,0,0,0,0,0,,,,0,10000,,,60005,,,,,,,
21555,,2,0,大毒球爆炸40,Em036_BigBallBoom,,0.04,0,0,0,0,0,0,0,"0,0,0",0,0,0,0,0,0,0,0,0,0,0,0,,0,0,,,,,,,,,0.15,30,0,12,,0,50,,,12,2,"0,0,0",0.25,0,0,0,0,0,0,0,0,0,0,0,,,,0,10000,,,60005,,,,,,,
21556,,2,0,大毒球大爆炸48,Em036_BigBallBoomMore,,0.048,0,0,0,0,0,0,0,"0,0,0",0,0,0,0,0,0,0,0,0,0,0,0,,0,0,,,,,,,,,0.24,35,0,12,,0,55,,,12,2,"0,0,0",0.24,0,0,0,0,0,0,0,0,0,0,0,,,,0,10000,,,60005,,,,,,,
21557,,2,0,棘龙挑击头部带毒40,Em036_PickUpPoison,,0.04,0,0,0,0,0,0,0,"0,0,0",0,0,0,0,0,0,0,0,0,0,0,0,,0,0,,,,,,,,,0.4,25,0,11,,0,30,,,12,2,"0,0,0",0,0,0,0,0,0,0,0,0,0,0,0,,,,0,10000,,,,,,,,,,
21558,,2,0,棘龙铁山靠45挑飞,Em036_BodyRushUp,,0.045,0,0,0,0,0,0,0,"0,0,0",0,0,0,0,0,0,0,0,0,0,0,0,,0,0,,,,,,,,,0.45,30,0,13,,0,30,,,13,2,"0,0,0",0,0,0,0,0,0,0,0,0,0,0,0,,,,0,,,,,,,,,,,
21559,,2,0,棘龙慵懒甩尾25,Em036_LazyTailAttack,,0.025,0,0,0,0,0,0,0,"0,0,0",0,0,0,0,0,0,0,0,0,0,0,0,,0,0,,,,,,,,,0.25,10,0,9,,0,15,,,9,2,"0,0,0",0,0,0,0,0,0,0,0,0,0,0,0,,,,0,,,,,,,,,,,
21560,,2,0,棘龙慵懒甩尾带毒25,Em036_LazyTailAttackPoison,,0.025,0,0,0,0,0,0,0,"0,0,0",0,0,0,0,0,0,0,0,0,0,0,0,,0,12232,,,,,,,,,0.25,10,0,9,,0,15,,,9,2,"0,0,0",0,0,0,0,0,0,0,0,0,0,0,0,,,,0,10000,,,,,,,,,,
21570,,2,0,奇烈恐暴龙回旋攻击,Em088_u01_AroundAttack,,0.055,0,0,0,0,0,0,0,"0,0,0",0,0,0,0,0,0,0,0,0,0,0,0,,0,0,,,,,,,,,0.55,40,0,10,,0,60,,,10,2,"0,0,0",0,0,0,0,0,0,0,0,0,0,0,0,,,,0,,,,,,,,,,,
21571,,2,0,奇烈恐暴龙回旋攻击（龙属性）,Em088_u01_AroundAttackDragon,,0.055,0,0,0,0,0,0,0,"0,0,0",0,0,0,0,0,0,0,0,0,0,0,0,,0,0,,,,,,,,,0.3,40,0,10,,0,60,,,10,2,"0,0,0",0,0,0.25,0,0,0,0,0,0,0,0,0,,,,0,19183,,,,,,,,,,
21572,,2,0,奇烈恐暴龙铁山靠,Em088_u01_BodyAttack,,0.055,0,0,0,0,0,0,0,"0,0,0",0,0,0,0,0,0,0,0,0,0,0,0,,0,0,,,,,,,,,0.55,40,0,11,,0,60,,,11,2,"0,0,0",0,0,0,0,0,0,0,0,0,0,0,0,,,,0,,,,,,,,,,,
21573,,2,0,奇烈恐暴龙铁山靠（龙属性）,Em088_u01_BodyAttackDragon,,0.055,0,0,0,0,0,0,0,"0,0,0",0,0,0,0,0,0,0,0,0,0,0,0,,0,0,,,,,,,,,0.3,40,0,11,,0,60,,,11,2,"0,0,0",0,0,0.25,0,0,0,0,0,0,0,0,0,,,,0,19183,,,,,,,,,,
21574,,2,0,奇烈恐暴龙黑烟攻击,Em088_u01_DragonShoot,,0.055,0,0,0,0,0,0,0,"0,0,0",0,0,0,0,0,0,0,0,0,0,0,0,,0,0,,,,,,,,,0.25,40,0,11,,0,60,,,11,2,"0,0,0",0,0,0.35,0,0,0,0,0,0,0,0,0,,,,0,19183,,,,,,,,,,
21575,,2,0,奇烈恐暴龙咬击,Em088_u01_HeadAttack,,0.05,0,0,0,0,0,0,0,"0,0,0",0,0,0,0,0,0,0,0,0,0,0,0,,0,0,,,,,,,,,0.5,30,0,10,,0,30,,,10,2,"0,0,0",0,0,0,0,0,0,0,0,0,0,0,0,,,,0,,,,,,,,,,,
21576,,2,0,奇烈恐暴龙咬击（龙属性）,Em088_u01_HeadAttackDragon,,0.05,0,0,0,0,0,0,0,"0,0,0",0,0,0,0,0,0,0,0,0,0,0,0,,0,0,,,,,,,,,0.3,30,0,10,,0,30,,,10,2,"0,0,0",0,0,0.2,0,0,0,0,0,0,0,0,0,,,,0,19183,,,,,,,,,,
21577,,2,0,奇烈恐暴龙跳跃尾巴攻击,Em088_u01_JumpTailAttack,,0.04,0,0,0,0,0,0,0,"0,0,0",0,0,0,0,0,0,0,0,0,0,0,0,,0,0,,,,,,,,,0.4,30,0,9,,0,30,,,9,2,"0,0,0",0,0,0,0,0,0,0,0,0,0,0,0,,,,0,,,,,,,,,,,
21578,,2,0,奇烈恐暴龙左右甩头,Em088_u01_HeadDashAttack,,0.06,0,0,0,0,0,0,0,"0,0,0",0,0,0,0,0,0,0,0,0,0,0,0,,0,0,,,,,,,,,0.48,40,0,13,,0,60,,,13,2,"0,0,0",0,0,0,0,0,0,0,0,0,0,0,0,,,,0,,,,,,,,,,,
21579,,2,0,奇烈恐暴龙左右甩头（龙属性）,Em088_u01_HeadDashAttackDragon,,0.06,0,0,0,0,0,0,0,"0,0,0",0,0,0,0,0,0,0,0,0,0,0,0,,0,0,,,,,,,,,0.24,40,0,13,,0,60,,,13,2,"0,0,0",0,0,0.24,0,0,0,0,0,0,0,0,0,,,,0,19183,,,,,,,,,,
21580,,2,0,奇烈恐暴龙甩头砸地,Em088_u01_ShakeHead,,0.06,0,0,0,0,0,0,0,"0,0,0",0,0,0,0,0,0,0,0,0,0,0,0,,0,0,,,,,,,,,0.6,35,0,10,,0,50,,,10,2,"0,0,0",0,0,0,0,0,0,0,0,0,0,0,0,,,,0,,,,,,,,,,,
21581,,2,0,奇烈恐暴龙甩头砸地（龙属性）,Em088_u01_ShakeHeadDragon,,0.06,0,0,0,0,0,0,0,"0,0,0",0,0,0,0,0,0,0,0,0,0,0,0,,0,0,,,,,,,,,0.35,35,0,10,,0,50,,,10,2,"0,0,0",0,0,0.25,0,0,0,0,0,0,0,0,0,,,,0,19183,,,,,,,,,,
21582,,2,0,奇烈恐暴龙移动咬击,Em088_u01_MoveHeadAttack,,0.03,0,0,0,0,0,0,0,"0,0,0",0,0,0,0,0,0,0,0,0,0,0,0,,0,0,,,,,,,,,0.3,15,0,9,,0,30,,,9,2,"0,0,0",0,0,0,0,0,0,0,0,0,0,0,0,,,,0,,,,,,,,,,,
21583,,2,0,奇烈恐暴龙移动咬击（龙属性）,Em088_u01_MoveHeadAttackDragon,,0.03,0,0,0,0,0,0,0,"0,0,0",0,0,0,0,0,0,0,0,0,0,0,0,,0,0,,,,,,,,,0.15,15,0,9,,0,30,,,9,2,"0,0,0",0,0,0.15,0,0,0,0,0,0,0,0,0,,,,0,19183,,,,,,,,,,
21584,,2,0,奇烈恐暴龙踏地板攻击,Em088_u01_RightLegAttack,,0.06,0,0,0,0,0,0,0,"0,0,0",0,0,0,0,0,0,0,0,0,0,0,0,,0,0,,,,,,,,,0.65,35,0,10,,0,50,,,10,2,"0,0,0",0,0,0,0,0,0,0,0,0,0,0,0,,,,0,,,,,,,,,,,
21585,,2,0,奇烈恐暴龙甩尾攻击,Em088_u01_TailAttack,,0.04,0,0,0,0,0,0,0,"0,0,0",0,0,0,0,0,0,0,0,0,0,0,0,,0,0,,,,,,,,,0.4,20,0,11,,0,40,,,11,2,"0,0,0",0,0,0,0,0,0,0,0,0,0,0,0,,,,0,,,,,,,,,,,
21586,,2,0,奇烈恐暴龙投石头攻击,Em088_u01_ThrowStone,,0.05,0,0,0,0,0,0,0,"0,0,0",0,0,0,0,0,0,0,0,0,0,0,0,,0,0,,,,,,,,,0.5,40,0,11,,0,60,,,11,2,"0,0,0",0,0,0,0,0,0,0,0,0,0,0,0,,,,0,,,,,,,,,,,
21587,,2,0,奇烈恐暴龙咬击疲劳,Em088_u01_HeadAttackHungry,,0.04,0,0,0,0,0,0,0,"0,0,0",0,0,0,0,0,0,0,0,0,0,0,0,,0,0,,,,,,,,,0.4,30,0,9,,0,30,,,9,2,"0,0,0",0,0,0,0,0,0,0,0,0,0,0,0,,,,0,19128,,,,,,,,,,
21588,,2,0,奇烈恐暴龙移动咬击疲劳,Em088_u01_MoveHeadAttackHungry,,0.02,0,0,0,0,0,0,0,"0,0,0",0,0,0,0,0,0,0,0,0,0,0,0,,0,0,,,,,,,,,0.2,15,0,9,,0,30,,,9,2,"0,0,0",0,0,0,0,0,0,0,0,0,0,0,0,,,,0,19128,,,,,,,,,,
21589,,2,0,奇烈恐暴龙左右甩头疲劳,Em088_u01_HeadDashAttackHungry,,0.05,0,0,0,0,0,0,0,"0,0,0",0,0,0,0,0,0,0,0,0,0,0,0,,0,0,,,,,,,,,0.5,40,0,13,,0,60,,,13,2,"0,0,0",0,0,0,0,0,0,0,0,0,0,0,0,,,,0,19128,,,,,,,,,,
21590,,2,0,奇烈恐暴龙回旋攻击疲劳,Em088_u01_AroundAttackHungry,,0.055,0,0,0,0,0,0,0,"0,0,0",0,0,0,0,0,0,0,0,0,0,0,0,,0,0,,,,,,,,,0.55,40,0,11,,0,60,,,11,2,"0,0,0",0,0,0,0,0,0,0,0,0,0,0,0,,,,0,19128,,,,,,,,,,
21591,,2,0,奇烈恐暴龙捕食攻击,Em088_u01_Eat,,0.015,0,0,0,0,0,0,0,"0,0,0",0,0,0,0,0,0,0,0,0,0,0,0,,0,0,,,,,,,,,0.15,0,0,0,,0,60,,,0,2,"0,0,0",0,0,0,0,0,0,0,0,0,0,0,0,,,,0,,,,,,,,,,,
21592,,2,0,奇烈恐暴龙恐暴龙拘束攻击,Em088_u01_RestrictAttack,,0.04,,,,,,,,,,,,,,,,,,,,,,,,,,,,,,,,0.4,10,,0,,,25,,,0,2,"0,0,0",0,0,0,0,0,,,,,,,,,,,,60031,,,,,,,,,,
21595,,2,0,倾雷鸟小蹭伤,Em071_LittleHurt,,0.015,0,0,0,0,0,0,0,"0,0,0",0,0,0,0,0,0,0,0,0,0,0,0,,0,0,,,,,,,,,0.15,10,0,5,,0,20,,,5,2,"0,0,0",0,0,0,0,0,0,0,0,0,0,0,0,,,,0,,0,,,,,,,,,
21596,,2,0,倾雷鸟中蹭伤,Em071_MiddleHurt,,0.025,0,0,0,0,0,0,0,"0,0,0",0,0,0,0,0,0,0,0,0,0,0,0,,0,0,,,,,,,,,0.25,15,0,6,,0,25,,,6,2,"0,0,0",0,0,0,0,0,0,0,0,0,0,0,0,,,,0,,0,,,,,,,,,
21597,,2,0,倾雷鸟雷球,Em071_Ball,,0.01,0,0,0,0,0,0,0,"0,0,0",0,0,0,0,0,0,0,0,0,0,0,0,,0,0,,,,,,,,,0.1,20,0,9,,0,45,,,9,2,"0,0,0",0,0,0,0.25,0,0,0,0,0,0,0,0,,,,0,19181,0,,,,,,,,,
21598,,2,0,倾雷鸟雷球爆炸,Em071_BallBoom,,0.015,0,0,0,0,0,0,0,"0,0,0",0,0,0,0,0,0,0,0,0,0,0,0,,0,0,,,,,,,,,0.15,35,0,10,,0,50,,,10,1,"0,0,0",0,0,0,0.25,0,0,0,0,0,0,0,0,,,,0,19181,0,,,,,,,,,
21599,,2,0,倾雷鸟风压,Em071_Wind,,0,0,0,0,0,0,0,0,"0,0,0",0,0,0,0,0,0,0,0,0,0,0,0,,0,0,70021,,,,,,,,0,10,0,0,,0,0,,,0,2,"0,0,0",0,0,0,0,0,0,0,0,0,0,0,0,,,,0,,0,,60001,,,,,,,
21600,,2,0,倾雷鸟空中旋转,Em071_Attack_AirDown,,0.045,0,0,0,0,0,0,0,"0,0,0",0,0,0,0,0,0,0,0,0,0,0,0,,0,0,,,,,,,,,0.45,45,0,12,,0,35,,,12,2,"0,0,0",0,0,0,0,0,0,0,0,0,0,0,0,,,,0,,0,,,,,,,,,
21601,,2,0,倾雷鸟空中旋转击晕,Em071_Attack_AirDownStun,,0.045,0,0,0,0,0,0,0,"0,0,0",0,0,0,0,0,0,0,0,0,0,0,0,,0,0,,,,,,,,,0.45,110,0,10,,0,50,,,10,2,"0,0,0",0,0,0,0,0,0,0,0,0,0,0,0,,,,0,,0,,,,,,,,,
21602,,2,0,倾雷鸟空中落地爆炸,Em071_Attack_AirDownBoom,,0.025,0,0,0,0,0,0,0,"0,0,0",0,0,0,0,0,0,0,0,0,0,0,0,,0,0,,,,,,,,,0.25,35,0,10,,0,45,,,10,2,"0,0,0",0,0,0,0.25,0,0,0,0,0,0,0,0,,,,0,19181,0,,,,,,,,,
21603,,2,0,倾雷鸟后向雷球,Em071_Attack_BackBall,,0.03,0,0,0,0,0,0,0,"0,0,0",0,0,0,0,0,0,0,0,0,0,0,0,,0,0,,,,,,,,,0.3,25,0,11,,0,60,,,11,2,"0,0,0",0,0,0,0.3,0,0,0,0,0,0,0,0,,,,0,19182,0,,,,,,,,,
21604,,2,0,倾雷鸟咬击爆炸,Em071_Attack_BiteBoom,,0.015,0,0,0,0,0,0,0,"0,0,0",0,0,0,0,0,0,0,0,0,0,0,0,,0,0,,,,,,,,,0.15,40,0,9,,0,40,,,9,2,"0,0,0",0,0,0,0.25,0,0,0,0,0,0,0,0,,,,0,19182,0,,,,,,,,,
21605,,2,0,倾雷鸟爪击爆炸,Em071_Attack_ClawBoom,,0.01,0,0,0,0,0,0,0,"0,0,0",0,0,0,0,0,0,0,0,0,0,0,0,,0,0,,,,,,,,,0.1,40,0,9,,0,45,,,9,2,"0,0,0",0,0,0,0.25,0,0,0,0,0,0,0,0,,,,0,19182,0,,,,,,,,,
21606,,2,0,倾雷鸟龙车,Em071_DragonDash,,0.035,0,0,0,0,0,0,0,"0,0,0",0,0,0,0,0,0,0,0,0,0,0,0,,0,0,,,,,,,,,0.35,35,0,10,,0,35,,,10,2,"0,0,0",0,0,0,0,0,0,0,0,0,0,0,0,,,,0,,0,,,,,,,,,
21607,,2,0,倾雷鸟龙车雷击闪电,Em071_DragonDashThunder,,0.015,0,0,0,0,0,0,0,"0,0,0",0,0,0,0,0,0,0,0,0,0,0,0,,0,0,,,,,,,,,0.15,25,0,10,,0,50,,,10,2,"0,0,0",0,0,0,0.3,0,0,0,0,0,0,0,0,,,,0,19182,0,,,,,,,,,
21608,,2,0,倾雷鸟蹦跶爆炸,Em071_Attack_JumpTurnBoom,,0.02,0,0,0,0,0,0,0,"0,0,0",0,0,0,0,0,0,0,0,0,0,0,0,,0,0,,,,,,,,,0.2,25,0,11,,0,45,,,11,2,"0,0,0",0,0,0,0.25,0,0,0,0,0,0,0,0,,,,0,19181,0,,,,,,,,,
21609,,2,0,倾雷鸟啄击,Em071_Attack_Peck,,0.03,0,0,0,0,0,0,0,"0,0,0",0,0,0,0,0,0,0,0,0,0,0,0,,0,0,,,,,,,,,0.3,30,0,9,,0,30,,,9,2,"0,0,0",0,0,0,0,0,0,0,0,0,0,0,0,,,,0,,0,,,,,,,,,
21610,,2,0,倾雷鸟转圈,Em071_Attack_RunCircle,,0.035,0,0,0,0,0,0,0,"0,0,0",0,0,0,0,0,0,0,0,0,0,0,0,,0,0,,,,,,,,,0.35,20,0,10,,0,35,,,10,2,"0,0,0",0,0,0,0,0,0,0,0,0,0,0,0,,,,0,,0,,,,,,,,,
21611,,2,0,倾雷鸟滑地爆炸,Em071_Attack_ShovelBoom,,0.02,0,0,0,0,0,0,0,"0,0,0",0,0,0,0,0,0,0,0,0,0,0,0,,0,0,,,,,,,,,0.2,30,0,11,,0,55,,,11,2,"0,0,0",0,0,0,0.2,0,0,0,0,0,0,0,0,,,,0,19181,0,,,,,,,,,
21612,,2,0,倾雷鸟甩尾,Em071_Attack_SweepTail,,0.03,0,0,0,0,0,0,0,"0,0,0",0,0,0,0,0,0,0,0,0,0,0,0,,0,0,,,,,,,,,0.3,35,0,9,,0,30,,,9,1,"0,0,0",0,0,0,0,0,0,0,0,0,0,0,0,,,,0,,0,,,,,,,,,
21613,,2,0,倾雷鸟三连跳,Em071_Attack_ThreeJump,,0.025,0,0,0,0,0,0,0,"0,0,0",0,0,0,0,0,0,0,0,0,0,0,0,,0,0,,,,,,,,,0.25,35,0,10,,0,25,,,10,2,"0,0,0",0,0,0,0,0,0,0,0,0,0,0,0,,,,0,,0,,,,,,,,,
21614,,2,0,倾雷鸟三连跳落地爆炸,Em071_Attack_ThreeJumpBoom,,0.02,0,0,0,0,0,0,0,"0,0,0",0,0,0,0,0,0,0,0,0,0,0,0,,0,0,,,,,,,,,0.2,40,0,11,,0,45,,,11,2,"0,0,0",0,0,0,0.2,0,0,0,0,0,0,0,0,,,,0,19181,0,,,,,,,,,
21615,,2,0,倾雷鸟三段跳跃小爆炸,Em071_Attack_ThreeThunderLittleBoom,,0.02,0,0,0,0,0,0,0,"0,0,0",0,0,0,0,0,0,0,0,0,0,0,0,,0,0,,,,,,,,,0.2,35,0,10,,0,35,,,10,2,"0,0,0",0,0,0,0.15,0,0,0,0,0,0,0,0,,,,0,19181,0,,,,,,,,,
21616,,2,0,倾雷鸟三段跳跃大爆炸,Em071_Attack_ThreeThunderLargeBoom,,0.015,0,0,0,0,0,0,0,"0,0,0",0,0,0,0,0,0,0,0,0,0,0,0,,0,0,,,,,,,,,0.15,25,0,11,,0,45,,,11,2,"0,0,0",0,0,0,0.25,0,0,0,0,0,0,0,0,,,,0,19181,0,,,,,,,,,
21617,,2,0,倾雷鸟头部爆炸,Em071_Shield,,0.01,0,0,0,0,0,0,0,"0,0,0",0,0,0,0,0,0,0,0,0,0,0,0,,0,0,,,,,,,,,0.1,40,0,10,,0,40,,,10,2,"0,0,0",0,0,0,0.2,0,0,0,0,0,0,0,0,,,,0,19181,0,,,,,,,,,
21625,,2,0,茶棘龙小蹭伤20,Em036_u01_LittleHurt,,0.02,0,0,0,0,0,0,0,"0,0,0",0,0,0,0,0,0,0,0,0,0,0,0,,0,0,,,,,,,,,0.2,10,0,3,,0,15,,,3,2,"0,0,0",0,0,0,0,0,0,0,0,0,0,0,0,,,,0,,,,,,,,,,,
21626,,2,0,茶棘龙龙大蹭伤30,Em036_u01_LargeHurt,,0.03,0,0,0,0,0,0,0,"0,0,0",0,0,0,0,0,0,0,0,0,0,0,0,,0,0,,,,,,,,,0.3,20,0,6,,0,20,,,6,2,"0,0,0",0,0,0,0,0,0,0,0,0,0,0,0,,,,0,,,,,,,,,,,
21627,,2,0,茶棘龙咬击35,Em036_u01_Bite,,0.035,0,0,0,0,0,0,0,"0,0,0",0,0,0,0,0,0,0,0,0,0,0,0,,0,0,,,,,,,,,0.35,25,0,9,,0,35,,,9,2,"0,0,0",0,0,0,0,0,0,0,0,0,0,0,0,,,,0,10000,,,,,,,,,,
21628,,2,0,茶棘龙咬击毒雾40,Em036_u01_BiteFog,,0.04,0,0,0,0,0,0,0,"0,0,0",0,0,0,0,0,0,0,0,0,0,0,0,,0,0,,,,,,,,,0.4,30,0,9,,0,35,,,9,2,"0,0,0",0,0,0,0,0,0,0,0,0,0,0,0,,,,0,10000,,,,,,,,,,
21629,,2,0,茶棘龙铁山靠45,Em036_u01_BodyRush,,0.045,0,0,0,0,0,0,0,"0,0,0",0,0,0,0,0,0,0,0,0,0,0,0,,0,0,,,,,,,,,0.45,30,0,10,,0,30,,,10,2,"0,0,0",0,0,0,0,0,0,0,0,0,0,0,0,,,,0,,,,,,,,,,,
21630,,2,0,茶棘龙龙车55,Em036_u01_DragonDash,,0.055,0,0,0,0,0,0,0,"0,0,0",0,0,0,0,0,0,0,0,0,0,0,0,,0,0,,,,,,,,,0.55,35,0,11,,0,40,,,11,2,"0,0,0",0,0,0,0,0,0,0,0,0,0,0,0,,,,0,10000,,,,,,,,,,
21631,,2,0,茶棘龙慵懒攻击15,Em036_u01_LazyAttack,,0.015,0,0,0,0,0,0,0,"0,0,0",0,0,0,0,0,0,0,0,0,0,0,0,,0,0,,,,,,,,,0.15,10,0,4,,0,15,,,4,2,"0,0,0",0,0,0,0,0,0,0,0,0,0,0,0,,,,0,,,,,,,,,,,
21632,,2,0,茶棘龙慵懒攻击带毒15,Em036_u01_LazyAttackPoison,,0.015,0,0,0,0,0,0,0,"0,0,0",0,0,0,0,0,0,0,0,0,0,0,0,,0,12232,,,,,,,,,0.15,10,0,4,,0,15,,,4,2,"0,0,0",0,0,0,0,0,0,0,0,0,0,0,0,,,,0,10000,,,,,,,,,,
21633,,2,0,茶棘龙慵懒风压,Em036_u01_LazyWind,,0,0,0,0,0,0,0,0,"0,0,0",0,0,0,0,0,0,0,0,0,0,0,0,,0,0,70021,,,,,,,,0,15,0,0,,0,0,,,0,2,"0,0,0",0,0,0,0,0,0,0,0,0,0,0,0,,,,0,,,,60001,,,,,,,
21634,,2,0,茶棘龙慵懒风压带毒,Em036_u01_LazyPoison,,0,0,0,0,0,0,0,0,"0,0,0",0,0,0,0,0,0,0,0,0,0,0,0,,0,12232,70021,,,,,,,,0,15,0,0,,0,0,,,0,2,"0,0,0",0,0,0,0,0,0,0,0,0,0,0,0,,,,0,10000,,,60001,,,,,,,
21635,,2,0,茶棘龙低吼,Em036_u01_LowHowl,,0,0,0,0,0,0,0,0,"0,0,0",0,0,0,0,0,0,0,0,0,0,0,0,,0,0,70024,,,,,,,,0,20,0,0,,0,0,,,0,2,"0,0,0",0,0,0,0,0,0,0,0,0,0,0,0,,,,0,,,,60004,,,,,,,
21636,,2,0,茶棘龙挑击40,Em036_u01_PickUp,,0.04,0,0,0,0,0,0,0,"0,0,0",0,0,0,0,0,0,0,0,0,0,0,0,,0,0,,,,,,,,,0.4,25,0,11,,0,30,,,11,2,"0,0,0",0,0,0,0,0,0,0,0,0,0,0,0,,,,0,,,,,,,,,,,
21637,,2,0,茶棘龙挑击蹭伤20,Em036_u01_PickUpLow,,0.02,0,0,0,0,0,0,0,"0,0,0",0,0,0,0,0,0,0,0,0,0,0,0,,0,0,,,,,,,,,0.2,25,0,7,,0,15,,,7,2,"0,0,0",0,0,0,0,0,0,0,0,0,0,0,0,,,,0,,,,,,,,,,,
21638,,2,0,茶棘龙毒雾50,Em036_u01_Fog,,0.035,0,0,0,0,0,0,0,"0,0,0",0,0,0,0,0,0,0,0,0,0,0,0,,0,12232,,,,,,,,,0.35,30,0,11,,0,35,,,10,2,"0,0,0",0,0,0,0,0,0,0,0,0,0,0,0,,,,0,10000,,,,,,,,,,
21639,,2,0,茶棘龙睡觉攻击18,Em036_u01_SleepAttack,,0.018,0,0,0,0,0,0,0,"0,0,0",0,0,0,0,0,0,0,0,0,0,0,0,,0,0,,,,,,,,,0.18,15,0,3,,0,15,,,3,2,"0,0,0",0,0,0,0,0,0,0,0,0,0,0,0,,,,0,,,,,,,,,,,
21640,,2,0,茶棘龙睡觉带毒18,Em036_u01_SleepAttackPoison,,0.018,0,0,0,0,0,0,0,"0,0,0",0,0,0,0,0,0,0,0,0,0,0,0,,0,12232,,,,,,,,,0.18,15,0,3,,0,15,,,3,2,"0,0,0",0,0,0,0,0,0,0,0,0,0,0,0,,,,0,10000,,,,,,,,,,
21641,,2,0,茶棘龙甩尾45,Em036_u01_SweepTail,,0.045,0,0,0,0,0,0,0,"0,0,0",0,0,0,0,0,0,0,0,0,0,0,0,,0,0,,,,,,,,,0.45,25,0,10,,0,40,,,10,2,"0,0,0",0,0,0,0,0,0,0,0,0,0,0,0,,,,0,,,,,,,,,,,
21642,,2,0,茶棘龙三连40,Em036_u01_ThreeWings,,0.045,0,0,0,0,0,0,0,"0,0,0",0,0,0,0,0,0,0,0,0,0,0,0,,0,0,,,,,,,,,0.45,30,0,11,,0,35,,,11,2,"0,0,0",0,0,0,0,0,0,0,0,0,0,0,0,,,,0,,,,,,,,,,,
21643,,2,0,茶棘龙三连蹭伤25,Em036_u01_ThreeWingsLow,,0.025,0,0,0,0,0,0,0,"0,0,0",0,0,0,0,0,0,0,0,0,0,0,0,,0,0,,,,,,,,,0.25,30,0,7,,0,20,,,7,2,"0,0,0",0,0,0,0,0,0,0,0,0,0,0,0,,,,0,,,,,,,,,,,
21644,,2,0,茶棘龙风压,Em036_u01_Wind,,0,0,0,0,0,0,0,0,"0,0,0",0,0,0,0,0,0,0,0,0,0,0,0,,0,0,70021,,,,,,,,0,10,0,0,,0,0,,,0,2,"0,0,0",0,0,0,0,0,0,0,0,0,0,0,0,,,,0,,,,60001,,,,,,,
21645,,2,0,茶棘龙高吼,Em036_u01_LargeHowl,,0,0,0,0,0,0,0,0,"0,0,0",0,0,0,0,0,0,0,0,0,0,0,0,,0,0,70024,,,,,,,,0,20,0,0,,0,0,,,0,2,"0,0,0",0,0,0,0,0,0,0,0,0,0,0,0,,,,0,,,,60012,,,,,,,
21646,,2,0,小毒球伤害30,Em036_u01_LittleBall,,0.03,0,0,0,0,0,0,0,"0,0,0",0,0,0,0,0,0,0,0,0,0,0,0,,0,12232,,,,,,,,,0.15,25,0,9,,0,30,,,9,2,"0,0,0",0.15,0,0,0,0,0,0,0,0,0,0,0,,,,0,10000,19227,,,,,,,,,
21647,,2,0,大毒球伤害40,Em036_u01_BigBall,,0.04,0,0,0,0,0,0,0,"0,0,0",0,0,0,0,0,0,0,0,0,0,0,0,,0,12232,,,,,,,,,0.2,35,0,11,,0,40,,,11,2,"0,0,0",0.2,0,0,0,0,0,0,0,0,0,0,0,,,,0,10000,19227,,,,,,,,,
21648,,2,0,大毒球爆炸40,Em036_u01_BigBallBoom,,0.04,0,0,0,0,0,0,0,"0,0,0",0,0,0,0,0,0,0,0,0,0,0,0,,0,0,,,,,,,,,0.15,30,0,12,,0,50,,,12,2,"0,0,0",0.25,0,0,0,0,0,0,0,0,0,0,0,,,,0,10000,19227,,,,,,,,,
21649,,2,0,大毒球大爆炸48,Em036_u01_BigBallBoomMore,,0.048,0,0,0,0,0,0,0,"0,0,0",0,0,0,0,0,0,0,0,0,0,0,0,,0,0,,,,,,,,,0.24,35,0,12,,0,55,,,12,2,"0,0,0",0.24,0,0,0,0,0,0,0,0,0,0,0,,,,0,10000,19227,,,,,,,,,
21650,,2,0,茶棘龙挑击头部带毒40,Em036_u01_PickUpPoison,,0.04,0,0,0,0,0,0,0,"0,0,0",0,0,0,0,0,0,0,0,0,0,0,0,,0,0,,,,,,,,,0.4,25,0,11,,0,30,,,12,2,"0,0,0",0,0,0,0,0,0,0,0,0,0,0,0,,,,0,10000,,,,,,,,,,
21651,,2,0,茶棘龙铁山靠45挑飞,Em036_u01_BodyRushUp,,0.045,0,0,0,0,0,0,0,"0,0,0",0,0,0,0,0,0,0,0,0,0,0,0,,0,0,,,,,,,,,0.45,30,0,13,,0,30,,,13,2,"0,0,0",0,0,0,0,0,0,0,0,0,0,0,0,,,,0,,,,,,,,,,,
21652,,2,0,茶棘龙慵懒甩尾25,Em036_u01_LazyTailAttack,,0.025,0,0,0,0,0,0,0,"0,0,0",0,0,0,0,0,0,0,0,0,0,0,0,,0,0,,,,,,,,,0.25,10,0,9,,0,15,,,9,2,"0,0,0",0,0,0,0,0,0,0,0,0,0,0,0,,,,0,,,,,,,,,,,
21653,,2,0,茶棘龙慵懒甩尾带毒25,Em036_u01_LazyTailAttackPoison,,0.025,0,0,0,0,0,0,0,"0,0,0",0,0,0,0,0,0,0,0,0,0,0,0,,0,12232,,,,,,,,,0.25,10,0,9,,0,15,,,9,2,"0,0,0",0,0,0,0,0,0,0,0,0,0,0,0,,,,0,10000,,,,,,,,,,
21654,,2,0,茶棘龙核弹伤害85,Em036_u01_Nbomb,,0.085,0,0,0,0,0,0,0,"0,0,0",0,0,0,0,0,0,0,0,0,0,0,0,,0,12232,,,,,,,,,0.55,35,0,13,,0,200,,,13,2,"0,0,0",0.3,0,0,0,0,0,0,0,0,0,0,0,1,,,0,10000,19227,,,,,,,,,
21655,,2,0,蓄力环形毒火球伤害70,Em036_u01_RingBall,,0.07,0,0,0,0,0,0,0,"0,0,0",0,0,0,0,0,0,0,0,0,0,0,0,,0,12232,,,,,,,,,0.45,35,0,11,,0,200,,,11,2,"0,0,0",0.25,0,0,0,0,0,0,0,0,0,0,0,1,,,0,10000,19227,,,,,,,,,
21656,,2,0,蓄力环形毒火球自爆70,Em036_u01_RingBallboom,,0.07,0,0,0,0,0,0,0,"0,0,0",0,0,0,0,0,0,0,0,0,0,0,0,,0,12232,,,,,,,,,0.3,35,0,11,,0,200,,,11,2,"0,0,0",0.4,0,0,0,0,0,0,0,0,0,0,0,1,,,0,10000,19227,,,,,,,,,
21657,,2,0,茶棘龙蓄力角攻击90,Em036_u01_SwirlingStrikeH,,0.09,0,0,0,0,0,0,0,"0,0,0",0,0,0,0,0,0,0,0,0,0,0,0,,0,0,,,,,,,,,0.9,35,0,12,,0,200,,,12,2,"0,0,0",0,0,0,0,0,0,0,0,0,0,0,0,1,,,0,10000,19227,,,,,,,,,
21658,,2,0,茶棘龙蓄力尾攻击80,Em036_u01_SwirlingStrikeB,,0.08,0,0,0,0,0,0,0,"0,0,0",0,0,0,0,0,0,0,0,0,0,0,0,,0,0,,,,,,,,,0.8,35,0,12,,0,200,,,12,2,"0,0,0",0,0,0,0,0,0,0,0,0,0,0,0,1,,,0,10000,19227,,,,,,,,,
21659,,2,0,茶棘龙蓄力躯干攻击65,Em036_u01_SwirlingStrikeT,,0.065,0,0,0,0,0,0,0,"0,0,0",0,0,0,0,0,0,0,0,0,0,0,0,,0,0,,,,,,,,,0.65,35,0,11,,0,200,,,11,2,"0,0,0",0,0,0,0,0,0,0,0,0,0,0,0,1,,,0,10000,19227,,,,,,,,,
21660,,2,0,茶棘龙蓄力双翼攻击70,Em036_u01_SwirlingStrikeW,,0.07,0,0,0,0,0,0,0,"0,0,0",0,0,0,0,0,0,0,0,0,0,0,0,,0,0,,,,,,,,,0.7,35,0,11,,0,200,,,11,2,"0,0,0",0,0,0,0,0,0,0,0,0,0,0,0,1,,,0,10000,19227,,,,,,,,,
21661,,2,0,茶棘龙三连40带毒,Em036_u01_ThreeWingsPoison,,0.045,0,0,0,0,0,0,0,"0,0,0",0,0,0,0,0,0,0,0,0,0,0,0,,0,12232,,,,,,,,,0.45,30,0,11,,0,35,,,11,2,"0,0,0",0,0,0,0,0,0,0,0,0,0,0,0,,,,0,10000,,,,,,,,,,
21662,,2,0,茶棘龙三连蹭伤25带毒,Em036_u01_ThreeWingsLowPoison,,0.025,0,0,0,0,0,0,0,"0,0,0",0,0,0,0,0,0,0,0,0,0,0,0,,0,12232,,,,,,,,,0.25,30,0,7,,0,20,,,7,2,"0,0,0",0,0,0,0,0,0,0,0,0,0,0,0,,,,0,10000,,,,,,,,,,
21663,,2,0,茶棘龙超级核弹伤害95,Em036_u01_SuperNbomb,,0.095,0,0,0,0,0,0,0,"0,0,0",0,0,0,0,0,0,0,0,0,0,0,0,,0,12232,,,,,,,,,0.65,45,0,13,,0,200,,,13,2,"0,0,0",0.3,0,0,0,0,0,0,0,0,0,0,0,1,,,0,10000,19227,,,,,,,,,
21666,,2,0,黑穿龙小蹭伤20,Em080_LittleHurt,,0.02,0,0,0,0,0,0,0,"0,0,0",0,0,0,0,0,0,0,0,0,0,0,0,,0,0,,,,,,,,,0.2,5,0,4,,0,20,,,4,2,"0,0,0",0,0,0,0,0,0,0,0,0,0,0,0,,,,0,,,,,,,,,,,
21667,,2,0,黑穿龙龙大蹭伤30,Em080_LargeHurt,,0.03,0,0,0,0,0,0,0,"0,0,0",0,0,0,0,0,0,0,0,0,0,0,0,,0,0,,,,,,,,,0.3,10,0,5,,0,30,,,5,2,"0,0,0",0,0,0,0,0,0,0,0,0,0,0,0,,,,0,,,,,,,,,,,
21668,,2,0,黑穿龙空中嘴炮60（龙、冰异常）,Em080_AirShoot,,0.06,0,0,0,0,0,0,0,"0,0,0",0,0,0,0,0,0,0,0,0,0,0,0,,0,0,,,,,,,,,0.2,35,0,12,,0,70,,,12,2,"0,0,0",0,0,0.2,0,0.2,0,0,0,0,0,0,0,1,,,0,19183,19185,,,,,,,,,
21669,,2,0,黑穿龙空中尾砸45,Em080_AirTailAttack,,0.045,0,0,0,0,0,0,0,"0,0,0",0,0,0,0,0,0,0,0,0,0,0,0,,0,0,,,,,,,,,0.45,20,0,8,,0,45,,,8,2,"0,0,0",0,0,0,0,0,0,0,0,0,0,0,0,,,,0,,,,,,,,,,,
21670,,2,0,黑穿龙空中尾砸爆炸50（龙异常）,Em080_AirTailAttackBoom,,0.05,0,0,0,0,0,0,0,"0,0,0",0,0,0,0,0,0,0,0,0,0,0,0,,0,0,,,,,,,,,0.2,10,0,10,,0,50,,,10,2,"0,0,0",0,0,0.2,0,0.1,0,0,0,0,0,0,0,,,,0,19183,,,,,,,,,,
21671,,2,0,黑穿龙空中背砸50,Em080_BackAttack,,0.05,0,0,0,0,0,0,0,"0,0,0",0,0,0,0,0,0,0,0,0,0,0,0,,0,0,,,,,,,,,0.5,15,0,9,,0,45,,,9,2,"0,0,0",0,0,0,0,0,0,0,0,0,0,0,0,,,,0,,,,60032,,,,,,,
21672,,2,0,黑穿龙空中背砸落地60,Em080_BackAttackDown,,0.06,0,0,0,0,0,0,0,"0,0,0",0,0,0,0,0,0,0,0,0,0,0,0,,0,0,,,,,,,,,0.3,30,0,8,,0,50,,,8,2,"0,0,0",0,0,0.3,0,0,0,0,0,0,0,0,0,,,,0,,,,,,,,,,,
21673,,2,0,黑穿龙空中背砸地震,Em080_BackAttackShake,,0,0,0,0,0,0,0,0,"0,0,0",0,0,0,0,0,0,0,0,0,0,0,0,,0,0,70023,,,,,,,,0,10,0,0,,0,0,,,0,2,"0,0,0",0,0,0,0,0,0,0,0,0,0,0,0,,,,0,,,,60003,,,,,,,
21674,,2,0,黑穿龙空中背砸接翻身压50,Em080_BackAttackTurnOver,,0.05,0,0,0,0,0,0,0,"0,0,0",0,0,0,0,0,0,0,0,0,0,0,0,,0,0,,,,,,,,,0.5,15,0,8,,0,50,,,8,2,"0,0,0",0,0,0,0,0,0,0,0,0,0,0,0,,,,0,,,,,,,,,,,
21675,,2,0,黑穿龙地面小咬击35,Em080_LittleBite,,0.035,0,0,0,0,0,0,0,"0,0,0",0,0,0,0,0,0,0,0,0,0,0,0,,0,0,,,,,,,,,0.35,5,0,6,,0,35,,,6,2,"0,0,0",0,0,0,0,0,0,0,0,0,0,0,0,,,,0,,,,,,,,,,,
21676,,2,0,黑穿龙地面大咬击40,Em080_LargeBite,,0.04,0,0,0,0,0,0,0,"0,0,0",0,0,0,0,0,0,0,0,0,0,0,0,,0,0,,,,,,,,,0.4,10,0,7,,0,40,,,7,2,"0,0,0",0,0,0,0,0,0,0,0,0,0,0,0,,,,0,,,,,,,,,,,
21677,,2,0,黑穿龙铁山靠50,Em080_BodyRush,,0.05,0,0,0,0,0,0,0,"0,0,0",0,0,0,0,0,0,0,0,0,0,0,0,,0,0,,,,,,,,,0.5,25,0,10,,0,50,,,10,2,"0,0,0",0,0,0,0,0,0,0,0,0,0,0,0,,,,0,,,,,,,,,,,
21678,,2,0,黑穿龙铁山靠接转身扫尾40,Em080_BodyRushTurn,,0.04,0,0,0,0,0,0,0,"0,0,0",0,0,0,0,0,0,0,0,0,0,0,0,,0,0,,,,,,,,,0.4,15,0,7,,0,40,,,7,2,"0,0,0",0,0,0,0,0,0,0,0,0,0,0,0,,,,0,,,,,,,,,,,
21679,,2,0,黑穿龙大跳突进46,Em080_DashFront,,0.046,0,0,0,0,0,0,0,"0,0,0",0,0,0,0,0,0,0,0,0,0,0,0,,0,0,,,,,,,,,0.46,30,0,11,,0,55,,,11,2,"0,0,0",0,0,0,0,0,0,0,0,0,0,0,0,,,,0,,,,,,,,,,,
21680,,2,0,黑穿龙跑步突进45,Em080_DashShoot,,0.045,0,0,0,0,0,0,0,"0,0,0",0,0,0,0,0,0,0,0,0,0,0,0,,0,0,,,,,,,,,0.45,25,0,9,,0,45,,,9,2,"0,0,0",0,0,0,0,0,0,0,0,0,0,0,0,,,,0,,,,,,,,,,,
21681,,2,0,黑穿龙跑步突进转身50,Em080_DashShootTurn,,0.05,0,0,0,0,0,0,0,"0,0,0",0,0,0,0,0,0,0,0,0,0,0,0,,0,0,,,,,,,,,0.5,15,0,10,,0,40,,,10,2,"0,0,0",0,0,0,0,0,0,0,0,0,0,0,0,,,,0,,,,,,,,,,,
21682,,2,0,黑穿龙喷吐冰球65（冰异常）,Em080_IceBall,,0.045,0,0,0,0,0,0,0,"0,0,0",0,0,0,0,0,0,0,0,0,0,0,0,,0,0,,,,,,,,,0.2,30,0,9,,0,45,,,9,2,"0,0,0",0,0,0,0,0.25,0,0,0,0,0,0,0,,,,0,19185,19233,,,,,,,,,
21683,,2,0,黑穿龙喷吐冰球爆炸65（冰异常）,Em080_IceBallBoom,,0.065,0,0,0,0,0,0,0,"0,0,0",0,0,0,0,0,0,0,0,0,0,0,0,,0,0,,,,,,,,,0.2,15,0,10,,0,45,,,10,2,"0,0,0",0,0,0.2,0,0.25,0,0,0,0,0,0,0,,,,0,19185,19233,,,,,,,,,
21684,,2,0,黑穿龙龙车46,Em080_DragonDash,,0.046,0,0,0,0,0,0,0,"0,0,0",0,0,0,0,0,0,0,0,0,0,0,0,,0,0,,,,,,,,,0.46,30,0,11,,0,55,,,11,2,"0,0,0",0,0,0,0,0,0,0,0,0,0,0,0,,,,0,,,,,,,,,,,
21685,,2,0,黑穿龙贴地旋风45（冰异常）,Em080_EarthWave,,0.045,0,0,0,0,0,0,0,"0,0,0",0,0,0,0,0,0,0,0,0,0,0,0,,0,0,,,,,,,,,0.15,15,0,9,,0,45,,,9,2,"0,0,0",0,0,0.15,0,0.15,0,0,0,0,0,0,0,,,,0,19185,10023,,,,,,,,,
21686,,2,0,黑穿龙头锥砸地55（龙异常）,Em080_EarthHead,,0.055,0,0,0,0,0,0,0,"0,0,0",0,0,0,0,0,0,0,0,0,0,0,0,,0,0,,,,,,,,,0.3,20,0,11,,0,55,,,11,2,"0,0,0",0,0,0.25,0,0,0,0,0,0,0,0,0,,,,0,19183,,,,,,,,,,
21687,,2,0,黑穿龙头锥砸地挑地爆炸50（龙异常）,Em080_EarthHeadBoom,,0.05,0,0,0,0,0,0,0,"0,0,0",0,0,0,0,0,0,0,0,0,0,0,0,,0,0,,,,,,,,,0.2,15,0,10,,0,50,,,10,2,"0,0,0",0,0,0.2,0,0.1,0,0,0,0,0,0,0,,,,0,19183,,,,,,,,,,
21688,,2,0,黑穿龙旋风攻击60,Em080_WindFront,,0.06,0,0,0,0,0,0,0,"0,0,0",0,0,0,0,0,0,0,0,0,0,0,0,,0,0,,,,,,,,,0.25,25,0,13,,0,60,,,13,2,"0,0,0",0,0,0.35,0,0,0,0,0,0,0,0,0,,,,0,10015,,,,,,,,,,
21689,,2,0,黑穿龙旋风攻击45D3,Em080_WindFrontD3,,0.045,0,0,0,0,0,0,0,"0,0,0",0,0,0,0,0,0,0,0,0,0,0,0,,0,0,,,,,,,,,0.25,25,0,13,,0,30,,,13,2,"0,0,0",0,0,0.2,0,0,0,0,0,0,0,0,0,,,,0,19121,19234,1,,,,,,,,
21690,,2,0,黑穿龙反击高吼,Em080_HurtHow,,0,0,0,0,0,0,0,0,"0,0,0",0,0,0,0,0,0,0,0,0,0,0,0,,0,0,70024,,,,,,,,0,0,0,0,,0,0,,,0,2,"0,0,0",0,0,0,0,0,0,0,0,0,0,0,0,,,,0,,,,60012,,,,,,,
21691,,2,0,黑穿龙反击转圈55,Em080_HurtTail,,0.055,0,0,0,0,0,0,0,"0,0,0",0,0,0,0,0,0,0,0,0,0,0,0,,0,0,,,,,,,,,0.55,20,0,11,,0,55,,,11,2,"0,0,0",0,0,0,0,0,0,0,0,0,0,0,0,,,,0,,,,,,,,,,,
21692,,2,0,黑穿龙连击用铁山靠45,Em080_LinkBodyRush,,0.045,0,0,0,0,0,0,0,"0,0,0",0,0,0,0,0,0,0,0,0,0,0,0,,0,0,,,,,,,,,0.45,20,0,9,,0,45,,,9,2,"0,0,0",0,0,0,0,0,0,0,0,0,0,0,0,,,,0,,,,,,,,,,,
21693,,2,0,黑穿龙背向尾砸50,Em080_TailAttack,,0.05,0,0,0,0,0,0,0,"0,0,0",0,0,0,0,0,0,0,0,0,0,0,0,,0,0,,,,,,,,,0.2,25,0,11,,0,50,,,11,2,"0,0,0",0,0,0.2,0,0.1,0,0,0,0,0,0,0,,,,0,,,,,,,,,,,
21694,,2,0,黑穿龙原地转后扫尾45,Em080_TurnBack,,0.045,0,0,0,0,0,0,0,"0,0,0",0,0,0,0,0,0,0,0,0,0,0,0,,0,0,,,,,,,,,0.45,10,0,7,,0,35,,,7,2,"0,0,0",0,0,0,0,0,0,0,0,0,0,0,0,,,,0,,,,,,,,,,,
21695,,2,0,黑穿龙二连挥翼50,Em080_TwoWingsIceBall,,0.05,0,0,0,0,0,0,0,"0,0,0",0,0,0,0,0,0,0,0,0,0,0,0,,0,0,,,,,,,,,0.5,25,0,10,,0,50,,,10,2,"0,0,0",0,0,0,0,0,0,0,0,0,0,0,0,,,,0,,,,,,,,,,,
21696,,2,0,黑穿龙遇敌,Em080_FindPlayer,,0,0,0,0,0,0,0,0,"0,0,0",0,0,0,0,0,0,0,0,0,0,0,0,,0,0,70024,,,,,,,,0,0,0,0,,0,0,,,0,2,"0,0,0",0,0,0,0,0,0,0,0,0,0,0,0,,,,0,,,,60004,,,,,,,
21697,,2,0,黑穿龙发怒,Em080_Angry,,0,0,0,0,0,0,0,0,"0,0,0",0,0,0,0,0,0,0,0,0,0,0,0,,0,0,70024,,,,,,,,0,0,0,0,,0,0,,,0,2,"0,0,0",0,0,0,0,0,0,0,0,0,0,0,0,,,,0,,,,60004,,,,,,,
21701,,2,0,镰蟹后跳击飞,Em015_u04_Attack_AttackWithJumpBack,,0.025,,,,,,,,,,,,,,,,,,,,,,,,,,,,,,,,0.25,10,,7,,,60,,,7,2,"0,0,0",0,0,0,0,0,,,,,,,,,,,,,,,,,,,,,,
21702,,2,0,镰蟹喷水,Em015_u04_Attack_Water,,0.045,,,,,,,,,,,,,,,,,,,,,,,,,,,,,,,,0.225,10,,11,,,30,,,11,2,"0,0,0",0,0.225,0,0,0,,,,,,,,,,,,10015,19177,,,,,,,,,
21703,,2,0,镰蟹单刀,Em015_u04Attack_Sharpening,,0.06,,,,,,,,,,,,,,,,,,,,,,,,,,,,,,,,0.6,10,,11,,,60,,,11,2,"0,0,0",0,0,0,0,0,,,,,,,,,,,,19231,,,,,,,,,,
21704,,2,0,镰蟹4连击,Em015_u04Attack_4Combo,,0.03,,,,,,,,,,,,,,,,,,,,,,,,,,,,,,,,0.3,10,,6,,,15,,,6,2,"0,0,0",0,0,0,0,0,,,,,,,,,,,,19231,,,,,,,,,,
21705,,2,0,镰蟹蓄力喷水,Em015_u04_Attack_WaterP,,0.065,,,,,,,,,,,,,,,,,,,,,,,,,,,,,,,,0.3,10,,11,,,30,,,11,2,"0,0,0",0,0.35,0,0,0,,,,,,,,,,,,10015,19177,,,,,,,,,
21710,,2,0,新年金猪飞行道具,Em003_u01_Ball,,0.04,0,0,0,0,0,0,0,"0,0,0",0,0,0,0,0,0,0,0,0,0,0,0,,0,0,,,,,,,,,0.4,20,0,10,,0,50,,,10,2,"0,0,0",0,0,0,0,0,0,0,0,0,0,0,0,,,,0,10013,10521,,,,,,,,,
21711,,2,0,新年金猪飞行爆炸,Em003_u01_BallBoom,,0.045,0,0,0,0,0,0,0,"0,0,0",0,0,0,0,0,0,0,0,0,0,0,0,,0,0,,,,,,,,,0.45,30,0,12,,0,60,,,12,2,"0,0,0",0,0,0,0,0,0,0,0,0,0,0,0,,,,0,10013,10521,,,,,,,,,
21720,,2,0,奇猪纯物理20,Em003_u02_PhyAtk20,,0.02,0,0,0,0,0,0,0,"0,0,0",0,0,0,0,0,0,0,0,0,0,0,0,,0,0,,,,,,,,,0.2,5,0,4,,0,10,,,4,2,"0,0,0",0,0,0,0,0,0,0,0,0,0,0,0,,,,0,,,,,,,,,,,
21721,,2,0,奇猪纯物理25,Em003_u02_PhyAtk25,,0.025,0,0,0,0,0,0,0,"0,0,0",0,0,0,0,0,0,0,0,0,0,0,0,,0,0,,,,,,,,,0.25,5,0,4,,0,12,,,4,2,"0,0,0",0,0,0,0,0,0,0,0,0,0,0,0,,,,0,,,,,,,,,,,
21722,,2,0,奇猪纯物理30,Em003_u02_PhyAtk30,,0.03,0,0,0,0,0,0,0,"0,0,0",0,0,0,0,0,0,0,0,0,0,0,0,,0,0,,,,,,,,,0.3,10,0,5,,0,15,,,5,2,"0,0,0",0,0,0,0,0,0,0,0,0,0,0,0,,,,0,,,,,,,,,,,
21723,,2,0,奇猪纯物理35,Em003_u02_PhyAtk35,,0.035,0,0,0,0,0,0,0,"0,0,0",0,0,0,0,0,0,0,0,0,0,0,0,,0,0,,,,,,,,,0.35,10,0,6,,0,17,,,6,2,"0,0,0",0,0,0,0,0,0,0,0,0,0,0,0,,,,0,,,,,,,,,,,
21724,,2,0,奇猪纯物理40,Em003_u02_PhyAtk40,,0.04,0,0,0,0,0,0,0,"0,0,0",0,0,0,0,0,0,0,0,0,0,0,0,,0,0,,,,,,,,,0.4,15,0,7,,0,20,,,7,2,"0,0,0",0,0,0,0,0,0,0,0,0,0,0,0,,,,0,,,,,,,,,,,
21725,,2,0,奇猪纯物理45,Em003_u02_PhyAtk45,,0.045,0,0,0,0,0,0,0,"0,0,0",0,0,0,0,0,0,0,0,0,0,0,0,,0,0,,,,,,,,,0.45,15,0,9,,0,22,,,9,2,"0,0,0",0,0,0,0,0,0,0,0,0,0,0,0,,,,0,,,,,,,,,,,
21726,,2,0,奇猪纯物理50,Em003_u02_PhyAtk50,,0.05,0,0,0,0,0,0,0,"0,0,0",0,0,0,0,0,0,0,0,0,0,0,0,,0,0,,,,,,,,,0.5,20,0,9,,0,25,,,9,2,"0,0,0",0,0,0,0,0,0,0,0,0,0,0,0,,,,0,,,,,,,,,,,
21727,,2,0,奇猪纯物理55,Em003_u02_PhyAtk55,,0.055,0,0,0,0,0,0,0,"0,0,0",0,0,0,0,0,0,0,0,0,0,0,0,,0,0,,,,,,,,,0.55,20,0,10,,0,27,,,10,2,"0,0,0",0,0,0,0,0,0,0,0,0,0,0,0,,,,0,,,,,,,,,,,
21728,,2,0,奇猪纯物理60,Em003_u02_PhyAtk60,,0.06,0,0,0,0,0,0,0,"0,0,0",0,0,0,0,0,0,0,0,0,0,0,0,,0,0,,,,,,,,,0.6,25,0,11,,0,30,,,11,2,"0,0,0",0,0,0,0,0,0,0,0,0,0,0,0,,,,0,,,,,,,,,,,
21729,,2,0,奇猪纯物理95,Em003_u02_PhyAtk95,,0.095,0,0,0,0,0,0,0,"0,0,0",0,0,0,0,0,0,0,0,0,0,0,0,,0,0,,,,,,,,,0.95,30,0,12,,0,40,,,12,2,"0,0,0",0,0,0,0,0,0,0,0,0,0,0,0,1,,,0,,,,,,,,,,,
21730,,2,0,奇猪属性45D,Em003_u02_Atk45D,,0.045,0,0,0,0,0,0,0,"0,0,0",0,0,0,0,0,0,0,0,0,0,0,0,,0,0,,,,,,,,,0,5,0,7,,0,22,,,7,2,"0,0,0",0,0,0.45,0,0,0,0,0,0,0,0,0,,,,0,,,,,,,,,,,
21731,,2,0,奇猪属性45E,Em003_u02_Atk45E,,0.045,0,0,0,0,0,0,0,"0,0,0",0,0,0,0,0,0,0,0,0,0,0,0,,0,0,,,,,,,,,0,5,0,7,,0,22,,,7,2,"0,0,0",0,0,0,0.45,0,0,0,0,0,0,0,0,,,,0,,,,,,,,,,,
21732,,2,0,奇猪属性45F,Em003_u02_Atk45F,,0.045,0,0,0,0,0,0,0,"0,0,0",0,0,0,0,0,0,0,0,0,0,0,0,,0,0,,,,,,,,,0,5,0,7,,0,22,,,7,2,"0,0,0",0.45,0,0,0,0,0,0,0,0,0,0,0,,,,0,,,,,,,,,,,
21733,,2,0,奇猪属性45I,Em003_u02_Atk45I,,0.045,0,0,0,0,0,0,0,"0,0,0",0,0,0,0,0,0,0,0,0,0,0,0,,0,0,,,,,,,,,0,5,0,7,,0,22,,,7,2,"0,0,0",0,0,0,0,0.45,0,0,0,0,0,0,0,,,,0,,,,,,,,,,,
21734,,2,0,奇猪属性45W,Em003_u02_Atk45W,,0.045,0,0,0,0,0,0,0,"0,0,0",0,0,0,0,0,0,0,0,0,0,0,0,,0,0,,,,,,,,,0,5,0,7,,0,22,,,7,2,"0,0,0",0,0.45,0,0,0,0,0,0,0,0,0,0,,,,0,,,,,,,,,,,
21735,,2,0,奇猪属性50D,Em003_u02_Atk50D,,0.05,0,0,0,0,0,0,0,"0,0,0",0,0,0,0,0,0,0,0,0,0,0,0,,0,0,,,,,,,,,0,10,0,9,,0,25,,,9,2,"0,0,0",0,0,0.5,0,0,0,0,0,0,0,0,0,,,,0,,,,,,,,,,,
21736,,2,0,奇猪属性50E,Em003_u02_Atk50E,,0.05,0,0,0,0,0,0,0,"0,0,0",0,0,0,0,0,0,0,0,0,0,0,0,,0,0,,,,,,,,,0,10,0,9,,0,25,,,9,2,"0,0,0",0,0,0,0.5,0,0,0,0,0,0,0,0,,,,0,,,,,,,,,,,
21737,,2,0,奇猪属性50F,Em003_u02_Atk50F,,0.05,0,0,0,0,0,0,0,"0,0,0",0,0,0,0,0,0,0,0,0,0,0,0,,0,0,,,,,,,,,0,10,0,9,,0,25,,,9,2,"0,0,0",0.5,0,0,0,0,0,0,0,0,0,0,0,,,,0,,,,,,,,,,,
21738,,2,0,奇猪属性50I,Em003_u02_Atk50I,,0.05,0,0,0,0,0,0,0,"0,0,0",0,0,0,0,0,0,0,0,0,0,0,0,,0,0,,,,,,,,,0,10,0,9,,0,25,,,9,2,"0,0,0",0,0,0,0,0.5,0,0,0,0,0,0,0,,,,0,,,,,,,,,,,
21739,,2,0,奇猪属性50W,Em003_u02_Atk50W,,0.05,0,0,0,0,0,0,0,"0,0,0",0,0,0,0,0,0,0,0,0,0,0,0,,0,0,,,,,,,,,0,10,0,9,,0,25,,,9,2,"0,0,0",0,0.5,0,0,0,0,0,0,0,0,0,0,,,,0,,,,,,,,,,,
21740,,2,0,奇猪属性55D,Em003_u02_Atk55D,,0.055,0,0,0,0,0,0,0,"0,0,0",0,0,0,0,0,0,0,0,0,0,0,0,,0,0,,,,,,,,,0,15,0,10,,0,27,,,10,2,"0,0,0",0,0,0.55,0,0,0,0,0,0,0,0,0,,,,0,,,,,,,,,,,
21741,,2,0,奇猪属性55E,Em003_u02_Atk55E,,0.055,0,0,0,0,0,0,0,"0,0,0",0,0,0,0,0,0,0,0,0,0,0,0,,0,0,,,,,,,,,0,15,0,10,,0,27,,,10,2,"0,0,0",0,0,0,0.55,0,0,0,0,0,0,0,0,,,,0,,,,,,,,,,,
21742,,2,0,奇猪属性55F,Em003_u02_Atk55F,,0.055,0,0,0,0,0,0,0,"0,0,0",0,0,0,0,0,0,0,0,0,0,0,0,,0,0,,,,,,,,,0,15,0,10,,0,27,,,10,2,"0,0,0",0.55,0,0,0,0,0,0,0,0,0,0,0,,,,0,,,,,,,,,,,
21743,,2,0,奇猪属性55I,Em003_u02_Atk55I,,0.055,0,0,0,0,0,0,0,"0,0,0",0,0,0,0,0,0,0,0,0,0,0,0,,0,0,,,,,,,,,0,15,0,10,,0,27,,,10,2,"0,0,0",0,0,0,0,0.55,0,0,0,0,0,0,0,,,,0,,,,,,,,,,,
21744,,2,0,奇猪属性55W,Em003_u02_Atk55W,,0.055,0,0,0,0,0,0,0,"0,0,0",0,0,0,0,0,0,0,0,0,0,0,0,,0,0,,,,,,,,,0,15,0,10,,0,27,,,10,2,"0,0,0",0,0.55,0,0,0,0,0,0,0,0,0,0,,,,0,,,,,,,,,,,
21745,,2,0,奇猪属性60D,Em003_u02_Atk60D,,0.045,0,0,0,0,0,0,0,"0,0,0",0,0,0,0,0,0,0,0,0,0,0,0,,0,0,,,,,,,,,0,20,0,11,,0,30,,,11,2,"0,0,0",0,0,0.45,0,0,0,0,0,0,0,0,0,,,,0,,,,,,,,,,,
21746,,2,0,奇猪属性60E,Em003_u02_Atk60E,,0.06,0,0,0,0,0,0,0,"0,0,0",0,0,0,0,0,0,0,0,0,0,0,0,,0,0,,,,,,,,,0,20,0,11,,0,30,,,11,2,"0,0,0",0,0,0,0.6,0,0,0,0,0,0,0,0,,,,0,,,,,,,,,,,
21747,,2,0,奇猪属性60F,Em003_u02_Atk60F,,0.06,0,0,0,0,0,0,0,"0,0,0",0,0,0,0,0,0,0,0,0,0,0,0,,0,0,,,,,,,,,0,20,0,11,,0,30,,,11,2,"0,0,0",0.6,0,0,0,0,0,0,0,0,0,0,0,,,,0,,,,,,,,,,,
21748,,2,0,奇猪属性60I,Em003_u02_Atk60I,,0.06,0,0,0,0,0,0,0,"0,0,0",0,0,0,0,0,0,0,0,0,0,0,0,,0,0,,,,,,,,,0,20,0,11,,0,30,,,11,2,"0,0,0",0,0,0,0,0.6,0,0,0,0,0,0,0,,,,0,,,,,,,,,,,
21749,,2,0,奇猪属性60W,Em003_u02_Atk60W,,0.06,0,0,0,0,0,0,0,"0,0,0",0,0,0,0,0,0,0,0,0,0,0,0,,0,0,,,,,,,,,0,20,0,11,,0,30,,,11,2,"0,0,0",0,0.6,0,0,0,0,0,0,0,0,0,0,,,,0,,,,,,,,,,,
21750,,2,0,奇猪属性70D,Em003_u02_Atk70D,,0.07,0,0,0,0,0,0,0,"0,0,0",0,0,0,0,0,0,0,0,0,0,0,0,,0,0,,,,,,,,,0,30,0,12,,0,35,,,12,2,"0,0,0",0,0,0.7,0,0,0,0,0,0,0,0,0,,,,0,,,,,,,,,,,
21751,,2,0,奇猪属性70E,Em003_u02_Atk70E,,0.07,0,0,0,0,0,0,0,"0,0,0",0,0,0,0,0,0,0,0,0,0,0,0,,0,0,,,,,,,,,0,30,0,12,,0,35,,,12,2,"0,0,0",0,0,0,0.7,0,0,0,0,0,0,0,0,,,,0,,,,,,,,,,,
21752,,2,0,奇猪属性70F,Em003_u02_Atk70F,,0.07,0,0,0,0,0,0,0,"0,0,0",0,0,0,0,0,0,0,0,0,0,0,0,,0,0,,,,,,,,,0,30,0,12,,0,35,,,12,2,"0,0,0",0.7,0,0,0,0,0,0,0,0,0,0,0,,,,0,,,,,,,,,,,
21753,,2,0,奇猪属性70I,Em003_u02_Atk70I,,0.07,0,0,0,0,0,0,0,"0,0,0",0,0,0,0,0,0,0,0,0,0,0,0,,0,0,,,,,,,,,0,30,0,12,,0,35,,,12,2,"0,0,0",0,0,0,0,0.7,0,0,0,0,0,0,0,,,,0,,,,,,,,,,,
21754,,2,0,奇猪属性70W,Em003_u02_Atk70W,,0.07,0,0,0,0,0,0,0,"0,0,0",0,0,0,0,0,0,0,0,0,0,0,0,,0,0,,,,,,,,,0,30,0,12,,0,35,,,12,2,"0,0,0",0,0.7,0,0,0,0,0,0,0,0,0,0,,,,0,,,,,,,,,,,
21755,,2,0,奇猪头BuffD,Em003_u02_DragonShield,,0,0,0,0,0,0,0,0,"0,0,0",0,0,0,0,0,0,0,0,0,0,0,0,,0,0,,,,,,,,,0,1,0,0,,0,0,,,0,2,"0,0,0",0,0,0,0,0,0,0,0,0,0,0,0,,,,0,19243,,,,,,,,,,
21756,,2,0,奇猪头BuffE,Em003_u02_ElectricShield,,0,0,0,0,0,0,0,0,"0,0,0",0,0,0,0,0,0,0,0,0,0,0,0,,0,0,,,,,,,,,0,1,0,0,,0,0,,,0,2,"0,0,0",0,0,0,0,0,0,0,0,0,0,0,0,,,,0,19242,,,,,,,,,,
21757,,2,0,奇猪头BuffF,Em003_u02_FireShield,,0,0,0,0,0,0,0,0,"0,0,0",0,0,0,0,0,0,0,0,0,0,0,0,,0,0,,,,,,,,,0,1,0,0,,0,0,,,0,2,"0,0,0",0,0,0,0,0,0,0,0,0,0,0,0,,,,0,19241,,,,,,,,,,
21758,,2,0,奇猪头BuffI,Em003_u02_IceShield,,0,0,0,0,0,0,0,0,"0,0,0",0,0,0,0,0,0,0,0,0,0,0,0,,0,0,,,,,,,,,0,1,0,0,,0,0,,,0,2,"0,0,0",0,0,0,0,0,0,0,0,0,0,0,0,,,,0,19244,,,,,,,,,,
21759,,2,0,奇猪头BuffW,Em003_u02_WaterShield,,0,0,0,0,0,0,0,0,"0,0,0",0,0,0,0,0,0,0,0,0,0,0,0,,0,0,,,,,,,,,0,1,0,0,,0,0,,,0,2,"0,0,0",0,0,0,0,0,0,0,0,0,0,0,0,,,,0,19240,,,,,,,,,,
21760,,2,0,奇猪超大球75,Em003_u02_SuperBall,,0.075,0,0,0,0,0,0,0,"0,0,0",0,0,0,0,0,0,0,0,0,0,0,0,,0,0,,,,,,,,,0.75,20,0,12,,0,35,,,12,2,"0,0,0",0,0,0,0,0,0,0,0,0,0,0,0,1,,,0,,,,,,,,,,,
21761,,2,0,奇猪撒尿,Em003_u02_Pee,,0.015,0,0,0,0,0,0,0,"0,0,0",0,0,0,0,0,0,0,0,0,0,0,0,,0,0,,,,,,,,,0.15,5,0,5,,0,15,,,5,2,"0,0,0",0,0,0,0,0,0,0,0,0,0,0,0,,,,0,19245,,,,,,,,,,
21762,,2,0,奇猪挑头飞50,Em003_u02_HeadFly,,0.05,0,0,0,0,0,0,0,"0,0,0",0,0,0,0,0,0,0,0,0,0,0,0,,0,0,,,,,,,,,0.5,20,0,13,,0,25,,,13,2,"0,0,0",0,0,0,0,0,0,0,0,0,0,0,0,,,,0,,,,,,,,,,,
23027,,2,0,炎王龙爆炸,Em040_FireShoot_50,,0.03,,,,,,,,,,,,,,,,,,,,,,,,,,,,,,,,0.3,10,,12,,,25,,,12,2,"0,0,0",0.2,0,0,0,0,,,,,,,,,,,,19180,,,,,,,,,,
23028,,2,0,炎王龙大核爆,Em040_Nuclear_100,,0.2,,,,,,,,,,,,,,,,,,,,,,,,,,,,,,,,2,10,,12,,,50,,,12,2,"0,0,0",0,0,0,0,0,,,,,,,,,,,,19180,,,,,,,,,,
23029,,2,0,炎王龙小核爆,Em040_Nuclear_70,,0.1,,,,,,,,,,,,,,,,,,,,,,,,,,,,,,,,1,10,,12,,,25,,,12,2,"0,0,0",0,0,0,0,0,,,,,,,,,,,,19180,,,,,,,,,,
23030,,2,0,炎王龙龙车,Em040_Dash_60,,0.06,,,,,,,,,,,,,,,,,,,,,,,,,,,,,,,,0.3,10,,12,,,50,,,12,2,"0,0,0",0,0,0.3,0,0,,,,,,,,,,,,,,,,,,,,,,
23031,,2,0,炎王龙剐蹭,Em040_LightAttack_25,,0.025,,,,,,,,,,,,,,,,,,,,,,,,,,,,,,,,0.125,10,,6,,,10,,,6,2,"0,0,0",0,0,0.125,0,0,,,,,,,,,,,,,,,,,,,,,,
23032,,2,0,炎王龙肢体攻击,Em040_HeavyAttack_40,,0.04,,,,,,,,,,,,,,,,,,,,,,,,,,,,,,,,0.2,10,,9,,,25,,,9,2,"0,0,0",0,0,0.2,0,0,,,,,,,,,,,,,,,,,,,,,,
23033,,2,0,炎王龙粉尘,Em040_Smoke_00,,0,,,,,,,,,,,,,,,,,,,,,,,,,,,,,,,,0,,,2,,,3,,,2,2,"0,0,0",0,0,0,0,0,,,,,,,,,,,,19226,,,,,,,,,,
23034,,2,0,劫龙_震动,Em047_Quake,,0,0,0,0,0,0,0,0,"0,0,0",0,0,0,0,0,0,0,0,0,0,0,0,,0,,70023,,,,,,,,0,,,0,,,10,,,0,2,"0,0,0",0,0,0,0,0,,,,,,,,,,,,,,,60003,,,,,,,
23035,,2,0,劫龙龙车（怒后带水异常【大】）,Em047_DragonDash_Jet,,0.045,0,0,0,0,0,0,0,"0,0,0",0,0,0,0,0,0,0,0,0,0,0,0,,0,0,,,,,,,,,0.45,30,0,11,,0,40,,,11,2,"0,0,0",0,0,0,0,0,0,0,0,0,0,0,0,,,,0,19178,0,,,,,,,,,
23036,,2,0,劫龙前咬（怒后带水异常【小】）,Em047_HeadBump_Jet,,0.04,0,0,0,0,0,0,0,"0,0,0",0,0,0,0,0,0,0,0,0,0,0,0,,0,0,,,,,,,,,0.4,20,0,11,,0,50,,,11,2,"0,0,0",0,0,0,0,0,0,0,0,0,0,0,0,,,,0,19177,0,,,,,,,,,
23037,,2,0,劫龙铁山靠（怒后带水异常【小】）,Em047_BodyRam_Jet,,0.05,0,0,0,0,0,0,0,"0,0,0",0,0,0,0,0,0,0,0,0,0,0,0,,0,0,,,,,,,,,0.5,40,0,11,,0,60,,,11,2,"0,0,0",0,0,0,0,0,0,0,0,0,0,0,0,,,,0,19177,0,,,,,,,,,
23038,,2,0,劫龙跳跃攻击（怒后带水异常【大】）,Em047_JumpAttack_Jet,,0.065,0,0,0,0,0,0,0,"0,0,0",0,0,0,0,0,0,0,0,0,0,0,0,,0,0,,,,,,,,,0.65,50,0,12,,0,60,,,12,2,"0,0,0",0,0,0,0,0,0,0,0,0,0,0,0,,,,0,19178,0,,,,,,,,,
23039,,2,0,劫龙_中风压,Em047_Wind,,0,0,0,0,0,0,0,0,"0,0,0",0,0,0,0,0,0,0,0,0,0,0,0,,0,,,,,,,,,,0,,,0,,,10,,,0,2,"0,0,0",0,0,0,0,0,,,,,,,,,,,,60022,,,,,,,,,,
23040,,2,0,劫龙_风压,Em047_SmallWind,,0,0,0,0,0,0,0,0,"0,0,0",0,0,0,0,0,0,0,0,0,0,0,0,,0,,,,,,,,,,0,,,0,,,10,,,0,2,"0,0,0",0,0,0,0,0,,,,,,,,,,,,60001,,,,,,,,,,
23041,,2,0,双响狼_风炮,Em034_Attack_both_AirConnon,,0.035,0,0,0,0,0,0,0,"0,0,0",0,0,0,0,0,0,0,0,0,0,0,0,,0,0,,,交互行为,8,,,,,0,0,0,10,,0,30,,,11,2,"0,0,0",0,0,0,0,0.35,0,0,0,0,0,0,0,,,,0,,,,,,,,,,,
23042,,2,0,双响狼_龙车,Em034_Attack_both_DragonDashEnd,,0.04,0,0,0,0,0,0,0,"0,0,0",0,0,0,0,0,0,0,0,0,0,0,0,,0,0,,,,,,,,,0.4,20,,11,,,60,,,11,2,"0,0,0",0,0,0,0,0,0,0,0,0,0,0,0,,,,0,,,,,,,,,,,
23043,,2,0,双响狼_左右后跳,Em034_Attack_both_JumpBack,,0.02,0,0,0,0,0,0,0,"0,0,0",0,0,0,0,0,0,0,0,0,0,0,0,,0,0,,,,,,,,,0.2,10,,7,,,40,,,7,2,"0,0,0",0,0,0,0,0,0,0,0,0,0,0,0,,,,0,,,,,,,,,,,
23044,,2,0,双响狼_大暴走,Em034_Attack_both_SuperKill,,0.05,0,0,0,0,0,0,0,"0,0,0",0,0,0,0,0,0,0,0,0,0,0,0,,0,0,,,,,,,,,0.5,30,,10,,,50,,,10,2,"0,0,0",0,0,0,0,0,0,0,0,0,0,0,0,,,,0,,,,,,,,,,,
23045,,2,0,雄响狼_四方暴走,Em034_Attack_male_FourKill,,0.05,0,0,0,0,0,0,0,"0,0,0",0,0,0,0,0,0,0,0,0,0,0,0,,0,0,,,,,,,,,0.5,30,,10,,,50,,,10,2,"0,0,0",0,0,0,0,0,0,0,0,0,0,0,0,,,,0,,,,,,,,,,,
23046,,2,0,雄响狼_铁山靠,Em034_Attack_male_IronBody,,0.04,0,0,0,0,0,0,0,"0,0,0",0,0,0,0,0,0,0,0,0,0,0,0,,0,0,,,,,,,,,0.4,25,,10,,,30,,,10,2,"0,0,0",0,0,0,0,0,0,0,0,0,0,0,0,,,,0,,,,,,,,,,,
23047,,2,0,雌响狼_往返跳跃,Em034_Attack_female_DoubleJump,,0.05,0,0,0,0,0,0,0,"0,0,0",0,0,0,0,0,0,0,0,0,0,0,0,,0,0,,,,,,,,,0.5,30,,10,,,50,,,10,2,"0,0,0",0,0,0,0,0,0,0,0,0,0,0,0,,,,0,,,,,,,,,,,
23048,,2,0,雌响狼_大跳重压,Em034_Attack_female_Jump_Step4,,0.06,0,0,0,0,0,0,0,"0,0,0",0,0,0,0,0,0,0,0,0,0,0,0,,0,0,,,,,,,,,0.6,35,,11,,,30,,,10,2,"0,0,0",0,0,0,0,0,0,0,0,0,0,0,0,,,,0,,,,,,,,,,,
23049,,2,0,雌响狼_左右拍拍,Em034_Attack_female_LeftHit,,0.02,0,0,0,0,0,0,0,"0,0,0",0,0,0,0,0,0,0,0,0,0,0,0,,0,0,,,,,,,,,0.2,10,,7,,,40,,,7,2,"0,0,0",0,0,0,0,0,0,0,0,0,0,0,0,,,,0,,,,,,,,,,,
23050,,2,0,雌响狼_向前串撕咬,Em034_Attack_female_RunBite,,0.04,0,0,0,0,0,0,0,"0,0,0",0,0,0,0,0,0,0,0,0,0,0,0,,0,0,,,,,,,,,0.4,20,,11,,,60,,,11,2,"0,0,0",0,0,0,0,0,0,0,0,0,0,0,0,,,,0,,,,,,,,,,,
23051,,2,0,雄响狼_背刺攻击,Em034_Attack_male_Trorn,,0.06,0,0,0,0,0,0,0,"0,0,0",0,0,0,0,0,0,0,0,0,0,0,0,,0,0,,,,,,,,,0.4,20,,8,,,50,,,8,2,"0,0,0",0,0,0,0,0.2,0,0,0,0,0,0,0,,,,0,19117,0,,,,,,,,,
23052,,2,0,双响狼_吼叫,Em034_Attack_both_Roar,,0.03,0,0,0,0,0,0,0,"0,0,0",0,0,0,0,0,0,0,0,0,0,0,0,,0,0,,,,,,,,,0.3,20,,11,,,60,,,11,2,"0,0,0",0,0,0,0,0,0,0,0,0,0,0,0,,,,0,,,,,,,,,,,
23053,,2,0,双响狼_风炮爆炸,Em034_Attack_both_AirConnonbao,,0.035,0,0,0,0,0,0,0,"0,0,0",0,0,0,0,0,0,0,0,0,0,0,0,,0,0,,,,,,,,,0.5,0,0,11,,0,50,,,11,2,"0,0,0",0,0,0,0,0.5,0,0,0,0,0,0,2048,,,,0,,,,,,,,,,,
23054,,2,0,雄响狼_背刺风压,Em034_Attack_male_TrornWind,,0,0,0,0,0,0,0,0,"0,0,0",0,0,0,0,0,0,0,0,0,0,0,0,,0,,,,,,,,,,0,,,0,,,10,,,0,2,"0,0,0",0,0,0,0,0,,,,,,,,,,,0,60001,,,,,,,,,,
23055,,2,0,狱狼龙拍击,Em087_u01_Clap,,0.042,0,0,0,0,0,0,0,"0,0,0",0,0,0,0,0,0,0,0,0,0,0,0,,0,0,,,,,,,,,0.42,30,0,11,,0,30,,,11,1,"0,0,0",0,0,0,0,0,0,0,0,0,0,0,0,,,,0,,,,,,,,,,,
23056,,2,0,狱狼龙拍击（超带电）,Em087_u01_ClapAngry,,0.054,0,0,0,0,0,0,0,"0,0,0",0,0,0,0,0,0,0,0,0,0,0,0,,0,0,,,,,,,,,0.27,30,0,12,,0,30,,,12,1,"0,0,0",0,0,0.27,0,0,0,0,0,0,0,0,0,,,,0,19183,,,,,,,,,,
23057,,2,0,狱狼龙蓄力拍击,Em087_u01_ClapCharge,,0.06,0,0,0,0,0,0,0,"0,0,0",0,0,0,0,0,0,0,0,0,0,0,0,,0,0,,,,,,,,,0.3,30,0,12,,0,50,,,12,1,"0,0,0",0,0,0.3,0,0,0,0,0,0,0,0,0,,,,0,19183,,,,,,,,,,
23058,,2,0,狱狼龙周身攻击,Em087_u01_RoundAttack,,0.048,0,0,0,0,0,0,0,"0,0,0",0,0,0,0,0,0,0,0,0,0,0,0,,0,0,,,,,,,,,0.48,35,0,12,,0,60,,,12,2,"0,0,0",0,0,0,0,0,0,0,0,0,0,0,0,,,,0,,,,,,,,,,,
23059,,2,0,狱狼龙周身攻击（起身）,Em087_u01_RoundAttackFromFall,,0.042,0,0,0,0,0,0,0,"0,0,0",0,0,0,0,0,0,0,0,0,0,0,0,,0,0,,,,,,,,,0.42,30,0,11,,0,60,,,11,2,"0,0,0",0,0,0,0,0,0,0,0,0,0,0,0,,,,0,,,,,,,,,,,
23060,,2,0,狱狼龙周身攻击（超带电）,Em087_u01_RoundAttackAngry,,0.06,0,0,0,0,0,0,0,"0,0,0",0,0,0,0,0,0,0,0,0,0,0,0,,0,0,,,,,,,,,0.3,40,0,12,,0,70,,,12,2,"0,0,0",0,0,0.3,0,0,0,0,0,0,0,0,0,,,,0,19183,,,,,,,,,,
23061,,2,0,狱狼龙头突攻击,Em087_u01_HeadAttack,,0.027,0,0,0,0,0,0,0,"0,0,0",0,0,0,0,0,0,0,0,0,0,0,0,,0,0,,,,,,,,,0.27,25,0,11,,0,30,,,11,2,"0,0,0",0,0,0,0,0,0,0,0,0,0,0,0,,,,0,,,,,,,,,,,
23062,,2,0,狱狼龙头突攻击（两腕）,Em087_u01_HeadAttackHand,,0.018,0,0,0,0,0,0,0,"0,0,0",0,0,0,0,0,0,0,0,0,0,0,0,,0,0,,,,,,,,,0.18,0,0,7,,0,20,,,7,2,"0,0,0",0,0,0,0,0,0,0,0,0,0,0,0,,,,0,,,,,,,,,,,
23063,,2,0,狱狼龙咆哮,Em087_u01_EmotionAngry,,0,0,0,0,0,0,0,0,"0,0,0",0,0,0,0,0,0,0,0,0,0,0,0,,0,0,,,,,,,,,0,0,0,0,,0,30,,,0,2,"0,0,0",0,0,0,0,0,0,0,0,0,0,0,0,,,,0,,,,60004,,,,,,,
23064,,2,0,狱狼龙超带电,Em087_u01_ChangeMode,,0.048,0,0,0,0,0,0,0,"0,0,0",0,0,0,0,0,0,0,0,0,0,0,0,,0,0,,,,,,,,,0.24,20,0,12,,0,50,,,12,2,"0,0,0",0,0,0.24,0,0,0,0,0,0,0,0,0,,,,0,19183,,,,,,,,,,
23065,,2,0,狱狼龙跳跃攻击,Em087_u01_JumpAttack,,0.036,0,0,0,0,0,0,0,"0,0,0",0,0,0,0,0,0,0,0,0,0,0,0,,0,0,,,,,,,,,0.36,25,0,11,,0,50,,,11,2,"0,0,0",0,0,0,0,0,0,0,0,0,0,0,0,,,,0,,,,,,,,,,,
23066,,2,0,狱狼龙突进,Em087_u01_DragonDash,,0.03,0,0,0,0,0,0,0,"0,0,0",0,0,0,0,0,0,0,0,0,0,0,0,,0,0,,,,,,,,,0.3,20,0,11,,0,50,,,11,2,"0,0,0",0,0,0,0,0,0,0,0,0,0,0,0,,,,0,,,,,,,,,,,
23067,,2,0,狱狼龙突进（超带电）,Em087_u01_DragonDashAngry,,0.033,0,0,0,0,0,0,0,"0,0,0",0,0,0,0,0,0,0,0,0,0,0,0,,0,0,,,,,,,,,0.18,20,0,11,,0,50,,,11,2,"0,0,0",0,0,0.15,0,0,0,0,0,0,0,0,0,,,,0,19183,,,,,,,,,,
23068,,2,0,狱狼龙铁山靠,Em087_u01_ImpactHit,,0.033,0,0,0,0,0,0,0,"0,0,0",0,0,0,0,0,0,0,0,0,0,0,0,,0,0,,,,,,,,,0.33,30,0,11,,0,50,,,11,2,"0,0,0",0,0,0,0,0,0,0,0,0,0,0,0,,,,0,,,,,,,,,,,
23069,,2,0,狱狼龙铁山靠（超带电）,Em087_u01_ImpactHitAngry,,0.039,0,0,0,0,0,0,0,"0,0,0",0,0,0,0,0,0,0,0,0,0,0,0,,0,0,,,,,,,,,0.21,30,0,11,,0,50,,,11,2,"0,0,0",0,0,0.18,0,0,0,0,0,0,0,0,0,,,,0,19183,,,,,,,,,,
23070,,2,0,狱狼龙背砸,Em087_u01_BackAttack,,0.066,0,0,0,0,0,0,0,"0,0,0",0,0,0,0,0,0,0,0,0,0,0,0,,0,0,,,,,,,,,0.33,40,0,12,,0,70,,,12,2,"0,0,0",0,0,0.33,0,0,0,0,0,0,0,0,0,,,,0,19183,,,,,,,,,,
23071,,2,0,狱狼龙尾砸,Em087_u01_TailAttack,,0.036,0,0,0,0,0,0,0,"0,0,0",0,0,0,0,0,0,0,0,0,0,0,0,,0,0,,,,,,,,,0.36,20,0,10,,0,40,,,10,2,"0,0,0",0,0,0,0,0,0,0,0,0,0,0,0,,,,0,,,,,,,,,,,
23072,,2,0,狱狼龙尾砸（超带电）,Em087_u01_TailAttackAngry,,0.045,0,0,0,0,0,0,0,"0,0,0",0,0,0,0,0,0,0,0,0,0,0,0,,0,0,,,,,,,,,0.24,20,0,11,,0,40,,,11,2,"0,0,0",0,0,0.21,0,0,0,0,0,0,0,0,0,,,,0,19183,,,,,,,,,,
23073,,2,0,狱狼龙全力尾砸,Em087_u01_TailFullAttack,,0.042,0,0,0,0,0,0,0,"0,0,0",0,0,0,0,0,0,0,0,0,0,0,0,,0,0,,,,,,,,,0.42,25,0,11,,0,40,,,11,2,"0,0,0",0,0,0,0,0,0,0,0,0,0,0,0,,,,0,,,,,,,,,,,
23074,,2,0,狱狼龙身体下压,Em087_u01_BodyAttack,,0.03,0,0,0,0,0,0,0,"0,0,0",0,0,0,0,0,0,0,0,0,0,0,0,,0,0,,,,,,,,,0.3,30,0,11,,0,60,,,11,2,"0,0,0",0,0,0,0,0,0,0,0,0,0,0,0,,,,0,,,,,,,,,,,
23075,,2,0,狱狼龙身体下压（风压）,Em087_u01_BodyAttackWind,,0,0,0,0,0,0,0,0,"0,0,0",0,0,0,0,0,0,0,0,0,0,0,0,,0,0,,,,,,,,,0,0,0,0,,0,0,,,0,2,"0,0,0",0,0,0,0,0,0,0,0,0,0,0,0,,,,0,,,,60022,,,,,,,
23076,,2,0,狱狼龙放电,Em087_u01_ThunderAttack,,0.048,0,0,0,0,0,0,0,"0,0,0",0,0,0,0,0,0,0,0,0,0,0,0,,0,0,,,,,,,,,0.24,20,0,12,,0,70,,,12,2,"0,0,0",0,0,0.24,0,0,0,0,0,0,0,0,0,,,,0,19183,,,,,,,,,,
23077,,2,0,狱狼龙起身攻击,Em087_u01_RoundUpAttack,,0.03,0,0,0,0,0,0,0,"0,0,0",0,0,0,0,0,0,0,0,0,0,0,0,,0,0,,,,,,,,,0.3,20,0,13,,0,40,,,13,2,"0,0,0",0,0,0,0,0,0,0,0,0,0,0,0,,,,0,19121,,,,,,,,,,
23078,,2,0,狱狼龙起身空中,Em087_u01_RoundUpAttackAir,,0.039,0,0,0,0,0,0,0,"0,0,0",0,0,0,0,0,0,0,0,0,0,0,0,,0,0,,,,,,,,,0.39,25,0,0,,0,30,,,0,2,"0,0,0",0,0,0,0,0,0,0,0,0,0,0,0,,,,0,60026,,,,,,,,,,
23079,,2,0,狱狼龙起身下砸,Em087_u01_RoundUpAttackDown,,0.039,0,0,0,0,0,0,0,"0,0,0",0,0,0,0,0,0,0,0,0,0,0,0,,0,0,,,,,,,,,0.39,30,0,11,,0,50,,,11,2,"0,0,0",0,0,0,0,0,0,0,0,0,0,0,0,,,,0,,,,,,,,,,,
23080,,2,0,狱狼龙岩盘放电,Em087_u01_ThunderJump,,0.042,0,0,0,0,0,0,0,"0,0,0",0,0,0,0,0,0,0,0,0,0,0,0,,0,0,,,,,,,,,0.21,30,0,11,,0,60,,,11,2,"0,0,0",0,0,0.21,0,0,0,0,0,0,0,0,0,,,,0,19183,,,,,,,,,,
23081,,2,0,狱狼龙雷光龙车,Em087_u01_ThunderDragonDash,,0.06,0,0,0,0,0,0,0,"0,0,0",0,0,0,0,0,0,0,0,0,0,0,0,,0,0,,,,,,,,,0.3,0,0,0,,0,50,1,,0,2,"0,0,0",0,0,0.3,0,0,0,0,0,0,0,0,0,,,,0,19183,,,60005,,,,,,,
23082,,2,0,狱狼龙雷光龙车（电磁）,Em087_u01_ThunderDragonDashBack,,0.03,0,0,0,0,0,0,0,"0,0,0",0,0,0,0,0,0,0,0,0,0,0,0,,0,0,,,,,,,,,0.15,30,0,11,,0,50,,,11,2,"0,0,0",0,0,0.15,0,0,0,0,0,0,0,0,0,,,,0,19183,,,,,,,,,,
23083,,2,0,狱狼龙大放电,Em087_u01_ThunderExplode,,0.11,0,0,0,0,0,0,0,"0,0,0",0,0,0,0,0,0,0,0,0,0,0,0,,0,0,,,,,,,,,0.55,70,0,13,,0,70,1,,13,2,"0,0,0",0,0,0.55,0,0,0,0,0,0,0,0,0,,,,0,19183,,,,,,,,,,
23084,,2,0,狱狼龙大放电（身体）,Em087_u01_ThunderExplodeBody,,0.027,0,0,0,0,0,0,0,"0,0,0",0,0,0,0,0,0,0,0,0,0,0,0,,0,0,,,,,,,,,0.27,20,0,10,,0,30,,,10,2,"0,0,0",0,0,0,0,0,0,0,0,0,0,0,0,,,,0,,,,,,,,,,,
23085,,2,0,狱狼龙拘束攻击,Em087_u01_RestrictAttack,,0.012,0,0,0,0,0,0,0,"0,0,0",0,0,0,0,0,0,0,0,0,0,0,0,,0,0,,,,,,,,,0.12,10,0,0,,0,40,,,0,2,"0,0,0",0,0,0,0,0,0,0,0,0,0,0,0,,,,0,,,,60031,,,,,,,
23086,,2,0,狱狼龙拘束咬,Em087_u01_RestrictAttackBite,,0.009,0,0,0,0,0,0,0,"0,0,0",0,0,0,0,0,0,0,0,0,0,0,0,,0,0,,,,,,,,,0.09,0,0,0,,0,15,,,0,2,"0,0,0",0,0,0,0,0,0,0,0,0,0,0,0,,,,0,,,,,,,,,,,
23087,,2,0,狱狼龙雷光虫弹,Em087_u01_ThunderBall,,0.03,0,0,0,0,0,0,0,"0,0,0",0,0,0,0,0,0,0,0,0,0,0,0,,0,0,,,,,,,,,0.15,20,0,10,,0,30,,,10,2,"0,0,0",0,0,0.15,0,0,0,0,0,0,0,0,0,,,,0,19183,,,,,,,,,,
23088,,2,0,狱狼龙雷光陷阱（爆炸）,Em087_u01_ThunderBallExplode,,0.045,0,0,0,0,0,0,0,"0,0,0",0,0,0,0,0,0,0,0,0,0,0,0,,0,0,,,,,,,,,0.24,30,0,11,,0,30,,,11,2,"0,0,0",0,0,0.21,0,0,0,0,0,0,0,0,0,,,,0,19183,,,,,,,,,,
23089,,2,0,狱狼龙雷光陷阱,Em087_u01_ThunderBallAround,,0.006,0,0,0,0,0,0,0,"0,0,0",0,0,0,0,0,0,0,0,0,0,0,0,,0,0,,,,,,,,,0,0,0,1,,0,0,,,1,2,"0,0,0",0,0,0.06,0,0,0,0,0,0,0,0,0,,,,0,19183,,,,,,,,,,
23090,,2,0,狱狼龙浮游球,Em087_u01_Ball,,0.025,0,0,0,0,0,0,0,"0,0,0",0,0,0,0,0,0,0,0,0,0,0,0,,0,0,,,,,,,,,0.15,30,0,9,,0,30,,,9,2,"0,0,0",0,0,0.1,0,0,0,0,0,0,0,0,0,,,,0,,,,,,,,,,,
23091,,2,0,狱狼龙浮游球爆炸,Em087_u01_BallExplode,,0.035,0,0,0,0,0,0,0,"0,0,0",0,0,0,0,0,0,0,0,0,0,0,0,,0,0,,,,,,,,,0.2,20,0,10,,0,40,,,10,2,"0,0,0",0,0,0.15,0,0,0,0,0,0,0,0,0,,,,0,,,,,,,,,,,
23092,,2,0,奇烈迅龙射出毒刺,Em092_u01_Blade,,0.05,,,,,,,,,,,,,,,,,,,,,,,,,,,,,,,,0.5,10,,11,,,40,,,11,2,"0,0,0",0,0,0,0,0,,,,,,,,,,,,10000,,,,,,,,,,
23093,,2,0,奇烈迅龙毒雾,Em092_u01_PoisonFog,,0.05,,,,,,,,,,,,,,,,,,,,,,,,,,,,,,,,0.5,10,,11,,,40,,,11,2,"0,0,0",0,0,0,0,0,,,,,,,,,,,,10000,,,60005,,,,,,,
23094,,2,0,奇烈迅龙龙车,Em092_u01_DragonDash,,0.03,,,,,,,,,,,,,,,,,,,,,,,,,,,,,,,,0.3,10,,6,,,15,,,6,2,"0,0,0",0,0,0,0,0,,,,,,,,,,,,,,,,,,,,,,
23095,,2,0,奇烈迅龙旋风扫,Em092_u01_ShorDash,,0.06,,,,,,,,,,,,,,,,,,,,,,,,,,,,,,,,0.6,10,,9,,,20,,,9,2,"0,0,0",0,0,0,0,0,,,,,,,,,,,,,,,,,,,,,,
23100,,2,0,奇烈尾晶蝎攻击20,Em026_u02_Attack_10,,0.02,,,,,,,,,,,,,,,,,,,,,,,,,,,,,,,,0.2,10,,6,,,10,,,5,2,"0,0,0",0,0,0,0,0,,,,,,,,,,,,,,,,,,,,,,
23101,,2,0,奇烈尾晶蝎攻击30,Em026_u02_Attack_15,,0.03,,,,,,,,,,,,,,,,,,,,,,,,,,,,,,,,0.3,10,,6,,,15,,,5,2,"0,0,0",0,0,0,0,0,,,,,,,,,,,,,,,,,,,,,,
23102,,2,0,奇烈尾晶蝎攻击40,Em026_u02_Attack_20,,0.04,,,,,,,,,,,,,,,,,,,,,,,,,,,,,,,,0.4,10,,7,,,15,,,5,2,"0,0,0",0,0,0,0,0,,,,,,,,,,,,,,,,,,,,,,
23103,,2,0,奇烈尾晶蝎特殊_风压,Em026_u02_Special_Pressure,,0,,,,,,,,,,,,,,,,,,,,,,,,70021,,,,,,,,0,,,0,,,20,,,0,2,"0,0,0",0,0,0,0,0,,,,,,,,,,,,,,,60001,,,,,,,
23104,,,,奇烈尾晶蝎激光及晶体爆炸60,Em026_u02_BeamBomb,,0.06,0,0,0,0,0,0,0,"0,0,0",0,0,0,0,0,0,0,0,0,0,0,0,,0,12231,,,交互行为,8,,,,,0.6,0,0,11,,0,30,,,11,2,"0,0,0",0,0,0,0,0,0,0,0,0,0,0,2048,,,,0,19229,19230,,,,,,,,,
23105,,2,0,奇烈尾晶蝎放置炸弹尾巴10,Em026_u02_BombSet,,0.01,0,0,0,0,0,0,0,"0,0,0",0,0,0,0,0,0,0,0,0,0,0,0,,0,0,,,,,,,,,0.1,0,0,2,,0,3,,,2,2,"0,0,0",0,0,0,0,0,0,0,0,0,0,0,0,,,,0,0,0,,,,,,,,,
23106,,2,0,奇烈尾晶蝎吹飞25,Em026_u02_KnockAway_25,,0.025,,,,,,,,,,,,,,,,,,,,,,,,,,,,,,,,0.25,10,,11,,,15,,,11,2,"0,0,0",0,0,0,0,0,,,,,,,,,,,,,,,,,,,,,,
23107,,2,0,奇烈尾晶蝎吹飞35,Em026_u02_KnockAway_35,,0.035,,,,,,,,,,,,,,,,,,,,,,,,,,,,,,,,0.35,10,,12,,,25,,,11,2,"0,0,0",0,0,0,0,0,,,,,,,,,,,,,,,,,,,,,,
23108,,2,0,奇烈尾晶蝎特殊_震动,Em026_u02_Special_Quake,,0,,,,,,,,,,,,,,,,,,,,,,,,70023,,,,,,,,0,,,0,,,10,,,0,2,"0,0,0",0,0,0,0,0,,,,,,,,,,,,,,,60003,,,,,,,
23109,,2,0,奇烈尾晶蝎吹飞45,Em026_u02_KnockAway_45,,0.045,,,,,,,,,,,,,,,,,,,,,,,,,,,,,,,,0.45,10,,12,,,35,,,11,2,"0,0,0",0,0,0,0,0,,,,,,,,,,,,,,,,,,,,,,
23110,,2,0,奇烈尾晶蝎砸地子弹爆炸40,Em026_u02_CrystalExplode,,0.04,,,,,,,,,,,,,,,,,,,,,,,,,,,,,,,,0.4,30,,10,,,40,,,10,2,"0,0,0",0,0,0,0,0,0,0,0,0,0,0,0,,,,0,19229,0,,,,,,,,,
23111,,2,0,奇烈尾晶蝎砸地子弹碰撞40,Em026_u02_Crystal,,0.04,,,,,,,,,,,,,,,,,,,,,,,,,,,,,,,,0.4,30,,10,,,40,,,10,2,"0,0,0",0,0,0,0,0,0,0,0,0,0,0,0,,,,0,19229,0,,,,,,,,,
23112,,,,奇烈尾晶蝎追踪水晶掉落吹飞180,Em026_u02_CrystalShoot,,0.18,,,,,,,,,,,,,,,,,,,,,,,,,,,,,,,,0.9,40,,12,,,40,,,11,2,"0,0,0",0,0,0,0,0,,,,,,,,,,,,19229,19230,,,,,,,,,
23113,,2,0,奇烈尾晶蝎高吼,Em026_u02_LargeHowl,,0,0,0,0,0,0,0,0,"0,0,0",0,0,0,0,0,0,0,0,0,0,0,0,,0,0,70024,,,,,,,,0,20,0,0,,0,0,,,0,2,"0,0,0",0,0,0,0,0,0,0,0,0,0,0,0,,,,0,,,,60012,,,,,,,
23114,,2,0,奇烈尾晶蝎晶体buff伤害攻击60,WeiJingXieBoom,,6,,,,,,,,,,,,,,,,,,,,,,,,,,,,,,,,60,10,,7,7,,50,1,5,5,2,"0,0,0",0,0,0,0,0,,,,,,,,1,100,2,,,,,,,,,,,,
23115,,2,0,奇烈尾晶蝎砸地子弹爆炸40耐力清空,Em026_u02_CrystalExplodePower,,0.04,,,,,,,,,,,,,,,,,,,,,,,,,,,,,,,,0.4,30,,10,,,40,,,10,2,"0,0,0",0,0,0,0,0,0,0,0,0,0,0,0,,,,0,19229,19230,,,,,,,,,
23116,,2,0,奇烈尾晶蝎砸地子弹碰撞40耐力清空,Em026_u02_CrystalPower,,0.04,,,,,,,,,,,,,,,,,,,,,,,,,,,,,,,,0.4,30,,10,,,40,,,10,2,"0,0,0",0,0,0,0,0,0,0,0,0,0,0,0,,,,0,19229,19230,,,,,,,,,
23117,,2,0,多壳蟹醉步电球,Em067_ThunderAttack,,0.05,,,,,,,,,,,,,,,,,,,,,,,,,,,,,,,,0.5,10,,11,,,60,,,11,2,"0,0,0",0,0,0,0,0,,,,,,,,,,,,19238,,,,,,,,,,
23118,,2,0,多壳蟹钻地电球,Em067_JumptoUn,,0.015,,,,,,,,,,,,,,,,,,,,,,,,,,,,,,,,0.15,15,0,0,,0,10,1,,0,2,"0,0,0",0,0,0,0.15,0,0,0,0,0,0,0,0,,,,0,19238,,,60005,,,,,,,
23119,,2,0,多壳蟹钻出攻击,Em067_JumpToFlyThump,,0.05,,,,,,,,,,,,,,,,,,,,,,,,,,,,,,,,0.5,10,,11,,,60,,,11,2,"0,0,0",0,0,0,0,0,,,,,,,,,,,,19238,,,,,,,,,,
23120,,2,0,多壳蟹插地电球,Em067_LightningBall,,0.015,,,,,,,,,,,,,,,,,,,,,,,,,,,,,,,,0.15,15,0,0,,0,10,1,,0,2,"0,0,0",0,0,0,0.15,0,0,0,0,0,0,0,0,,,,0,19238,,,60005,,,,,,,
23121,,2,0,多壳蟹P3插地升龙拳,Em067_RightHand_Rotate_P3,,0.05,,,,,,,,,,,,,,,,,,,,,,,,,,,,,,,,0.5,10,,11,,,60,,,11,2,"0,0,0",0,0,0,0,0,,,,,,,,,,,,19238,,,,,,,,,,
23122,,2,0,多壳蟹P3电流突刺,Em067_RightHand_Thorn,,0.05,,,,,,,,,,,,,,,,,,,,,,,,,,,,,,,,0.5,10,,11,,,60,,,11,2,"0,0,0",0,0,0,0,0,,,,,,,,,,,,19238,19235,,,,,,,,,
23123,,2,,变身前闪光,Em067_GOTOP2,,0,0,0,0,0,0,0,0,"0,0,0",0,0,0,0,0,0,0,0,0,0,0,0,,0,11009,70029,,闪光弹,1,,,,,0,0,0,0,,0,10,,,0,2,"0,0,0",0,0,0,0,0,0,0,0,0,0,0,8,,,,0,0,0,,60009,,,,,,,
23124,,2,0,奇烈轰龙砸地二连击,Em028_u02_JumpEx,,0.045,0,0,0,0,0,0,0,"0,0,0",0,0,0,0,0,0,0,0,0,0,0,0,,0,0,,,,,,,,,0.45,25,0,13,,0,60,,,13,2,"0,0,0",0,0,0,0,0,0,0,0,0,0,0,0,1,,,0,19121,19234,1,,,,,,,,
23125,,2,0,奇烈轰龙冰属性异常小,Em028_u02_Ice,,0.045,,,,,,,,,,,,,,,,,,,,,,,,,,,,,,,,0.45,10,,12,,,35,,,11,2,"0,0,0",0,0,0,0,0,,,,,,,,,,,,19184,,,,,,,,,,
23126,,2,0,奇烈轰龙风刃,Em028_u02_Wind,,0.045,,,,,,,,,,,,,,,,,,,,,,,,,,,,,,,,0.45,10,,12,,,35,,,11,2,"0,0,0",0,0,0,0,0,,,,,,,,,,,,19117,,,,,,,,,,
23127,,2,0,奇烈轰龙冰雪地波,Em028_u02_Ice2,,0.045,,,,,,,,,,,,,,,,,,,,,,,,,,,,,,,,0.45,10,,12,,,35,,,11,2,"0,0,0",0,0,0,0,0,,,,,,,,,,,,19184,60019,,,,,,,,,
23128,,2,0,奇烈轰龙冰属性异常小加减速,Em028_u02_Ice3,,0.045,,,,,,,,,,,,,,,,,,,,,,,,,,,,,,,,0.45,10,,12,,,35,,,11,2,"0,0,0",0,0,0,0,0,,,,,,,,,,,,19184,10524,,,,,,,,,
23129,,2,0,奇烈轰龙大招,Em028_u02_TieShan,,0.045,,,,,,,,,,,,,,,,,,,,,,,,,,,,,,,,0.45,10,,12,,,60,,,11,2,"0,0,0",0,0,0,0,0,,,,,,,,1,,,,,,,,,,,,,,
23130,,2,,奇烈轰龙高吼,Em028_u02_high,,0.05,,,,,,,,,,,,,,,,,,,,,,,,,,,,,,,,0.5,10,,12,,,40,,,11,2,"0,0,0",0,0,0,0,0,,,,,,,,,,,,19239,,,,,,,,,,
23131,,2,,奇烈轰龙撕咬,Em028_u02_attack,,0.04,,,,,,,,,,,,,,,,,,,,,,,,,,,,,,,,0.4,10,,12,,,25,,,9,2,"0,0,0",0,0,0,0,0,,,,,,,,,,,,19184,19183,,,,,,,,,
23132,,2,0,奇烈轰龙二连吼,Em028_u02_attack2,,0.05,0,0,0,0,0,0,0,"0,0,0",0,0,0,0,0,0,0,0,0,0,0,0,,0,0,,,,,,,,,0.5,15,0,9,,0,45,,,9,2,"0,0,0",0,0,0,0,0,0,0,0,0,0,0,0,,,,0,19239,,,60032,,,,,,,
23133,,2,0,岚龙水攻击,Em093_Water_50,,0.03,,,,,,,,,,,,,,,,,,,,,,,,,,,,,,,,0.3,10,,12,,,25,,,12,2,"0,0,0",0,0.2,0,0,0,,,,,,,,,,,,19178,,,,,,,,,,
23134,,2,0,岚龙飓风,Em093_BWind_70,,0.07,,,,,,,,,,,,,,,,,,,,,,,,,,,,,,,,0.7,10,,13,,,50,,,13,2,"0,0,0",0,0,0,0,0,,,,,,,,,,,,,,,,,,,,,,
23135,,2,0,岚龙旋风,Em093_Wind_70,,0.07,,,,,,,,,,,,,,,,,,,,,,,,,,,,,,,,0.7,10,,12,,,25,,,12,2,"0,0,0",0,0,0,0,0,,,,,,,,,,,,,,,,,,,,,,
23136,,2,0,岚龙龙车,Em093_Dash_60,,0.06,,,,,,,,,,,,,,,,,,,,,,,,,,,,,,,,0.3,10,,12,,,50,,,12,2,"0,0,0",0,0,0.3,0,0,,,,,,,,,,,,,,,,,,,,,,
23137,,2,0,岚龙剐蹭,Em093_LightAttack_25,,0.025,,,,,,,,,,,,,,,,,,,,,,,,,,,,,,,,0.125,10,,6,,,10,,,6,2,"0,0,0",0,0,0.125,0,0,,,,,,,,,,,,,,,,,,,,,,
23138,,2,0,岚龙肢体攻击,Em093_HeavyAttack_40,,0.04,,,,,,,,,,,,,,,,,,,,,,,,,,,,,,,,0.2,10,,9,,,25,,,9,2,"0,0,0",0,0,0.2,0,0,,,,,,,,,,,,,,,,,,,,,,
23139,,2,0,岚龙减速,Em093_Slow_0,,0,,,,,,,,,,,,,,,,,,,,,,,,,,,,,,,,0,0,,0,,,0,,,0,2,"0,0,0",0,0,0,0,0,,,,,,,,1,,,,10015,,,,,,,,,,
23140,,2,0,岚龙跟踪水攻击,Em093_Water_58,,0.03,,,,,,,,,,,,,,,,,,,,,,,,,,,,,,,,0.3,10,,12,,,25,,,12,2,"0,0,0",0,0.28,0,0,0,,,,,,,,,,,,19178,,,,,,,,,,
23141,,2,0,岚龙高空水攻击,Em093_Water_70,,0.035,,,,,,,,,,,,,,,,,,,,,,,,,,,,,,,,0.35,10,,12,,,25,,,12,2,"0,0,0",0,0.35,0,0,0,,,,,,,,,,,,19178,,,,,,,,,,
