MonsterID,PartID,StateID,BreakLevel,DefenceLevel,Faint,Cut,Hammer,Shoot,Fire,Water,Electric,Ice,Dragon
50001,Body,Normal,0,0,0,0.6,0.6,0.6,1,0.8,0.8,0.5,0.2
50010,WholeBody,Normal,0,0,0,1,1,1,1,1,1,1,1
50010,Head,Normal,0,0,1,0.5,0.5,0.5,0.5,0.5,0.5,0.5,0.3
50010,Neck,Normal,0,0,0,0.8,0.8,0.8,0.8,0.8,0.8,0.8,0.6
50010,Body,Normal,0,0,0,0.8,0.8,0.8,0.8,0.8,0.8,0.8,0.6
50020,WholeBody,Normal,0,0,0,1,1,1,1,1,1,1,1
50020,Head,Normal,0,0,0,0.5,0.5,0.5,0.5,0.5,0.5,0.5,0.3
50020,Neck,Normal,0,0,0,0.8,0.8,0.8,0.8,0.8,0.8,0.8,0.6
50020,Body,Normal,0,0,0,0.8,0.8,0.8,0.8,0.8,0.8,0.8,0.6
50030,WholeBody,Normal,0,0,0,1,1,1,1,1,1,1,1
50030,Body,Normal,0,0,0,0.8,0.8,0.8,0.8,0.8,0.8,0.8,0.6
50030,Head,Normal,0,0,0.8,0.8,0.8,0.8,0.8,0.8,0.8,0.8,0.6
50030,Leftbackleg,Normal,0,0,0,0.8,0.8,0.8,0.8,0.8,0.8,0.8,0.6
50030,Leftleg,Normal,0,0,0,0.8,0.8,0.8,0.8,0.8,0.8,0.8,0.6
50030,Rightbackleg,Normal,0,0,0,0.8,0.8,0.8,0.8,0.8,0.8,0.8,0.6
50030,Rightleg,Normal,0,0,0,0.8,0.8,0.8,0.8,0.8,0.8,0.8,0.6
50030,Tail,Normal,0,0,0,0.8,0.8,0.8,0.8,0.8,0.8,0.8,0.6
50040,WholeBody,Normal,0,0,0,1,1,1,1,1,1,1,1
50040,Body,Normal,0,0,0,0.8,0.8,0.8,0.8,0.8,0.8,0.8,0.6
50041,WholeBody,Normal,0,0,0,1,1,1,1,1,1,1,1
50041,Body,Normal,0,0,0,0.8,0.8,0.8,0.8,0.8,0.8,0.8,0.6
50042,WholeBody,Normal,0,0,0,1,1,1,1,1,1,1,1
50042,Body,Normal,0,0,0,0.8,0.8,0.8,0,0,0,0,0
50050,WholeBody,Normal,0,0,0,1,1,1,1,1,1,1,1
50050,Body,Normal,0,0,0,0.8,0.8,0.8,0.8,0.8,0.8,0.8,0.6
50051,WholeBody,Normal,0,0,0,1,1,1,1,1,1,1,1
50051,Body,Normal,0,0,0,0.8,0.8,0.8,0.8,0.8,0.8,0.8,0.6
50052,WholeBody,Normal,0,0,0,1,1,1,1,1,1,1,1
50052,Body,Normal,0,0,0,0.8,0.8,0.8,0.8,0.8,0.8,0.8,0.6
50053,WholeBody,Normal,0,0,0,1,1,1,1,1,1,1,1
50053,Body,Normal,0,0,0,0.8,0.8,0.8,0,0,0,0,0
50054,WholeBody,Normal,0,0,0,1,1,1,1,1,1,1,1
50054,Body,Normal,0,0,0,0.8,0.8,0.8,0.8,0.8,0.8,0.8,0.6
50055,WholeBody,Normal,0,0,0,1,1,1,1,1,1,1,1
50055,Body,Normal,0,0,0,0.8,0.8,0.8,0.8,0.8,0.8,0.8,0.6
50056,WholeBody,Normal,0,0,0,1,1,1,1,1,1,1,1
50056,Body,Normal,0,0,0,0.8,0.8,0.8,0.8,0.8,0.8,0.8,0.6
50060,WholeBody,Normal,0,0,0,1,1,1,1,1,1,1,1
50060,Body,Normal,0,0,0,0.8,0.8,0.8,0.8,0.8,0.8,0.8,0.6
50060,Head,Normal,0,0,0,0.8,0.8,0.8,0.8,0.8,0.8,0.8,0.6
50060,Tail,Normal,0,0,0,0.5,0.5,0.5,0.5,0.5,0.5,0.5,0.3
50069,WholeBody,Normal,0,0,0,1,1,1,1,1,1,1,1
50069,Body,Normal,0,0,0,0.8,0.8,0.8,0.8,0.8,0.8,0.8,0.6
50069,Head,Normal,0,0,0,0.8,0.8,0.8,0.8,0.8,0.8,0.8,0.6
50069,Tail,Normal,0,0,0,0.5,0.5,0.5,0.5,0.5,0.5,0.5,0.3
50070,WholeBody,Normal,0,0,0,1,1,1,1,1,1,1,1
50070,Body,Normal,0,0,0,0.8,0.8,0.8,0.8,0.8,0.8,0.8,0.6
50070,Head,Normal,0,0,0,0.8,0.8,0.8,0.8,0.8,0.8,0.8,0.6
50070,Tail,Normal,0,0,0,0.5,0.5,0.5,0.5,0.5,0.5,0.5,0.3
50080,WholeBody,Normal,0,0,0,1,1,1,1,1,1,1,1
50080,Body,Normal,0,0,0,0.8,0.8,0.8,0.8,0.8,0.8,0.8,0.6
50080,Head,Normal,0,0,0,0.8,0.8,0.8,0.8,0.8,0.8,0.8,0.6
50080,Tail,Normal,0,0,0,0.5,0.5,0.5,0.5,0.5,0.5,0.5,0.3
50081,WholeBody,Normal,0,0,0,1,1,1,1,1,1,1,1
50081,Body,Normal,0,0,0,0.8,0.8,0.8,0.8,0.8,0.8,0.8,0.6
50081,Head,Normal,0,0,0,0.8,0.8,0.8,0.8,0.8,0.8,0.8,0.6
50081,Tail,Normal,0,0,0,0.5,0.5,0.5,0.5,0.5,0.5,0.5,0.3
50090,WholeBody,Normal,0,0,0,1,1,1,1,1,1,1,1
50090,Body,Normal,0,0,0,0.8,0.8,0.8,0.8,0.8,0.8,0.8,0.6
50090,Head,Normal,0,0,0,0.8,0.8,0.8,0.8,0.8,0.8,0.8,0.6
50090,Tail,Normal,0,0,0,0.5,0.5,0.5,0.5,0.5,0.5,0.5,0.3
50100,Body,Normal,0,0,0,0.6,0.6,0.6,1,0.8,0.8,0.5,0.2
50110,Body,Normal,0,0,0,0.6,0.6,0.6,1,0.8,0.8,0.5,0.2
50111,Body,Normal,0,0,0,0.6,0.6,0.6,1,0.8,0.8,0.5,0.2
50120,WholeBody,Normal,0,0,0,1,1,1,1,1,1,1,1
50120,Body,Normal,0,0,0,0.8,0.8,0.8,0.8,0.8,0.8,0.8,0.6
50120,Head,Normal,0,0,0.8,0.8,0.8,0.8,0.8,0.8,0.8,0.8,0.6
50120,Leftbackleg,Normal,0,0,0,0.8,0.8,0.8,0.8,0.8,0.8,0.8,0.6
50120,Leftleg,Normal,0,0,0,0.8,0.8,0.8,0.8,0.8,0.8,0.8,0.6
50120,Rightbackleg,Normal,0,0,0,0.8,0.8,0.8,0.8,0.8,0.8,0.8,0.6
50120,Rightleg,Normal,0,0,0,0.8,0.8,0.8,0.8,0.8,0.8,0.8,0.6
50120,Tail,Normal,0,0,0,0.8,0.8,0.8,0.8,0.8,0.8,0.8,0.6
50121,WholeBody,Normal,0,0,0,1,1,1,1,1,1,1,1
50121,Body,Normal,0,0,0,1,1,1,1,1,1,1,1
50121,Head,Normal,0,0,0.8,1,1,1,1,1,1,1,1
50121,Leftbackleg,Normal,0,0,0,1,1,1,1,1,1,1,1
50121,Leftleg,Normal,0,0,0,1,1,1,1,1,1,1,1
50121,Rightbackleg,Normal,0,0,0,1,1,1,1,1,1,1,1
50121,Rightleg,Normal,0,0,0,1,1,1,1,1,1,1,1
50121,Tail,Normal,0,0,0,1,1,1,1,1,1,1,1
50122,WholeBody,Normal,0,0,0,1,1,1,1,1,1,1,1
50122,Body,Normal,0,0,0,1,1,1,1,1,1,1,1
50122,Head,Normal,0,0,0.8,1,1,1,1,1,1,1,1
50122,Leftbackleg,Normal,0,0,0,1,1,1,1,1,1,1,1
50122,Leftleg,Normal,0,0,0,1,1,1,1,1,1,1,1
50122,Rightbackleg,Normal,0,0,0,1,1,1,1,1,1,1,1
50122,Rightleg,Normal,0,0,0,1,1,1,1,1,1,1,1
50122,Tail,Normal,0,0,0,1,1,1,1,1,1,1,1
50123,WholeBody,Normal,0,0,0,0.5,0.5,0.5,0.2,0.2,0.2,0.2,0.2
50123,Body,Normal,0,0,0,0.5,0.5,0.5,0.2,0.2,0.2,0.2,0.2
50123,Head,Normal,0,0,0.8,0.5,0.5,0.5,0.2,0.2,0.2,0.2,0.2
50123,Leftbackleg,Normal,0,0,0,0.5,0.5,0.5,0.2,0.2,0.2,0.2,0.2
50123,Leftleg,Normal,0,0,0,0.5,0.5,0.5,0.2,0.2,0.2,0.2,0.2
50123,Rightbackleg,Normal,0,0,0,0.5,0.5,0.5,0.2,0.2,0.2,0.2,0.2
50123,Rightleg,Normal,0,0,0,0.5,0.5,0.5,0.2,0.2,0.2,0.2,0.2
50123,Tail,Normal,0,0,0,0.5,0.5,0.5,0.2,0.2,0.2,0.2,0.2
50124,WholeBody,Normal,0,0,0,0.2,0.2,0.2,0.02,0.02,0.02,0.02,0.02
50124,Body,Normal,0,0,0,0.2,0.2,0.2,0.02,0.02,0.02,0.02,0.02
50124,Head,Normal,0,0,0.8,0.2,0.2,0.2,0.02,0.02,0.02,0.02,0.02
50124,Leftbackleg,Normal,0,0,0,0.2,0.2,0.2,0.02,0.02,0.02,0.02,0.02
50124,Leftleg,Normal,0,0,0,0.2,0.2,0.2,0.02,0.02,0.02,0.02,0.02
50124,Rightbackleg,Normal,0,0,0,0.2,0.2,0.2,0.02,0.02,0.02,0.02,0.02
50124,Rightleg,Normal,0,0,0,0.2,0.2,0.2,0.02,0.02,0.02,0.02,0.02
50124,Tail,Normal,0,0,0,0.2,0.2,0.2,0.02,0.02,0.02,0.02,0.02
50125,WholeBody,Normal,0,0,0,1,1,1,1,1,1,1,1
50125,Body,Normal,0,0,0,0.8,0.8,0.8,0.8,0.8,0.8,0.8,0.6
50125,Head,Normal,0,0,0.8,0.8,0.8,0.8,0.8,0.8,0.8,0.8,0.6
50125,Leftbackleg,Normal,0,0,0,0.8,0.8,0.8,0.8,0.8,0.8,0.8,0.6
50125,Leftleg,Normal,0,0,0,0.8,0.8,0.8,0.8,0.8,0.8,0.8,0.6
50125,Rightbackleg,Normal,0,0,0,0.8,0.8,0.8,0.8,0.8,0.8,0.8,0.6
50125,Rightleg,Normal,0,0,0,0.8,0.8,0.8,0.8,0.8,0.8,0.8,0.6
50125,Tail,Normal,0,0,0,0.8,0.8,0.8,0.8,0.8,0.8,0.8,0.6
50130,WholeBody,Normal,0,0,0,1,1,1,1,1,1,1,1
50130,Body,Normal,0,0,0,0.8,0.8,0.8,0.8,0.8,0.8,0.8,0.6
50130,Head,Normal,0,0,0.8,0.8,0.8,0.8,0.8,0.8,0.8,0.8,0.6
50130,Leftbackleg,Normal,0,0,0,0.8,0.8,0.8,0.8,0.8,0.8,0.8,0.6
50130,Leftleg,Normal,0,0,0,0.8,0.8,0.8,0.8,0.8,0.8,0.8,0.6
50130,Rightbackleg,Normal,0,0,0,0.8,0.8,0.8,0.8,0.8,0.8,0.8,0.6
50130,Rightleg,Normal,0,0,0,0.8,0.8,0.8,0.8,0.8,0.8,0.8,0.6
50130,Tail,Normal,0,0,0,0.8,0.8,0.8,0.8,0.8,0.8,0.8,0.6
50150,WholeBody,Normal,0,0,0,1,1,1,1,1,1,1,1
50150,Body,Normal,0,0,0,0.59,0.59,0.59,0.59,0.59,0.59,0.59,0.59
50150,Tail,Normal,0,0,0,0.5,0.5,0.5,0.5,0.5,0.5,0.5,0.3
50151,WholeBody,Normal,0,0,0,1,1,1,1,1,1,1,1
50151,Body,Normal,0,0,0,0.59,0.59,0.59,0.59,0.59,0.59,0.59,0.59
50151,Tail,Normal,0,0,0,0.5,0.5,0.5,0.5,0.5,0.5,0.5,0.3
50160,WholeBody,Normal,0,0,0,1,1,1,1,1,1,1,1
50160,Body,Normal,0,0,0,0.59,0.59,0.59,0.59,0.59,0.59,0.59,0.59
50161,WholeBody,Normal,0,0,0,1,1,1,1,1,1,1,1
50161,Body,Normal,0,0,0,0.59,0.59,0.59,0.59,0.59,0.59,0.59,0.59
50164,WholeBody,Normal,0,0,0,1,1,1,1,1,1,1,1
50164,Body,Normal,0,0,0,1,1,0.6,1,1,1,1,1
50170,WholeBody,Normal,0,0,0,1,1,1,1,1,1,1,1
50170,Body,Normal,0,0,0,0.8,0.8,0.8,0.35,0.15,0.5,0.15,0.1
50170,Claw,Normal,0,0,0,0.35,0.5,0.2,0.35,0.15,0.5,0.15,0.1
50170,Head,Normal,0,0,0.8,0.8,0.8,0.8,0.35,0.15,0.5,0.15,0.1
50170,Shell,Normal,0,0,0,0.4,0.5,0.5,0.35,0.15,0.5,0.15,0.1
50171,WholeBody,Normal,0,0,0,1,1,1,1,1,1,1,1
50171,Body,Normal,0,0,0,0.8,0.8,0.8,0.35,0.15,0.5,0.15,0.1
50171,Claw,Normal,0,0,0,0.35,0.5,0.2,0.35,0.15,0.5,0.15,0.1
50171,Head,Normal,0,0,0.8,0.8,0.8,0.8,0.35,0.15,0.5,0.15,0.1
50171,Shell,Normal,0,0,0,0.4,0.5,0.5,0.35,0.15,0.5,0.15,0.1
50180,WholeBody,Normal,0,0,0,1,1,1,1,1,1,1,1
50180,Body,Normal,0,0,0,0.8,0.8,0.8,0.35,0.15,0.5,0.15,0.1
50180,Claw,Normal,0,0,0,0.35,0.5,0.2,0.35,0.15,0.5,0.15,0.1
50180,Head,Normal,0,0,0.8,0.8,0.8,0.8,0.35,0.15,0.5,0.15,0.1
50180,Shell,Normal,0,0,0,0.4,0.5,0.5,0.35,0.15,0.5,0.15,0.1
50181,WholeBody,Normal,0,0,0,1,1,1,1,1,1,1,1
50181,Body,Normal,0,0,0,0.8,0.8,0.8,0.35,0.15,0.5,0.15,0.1
50181,Claw,Normal,0,0,0,0.35,0.5,0.2,0.35,0.15,0.5,0.15,0.1
50181,Head,Normal,0,0,0.8,0.8,0.8,0.8,0.35,0.15,0.5,0.15,0.1
50181,Shell,Normal,0,0,0,0.4,0.5,0.5,0.35,0.15,0.5,0.15,0.1
50190,WholeBody,Normal,0,0,0,1,1,1,1,1,1,1,1
50190,Head,Normal,0,0,0,0.8,0.8,0.8,0.8,0.8,0.8,0.8,0.6
50190,Tail,Normal,0,0,0,0.5,0.5,0.5,0.5,0.5,0.5,0.5,0.3
50190,Wings,Normal,0,0,0,0.8,0.8,0.8,0.8,0.8,0.8,0.8,0.6
50190,Body,Normal,0,0,0,0.8,0.8,0.8,0.8,0.8,0.8,0.8,0.6
50200,WholeBody,Normal,0,0,0,1,1,1,1,1,1,1,1
50200,Body,Normal,0,0,0,0.6,0.55,0.55,0,0.05,0.2,0.05,0.1
50201,WholeBody,Normal,0,0,0,1,1,1,1,1,1,1,1
50201,Body,Normal,0,0,0,0.6,0.55,0.55,0,0.05,0.2,0.05,0.1
50202,WholeBody,Normal,0,0,0,1,1,1,1,1,1,1,1
50202,Body,Normal,0,0,0,0.6,0.55,0.55,0,0.05,0.2,0.05,0.1
50203,WholeBody,Normal,0,0,0,1,1,1,1,1,1,1,1
50203,Body,Normal,0,0,0,0.6,0.55,0.55,0,0.05,0.2,0.05,0.1
50204,WholeBody,Normal,0,0,0,1,1,1,1,1,1,1,1
50204,Body,Normal,0,0,0,0.6,0.55,0.55,0,0.05,0.2,0.05,0.1
50205,WholeBody,Normal,0,0,0,1,1,1,1,1,1,1,1
50205,Body,Normal,0,0,0,0.6,0.55,0.55,0,0.05,0.2,0.05,0.1
50206,WholeBody,Normal,0,0,0,1,1,1,1,1,1,1,1
50206,Body,Normal,0,0,0,0.6,0.55,0.55,0,0.05,0.2,0.05,0.1
50207,WholeBody,Normal,0,0,0,1,1,1,1,1,1,1,1
50207,Body,Normal,0,0,0,0.6,0.55,0.55,0,0.05,0.2,0.05,0.1
50209,WholeBody,Normal,0,0,0,1,1,1,1,1,1,1,1
50209,Body,Normal,0,0,0.8,1,1,1,1,1,1,1,1
50210,WholeBody,Normal,0,0,0,1,1,1,1,1,1,1,1
50210,Head,Normal,0,0,0,0.8,0.8,0.8,0.8,0.8,0.8,0.8,0.6
50210,Body,Normal,0,0,0,0.8,0.8,0.8,0.8,0.8,0.8,0.8,0.6
50220,WholeBody,Normal,0,0,0,1,1,1,1,1,1,1,1
50220,Head,Normal,0,0,0,0.8,0.8,0.8,0.8,0.8,0.8,0.8,0.6
50220,Body,Normal,0,0,0,0.8,0.8,0.8,0.8,0.8,0.8,0.8,0.6
50230,WholeBody,Normal,0,0,0,1,1,1,1,1,1,1,1
50230,Head,Normal,0,0,0,0.8,0.8,0.8,0.8,0.8,0.8,0.8,0.6
50230,Body,Normal,0,0,0,0.8,0.8,0.8,0.8,0.8,0.8,0.8,0.6
50231,WholeBody,Normal,0,0,0,1,1,1,1,1,1,1,1
50231,Head,Normal,0,0,0,0.8,0.8,0.8,0.8,0.8,0.8,0.8,0.6
50231,Body,Normal,0,0,0,0.8,0.8,0.8,0.8,0.8,0.8,0.8,0.6
50232,WholeBody,Normal,0,0,0,1,1,1,1,1,1,1,1
50232,Head,Normal,0,0,0,0.8,0.8,0.8,0.8,0.8,0.8,0.8,0.6
50232,Body,Normal,0,0,0,0.8,0.8,0.8,0.8,0.8,0.8,0.8,0.6
50233,WholeBody,Normal,0,0,0,1,1,1,1,1,1,1,1
50233,Head,Normal,0,0,0,0.8,0.8,0.8,0.8,0.8,0.8,0.8,0.6
50233,Body,Normal,0,0,0,0.8,0.8,0.8,0.8,0.8,0.8,0.8,0.6
50250,WholeBody,Normal,0,0,0,1,1,1,1,1,1,1,1
50250,Body,Normal,0,0,0,0.6,0.55,0.55,0,0.05,0.2,0.05,0.1
50251,WholeBody,Normal,0,0,0,1,1,1,1,1,1,1,1
50251,Body,Normal,0,0,1,0.6,0.55,0.55,0,0.05,0.2,0.05,0.1
50252,WholeBody,Normal,0,0,0,1,1,1,1,1,1,1,1
50252,Body,Normal,0,0,1,0.6,0.55,0.55,0,0.05,0.2,0.05,0.1
50253,WholeBody,Normal,0,0,0,1,1,1,1,1,1,1,1
50253,Body,Normal,0,0,1,0.6,0.55,0.55,0,0.05,0.2,0.05,0.1
50261,WholeBody,Normal,0,0,0,1,1,1,1,1,1,1,1
50261,Body,Normal,0,0,0,0.6,0.55,0.55,0,0.05,0.2,0.05,0.1
50270,WholeBody,Normal,0,0,0,1,1,1,1,1,1,1,1
50270,Body,Normal,0,0,1,0.6,0.55,0.55,0,0.05,0.2,0.05,0.1
50271,WholeBody,Normal,0,0,0,1,1,1,1,1,1,1,1
50271,Body,Normal,0,0,1,0.6,0.55,0.55,0,0.05,0.2,0.05,0.1
50280,WholeBody,Normal,0,0,0,1,1,1,1,1,1,1,1
50280,Body,Normal,0,0,0,0.59,0.59,0.59,0.59,0.59,0.59,0.59,0.59
50280,Tail,Normal,0,0,0,0.5,0.5,0.5,0.5,0.5,0.5,0.5,0.3
50281,WholeBody,Normal,0,0,0,1,1,1,1,1,1,1,1
50281,Body,Normal,0,0,0,0.59,0.59,0.59,0.59,0.59,0.59,0.59,0.59
50281,Tail,Normal,0,0,0,0.5,0.5,0.5,0.5,0.5,0.5,0.5,0.3
50282,WholeBody,Normal,0,0,0,1,1,1,1,1,1,1,1
50282,Body,Normal,0,0,0,0.59,0.59,0.59,0.59,0.59,0.59,0.59,0.59
50282,Tail,Normal,0,0,0,0.5,0.5,0.5,0.5,0.5,0.5,0.5,0.3
50310,WholeBody,Normal,0,0,0,1,1,1,1,1,1,1,1
50310,Head,Normal,0,0,0.5,0.4,0.5,0.6,0,0.1,0.15,0.3,0.05
50310,LeftLeg,Normal,0,0,0,0.35,0.3,0.35,0,0.15,0.1,0.2,0.05
50310,RightLeg,Normal,0,0,0,0.35,0.3,0.35,0,0.15,0.1,0.2,0.05
50310,Tail,Normal,0,0,0,0.6,0.5,0.6,0,0.1,0.1,0.15,0.05
50310,Wings,Normal,0,0,0,0.4,0.5,0.6,0,0.1,0.1,0.15,0.05
50310,Body,Normal,0,0,0,0.7,0.7,0.7,0,0.15,0.15,0.2,0.05
50340,WholeBody,Normal,0,0,0,1,1,1,1,1,1,1,1
50340,Head,Normal,0,0,0,0.8,0.8,0.8,0.8,0.8,0.8,0.8,0.6
50340,Body,Normal,0,0,0,0.8,0.8,0.8,0.8,0.8,0.8,0.8,0.6
50350,WholeBody,Normal,0,0,0,1,1,1,1,1,1,1,1
50350,Body,Normal,0,0,0,0,0,0,0,0,0,0,0
60010,WholeBody,Normal,0,0,0,0.01,0.01,0.01,0.01,0.01,0.01,0.01,0.01
60010,Head,Normal,0,0,1,0.9,0.9,0.7,0.25,0,0.1,0.1,0
60010,Body,Normal,0,0,0,0.7,0.7,0.5,0.15,0,0.1,0.1,0
60010,LeftFoot,Normal,0,0,0,0.44,0.44,0.4,0.15,0,0.1,0.1,0
60010,LeftHand,Normal,0,0,0,0.44,0.44,0.4,0.15,0,0.1,0.1,0
60010,RightFoot,Normal,0,0,0,0.44,0.44,0.4,0.15,0,0.1,0.1,0
60010,RightHand,Normal,0,0,0,0.44,0.44,0.4,0.15,0,0.1,0.1,0
60010,Tail,Normal,0,0,0,0.28,0.35,0.35,0.15,0,0.1,0.1,0
60011,WholeBody,Normal,0,0,0,0.01,0.01,0.01,0.01,0.01,0.01,0.01,0.01
60011,Head,Normal,0,0,0.8,0.65,0.75,0.75,0.05,0.25,0.05,0.1,0
60011,Body,Normal,0,0,0,0.5,0.5,0.35,0.05,0.35,0.05,0.1,0
60011,LeftFoot,Normal,0,0,0,0.5,0.5,0.35,0.05,0.35,0.05,0.1,0
60011,LeftHand,Normal,0,0,0,0.5,0.5,0.35,0.05,0.35,0.05,0.1,0
60011,RightFoot,Normal,0,0,0,0.5,0.5,0.35,0.05,0.35,0.05,0.1,0
60011,RightHand,Normal,0,0,0,0.5,0.5,0.35,0.05,0.35,0.05,0.1,0
60011,Tail,Normal,0,0,0,0.26,0.35,0.35,0.05,0.4,0.05,0.1,0
60012,WholeBody,Normal,0,0,0,0.01,0.01,0.01,0.01,0.01,0.01,0.01,0.01
60012,Head,Normal,0,0,1,0.5,0.6,0.4,0.25,0,0.1,0.1,0
60012,Body,Normal,0,0,0,0.4,0.3,0.4,0.15,0,0.1,0.1,0
60012,LeftFoot,Normal,0,0,0,0.35,0.35,0.25,0.15,0,0.1,0.1,0
60012,LeftHand,Normal,0,0,0,0.35,0.35,0.25,0.15,0,0.1,0.1,0
60012,RightFoot,Normal,0,0,0,0.35,0.35,0.25,0.15,0,0.1,0.1,0
60012,RightHand,Normal,0,0,0,0.35,0.35,0.25,0.15,0,0.1,0.1,0
60012,Tail,Normal,0,0,0,0.2,0.2,0.35,0.15,0,0.1,0.1,0
60013,WholeBody,Normal,0,0,0,0.01,0.01,0.01,0.01,0.01,0.01,0.01,0.01
60013,Head,Normal,0,0,1,0.9,0.9,0.7,0.25,0,0.1,0.1,0
60013,Body,Normal,0,0,0,0.7,0.7,0.5,0.15,0,0.1,0.1,0
60013,LeftFoot,Normal,0,0,0,0.44,0.44,0.4,0.15,0,0.1,0.1,0
60013,LeftHand,Normal,0,0,0,0.44,0.44,0.4,0.15,0,0.1,0.1,0
60013,RightFoot,Normal,0,0,0,0.44,0.44,0.4,0.15,0,0.1,0.1,0
60013,RightHand,Normal,0,0,0,0.44,0.44,0.4,0.15,0,0.1,0.1,0
60013,Tail,Normal,0,0,0,0.28,0.35,0.35,0.15,0,0.1,0.1,0
60014,WholeBody,Normal,0,0,0,0.01,0.01,0.01,0.01,0.01,0.01,0.01,0.01
60014,Head,Normal,0,0,1,0.7,0.7,0.7,0.25,0,0.1,0.1,0
60014,Body,Normal,0,0,0,0.5,0.5,0.5,0.15,0,0.1,0.1,0
60014,LeftFoot,Normal,0,0,0,0.4,0.4,0.4,0.15,0,0.1,0.1,0
60014,LeftHand,Normal,0,0,0,0.4,0.4,0.4,0.15,0,0.1,0.1,0
60014,RightFoot,Normal,0,0,0,0.4,0.4,0.4,0.15,0,0.1,0.1,0
60014,RightHand,Normal,0,0,0,0.4,0.4,0.4,0.15,0,0.1,0.1,0
60014,Tail,Normal,0,0,0,0.28,0.35,0.35,0.15,0,0.1,0.1,0
60015,WholeBody,Normal,0,0,0,0.01,0.01,0.01,0.01,0.01,0.01,0.01,0.01
60015,Head,Normal,0,0,1,0.7,0.7,0.7,0.6,0,0.1,0.1,0
60015,Body,Normal,0,0,0,0.5,0.5,0.5,0.3,0,0.1,0.1,0
60015,LeftFoot,Normal,0,0,0,0.4,0.4,0.4,0.3,0,0.1,0.1,0
60015,LeftHand,Normal,0,0,0,0.4,0.4,0.4,0.3,0,0.1,0.1,0
60015,RightFoot,Normal,0,0,0,0.4,0.4,0.4,0.3,0,0.1,0.1,0
60015,RightHand,Normal,0,0,0,0.4,0.4,0.4,0.3,0,0.1,0.1,0
60015,Tail,Normal,0,0,0,0.28,0.35,0.35,0.2,0,0.1,0.1,0
60017,WholeBody,Normal,0,0,0,0.01,0.01,0.01,0.01,0.01,0.01,0.01,0.01
60017,Head,Normal,0,0,1,0.7,0.7,0.7,0.25,0,0.1,0.1,0
60017,Body,Normal,0,0,0,0.65,0.65,0.6,0.15,0,0.1,0.1,0
60017,LeftFoot,Normal,0,0,0,0.65,0.65,0.6,0.15,0,0.1,0.1,0
60017,LeftHand,Normal,0,0,0,0.65,0.65,0.6,0.15,0,0.1,0.1,0
60017,RightFoot,Normal,0,0,0,0.65,0.65,0.6,0.15,0,0.1,0.1,0
60017,RightHand,Normal,0,0,0,0.65,0.65,0.6,0.15,0,0.1,0.1,0
60017,Tail,Normal,0,0,0,0.28,0.35,0.35,0.15,0,0.1,0.1,0
60020,WholeBody,Normal,0,0,0,0.01,0.01,0.01,0.01,0.01,0.01,0.01,0.01
60020,Head,Normal,0,0,0.6,0.65,0.65,0.45,0.2,0.2,0.2,0.2,0.1
60020,LeftLeg,Normal,0,0,0,0.6,0.6,0.45,0.2,0.2,0.2,0.2,0.1
60020,RightLeg,Normal,0,0,0,0.6,0.6,0.45,0.2,0.2,0.2,0.2,0.1
60020,Body,Normal,0,0,0,0.6,0.6,0.45,0.2,0.2,0.2,0.2,0.1
60020,Tail,Normal,0,0,0,0.6,0.6,0.45,0.2,0.2,0.2,0.2,0.1
60022,WholeBody,Normal,0,0,0,0.01,0.01,0.01,0.01,0.01,0.01,0.01,0.01
60022,Head,Normal,0,0,0.6,0.65,0.65,0.45,0.2,0.2,0.2,0.2,0.1
60022,LeftLeg,Normal,0,0,0,0.6,0.6,0.45,0.2,0.2,0.2,0.2,0.1
60022,RightLeg,Normal,0,0,0,0.6,0.6,0.45,0.2,0.2,0.2,0.2,0.1
60022,Body,Normal,0,0,0,0.6,0.6,0.45,0.2,0.2,0.2,0.2,0.1
60022,Tail,Normal,0,0,0,0.6,0.6,0.45,0.2,0.2,0.2,0.2,0.1
60023,WholeBody,Normal,0,0,0,0.01,0.01,0.01,0.01,0.01,0.01,0.01,0.01
60023,Body,Normal,0,0,0,0.6,0.6,0.45,0.2,0.2,0.2,0.2,0.1
60023,Head,Normal,0,0,0.6,0.65,0.65,0.45,0.2,0.2,0.2,0.2,0.1
60023,Tail,Normal,0,0,0,0.6,0.6,0.45,0.2,0.2,0.2,0.2,0.1
60023,LeftLeg,Normal,0,0,0,0.6,0.6,0.45,0.2,0.2,0.2,0.2,0.1
60023,RightLeg,Normal,0,0,0,0.6,0.6,0.45,0.2,0.2,0.2,0.2,0.1
60024,WholeBody,Normal,0,0,0,0.01,0.01,0.01,0.01,0.01,0.01,0.01,0.01
60024,Head,Normal,0,0,0.6,0.65,0.65,0.45,0.2,0.2,0.2,0.2,0.1
60024,LeftLeg,Normal,0,0,0,0.6,0.6,0.45,0.2,0.2,0.2,0.2,0.1
60024,RightLeg,Normal,0,0,0,0.6,0.6,0.45,0.2,0.2,0.2,0.2,0.1
60024,Body,Normal,0,0,0,0.6,0.6,0.45,0.2,0.2,0.2,0.2,0.1
60024,Tail,Normal,0,0,0,0.6,0.6,0.45,0.2,0.2,0.2,0.2,0.1
60030,WholeBody,Normal,0,0,0,0.01,0.01,0.01,0.01,0.01,0.01,0.01,0.01
60030,Head,Normal,0,0,1,0.8,0.8,0.6,0.6,0.6,0.6,0.6,0.3
60030,Body,Normal,0,0,0,0.8,0.8,0.6,0.6,0.6,0.6,0.6,0.3
60032,WholeBody,Normal,0,0,0,0.01,0.01,0.01,0.01,0.01,0.01,0.01,0.01
60032,Body,Normal,0,0,0,0.6,0.6,0.6,0.6,0.6,0.6,0.6,0.3
60032,Head,Normal,0,0,1,0.6,0.6,0.6,0.6,0.6,0.6,0.6,0.3
60033,WholeBody,Normal,0,0,0,0.01,0.01,0.01,0.01,0.01,0.01,0.01,0.01
60033,Head,Normal,0,0,1,0.8,0.8,0.6,0.6,0.6,0.6,0.6,0.3
60033,Body,Normal,0,0,0,0.8,0.8,0.6,0.6,0.6,0.6,0.6,0.3
60033,Tail,Normal,0,0,0,0.4,0.4,0.3,0.3,0.3,0.3,0.3,0.15
60034,WholeBody,Normal,0,0,0,0.01,0.01,0.01,0.01,0.01,0.01,0.01,0.01
60034,Head,Normal,0,0,1,0.55,0.65,0.5,0.1,0.1,0.1,0.1,0.1
60034,Body,Normal,0,0,0,0.35,0.45,0.3,0.1,0.1,0.1,0.1,0.1
60034,LeftHand,Normal,0,0,0,0.45,0.55,0.4,0.1,0.1,0.1,0.1,0.1
60034,RightHand,Normal,0,0,0,0.45,0.55,0.4,0.1,0.1,0.1,0.1,0.1
60034,LeftLeg,Normal,0,0,0,0.45,0.55,0.4,0.1,0.1,0.1,0.1,0.1
60034,RightLeg,Normal,0,0,0,0.45,0.55,0.4,0.1,0.1,0.1,0.1,0.1
60034,WholeBody,Dragon,0,0,0,0.01,0.01,0.01,0.01,0.01,0.01,0.01,0.01
60034,Head,Dragon,0,0,1,0.5,0.6,0.45,0,0,0,0,0
60034,Body,Dragon,0,0,0,0.3,0.4,0.25,0,0,0,0,0
60034,LeftHand,Dragon,0,0,0,0.4,0.5,0.35,0,0,0,0,0
60034,RightHand,Dragon,0,0,0,0.4,0.5,0.35,0,0,0,0,0
60034,LeftLeg,Dragon,0,0,0,0.4,0.5,0.35,0,0,0,0,0
60034,RightLeg,Dragon,0,0,0,0.4,0.5,0.35,0,0,0,0,0
60034,WholeBody,Electric,0,0,0,0.01,0.01,0.01,0.01,0.01,0.01,0.01,0.01
60034,Head,Electric,0,0,1,0.5,0.6,0.45,0.25,0,0,0,0.2
60034,Body,Electric,0,0,0,0.3,0.4,0.25,0.15,0,0,0,0.1
60034,LeftHand,Electric,0,0,0,0.4,0.5,0.35,0.2,0,0,0,0.15
60034,RightHand,Electric,0,0,0,0.4,0.5,0.35,0.2,0,0,0,0.15
60034,LeftLeg,Electric,0,0,0,0.4,0.5,0.35,0.2,0,0,0,0.15
60034,RightLeg,Electric,0,0,0,0.4,0.5,0.35,0.2,0,0,0,0.15
60034,WholeBody,Fire,0,0,0,0.01,0.01,0.01,0.01,0.01,0.01,0.01,0.01
60034,Head,Fire,0,0,1,0.5,0.6,0.45,0,0.25,0.2,0,0
60034,Body,Fire,0,0,0,0.3,0.4,0.25,0,0.15,0.1,0,0
60034,LeftHand,Fire,0,0,0,0.4,0.5,0.35,0,0.2,0.15,0,0
60034,RightHand,Fire,0,0,0,0.4,0.5,0.35,0,0.2,0.15,0,0
60034,LeftLeg,Fire,0,0,0,0.4,0.5,0.35,0,0.2,0.15,0,0
60034,RightLeg,Fire,0,0,0,0.4,0.5,0.35,0,0.2,0.15,0,0
60034,WholeBody,Ice,0,0,0,0.01,0.01,0.01,0.01,0.01,0.01,0.01,0.01
60034,Head,Ice,0,0,1,0.5,0.6,0.45,0.25,0.2,0,0,0
60034,Body,Ice,0,0,0,0.3,0.4,0.25,0.15,0.1,0,0,0
60034,LeftHand,Ice,0,0,0,0.4,0.5,0.35,0.2,0.15,0,0,0
60034,RightHand,Ice,0,0,0,0.4,0.5,0.35,0.2,0.15,0,0,0
60034,LeftLeg,Ice,0,0,0,0.4,0.5,0.35,0.2,0.15,0,0,0
60034,RightLeg,Ice,0,0,0,0.4,0.5,0.35,0.2,0.15,0,0,0
60034,WholeBody,Water,0,0,0,0.01,0.01,0.01,0.01,0.01,0.01,0.01,0.01
60034,Head,Water,0,0,1,0.5,0.6,0.45,0,0,0.25,0,0.2
60034,Body,Water,0,0,0,0.3,0.4,0.25,0,0,0.15,0,0.1
60034,LeftHand,Water,0,0,0,0.4,0.5,0.35,0,0,0.2,0,0.15
60034,RightHand,Water,0,0,0,0.4,0.5,0.35,0,0,0.2,0,0.15
60034,LeftLeg,Water,0,0,0,0.4,0.5,0.35,0,0,0.2,0,0.15
60034,RightLeg,Water,0,0,0,0.4,0.5,0.35,0,0,0.2,0,0.15
60034,WholeBody,AllInOne,0,0,0,0.01,0.01,0.01,0.01,0.01,0.01,0.01,0.01
60034,Head,AllInOne,0,0,1,0.45,0.55,0.4,0.25,0.25,0.25,0.25,0.25
60034,Body,AllInOne,0,0,0,0.25,0.35,0.2,0.15,0.15,0.15,0.15,0.15
60034,LeftHand,AllInOne,0,0,0,0.35,0.45,0.3,0.2,0.2,0.2,0.2,0.2
60034,RightHand,AllInOne,0,0,0,0.35,0.45,0.3,0.2,0.2,0.2,0.2,0.2
60034,LeftLeg,AllInOne,0,0,0,0.35,0.45,0.3,0.2,0.2,0.2,0.2,0.2
60034,RightLeg,AllInOne,0,0,0,0.35,0.45,0.3,0.2,0.2,0.2,0.2,0.2
60040,WholeBody,Normal,0,0,0,0.01,0.01,0.01,0.01,0.01,0.01,0.01,0.01
60040,Head,Normal,0,0,0.5,0.5,0.8,0.7,0.1,0.3,0.3,0.4,0
60040,Neck,Normal,0,0,0.5,0.5,0.6,0.5,0.1,0.8,0.5,0.5,0.2
60040,Body,Normal,0,0,0,0.6,0.5,0.5,0.1,0.2,0.15,0.15,0
60040,Tail,Normal,0,0,0,0.5,0.4,0.3,0.1,0.2,0.15,0.15,0
60040,LeftWing,Normal,0,0,0,0.8,0.6,0.3,0.1,0.1,0.25,0.15,0
60040,RightWing,Normal,0,0,0,0.8,0.6,0.3,0.1,0.1,0.25,0.15,0
60040,LeftLeg,Normal,0,0,0,0.35,0.35,0.3,0.05,0.05,0.05,0.15,0
60040,RightLeg,Normal,0,0,0,0.35,0.35,0.3,0.05,0.05,0.05,0.15,0
60041,WholeBody,Normal,0,0,0,0.01,0.01,0.01,0.01,0.01,0.01,0.01,0.01
60041,Head,Normal,0,0,0.5,0.8,0.7,0.4,0.1,0.3,0.3,0.4,0
60041,Neck,Normal,0,0,0,0.5,0.45,0.6,0.1,0.8,0.8,0.5,0.2
60041,Body,Normal,0,0,0,0.4,0.6,0.6,0.1,0.2,0.15,0.15,0
60041,Tail,Normal,0,0,0,0.35,0.4,0.3,0.1,0.2,0.15,0.15,0
60041,LeftWing,Normal,0,0,0,0.4,0.35,0.3,0.1,0.2,0.25,0.15,0
60041,RightWing,Normal,0,0,0,0.4,0.35,0.3,0.1,0.2,0.25,0.15,0
60041,LeftLeg,Normal,0,0,0,0.4,0.4,0.3,0.05,0.05,0.05,0.15,0
60041,RightLeg,Normal,0,0,0,0.4,0.4,0.3,0.05,0.05,0.05,0.15,0
60042,WholeBody,Normal,0,0,0,0.01,0.01,0.01,0.01,0.01,0.01,0.01,0.01
60042,Head,Normal,0,0,0.5,0.4,0.45,0.4,0.1,0.3,0.3,0.4,0
60042,Neck,Normal,0,0,0,0.4,0.45,0.4,0.1,0.8,0.8,0.5,0.2
60042,Body,Normal,0,0,0,0.4,0.45,0.5,0.1,0.2,0.15,0.15,0
60042,Tail,Normal,0,0,0,0.35,0.4,0.3,0.1,0.2,0.15,0.15,0
60042,LeftWing,Normal,0,0,0,0.35,0.3,0.3,0.1,0.2,0.25,0.15,0
60042,RightWing,Normal,0,0,0,0.35,0.3,0.3,0.1,0.2,0.25,0.15,0
60042,LeftLeg,Normal,0,0,0,0.35,0.35,0.3,0.05,0.05,0.05,0.05,0
60042,RightLeg,Normal,0,0,0,0.35,0.35,0.3,0.05,0.05,0.05,0.05,0
60043,WholeBody,Normal,0,0,0,0.01,0.01,0.01,0.01,0.01,0.01,0.01,0.01
60043,Head,Normal,0,0,0.5,0.5,0.8,0.7,0.1,0.3,0.3,0.6,0
60043,Neck,Normal,0,0,0.5,0.5,0.6,0.5,0.1,0.8,0.5,0.5,0.2
60043,Body,Normal,0,0,0,0.6,0.5,0.5,0.1,0.4,0.15,0.15,0
60043,Tail,Normal,0,0,0,0.5,0.4,0.3,0.1,0.4,0.15,0.15,0
60043,LeftWing,Normal,0,0,0,0.6,0.6,0.3,0.1,0.1,0.45,0.15,0
60043,RightWing,Normal,0,0,0,0.6,0.6,0.3,0.1,0.1,0.45,0.15,0
60043,LeftLeg,Normal,0,0,0,0.35,0.35,0.3,0.05,0.1,0.05,0.05,0
60043,RightLeg,Normal,0,0,0,0.35,0.35,0.3,0.05,0.1,0.05,0.05,0
60049,WholeBody,Normal,0,0,0,0.01,0.01,0.01,0.01,0.01,0.01,0.01,0.01
60049,Head,Normal,0,0,0.5,0.5,0.8,0.7,0.1,0.3,0.3,0.4,0
60049,Neck,Normal,0,0,0.5,0.5,0.6,0.5,0.1,0.8,0.5,0.5,0.2
60049,Body,Normal,0,0,0,0.6,0.5,0.5,0.1,0.2,0.15,0.15,0
60049,Tail,Normal,0,0,0,0.5,0.4,0.3,0.1,0.2,0.15,0.15,0
60049,LeftWing,Normal,0,0,0,0.6,0.6,0.3,0.1,0.1,0.25,0.15,0
60049,RightWing,Normal,0,0,0,0.6,0.6,0.3,0.1,0.1,0.25,0.15,0
60049,LeftLeg,Normal,0,0,0,0.35,0.35,0.3,0.05,0.05,0.05,0.05,0
60049,RightLeg,Normal,0,0,0,0.35,0.35,0.3,0.05,0.05,0.05,0.05,0
60050,WholeBody,Normal,0,0,0,0.01,0.01,0.01,0.01,0.01,0.01,0.01,0.01
60050,Head,Normal,0,0,1,0.55,0.6,0.4,0.3,0.05,0.05,0.05,0
60050,Abdomen,Normal,0,0,0,0.26,0.26,0.26,0.25,0.05,0.05,0.05,0
60050,Body,Normal,0,0,0,0.44,0.36,0.3,0.15,0.05,0.05,0.05,0
60050,LeftBackLeg,Normal,0,0,0,0.35,0.35,0.35,0.2,0.05,0.05,0.05,0
60050,RightBackLeg,Normal,0,0,0,0.35,0.35,0.35,0.2,0.05,0.05,0.05,0
60050,LeftHand,Normal,0,0,0,0.26,0.26,0.15,0.35,0.05,0.05,0.05,0
60050,RightHand,Normal,0,0,0,0.26,0.26,0.15,0.35,0.05,0.05,0.05,0
60051,WholeBody,Normal,0,0,0,0.01,0.01,0.01,0.01,0.01,0.01,0.01,0.01
60051,Head,Normal,0,0,1,0.5,0.35,0.4,0.05,0.05,0.05,0.3,0
60051,Abdomen,Normal,0,0,0,0.26,0.35,0.25,0.05,0.05,0.05,0.25,0
60051,Body,Normal,0,0,0,0.44,0.36,0.3,0.05,0.05,0.05,0.15,0
60051,LeftBackLeg,Normal,0,0,0,0.4,0.4,0.35,0.05,0.05,0.05,0.2,0
60051,RightBackLeg,Normal,0,0,0,0.4,0.4,0.35,0.05,0.05,0.05,0.2,0
60051,LeftHand,Normal,0,0,0,0.24,0.24,0.15,0.05,0.05,0.05,0.35,0
60051,RightHand,Normal,0,0,0,0.24,0.24,0.15,0.05,0.05,0.05,0.35,0
60053,WholeBody,Normal,0,0,0,0.01,0.01,0.01,0.01,0.01,0.01,0.01,0.01
60053,Abdomen,Normal,0,0,0,0.26,0.26,0.26,0.5,0.05,0.05,0.05,0
60053,Body,Normal,0,0,0,0.4,0.3,0.3,0.2,0.05,0.05,0.05,0
60053,Head,Normal,0,0,1,0.45,0.5,0.4,0.6,0.05,0.05,0.05,0
60053,LeftBackLeg,Normal,0,0,0,0.35,0.35,0.35,0.3,0.05,0.05,0.05,0
60053,RightBackLeg,Normal,0,0,0,0.35,0.35,0.35,0.3,0.05,0.05,0.05,0
60053,LeftHand,Normal,0,0,0,0.26,0.26,0.15,0.7,0.05,0.05,0.05,0
60053,RightHand,Normal,0,0,0,0.26,0.26,0.15,0.7,0.05,0.05,0.05,0
60054,WholeBody,Normal,0,0,0,0.01,0.01,0.01,0.01,0.01,0.01,0.01,0.01
60054,Abdomen,Normal,0,0,0,0.26,0.35,0.25,0.05,0.05,0.05,0.5,0
60054,Body,Normal,0,0,0,0.4,0.3,0.3,0.05,0.05,0.05,0.2,0
60054,Head,Normal,0,0,1,0.5,0.35,0.4,0.05,0.05,0.05,0.6,0
60054,LeftBackLeg,Normal,0,0,0,0.35,0.35,0.35,0.05,0.05,0.05,0.3,0
60054,RightBackLeg,Normal,0,0,0,0.35,0.35,0.35,0.05,0.05,0.05,0.3,0
60054,LeftHand,Normal,0,0,0,0.24,0.24,0.15,0.05,0.05,0.05,0.7,0
60054,RightHand,Normal,0,0,0,0.24,0.24,0.15,0.05,0.05,0.05,0.7,0
60059,WholeBody,Normal,0,0,0,0.01,0.01,0.01,0.01,0.01,0.01,0.01,0.01
60059,Abdomen,Normal,0,0,0,0.4,0.4,0.25,0.25,0.05,0.05,0.05,0
60059,Body,Normal,0,0,0,0.4,0.3,0.3,0.15,0.05,0.05,0.05,0
60059,Head,Normal,0,0,1,0.45,0.5,0.4,0.3,0.05,0.05,0.05,0
60059,LeftBackLeg,Normal,0,0,0,0.35,0.35,0.35,0.2,0.05,0.05,0.05,0
60059,RightBackLeg,Normal,0,0,0,0.35,0.35,0.35,0.2,0.05,0.05,0.05,0
60059,LeftHand,Normal,0,0,0,0.25,0.25,0.15,0.35,0.05,0.05,0.05,0
60059,RightHand,Normal,0,0,0,0.25,0.25,0.15,0.35,0.05,0.05,0.05,0
60060,WholeBody,Normal,0,0,0,0.01,0.01,0.01,0.01,0.01,0.01,0.01,0.01
60060,Head,Normal,0,0,0.6,0.5,0.5,0.4,0.2,0.2,0.2,0.2,0.1
60060,LeftLeg,Normal,0,0,0,0.4,0.4,0.35,0.2,0.2,0.2,0.2,0.1
60060,RightLeg,Normal,0,0,0,0.4,0.4,0.35,0.2,0.2,0.2,0.2,0.1
60060,Body,Normal,0,0,0,0.44,0.44,0.35,0.2,0.2,0.2,0.2,0.1
60060,Tail,Normal,0,0,0,0.35,0.35,0.35,0.2,0.2,0.2,0.2,0.1
60070,WholeBody,Normal,0,0,0,0.01,0.01,0.01,0.01,0.01,0.01,0.01,0.01
60070,Head,Normal,0,0,0.5,0.28,0.8,1,0.5,0.2,0,0.2,0.1
60070,Neck,Normal,0,0,0.5,0.5,0.25,0.5,0.3,0.1,0,0.1,0.1
60070,Body,Normal,0,0,0,0.8,0.3,0.2,0.2,0.1,0,0.1,0.1
60070,Tail,Normal,0,0,0,0.9,0.8,0.8,0.3,0.1,0,0.1,0.1
60070,LeftWing,Normal,0,0,0,0.5,0.3,0.3,0.3,0.2,0,0.1,0.2
60070,RightWing,Normal,0,0,0,0.5,0.3,0.3,0.3,0.2,0,0.1,0.2
60070,LeftLeg,Normal,0,0,0,0.35,0.35,0.3,0.3,0.1,0,0.1,0.1
60070,RightLeg,Normal,0,0,0,0.35,0.35,0.3,0.3,0.1,0,0.1,0.1
60071,WholeBody,Normal,0,0,0,0.01,0.01,0.01,0.01,0.01,0.01,0.01,0.01
60071,Head,Normal,0,0,0.5,0.28,0.8,1,0.5,0.2,0,0.2,0.1
60071,Neck,Normal,0,0,0.5,0.5,0.25,0.5,0.3,0.1,0,0.1,0.1
60071,Body,Normal,0,0,0,0.8,0.3,0.2,0.2,0.1,0,0.1,0.1
60071,Tail,Normal,0,0,0,0.9,0.8,0.8,0.3,0.1,0,0.1,0.1
60071,LeftWing,Normal,0,0,0,0.5,0.3,0.3,0.3,0.2,0,0.1,0.2
60071,RightWing,Normal,0,0,0,0.5,0.3,0.3,0.3,0.2,0,0.1,0.2
60071,LeftLeg,Normal,0,0,0,0.35,0.35,0.3,0.3,0.1,0,0.1,0.1
60071,RightLeg,Normal,0,0,0,0.35,0.35,0.3,0.3,0.1,0,0.1,0.1
60073,WholeBody,Normal,0,0,0,0.01,0.01,0.01,0.01,0.01,0.01,0.01,0.01
60073,Head,Normal,0,0,0.5,0.28,0.8,1,0.7,0.2,0,0.2,0.1
60073,Neck,Normal,0,0,0.5,0.5,0.25,0.5,0.4,0.1,0,0.1,0.1
60073,Body,Normal,0,0,0,0.8,0.3,0.2,0.4,0.1,0,0.1,0.1
60073,Tail,Normal,0,0,0,0.9,0.8,0.8,0.4,0.1,0,0.1,0.1
60073,LeftWing,Normal,0,0,0,0.5,0.3,0.3,0.6,0.2,0,0.1,0.2
60073,RightWing,Normal,0,0,0,0.5,0.3,0.3,0.6,0.2,0,0.1,0.2
60073,LeftLeg,Normal,0,0,0,0.35,0.35,0.3,0.3,0.1,0,0.1,0.1
60073,RightLeg,Normal,0,0,0,0.35,0.35,0.3,0.3,0.1,0,0.1,0.1
60079,WholeBody,Normal,0,0,0,0.01,0.01,0.01,0.01,0.01,0.01,0.01,0.01
60079,Head,Normal,0,0,0.5,0.28,0.8,1,0.5,0.2,0,0.2,0.1
60079,Neck,Normal,0,0,0.5,0.5,0.25,0.5,0.3,0.1,0,0.1,0.1
60079,Body,Normal,0,0,0,0.8,0.3,0.2,0.2,0.1,0,0.1,0.1
60079,Tail,Normal,0,0,0,0.9,0.8,0.8,0.3,0.1,0,0.1,0.1
60079,LeftWing,Normal,0,0,0,0.5,0.3,0.3,0.3,0.2,0,0.1,0.2
60079,RightWing,Normal,0,0,0,0.5,0.3,0.3,0.3,0.2,0,0.1,0.2
60079,LeftLeg,Normal,0,0,0,0.35,0.35,0.3,0.1,0.1,0,0.1,0.1
60079,RightLeg,Normal,0,0,0,0.35,0.35,0.3,0.1,0.1,0,0.1,0.1
60080,WholeBody,Normal,0,0,0,0.01,0.01,0.01,0.01,0.01,0.01,0.01,0.01
60080,Head,Normal,0,0,0.5,0.8,0.9,0.6,0.25,0.1,0.05,0.1,0.1
60080,LeftFoot,Normal,0,0,0,0.35,0.4,0.45,0.2,0.1,0.05,0.1,0.1
60080,LeftHand,Normal,0,0,0,0.4,0.4,0.45,0.2,0.1,0.05,0.1,0.1
60080,RightFoot,Normal,0,0,0,0.35,0.4,0.45,0.2,0.1,0.05,0.1,0.1
60080,RightHand,Normal,0,0,0,0.4,0.4,0.45,0.2,0.1,0.05,0.1,0.1
60080,Body,Normal,0,0,0,0.4,0.44,0.4,0.15,0.1,0.05,0.1,0.1
60080,Tail,Normal,0,0,0,0.4,0.3,0.15,0.15,0.1,0.05,0.1,0.1
60081,WholeBody,Normal,0,0,1,0.01,0.01,0.01,0.01,0.01,0.01,0.01,0.01
60081,Head,Normal,0,0,0.5,0.6,0.6,0.45,0.05,0.2,0.1,0.1,0.1
60081,LeftFoot,Normal,0,0,0,0.3,0.3,0.35,0.05,0.2,0.1,0.1,0.1
60081,LeftHand,Normal,0,0,0,0.45,0.45,0.35,0.05,0.2,0.1,0.1,0.1
60081,RightFoot,Normal,0,0,0,0.3,0.3,0.35,0.05,0.2,0.1,0.1,0.1
60081,RightHand,Normal,0,0,0,0.45,0.45,0.35,0.05,0.2,0.1,0.1,0.1
60081,Body,Normal,0,0,0,0.35,0.4,0.4,0.05,0.15,0.1,0.1,0.1
60081,Tail,Normal,0,0,0,0.35,0.4,0.6,0.05,0.35,0.1,0.1,0.1
60082,WholeBody,Normal,0,0,0,0.01,0.01,0.01,0.01,0.01,0.01,0.01,0.01
60082,Body,Normal,0,0,0,0.35,0.4,0.4,0.35,0.1,0.05,0.1,0.1
60082,Tail,Normal,0,0,0,0.4,0.3,0.15,0.3,0.1,0.05,0.1,0.1
60082,Head,Normal,0,0,0.5,0.65,0.75,0.6,0.6,0.1,0.05,0.1,0.1
60082,LeftFoot,Normal,0,0,0,0.35,0.4,0.45,0.3,0.1,0.05,0.1,0.1
60082,LeftHand,Normal,0,0,0,0.4,0.4,0.45,0.3,0.1,0.05,0.1,0.1
60082,RightFoot,Normal,0,0,0,0.35,0.4,0.45,0.3,0.1,0.05,0.1,0.1
60082,RightHand,Normal,0,0,0,0.4,0.4,0.45,0.3,0.1,0.05,0.1,0.1
60083,WholeBody,Normal,0,0,1,0.01,0.01,0.01,0.01,0.01,0.01,0.01,0.01
60083,Body,Normal,0,0,0,0.35,0.4,0.4,0.05,0.3,0.1,0.1,0.1
60083,Tail,Normal,0,0,0,0.35,0.4,0.6,0.05,0.7,0.1,0.1,0.1
60083,Head,Normal,0,0,0.5,0.55,0.55,0.45,0.05,0.4,0.1,0.1,0.1
60083,LeftFoot,Normal,0,0,0,0.3,0.3,0.35,0.05,0.3,0.1,0.1,0.1
60083,LeftHand,Normal,0,0,0,0.45,0.45,0.35,0.05,0.3,0.1,0.1,0.1
60083,RightFoot,Normal,0,0,0,0.3,0.3,0.35,0.05,0.3,0.1,0.1,0.1
60083,RightHand,Normal,0,0,0,0.45,0.45,0.35,0.05,0.3,0.1,0.1,0.1
60087,WholeBody,Normal,0,0,0,0.01,0.01,0.01,0.01,0.01,0.01,0.01,0.01
60087,Head,Normal,0,0,0.5,0.8,0.9,0.6,0.25,0.1,0.05,0.1,0.1
60087,LeftFoot,Normal,0,0,0,0.35,0.4,0.45,0.2,0.1,0.05,0.1,0.1
60087,LeftHand,Normal,0,0,0,0.4,0.4,0.45,0.2,0.1,0.05,0.1,0.1
60087,RightFoot,Normal,0,0,0,0.35,0.4,0.45,0.2,0.1,0.05,0.1,0.1
60087,RightHand,Normal,0,0,0,0.4,0.4,0.45,0.2,0.1,0.05,0.1,0.1
60087,Body,Normal,0,0,0,0.4,0.44,0.4,0.15,0.1,0.05,0.1,0.1
60087,Tail,Normal,0,0,0,0.4,0.3,0.15,0.15,0.1,0.05,0.1,0.1
60088,WholeBody,Normal,0,0,0,0.01,0.01,0.01,0.01,0.01,0.01,0.01,0.01
60088,Head,Normal,0,0,0.5,0.8,0.9,0.6,0.25,0.1,0.05,0.1,0.1
60088,LeftFoot,Normal,0,0,0,0.35,0.4,0.45,0.2,0.1,0.05,0.1,0.1
60088,LeftHand,Normal,0,0,0,0.4,0.4,0.45,0.2,0.1,0.05,0.1,0.1
60088,RightFoot,Normal,0,0,0,0.35,0.4,0.45,0.2,0.1,0.05,0.1,0.1
60088,RightHand,Normal,0,0,0,0.4,0.4,0.45,0.2,0.1,0.05,0.1,0.1
60088,Body,Normal,0,0,0,0.4,0.44,0.4,0.15,0.1,0.05,0.1,0.1
60088,Tail,Normal,0,0,0,0.4,0.3,0.15,0.15,0.1,0.05,0.1,0.1
60089,WholeBody,Normal,0,0,0,0.01,0.01,0.01,0.01,0.01,0.01,0.01,0.01
60089,Head,Normal,0,0,0.5,0.8,0.9,0.6,0.25,0.1,0.05,0.1,0.1
60089,LeftFoot,Normal,0,0,0,0.35,0.4,0.45,0.2,0.1,0.05,0.1,0.1
60089,LeftHand,Normal,0,0,0,0.4,0.4,0.45,0.2,0.1,0.05,0.1,0.1
60089,RightFoot,Normal,0,0,0,0.35,0.4,0.45,0.2,0.1,0.05,0.1,0.1
60089,RightHand,Normal,0,0,0,0.4,0.4,0.45,0.2,0.1,0.05,0.1,0.1
60089,Body,Normal,0,0,0,0.4,0.44,0.4,0.15,0.1,0.05,0.1,0.1
60089,Tail,Normal,0,0,0,0.4,0.3,0.15,0.15,0.1,0.05,0.1,0.1
60090,WholeBody,Normal,0,0,0,0.01,0.01,0.01,0.01,0.01,0.01,0.01,0.01
60090,Head,Normal,0,0,0.5,0.5,0.8,0.7,0,0.3,0.05,0.4,0
60090,Neck,Normal,0,0,0.5,0.5,0.6,0.5,0,0.7,0.05,0.3,0.2
60090,Body,Normal,0,0,0,0.35,0.5,0.5,0,0.2,0.05,0.15,0
60090,Tail,Normal,0,0,0,0.35,0.6,0.3,0,0.15,0.05,0.15,0
60090,LeftWing,Normal,0,0,0,0.35,0.35,0.35,0,0.15,0.25,0.15,0
60090,RightWing,Normal,0,0,0,0.35,0.35,0.35,0,0.15,0.25,0.15,0
60090,LeftLeg,Normal,0,0,0,0.44,0.35,0.35,0,0.05,0.05,0.3,0
60090,RightLeg,Normal,0,0,0,0.44,0.35,0.35,0,0.05,0.05,0.3,0
60091,WholeBody,Normal,0,0,0,0.01,0.01,0.01,0.01,0.01,0.01,0.01,0.01
60091,Head,Normal,0,0,0.5,0.5,0.8,0.7,0.4,0.05,0.1,0,0
60091,Neck,Normal,0,0,0.5,0.5,0.6,0.5,0.7,0.05,0.4,0,0.2
60091,Body,Normal,0,0,0,0.5,0.5,0.5,0.2,0.05,0.3,0,0
60091,Tail,Normal,0,0,0,0.35,0.6,0.35,0.2,0.05,0.1,0,0
60091,LeftWing,Normal,0,0,0,0.35,0.3,0.35,0.15,0.05,0.25,0,0
60091,RightWing,Normal,0,0,0,0.35,0.3,0.35,0.15,0.05,0.25,0,0
60091,LeftLeg,Normal,0,0,0,0.4,0.3,0.35,0.25,0.05,0.05,0,0
60091,RightLeg,Normal,0,0,0,0.4,0.3,0.35,0.25,0.05,0.05,0,0
60092,WholeBody,Normal,0,0,0,0.01,0.01,0.01,0.01,0.01,0.01,0.01,0.01
60092,Head,Normal,0,0,0.5,0.5,0.8,0.7,0,0.5,0.05,0.6,0
60092,Neck,Normal,0,0,0.5,0.5,0.6,0.5,0,0.8,0.05,0.5,0.2
60092,Body,Normal,0,0,0,0.35,0.5,0.5,0,0.4,0.05,0.15,0
60092,Tail,Normal,0,0,0,0.35,0.6,0.3,0,0.25,0.05,0.15,0
60092,LeftWing,Normal,0,0,0,0.35,0.35,0.35,0,0.15,0.5,0.15,0
60092,RightWing,Normal,0,0,0,0.35,0.35,0.35,0,0.15,0.5,0.15,0
60092,LeftLeg,Normal,0,0,0,0.35,0.35,0.35,0,0.05,0.05,0.3,0
60092,RightLeg,Normal,0,0,0,0.35,0.35,0.35,0,0.05,0.05,0.3,0
60093,WholeBody,Normal,0,0,0,0.01,0.01,0.01,0.01,0.01,0.01,0.01,0.01
60093,Head,Normal,0,0,0.5,0.35,0.5,0.7,0.4,0.05,0.4,0,0
60093,Neck,Normal,0,0,0.5,0.35,0.4,0.5,0.7,0.05,1,0,0.2
60093,Body,Normal,0,0,0,0.35,0.35,0.5,0.2,0.05,0.9,0,0
60093,Tail,Normal,0,0,0,0.25,0.3,0.35,0.2,0.05,0.3,0,0
60093,LeftWing,Normal,0,0,0,0.26,0.2,0.35,0.15,0.05,0.75,0,0
60093,RightWing,Normal,0,0,0,0.26,0.2,0.35,0.15,0.05,0.75,0,0
60093,LeftLeg,Normal,0,0,0,0.25,0.26,0.35,0.25,0.05,0.25,0,0
60093,RightLeg,Normal,0,0,0,0.25,0.26,0.35,0.25,0.05,0.25,0,0
60098,WholeBody,Normal,0,0,0,0.01,0.01,0.01,0.01,0.01,0.01,0.01,0.01
60098,Body,Normal,0,0,0.8,1,1,1,1,1,1,1,1
60099,WholeBody,Normal,0,0,0,0.01,0.01,0.01,0.01,0.01,0.01,0.01,0.01
60099,Body,Normal,0,0,0.8,1,1,1,1,1,1,1,1
60100,WholeBody,Normal,0,0,0,0.01,0.01,0.01,0.01,0.01,0.01,0.01,0.01
60100,Shell,Normal,0,0,0,0.25,0.45,0.25,0.2,0.05,0.25,0.05,0
60100,Body,Normal,0,0,0.8,0.4,0.55,0.3,0.15,0.05,0.2,0.05,0
60100,LeftFoot,Normal,0,0,0,0.35,0.35,0.35,0.15,0.05,0.15,0.05,0
60100,RightFoot,Normal,0,0,0,0.35,0.35,0.35,0.15,0.05,0.15,0.05,0
60100,LeftHand,Normal,0,0,0,0.35,0.35,0.15,0.35,0.05,0.2,0.05,0
60100,RightHand,Normal,0,0,0,0.35,0.35,0.15,0.35,0.05,0.2,0.05,0
60101,WholeBody,Normal,0,0,0,0.01,0.01,0.01,0.01,0.01,0.01,0.01,0.01
60101,Shell,Normal,0,0,0,0.25,0.45,0.25,0.4,0.05,0.5,0.05,0
60101,Body,Normal,0,0,0.8,0.4,0.55,0.3,0.3,0.05,0.4,0.05,0
60101,LeftFoot,Normal,0,0,0,0.35,0.35,0.35,0.3,0.05,0.3,0.05,0
60101,RightFoot,Normal,0,0,0,0.35,0.35,0.35,0.3,0.05,0.3,0.05,0
60101,LeftHand,Normal,0,0,0,0.35,0.35,0.15,0.55,0.05,0.4,0.05,0
60101,RightHand,Normal,0,0,0,0.35,0.35,0.15,0.55,0.05,0.4,0.05,0
60102,WholeBody,Normal,0,0,0,0.01,0.01,0.01,0.01,0.01,0.01,0.01,0.01
60102,Shell,Normal,0,0,0,0.26,0.4,0.26,0.1,0,0.15,0.2,0
60102,Body,Normal,0,0,0.8,0.35,0.35,0.3,0.1,0,0.1,0.2,0
60102,LeftFoot,Normal,0,0,0,0.3,0.35,0.3,0.1,0,0.1,0.2,0
60102,RightFoot,Normal,0,0,0,0.3,0.35,0.3,0.1,0,0.1,0.2,0
60102,LeftHand,Normal,0,0,0,0.25,0.27,0.25,0.1,0,0.15,0.25,0
60102,RightHand,Normal,0,0,0,0.25,0.27,0.25,0.1,0,0.15,0.25,0
60102,WholeBody,Guard,0,0,0,0,0,0,0.01,0.01,0.01,0.01,0.01
60102,Shell,Guard,0,0,0,0,0,0,0.1,0,0.15,0.2,0
60102,Body,Guard,0,0,0,0,0,0,0.1,0,0.1,0.2,0
60102,LeftFoot,Guard,0,0,0,0,0,0,0.1,0,0.1,0.2,0
60102,RightFoot,Guard,0,0,0,0,0,0,0.1,0,0.1,0.2,0
60102,LeftHand,Guard,0,0,0,0,0,0,0.1,0,0.15,0.25,0
60102,RightHand,Guard,0,0,0,0,0,0,0.1,0,0.15,0.25,0
60109,WholeBody,Normal,0,0,0,0.01,0.01,0.01,0.01,0.01,0.01,0.01,0.01
60109,Body,Normal,0,0,0.8,0.4,0.5,0.3,0.15,0.05,0.15,0.05,0
60110,WholeBody,Normal,0,0,0,0.01,0.01,0.01,0.01,0.01,0.01,0.01,0.01
60110,Head,Normal,0,0,0.5,0.4,0.5,0.6,0,0.1,0.15,0.3,0.05
60110,Body,Normal,0,0,0,0.8,0.8,0.7,0,0.15,0.15,0.2,0.05
60110,LeftLeg,Normal,0,0,0,0.44,0.44,0.35,0,0.15,0.1,0.3,0.05
60110,RightLeg,Normal,0,0,0,0.44,0.44,0.35,0,0.15,0.1,0.3,0.05
60110,Tail,Normal,0,0,0,0.6,0.5,0.6,0,0.1,0.1,0.15,0.05
60110,Wings,Normal,0,0,0,0.4,0.5,0.6,0,0.1,0.1,0.15,0.05
60111,WholeBody,Normal,0,0,0,0.01,0.01,0.01,0.01,0.01,0.01,0.01,0.01
60111,Head,Normal,0,0,0.5,0.4,0.5,0.6,0,0.2,0.3,0.6,0.1
60111,LeftLeg,Normal,0,0,0,0.35,0.35,0.35,0,0.3,0.2,0.4,0.1
60111,RightLeg,Normal,0,0,0,0.35,0.35,0.35,0,0.3,0.2,0.4,0.1
60111,Tail,Normal,0,0,0,0.6,0.5,0.6,0,0.2,0.2,0.3,0.1
60111,Wings,Normal,0,0,0,0.4,0.5,0.6,0,0.2,0.2,0.3,0.1
60111,Body,Normal,0,0,0,0.7,0.7,0.7,0,0.3,0.3,0.4,0.1
60120,WholeBody,Normal,0,0,0,0.01,0.01,0.01,0.01,0.01,0.01,0.01,0.01
60120,Head,Normal,0,0,1,0.45,0.6,0.8,0.4,0.05,0,0.05,0.05
60120,Neck,Normal,0,0,0,0.6,0.5,0.5,0.3,0.05,0,0.05,0.05
60120,Body,Normal,0,0,0,0.5,0.5,0.2,0.3,0.05,0,0.05,0.05
60120,Wings,Normal,0,0,0,0.44,0.44,0.3,0.2,0.05,0,0.05,0.05
60120,LeftLeg,Normal,0,0,0,0.44,0.44,0.3,0.3,0.05,0,0.05,0.05
60120,RightLeg,Normal,0,0,0,0.44,0.44,0.3,0.3,0.05,0,0.05,0.05
60120,Tail,Normal,0,0,0,0.2,0.2,0.3,0.2,0.05,0,0.05,0.05
60121,WholeBody,Normal,0,0,0,0.01,0.01,0.01,0.01,0.01,0.01,0.01,0.01
60121,Head,Normal,0,0,1,0.45,0.6,0.8,0.05,0.4,0,0.05,0.05
60121,Neck,Normal,0,0,0,0.6,0.5,0.5,0.05,0.3,0,0.05,0.05
60121,Body,Normal,0,0,0,0.5,0.5,0.2,0.05,0.3,0,0.05,0.05
60121,Wings,Normal,0,0,0,0.44,0.44,0.3,0.05,0.2,0,0.05,0.05
60121,LeftLeg,Normal,0,0,0,0.44,0.44,0.3,0.05,0.3,0,0.05,0.05
60121,RightLeg,Normal,0,0,0,0.44,0.44,0.3,0.05,0.3,0,0.05,0.05
60121,Tail,Normal,0,0,0,0.2,0.2,0.3,0.05,0.2,0,0.05,0.05
60122,WholeBody,Normal,0,0,0,0.01,0.01,0.01,0.01,0.01,0.01,0.01,0.01
60122,Body,Normal,0,0,0,0.5,0.5,0.2,0.3,0.05,0,0.05,0.05
60122,Head,Normal,0,0,1,0.45,0.6,0.8,0.4,0.05,0,0.05,0.05
60122,Neck,Normal,0,0,0,0.6,0.5,0.5,0.3,0.05,0,0.05,0.05
60122,Wings,Normal,0,0,0,0.26,0.26,0.25,0.2,0.05,0,0.05,0.05
60122,LeftLeg,Normal,0,0,0,0.26,0.2,0.3,0.15,0.05,0,0.05,0.05
60122,RightLeg,Normal,0,0,0,0.26,0.2,0.3,0.15,0.05,0,0.05,0.05
60122,Tail,Normal,0,0,0,0.2,0.2,0.3,0.2,0.05,0,0.05,0.05
60123,WholeBody,Normal,0,0,0,0.01,0.01,0.01,0.01,0.01,0.01,0.01,0.01
60123,Body,Normal,0,0,0,0.5,0.5,0.2,0.6,0.05,0,0.05,0.05
60123,Head,Normal,0,0,1,0.45,0.6,0.8,0.8,0.05,0,0.05,0.05
60123,Neck,Normal,0,0,0,0.6,0.5,0.5,0.6,0.05,0,0.05,0.05
60123,Wings,Normal,0,0,0,0.35,0.35,0.3,0.4,0.05,0,0.05,0.05
60123,LeftLeg,Normal,0,0,0,0.35,0.35,0.3,0.3,0.05,0,0.05,0.05
60123,RightLeg,Normal,0,0,0,0.35,0.35,0.3,0.3,0.05,0,0.05,0.05
60123,Tail,Normal,0,0,0,0.2,0.2,0.3,0.4,0.05,0,0.05,0.05
60127,WholeBody,Normal,0,0,0,0.01,0.01,0.01,0.01,0.01,0.01,0.01,0.01
60127,Body,Normal,0,0,0,0.5,0.5,0.2,0.05,0.3,0,0.05,0.05
60127,Head,Normal,0,0,1,0.45,0.6,0.8,0.05,0.4,0,0.05,0.05
60127,Neck,Normal,0,0,0,0.6,0.5,0.5,0.05,0.3,0,0.05,0.05
60127,Wings,Normal,0,0,0,0.35,0.35,0.3,0.05,0.2,0,0.05,0.05
60127,LeftLeg,Normal,0,0,0,0.35,0.35,0.3,0.05,0.15,0,0.05,0.05
60127,RightLeg,Normal,0,0,0,0.35,0.35,0.3,0.05,0.15,0,0.05,0.05
60127,Tail,Normal,0,0,0,0.2,0.2,0.3,0.05,0.2,0,0.05,0.05
60130,WholeBody,Normal,0,0,1,0.01,0.01,0.01,0.01,0.01,0.01,0.01,0.01
60130,Head,Normal,0,0,0.5,0.5,0.45,0.45,0.05,0.25,0.05,0.1,0.1
60130,Neck,Normal,0,0,0,0.4,0.35,0.45,0.05,0.1,0.1,0.1,0.1
60130,Body,Normal,0,0,0,0.5,0.4,0.4,0.05,0.25,0.05,0.1,0.1
60130,Tail,Normal,0,0,0,0.45,0.3,0.2,0.05,0.2,0.15,0.1,0.1
60130,LeftFoot,Normal,0,0,0,0.35,0.3,0.35,0.05,0.2,0.1,0.1,0.1
60130,LeftHand,Normal,0,0,0,0.35,0.3,0.35,0.05,0.2,0.1,0.1,0.1
60130,RightFoot,Normal,0,0,0,0.35,0.3,0.35,0.05,0.2,0.1,0.1,0.1
60130,RightHand,Normal,0,0,0,0.35,0.3,0.35,0.05,0.2,0.1,0.1,0.1
60130,WholeBody,Amourd,0,0,1,0.01,0.01,0.01,0.01,0.01,0.01,0.01,0.01
60130,Head,Amourd,0,0,0.5,0.2,0.25,0.45,0.05,0.25,0.05,0.1,0.1
60130,Neck,Amourd,0,0,0,0.35,0.35,0.45,0.05,0.1,0.1,0.1,0.1
60130,Body,Amourd,0,0,0,0.4,0.45,0.4,0.05,0.25,0.05,0.1,0.1
60130,Tail,Amourd,0,0,0,0.2,0.25,0.2,0.05,0.2,0.15,0.1,0.1
60130,LeftFoot,Amourd,0,0,0,0.26,0.35,0.35,0.05,0.2,0.1,0.1,0.1
60130,LeftHand,Amourd,0,0,0,0.2,0.35,0.35,0.05,0.2,0.1,0.1,0.1
60130,RightFoot,Amourd,0,0,0,0.26,0.35,0.35,0.05,0.2,0.1,0.1,0.1
60130,RightHand,Amourd,0,0,0,0.2,0.35,0.35,0.05,0.2,0.1,0.1,0.1
60130,WholeBody,Angry,0,0,1,0.01,0.01,0.01,0.01,0.01,0.01,0.01,0.01
60130,Head,Angry,0,0,0.5,0.5,0.35,0.45,0.05,0.25,0.05,0.1,0.1
60130,Neck,Angry,0,0,0,0.45,0.4,0.45,0.05,0.1,0.1,0.1,0.1
60130,Body,Angry,0,0,0,0.45,0.45,0.4,0.05,0.25,0.05,0.1,0.1
60130,Tail,Angry,0,0,0,0.35,0.3,0.2,0.05,0.2,0.15,0.1,0.1
60130,LeftFoot,Angry,0,0,0,0.4,0.35,0.35,0.05,0.2,0.1,0.1,0.1
60130,LeftHand,Angry,0,0,0,0.4,0.35,0.35,0.05,0.2,0.1,0.1,0.1
60130,RightFoot,Angry,0,0,0,0.4,0.35,0.35,0.05,0.2,0.1,0.1,0.1
60130,RightHand,Angry,0,0,0,0.4,0.35,0.35,0.05,0.2,0.1,0.1,0.1
60131,WholeBody,Normal,0,0,1,0.01,0.01,0.01,0.01,0.01,0.01,0.01,0.01
60131,Head,Normal,0,0,0.5,0.6,0.45,0.45,0.25,0.05,0.1,0.1,0.1
60131,Neck,Normal,0,0,0,0.6,0.35,0.45,0.25,0.05,0.1,0.1,0.1
60131,Body,Normal,0,0,0,0.9,0.4,0.4,0.15,0.05,0.1,0.1,0.1
60131,Tail,Normal,0,0,0,0.6,0.3,0.2,0.15,0.05,0.1,0.1,0.1
60131,LeftFoot,Normal,0,0,0,0.6,0.3,0.35,0.15,0.05,0.1,0.1,0.1
60131,LeftHand,Normal,0,0,0,0.6,0.3,0.35,0.15,0.05,0.1,0.1,0.1
60131,RightFoot,Normal,0,0,0,0.6,0.3,0.35,0.15,0.05,0.1,0.1,0.1
60131,RightHand,Normal,0,0,0,0.6,0.3,0.35,0.15,0.05,0.1,0.1,0.1
60131,WholeBody,Amourd,0,0,1,0.01,0.01,0.01,0.01,0.01,0.01,0.01,0.01
60131,Head,Amourd,0,0,0.5,0.25,0.25,0.45,0.05,0.25,0.05,0.1,0.1
60131,Neck,Amourd,0,0,0,0.35,0.35,0.45,0.05,0.1,0.1,0.1,0.1
60131,Body,Amourd,0,0,0,0.4,0.45,0.4,0.05,0.25,0.05,0.1,0.1
60131,Tail,Amourd,0,0,0,0.25,0.25,0.2,0.05,0.2,0.15,0.1,0.1
60131,LeftFoot,Amourd,0,0,0,0.26,0.35,0.35,0.05,0.2,0.1,0.1,0.1
60131,LeftHand,Amourd,0,0,0,0.2,0.35,0.35,0.05,0.2,0.1,0.1,0.1
60131,RightFoot,Amourd,0,0,0,0.26,0.35,0.35,0.05,0.2,0.1,0.1,0.1
60131,RightHand,Amourd,0,0,0,0.2,0.35,0.35,0.05,0.2,0.1,0.1,0.1
60131,WholeBody,Angry,0,0,1,0.01,0.01,0.01,0.01,0.01,0.01,0.01,0.01
60131,Head,Angry,0,0,0.5,0.5,0.35,0.45,0.05,0.25,0.05,0.1,0.1
60131,Neck,Angry,0,0,0,0.45,0.4,0.45,0.05,0.1,0.1,0.1,0.1
60131,Body,Angry,0,0,0,0.45,0.45,0.4,0.05,0.25,0.05,0.1,0.1
60131,Tail,Angry,0,0,0,0.35,0.3,0.2,0.05,0.2,0.15,0.1,0.1
60131,LeftFoot,Angry,0,0,0,0.4,0.35,0.35,0.05,0.2,0.1,0.1,0.1
60131,LeftHand,Angry,0,0,0,0.4,0.35,0.35,0.05,0.2,0.1,0.1,0.1
60131,RightFoot,Angry,0,0,0,0.4,0.35,0.35,0.05,0.2,0.1,0.1,0.1
60131,RightHand,Angry,0,0,0,0.4,0.35,0.35,0.05,0.2,0.1,0.1,0.1
60133,WholeBody,Normal,0,0,1,0.01,0.01,0.01,0.01,0.01,0.01,0.01,0.01
60133,Body,Normal,0,0,0.5,0.5,0.4,0.3,0.05,0.75,0.05,0.1,0.1
60133,Tail,Normal,0,0,0,0.5,0.3,0.28,0.05,0.75,0.05,0.1,0.1
60133,Head,Normal,0,0,0,0.45,0.3,0.3,0.05,0.5,0.15,0.1,0.1
60133,Neck,Normal,0,0,0,0.45,0.25,0.2,0.05,0.4,0.15,0.1,0.1
60133,LeftFoot,Normal,0,0,0,0.35,0.26,0.28,0.05,0.6,0.1,0.1,0.1
60133,LeftHand,Normal,0,0,0,0.35,0.26,0.28,0.05,0.6,0.1,0.1,0.1
60133,RightFoot,Normal,0,0,0,0.35,0.26,0.28,0.05,0.6,0.1,0.1,0.1
60133,RightHand,Normal,0,0,0,0.35,0.26,0.28,0.05,0.6,0.1,0.1,0.1
60133,WholeBody,Amourd,0,0,1,0.01,0.01,0.01,0.01,0.01,0.01,0.01,0.01
60133,Body,Amourd,0,0,0.5,0.2,0.15,0.35,0.05,0.75,0.05,0.1,0.1
60133,Tail,Amourd,0,0,0,0.4,0.3,0.3,0.05,0.75,0.05,0.1,0.1
60133,Head,Amourd,0,0,0,0.2,0.2,0.2,0.05,0.4,0.15,0.1,0.1
60133,Neck,Amourd,0,0,0,0.2,0.25,0.2,0.05,0.6,0.15,0.1,0.1
60133,LeftFoot,Amourd,0,0,0,0.26,0.26,0.26,0.05,0.6,0.1,0.1,0.1
60133,LeftHand,Amourd,0,0,0,0.2,0.26,0.26,0.05,0.6,0.1,0.1,0.1
60133,RightFoot,Amourd,0,0,0,0.26,0.26,0.26,0.05,0.6,0.1,0.1,0.1
60133,RightHand,Amourd,0,0,0,0.2,0.26,0.26,0.05,0.6,0.1,0.1,0.1
60133,WholeBody,Angry,0,0,1,0.01,0.01,0.01,0.01,0.01,0.01,0.01,0.01
60133,Body,Angry,0,0,0.5,0.5,0.35,0.3,0.05,0.75,0.05,0.1,0.1
60133,Tail,Angry,0,0,0,0.45,0.4,0.3,0.05,0.75,0.05,0.1,0.1
60133,Head,Angry,0,0,0,0.55,0.35,0.3,0.05,0.5,0.15,0.1,0.1
60133,Neck,Angry,0,0,0,0.35,0.25,0.2,0.05,0.5,0.15,0.1,0.1
60133,LeftFoot,Angry,0,0,0,0.4,0.28,0.25,0.05,0.5,0.1,0.1,0.1
60133,LeftHand,Angry,0,0,0,0.4,0.28,0.25,0.05,0.5,0.1,0.1,0.1
60133,RightFoot,Angry,0,0,0,0.4,0.28,0.25,0.05,0.5,0.1,0.1,0.1
60133,RightHand,Angry,0,0,0,0.4,0.28,0.25,0.05,0.5,0.1,0.1,0.1
60134,WholeBody,Normal,0,0,0,0.01,0.01,0.01,0.01,0.01,0.01,0.01,0.01
60134,Body,Normal,0,0,0,0.3,0.32,0.3,0.1,0.25,0.1,0.05,0.05
60134,Tail,Normal,0,0,0,0.22,0.2,0.15,0.1,0.2,0.1,0.15,0.05
60134,Head,Normal,0,0,0.5,0.25,0.27,0.2,0.1,0.3,0.1,0.05,0.05
60134,Neck,Normal,0,0,0,0.38,0.3,0.35,0.1,0.1,0.1,0.1,0.05
60134,LeftFoot,Normal,0,0,0,0.3,0.35,0.3,0.1,0.25,0.1,0.15,0.05
60134,LeftHand,Normal,0,0,0,0.25,0.3,0.2,0.1,0.2,0.1,0.1,0.05
60134,RightFoot,Normal,0,0,0,0.3,0.35,0.3,0.1,0.25,0.1,0.15,0.05
60134,RightHand,Normal,0,0,0,0.25,0.3,0.2,0.1,0.2,0.1,0.1,0.05
60134,WholeBody,Angry,0,0,0,0.01,0.01,0.01,0.01,0.01,0.01,0.01,0.01
60134,Body,Angry,0,0,0,0.3,0.32,0.3,0.1,0.3,0.1,0.1,0.05
60134,Tail,Angry,0,0,0,0.35,0.33,0.2,0.1,0.25,0.1,0.2,0.05
60134,Head,Angry,0,0,0.8,0.6,0.65,0.55,0.1,0.35,0.1,0.1,0.05
60134,Neck,Angry,0,0,0,0.48,0.4,0.35,0.1,0.15,0.1,0.15,0.05
60134,LeftFoot,Angry,0,0,0,0.3,0.35,0.3,0.1,0.3,0.1,0.2,0.05
60134,LeftHand,Angry,0,0,0,0.33,0.33,0.32,0.1,0.25,0.1,0.15,0.05
60134,RightFoot,Angry,0,0,0,0.3,0.35,0.3,0.1,0.3,0.1,0.2,0.05
60134,RightHand,Angry,0,0,0,0.33,0.33,0.32,0.1,0.25,0.1,0.15,0.05
60140,WholeBody,Normal,0,0,0,0.01,0.01,0.01,0.01,0.01,0.01,0.01,0.01
60140,Head,Normal,0,0,1,0.8,0.7,0.6,0.2,0.05,0.1,0.1,0.05
60140,Neck,Normal,0,0,0,0.4,0.4,0.4,0.1,0.1,0.1,0.1,0.05
60140,Back,Normal,0,0,0,0.35,0.35,0.4,0.15,0.05,0.1,0.05,0.05
60140,Body,Normal,0,0,0,0.4,0.4,0.3,0.25,0.05,0.1,0.15,0.05
60140,Tail,Normal,0,0,0,0.4,0.4,0.25,0.1,0.05,0.15,0.15,0.05
60140,Wings,Normal,0,0,0,0.35,0.35,0.3,0.15,0.1,0.2,0.1,0.05
60140,LeftLeg,Normal,0,0,0,0.35,0.35,0.25,0.05,0.05,0.1,0.1,0.05
60140,RightLeg,Normal,0,0,0,0.35,0.35,0.25,0.05,0.05,0.1,0.1,0.05
60141,WholeBody,Normal,0,0,0,0.01,0.01,0.01,0.01,0.01,0.01,0.01,0.01
60141,Head,Normal,0,0,1,0.8,0.7,0.6,0.2,0.05,0.1,0.1,0.05
60141,Neck,Normal,0,0,0,0.4,0.4,0.4,0.1,0.1,0.1,0.1,0.05
60141,Back,Normal,0,0,0,0.35,0.35,0.4,0.15,0.05,0.1,0.05,0.05
60141,Body,Normal,0,0,0,0.4,0.4,0.3,0.25,0.05,0.1,0.15,0.05
60141,Tail,Normal,0,0,0,0.4,0.4,0.25,0.1,0.05,0.15,0.15,0.05
60141,Wings,Normal,0,0,0,0.35,0.35,0.3,0.15,0.1,0.2,0.1,0.05
60141,LeftLeg,Normal,0,0,0,0.35,0.35,0.3,0.05,0.05,0.1,0.1,0.05
60141,RightLeg,Normal,0,0,0,0.35,0.35,0.3,0.05,0.05,0.1,0.1,0.05
60142,WholeBody,Normal,0,0,0,0.01,0.01,0.01,0.01,0.01,0.01,0.01,0.01
60142,Body,Normal,0,0,0,0.5,0.45,0.6,0.6,0.05,0.1,0.3,0.05
60142,Back,Normal,0,0,0,0.35,0.3,0.4,0.3,0.05,0.1,0.05,0.05
60142,Head,Normal,0,0,1,0.25,0.28,0.4,0.5,0.05,0.1,0.1,0.05
60142,Neck,Normal,0,0,0,0.3,0.3,0.3,0.75,0.1,0.1,0.1,0.05
60142,Tail,Normal,0,0,0,0.3,0.25,0.25,0.3,0.05,0.3,0.3,0.05
60142,Wings,Normal,0,0,0,0.26,0.3,0.3,0.4,0.1,0.4,0.1,0.05
60142,LeftLeg,Normal,0,0,0,0.3,0.25,0.3,0.2,0.05,0.1,0.1,0.05
60142,RightLeg,Normal,0,0,0,0.3,0.25,0.3,0.2,0.05,0.1,0.1,0.05
60143,WholeBody,Normal,0,0,0,0.01,0.01,0.01,0.01,0.01,0.01,0.01,0.01
60143,Head,Normal,0,0,1,0.5,0.5,0.4,0.15,0.05,0.1,0.1,0.05
60143,Neck,Normal,0,0,0,0.4,0.4,0.3,0.1,0.1,0.1,0.1,0.05
60143,Back,Normal,0,0,0,0.35,0.35,0.4,0.15,0.1,0.15,0.05,0.05
60143,Body,Normal,0,0,0,0.4,0.4,0.3,0.25,0.05,0.15,0.05,0.05
60143,Tail,Normal,0,0,0,0.4,0.4,0.25,0.15,0.05,0.15,0.1,0.05
60143,Wings,Normal,0,0,0,0.35,0.35,0.3,0.1,0.1,0.1,0.05,0.05
60143,LeftLeg,Normal,0,0,0,0.3,0.3,0.25,0.05,0.05,0.1,0.05,0.05
60143,RightLeg,Normal,0,0,0,0.3,0.3,0.25,0.05,0.05,0.1,0.05,0.05
60150,WholeBody,Normal,0,0,0,0.01,0.01,0.01,0.01,0.01,0.01,0.01,0.01
60150,Head,Normal,0,0,1,0.45,0.55,0.35,0.1,0.1,0.35,0.2,0
60150,Shell,Normal,0,0,0,0.25,0.4,0.2,0.05,0.05,0.25,0.1,0
60150,Shell1,Normal,0,0,0,0.25,0.4,0.2,0.05,0.05,0.25,0.1,0
60150,Shell2,Normal,0,0,0,0.25,0.4,0.2,0.05,0.05,0.25,0.1,0
60150,Shell3,Normal,0,0,0,0.25,0.4,0.2,0.05,0.05,0.25,0.1,0
60150,Body,Normal,0,0,0,0.35,0.4,0.25,0.05,0.05,0.2,0.1,0
60150,LeftFoot,Normal,0,0,0,0.35,0.35,0.3,0.05,0.05,0.15,0.1,0
60150,RightFoot,Normal,0,0,0,0.35,0.35,0.3,0.05,0.05,0.15,0.1,0
60150,LeftHand,Normal,0,0,0,0.35,0.35,0.3,0.05,0.05,0.15,0.1,0
60150,RightHand,Normal,0,0,0,0.35,0.35,0.3,0.05,0.05,0.15,0.1,0
60150,LeftArm,Normal,0,0,0,0.35,0.35,0.15,0.05,0.05,0.2,0.1,0
60150,RightArm,Normal,0,0,0,0.35,0.35,0.3,0.1,0.1,0.2,0.1,0
60151,WholeBody,Normal,0,0,0,0.01,0.01,0.01,0.01,0.01,0.01,0.01,0.01
60151,Shell,Normal,0,0,0,0.25,0.4,0.2,0.1,0.05,0.25,0.05,0
60151,Shell1,Normal,0,0,0,0.25,0.4,0.2,0.1,0.05,0.25,0.05,0
60151,Shell2,Normal,0,0,0,0.25,0.4,0.2,0.1,0.05,0.25,0.05,0
60151,Shell3,Normal,0,0,0,0.25,0.4,0.2,0.1,0.05,0.25,0.05,0
60151,Body,Normal,0,0,0,0.35,0.4,0.25,0.1,0.05,0.2,0.05,0
60151,LeftFoot,Normal,0,0,0,0.3,0.32,0.3,0.1,0.05,0.15,0.05,0
60151,RightFoot,Normal,0,0,0,0.3,0.32,0.3,0.1,0.05,0.15,0.05,0
60151,LeftHand,Normal,0,0,0,0.25,0.35,0.2,0.1,0.05,0.15,0.05,0
60151,RightHand,Normal,0,0,0,0.35,0.28,0.3,0.1,0.05,0.15,0.05,0
60151,LeftArm,Normal,0,0,0,0.25,0.28,0.2,0.1,0.05,0.2,0.05,0
60151,RightArm,Normal,0,0,0,0.35,0.35,0.3,0.2,0.1,0.2,0.05,0
60151,Head,Normal,0,0,1,0.45,0.55,0.35,0.1,0.1,0.35,0.1,0
60152,WholeBody,Normal,0,0,0,0.01,0.01,0.01,0.01,0.01,0.01,0.01,0.01
60152,Head,Normal,0,0,1,0.45,0.55,0.35,0.1,0.1,0.35,0.2,0
60152,Shell,Normal,0,0,0,0.25,0.4,0.2,0.05,0.05,0.25,0.1,0
60152,Shell1,Normal,0,0,0,0.25,0.4,0.2,0.05,0.05,0.25,0.1,0
60152,Shell2,Normal,0,0,0,0.25,0.4,0.2,0.05,0.05,0.25,0.1,0
60152,Shell3,Normal,0,0,0,0.25,0.4,0.2,0.05,0.05,0.25,0.1,0
60152,Body,Normal,0,0,0,0.35,0.4,0.25,0.05,0.05,0.2,0.1,0
60152,LeftFoot,Normal,0,0,0,0.35,0.35,0.3,0.05,0.05,0.15,0.1,0
60152,RightFoot,Normal,0,0,0,0.35,0.35,0.3,0.05,0.05,0.15,0.1,0
60152,LeftHand,Normal,0,0,0,0.35,0.35,0.3,0.05,0.05,0.15,0.1,0
60152,RightHand,Normal,0,0,0,0.35,0.35,0.3,0.05,0.05,0.15,0.1,0
60152,LeftArm,Normal,0,0,0,0.35,0.35,0.15,0.05,0.05,0.2,0.1,0
60152,RightArm,Normal,0,0,0,0.35,0.35,0.3,0.1,0.1,0.2,0.1,0
60153,WholeBody,Normal,0,0,0,0.01,0.01,0.01,0.01,0.01,0.01,0.01,0.01
60153,Shell,Normal,0,0,0,0.25,0.4,0.2,0.05,0.05,0.5,0.1,0
60153,Shell1,Normal,0,0,0,0.25,0.4,0.2,0.05,0.05,0.5,0.1,0
60153,Shell2,Normal,0,0,0,0.25,0.4,0.2,0.05,0.05,0.5,0.1,0
60153,Shell3,Normal,0,0,0,0.25,0.4,0.2,0.05,0.05,0.5,0.1,0
60153,Body,Normal,0,0,0,0.35,0.4,0.25,0.05,0.05,0.4,0.1,0
60153,LeftFoot,Normal,0,0,0,0.35,0.35,0.3,0.05,0.05,0.3,0.1,0
60153,RightFoot,Normal,0,0,0,0.35,0.35,0.3,0.05,0.05,0.3,0.1,0
60153,LeftHand,Normal,0,0,0,0.35,0.35,0.3,0.05,0.05,0.3,0.1,0
60153,RightHand,Normal,0,0,0,0.35,0.35,0.3,0.05,0.05,0.3,0.1,0
60153,LeftArm,Normal,0,0,0,0.35,0.35,0.15,0.05,0.05,0.4,0.1,0
60153,RightArm,Normal,0,0,0,0.35,0.35,0.3,0.1,0.1,0.4,0.1,0
60153,Head,Normal,0,0,1,0.45,0.55,0.35,0.1,0.1,0.7,0.4,0
60154,WholeBody,Normal,0,0,0,0.01,0.01,0.01,0.01,0.01,0.01,0.01,0.01
60154,Shell,Normal,0,0,0,0.25,0.4,0.2,0.1,0.05,0.25,0.05,0
60154,Shell1,Normal,0,0,0,0.25,0.4,0.2,0.1,0.05,0.25,0.05,0
60154,Shell2,Normal,0,0,0,0.25,0.4,0.2,0.1,0.05,0.25,0.05,0
60154,Shell3,Normal,0,0,0,0.25,0.4,0.2,0.1,0.05,0.25,0.05,0
60154,Body,Normal,0,0,0,0.35,0.4,0.35,0.1,0.05,0.2,0.05,0
60154,LeftFoot,Normal,0,0,0,0.25,0.25,0.25,0.1,0.05,0.15,0.05,0
60154,RightFoot,Normal,0,0,0,0.25,0.25,0.25,0.1,0.05,0.15,0.05,0
60154,LeftHand,Normal,0,0,0,0.25,0.35,0.2,0.1,0.05,0.15,0.05,0
60154,RightHand,Normal,0,0,0,0.35,0.28,0.3,0.1,0.05,0.15,0.05,0
60154,LeftArm,Normal,0,0,0,0.25,0.28,0.2,0.1,0.05,0.2,0.05,0
60154,RightArm,Normal,0,0,0,0.35,0.35,0.3,0.2,0.1,0.2,0.05,0
60154,Head,Normal,0,0,1,0.45,0.55,0.35,0.1,0.1,0.35,0.1,0
60160,WholeBody,Normal,0,0,0,0.01,0.01,0.01,0.01,0.01,0.01,0.01,0.01
60160,Head,Normal,0,0,0.5,0.4,0.5,0.6,0,0.1,0.15,0.3,0.05
60160,Body,Normal,0,0,0,0.7,0.7,0.4,0,0.15,0.15,0.2,0.05
60160,LeftLeg,Normal,0,0,0,0.35,0.3,0.35,0,0.15,0.1,0.2,0.05
60160,RightLeg,Normal,0,0,0,0.35,0.3,0.35,0,0.15,0.1,0.2,0.05
60160,Tail,Normal,0,0,0,0.6,0.5,0.35,0,0.1,0.1,0.15,0.05
60160,Wings,Normal,0,0,0,0.4,0.5,0.35,0,0.1,0.1,0.15,0.05
60170,WholeBody,Normal,0,0,0,0.01,0.01,0.01,0.01,0.01,0.01,0.01,0.01
60170,Head,Normal,0,0,1,0.7,0.8,0.6,0.25,0,0.1,0.1,0.1
60170,LeftLeg,Normal,0,0,0,0.45,0.4,0.45,0.2,0,0.1,0.1,0.1
60170,LeftHand,Normal,0,0,0,0.45,0.4,0.45,0.2,0,0.1,0.1,0.1
60170,RightLeg,Normal,0,0,0,0.45,0.4,0.45,0.2,0,0.1,0.1,0.1
60170,RightHand,Normal,0,0,0,0.45,0.4,0.45,0.2,0,0.1,0.1,0.1
60170,Body,Normal,0,0,0,0.4,0.4,0.4,0.15,0,0.1,0.1,0.1
60170,Tail,Normal,0,0,0,0.4,0.3,0.15,0.15,0,0.1,0.1,0.1
60171,WholeBody,Normal,0,0,0,0.01,0.01,0.01,0.01,0.01,0.01,0.01,0.01
60171,Head,Normal,0,0,1,0.5,0.6,0.4,0,0.25,0.1,0.15,0.1
60171,LeftLeg,Normal,0,0,0,0.3,0.3,0.35,0,0.1,0.1,0.1,0.1
60171,LeftHand,Normal,0,0,0,0.45,0.45,0.3,0,0.15,0.1,0.1,0.1
60171,RightLeg,Normal,0,0,0,0.3,0.3,0.35,0,0.1,0.1,0.1,0.1
60171,RightHand,Normal,0,0,0,0.45,0.45,0.3,0,0.15,0.1,0.1,0.1
60171,LeftArm,Normal,0,0,0,0.4,0.4,0.3,0,0.15,0.1,0.1,0.1
60171,RightArm,Normal,0,0,0,0.4,0.4,0.3,0,0.15,0.1,0.1,0.1
60171,Body,Normal,0,0,0,0.4,0.4,0.4,0,0.15,0.1,0.1,0.1
60171,Tail,Normal,0,0,0,0.35,0.25,0.1,0,0.15,0.1,0.1,0.1
60172,WholeBody,Normal,0,0,0,0.01,0.01,0.01,0.01,0.01,0.01,0.01,0.01
60172,Body,Normal,0,0,0,0.45,0.8,0.4,0.75,0,0.25,0.1,0.1
60172,Tail,Normal,0,0,0,0.3,0.4,0.3,0.6,0,0.25,0.1,0.1
60172,Head,Normal,0,0,1,0.25,0.4,0.3,0.6,0,0.25,0.1,0.1
60172,LeftLeg,Normal,0,0,0,0.3,0.4,0.3,0.6,0,0.25,0.1,0.1
60172,LeftHand,Normal,0,0,0,0.25,0.4,0.3,0.6,0,0.25,0.1,0.1
60172,RightLeg,Normal,0,0,0,0.3,0.4,0.25,0.45,0,0.25,0.1,0.1
60172,RightHand,Normal,0,0,0,0.35,0.3,0.12,0.45,0,0.25,0.1,0.1
60180,WholeBody,Normal,0,0,0,0.01,0.01,0.01,0.01,0.01,0.01,0.01,0.01
60180,Head,Normal,0,0,0,0.3,0.3,0.23,0.05,0.25,0.05,0.05,0.4
60180,LeftBody,Normal,0,0,0,0.28,0.28,0.15,0.05,0.15,0.05,0.05,0.3
60180,RightBody,Normal,0,0,0,0.28,0.28,0.15,0.05,0.15,0.05,0.05,0.3
60180,LeftHand,Normal,0,0,0,0.26,0.26,0.2,0.05,0.15,0.05,0.05,0.3
60180,RightHand,Normal,0,0,0,0.26,0.26,0.2,0.05,0.15,0.05,0.05,0.3
60180,LeftLeg,Normal,0,0,0,0.26,0.26,0.25,0.05,0.15,0.05,0.05,0.3
60180,RightLeg,Normal,0,0,0,0.26,0.26,0.25,0.05,0.15,0.05,0.05,0.3
60180,Back,Normal,0,0,0,0.3,0.3,0.2,0.05,0.1,0.05,0.05,0.25
60180,Abdomen,Normal,0,0,0,0.35,0.35,0.25,0.05,0.2,0.05,0.05,0.35
60180,Tail,Normal,0,0,0,0.26,0.26,0.15,0.05,0.2,0.05,0.05,0.35
60181,WholeBody,Normal,0,0,0,0.01,0.01,0.01,0.01,0.01,0.01,0.01,0.01
60181,Head,Normal,0,0,0,0.4,0.6,0.3,0,0.3,0,0.3,0.25
60181,LeftBody,Normal,0,0,0,0.3,0.3,0.45,0,0.1,0,0.2,0.3
60181,RightBody,Normal,0,0,0,0.3,0.3,0.45,0,0.1,0,0.2,0.3
60181,LeftHand,Normal,0,0,0,0.4,0.4,0.3,0,0.15,0,0.15,0.15
60181,RightHand,Normal,0,0,0,0.4,0.4,0.3,0,0.15,0,0.15,0.15
60181,LeftLeg,Normal,0,0,0,0.4,0.4,0.3,0,0.15,0,0.15,0.15
60181,RightLeg,Normal,0,0,0,0.4,0.4,0.3,0,0.15,0,0.15,0.15
60181,Back,Normal,0,0,0,0.2,0.5,0.4,0,0.2,0,0.3,0.1
60181,Abdomen,Normal,0,0,0,0.6,0.3,0.4,0,0.3,0,0.25,0.2
60181,Tail,Normal,0,0,0,0.5,0.4,0.35,0,0.15,0,0.2,0.1
60181,Head,P2Fall,0,0,0,0.8,1.8,0.45,0,0.75,0,0.75,0.5
60181,LeftBody,P2Fall,0,0,0,0.6,0.6,0.9,0,0.2,0,0.4,0.75
60181,RightBody,P2Fall,0,0,0,0.6,0.6,0.9,0,0.2,0,0.4,0.75
60181,LeftHand,P2Fall,0,0,0,0.8,0.8,0.45,0,0.3,0,0.3,0.3
60181,RightHand,P2Fall,0,0,0,0.8,0.8,0.45,0,0.3,0,0.3,0.3
60181,LeftLeg,P2Fall,0,0,0,0.8,0.8,0.45,0,0.3,0,0.3,0.3
60181,RightLeg,P2Fall,0,0,0,0.8,0.8,0.45,0,0.3,0,0.3,0.3
60181,Back,P2Fall,0,0,0,0.4,1.5,0.8,0,0.4,0,0.75,0.2
60181,Abdomen,P2Fall,0,0,0,1.8,0.6,0.8,0,0.75,0,0.5,0.4
60181,Tail,P2Fall,0,0,0,1.5,0.8,0.6,0,0.3,0,0.4,0.2
60189,WholeBody,Normal,0,0,0,0.01,0.01,0.01,0.01,0.01,0.01,0.01,0.01
60189,Body,Normal,0,0,0.8,0.4,0.5,0.3,0.15,0.05,0.15,0.05,0
60190,WholeBody,Normal,0,0,0,0.01,0.01,0.01,0.01,0.01,0.01,0.01,0.01
60190,Head,Normal,0,0,1,0.4,0.4,0.4,0,0.3,0,0.1,0.05
60190,Back,Normal,0,0,0,0.1,0.1,0.1,0.05,0.7,0.05,0.15,0.15
60190,Body,Normal,0,0,0,0.26,0.26,0.6,0.15,0.4,0.15,0.3,0.3
60190,LeftLeg,Normal,0,0,0,0.35,0.35,0.35,0,0.3,0,0.1,0.05
60190,RightLeg,Normal,0,0,0,0.35,0.35,0.35,0,0.3,0,0.1,0.05
60190,LeftWing,Normal,0,0,0,0.35,0.35,0.1,0,0.2,0,0.1,0.05
60190,RightWing,Normal,0,0,0,0.35,0.35,0.1,0,0.2,0,0.1,0.05
60190,Face,Normal,0,0,1,0.85,0.8,0.6,0,0.2,0,0.1,0.05
60190,Chest,Normal,0,0,0,0.35,0.35,0.6,0.15,0.4,0.15,0.3,0.3
60190,Tail,Normal,0,0,0,0.4,0.2,0.1,0.05,0.3,0.05,0.2,0.15
60191,WholeBody,Normal,0,0,0,0.01,0.01,0.01,0.01,0.01,0.01,0.01,0.01
60191,Head,Normal,0,0,1,0.4,0.4,0.4,0,0.3,0,0.1,0.05
60191,Back,Normal,0,0,0,0.1,0.1,0.1,0.05,0.7,0.05,0.15,0.15
60191,Body,Normal,0,0,0,0.26,0.26,0.6,0.15,0.4,0.15,0.3,0.3
60191,LeftLeg,Normal,0,0,0,0.26,0.26,0.35,0,0.3,0,0.1,0.05
60191,RightLeg,Normal,0,0,0,0.26,0.26,0.35,0,0.3,0,0.1,0.05
60191,LeftWing,Normal,0,0,0,0.26,0.35,0.1,0,0.2,0,0.1,0.05
60191,RightWing,Normal,0,0,0,0.26,0.35,0.1,0,0.2,0,0.1,0.05
60191,Face,Normal,0,0,1,0.85,0.8,0.6,0,0.2,0,0.1,0.05
60191,Chest,Normal,0,0,0,0.26,0.26,0.6,0.15,0.4,0.15,0.3,0.3
60191,Tail,Normal,0,0,0,0.4,0.2,0.1,0.05,0.3,0.2,0.05,0.15
60192,WholeBody,Normal,0,0,0,0.01,0.01,0.01,0.01,0.01,0.01,0.01,0.01
60192,Back,Normal,0,0,0,0.1,0.1,0.1,0.05,0.8,0.05,0.15,0.15
60192,Body,Normal,0,0,0,0.26,0.26,0.6,0.15,0.6,0.15,0.5,0.5
60192,Head,Normal,0,0,1,0.4,0.4,0.4,0,0.5,0,0.1,0.05
60192,LeftLeg,Normal,0,0,0,0.35,0.35,0.35,0,0.3,0,0.1,0.05
60192,RightLeg,Normal,0,0,0,0.35,0.35,0.35,0,0.3,0,0.1,0.05
60192,LeftWing,Normal,0,0,0,0.35,0.35,0.1,0,0.4,0,0.1,0.05
60192,RightWing,Normal,0,0,0,0.35,0.35,0.1,0,0.4,0,0.1,0.05
60192,Face,Normal,0,0,1,0.65,0.6,0.6,0,0.4,0,0.1,0.05
60192,Chest,Normal,0,0,0,0.35,0.35,0.6,0.15,0.6,0.15,0.5,0.5
60192,Tail,Normal,0,0,0,0.4,0.2,0.1,0.05,0.5,0.05,0.4,0.15
60200,WholeBody,Normal,0,0,0,0.01,0.01,0.01,0.01,0.01,0.01,0.01,0.01
60200,Head,Normal,0,0,1,0.35,0.35,0.4,0.05,0,0.2,0.3,0
60200,Neck,Normal,0,0,0,0.5,0.8,0.8,0.1,0,0.3,0.2,0
60200,Body,Normal,0,0,0,0.5,0.45,0.5,0.05,0,0.3,0.2,0
60200,Tail,Normal,0,0,0,0.9,0.6,0.9,0.1,0,0.25,0.2,0
60200,LeftWing,Normal,0,0,0,0.8,0.5,0.6,0.1,0,0.3,0.2,0
60200,RightWing,Normal,0,0,0,0.8,0.5,0.6,0.1,0,0.3,0.2,0
60200,LeftLeg,Normal,0,0,0,0.4,0.5,0.5,0.2,0,0.25,0.5,0
60200,RightLeg,Normal,0,0,0,0.4,0.5,0.5,0.2,0,0.25,0.5,0
60201,WholeBody,Normal,0,0,0,0.01,0.01,0.01,0.01,0.01,0.01,0.01,0.01
60201,Head,Normal,0,0,1,0.26,0.25,0.26,0.05,0,0.2,0.3,0
60201,Neck,Normal,0,0,0,0.45,0.65,0.65,0.1,0,0.3,0.2,0
60201,Body,Normal,0,0,0,0.5,0.45,0.5,0.05,0,0.3,0.2,0
60201,Tail,Normal,0,0,0,0.8,0.6,0.6,0.1,0,0.25,0.2,0
60201,LeftWing,Normal,0,0,0,0.6,0.5,0.6,0.1,0,0.3,0.2,0
60201,RightWing,Normal,0,0,0,0.6,0.5,0.6,0.1,0,0.3,0.2,0
60201,Wings,Normal,0,0,0,0.26,0.35,0.45,0,0.1,0.2,0.3,0.1
60201,LeftLeg,Normal,0,0,0,0.4,0.45,0.35,0.2,0,0.25,0.5,0
60201,RightLeg,Normal,0,0,0,0.4,0.45,0.35,0.2,0,0.25,0.5,0
60202,WholeBody,Normal,0,0,0,0.01,0.01,0.01,0.01,0.01,0.01,0.01,0.01
60202,Head,Normal,0,0,1,0.25,0.2,0.3,0.05,0,0.2,0.3,0
60202,Neck,Normal,0,0,0,0.4,0.6,0.5,0.1,0,0.3,0.2,0
60202,Body,Normal,0,0,0,0.4,0.35,0.4,0.05,0,0.3,0.2,0
60202,Tail,Normal,0,0,0,0.6,0.4,0.55,0.1,0,0.25,0.2,0
60202,LeftWing,Normal,0,0,0,0.4,0.35,0.4,0.1,0,0.3,0.2,0
60202,RightWing,Normal,0,0,0,0.4,0.35,0.4,0.1,0,0.3,0.2,0
60202,LeftLeg,Normal,0,0,0,0.3,0.35,0.3,0.2,0,0.25,0.5,0
60202,RightLeg,Normal,0,0,0,0.3,0.35,0.3,0.2,0,0.25,0.5,0
60203,WholeBody,Normal,0,0,0,0.01,0.01,0.01,0.01,0.01,0.01,0.01,0.01
60203,Head,Normal,0,0,1,0.35,0.25,0.25,0.05,0,0.2,0.9,0
60203,Neck,Normal,0,0,0,0.5,0.4,0.4,0.1,0,0.3,0.6,0
60203,Body,Normal,0,0,0,0.5,0.3,0.35,0.05,0,0.3,0.6,0
60203,Tail,Normal,0,0,0,0.9,0.4,0.3,0.1,0,0.25,0.8,0
60203,LeftWing,Normal,0,0,0,0.8,0.35,0.4,0.1,0,0.3,0.6,0
60203,RightWing,Normal,0,0,0,0.8,0.35,0.4,0.1,0,0.3,0.6,0
60203,LeftLeg,Normal,0,0,0,0.4,0.3,0.35,0.2,0,0.25,1,0
60203,RightLeg,Normal,0,0,0,0.4,0.3,0.35,0.2,0,0.25,1,0
60210,WholeBody,Normal,0,0,0,0.01,0.01,0.01,0.01,0.01,0.01,0.01,0.01
60210,Head,Normal,0,0,0.6,0.75,0.75,0.55,0,0.15,0.2,0.15,0.35
60210,Neck,Normal,0,0,0.1,0.3,0.35,0.4,0,0.1,0.15,0.1,0.2
60210,Body,Normal,0,0,0,0.35,0.4,0.4,0,0.05,0.2,0.05,0.1
60210,Tail,Normal,0,0,0,0.3,0.26,0.25,0,0.05,0.1,0.05,0.25
60210,LeftWing,Normal,0,0,0,0.35,0.35,0.25,0,0.1,0.15,0.1,0.2
60210,RightWing,Normal,0,0,0,0.35,0.35,0.25,0,0.1,0.15,0.1,0.2
60210,LeftLeg,Normal,0,0,0,0.35,0.35,0.25,0,0.05,0.1,0.05,0.05
60210,RightLeg,Normal,0,0,0,0.35,0.35,0.25,0,0.05,0.1,0.05,0.05
60211,WholeBody,Normal,0,0,0,0.01,0.01,0.01,0.01,0.01,0.01,0.01,0.01
60211,Head,Normal,0,0,0.6,0.55,0.5,0.4,0,0.35,0.1,0.1,0.2
60211,Neck,Normal,0,0,0.1,0.45,0.35,0.35,0,0.15,0.1,0.05,0.15
60211,Body,Normal,0,0,0,0.5,0.45,0.4,0,0.15,0.1,0.05,0.05
60211,Tail,Normal,0,0,0,0.26,0.26,0.2,0,0.15,0.05,0.05,0.2
60211,LeftWing,Normal,0,0,0,0.3,0.25,0.3,0,0.15,0.1,0.1,0.15
60211,RightWing,Normal,0,0,0,0.3,0.25,0.3,0,0.15,0.1,0.1,0.15
60211,LeftLeg,Normal,0,0,0,0.35,0.35,0.35,0,0.1,0.05,0.05,0.05
60211,RightLeg,Normal,0,0,0,0.35,0.35,0.35,0,0.1,0.05,0.05,0.05
60212,WholeBody,Normal,0,0,0,0.01,0.01,0.01,0.01,0.01,0.01,0.01,0.01
60212,Head,Normal,0,0,0.6,0.19,0.19,0.15,0,0.2,0.3,0.1,0
60212,Neck,Normal,0,0,0.1,0.15,0.15,0.15,0,0.2,0.3,0.1,0
60212,Back,Normal,0,0,0,0.55,0.5,0.3,0.05,0.15,0.2,0.05,0
60212,Body,Normal,0,0,0,0.28,0.3,0.3,0.05,0.1,0.15,0.1,0
60212,Tail,Normal,0,0,0,0.28,0.26,0.15,0,0.05,0.1,0.05,0
60212,TailEnd,Normal,0,0,0,0.45,0.45,0.3,0,0.1,0.1,0.05,0
60212,LeftWing,Normal,0,0,0,0.44,0.44,0.25,0,0.15,0,0.25,0.1
60212,RightWing,Normal,0,0,0,0.44,0.44,0.25,0,0.15,0,0.25,0.1
60212,LeftLeg,Normal,0,0,0,0.35,0.35,0.35,0.1,0.05,0.05,0,0
60212,RightLeg,Normal,0,0,0,0.35,0.35,0.35,0.1,0.05,0.05,0,0
60212,WholeBody,Broken,0,0,0,0.01,0.01,0.01,0.01,0.01,0.01,0.01,0.01
60212,Head,Broken,0,0,0.6,0.55,0.5,0.4,0,0.1,0.15,0.05,0
60212,Neck,Broken,0,0,0.1,0.15,0.15,0.15,0,0.2,0.3,0.1,0
60212,Back,Broken,0,0,0,0.55,0.5,0.3,0.05,0.15,0.2,0.05,0
60212,Body,Broken,0,0,0,0.28,0.3,0.3,0.05,0.1,0.15,0.1,0
60212,Tail,Broken,0,0,0,0.28,0.26,0.15,0,0.05,0.1,0.05,0
60212,TailEnd,Broken,0,0,0,0.45,0.45,0.3,0,0.1,0.1,0.05,0
60212,LeftWing,Broken,0,0,0,0.44,0.44,0.25,0,0.15,0,0.25,0.1
60212,RightWing,Broken,0,0,0,0.44,0.44,0.25,0,0.15,0,0.25,0.1
60212,LeftLeg,Broken,0,0,0,0.35,0.35,0.35,0.1,0.05,0.05,0,0
60212,RightLeg,Broken,0,0,0,0.35,0.35,0.35,0.1,0.05,0.05,0,0
60213,WholeBody,Normal,0,0,0,0.01,0.01,0.01,0.01,0.01,0.01,0.01,0.01
60213,Head,Normal,0,0,0.6,0.5,0.75,0.4,0,0.15,0.2,0.15,1
60213,Neck,Normal,0,0,0.1,0.25,0.35,0.3,0,0.1,0.15,0.1,0.6
60213,Body,Normal,0,0,0,0.3,0.4,0.3,0,0.05,0.2,0.05,0.3
60213,Tail,Normal,0,0,0,0.28,0.26,0.2,0,0.05,0.1,0.05,0.75
60213,LeftWing,Normal,0,0,0,0.3,0.35,0.2,0,0.1,0.15,0.1,0.6
60213,RightWing,Normal,0,0,0,0.3,0.35,0.2,0,0.1,0.15,0.1,0.6
60213,LeftLeg,Normal,0,0,0,0.3,0.35,0.2,0,0.05,0.1,0.05,0.25
60213,RightLeg,Normal,0,0,0,0.3,0.35,0.2,0,0.05,0.1,0.05,0.25
60216,WholeBody,Normal,0,0,0,0.01,0.01,0.01,0.01,0.01,0.01,0.01,0.01
60216,Head,Normal,0,0,0.6,0.55,0.5,0.4,0,0.35,0.1,0.1,0.2
60216,Neck,Normal,0,0,0.1,0.45,0.35,0.35,0,0.15,0.1,0.05,0.15
60216,Body,Normal,0,0,0,0.5,0.45,0.4,0,0.15,0.1,0.05,0.05
60216,Tail,Normal,0,0,0,0.26,0.26,0.2,0,0.15,0.05,0.05,0.2
60216,LeftWing,Normal,0,0,0,0.3,0.25,0.3,0,0.15,0.1,0.1,0.15
60216,RightWing,Normal,0,0,0,0.3,0.25,0.3,0,0.15,0.1,0.1,0.15
60216,LeftLeg,Normal,0,0,0,0.35,0.35,0.35,0,0.1,0.05,0.05,0.05
60216,RightLeg,Normal,0,0,0,0.35,0.35,0.35,0,0.1,0.05,0.05,0.05
60217,WholeBody,Normal,0,0,0,0.01,0.01,0.01,0.01,0.01,0.01,0.01,0.01
60217,Head,Normal,0,0,0.1,0.25,0.25,0.25,0,0.15,0.2,0.15,0.35
60217,Neck,Normal,0,0,0,0.15,0.17,0.2,0,0.1,0.15,0.1,0.2
60217,Body,Normal,0,0,0,0.17,0.2,0.2,0,0.05,0.2,0.05,0.1
60217,Tail,Normal,0,0,0,0.3,0.3,0.3,0,0.05,0.1,0.05,0.25
60217,LeftWing,Normal,0,0,0,0.17,0.17,0.13,0,0.1,0.15,0.1,0.2
60217,RightWing,Normal,0,0,0,0.17,0.17,0.13,0,0.1,0.15,0.1,0.2
60217,LeftLeg,Normal,0,0,0,0.17,0.17,0.13,0,0.05,0.1,0.05,0.05
60217,RightLeg,Normal,0,0,0,0.17,0.17,0.13,0,0.05,0.1,0.05,0.05
60218,WholeBody,Normal,0,0,0,0.01,0.01,0.01,0.01,0.01,0.01,0.01,0.01
60218,Head,Normal,0,0,0.6,0.35,0.4,0.3,0,0.15,0.2,0.15,0.35
60218,Neck,Normal,0,0,0.1,0.3,0.35,0.4,0,0.1,0.15,0.1,0.2
60218,Body,Normal,0,0,0,0.35,0.4,0.4,0,0.05,0.2,0.05,0.1
60218,Tail,Normal,0,0,0,0.2,0.2,0.25,0,0.05,0.1,0.05,0.25
60218,LeftWing,Normal,0,0,0,0.2,0.25,0.2,0,0.1,0.15,0.1,0.2
60218,RightWing,Normal,0,0,0,0.2,0.25,0.2,0,0.1,0.15,0.1,0.2
60218,LeftLeg,Normal,0,0,0,0.26,0.26,0.2,0,0.05,0.1,0.05,0.05
60218,RightLeg,Normal,0,0,0,0.26,0.26,0.2,0,0.05,0.1,0.05,0.05
60219,WholeBody,Normal,0,0,0,0.01,0.01,0.01,0.01,0.01,0.01,0.01,0.01
60219,Head,Normal,0,0,0.6,0.6,0.6,0.55,0,0.15,0.2,0.15,0.35
60219,Neck,Normal,0,0,0.1,0.3,0.35,0.4,0,0.1,0.15,0.1,0.2
60219,Body,Normal,0,0,0,0.35,0.4,0.4,0,0.05,0.2,0.05,0.1
60219,Tail,Normal,0,0,0,0.3,0.26,0.25,0,0.05,0.1,0.05,0.25
60219,LeftWing,Normal,0,0,0,0.26,0.25,0.2,0,0.1,0.15,0.1,0.2
60219,RightWing,Normal,0,0,0,0.26,0.25,0.2,0,0.1,0.15,0.1,0.2
60219,LeftLeg,Normal,0,0,0,0.26,0.26,0.2,0,0.05,0.1,0.05,0.05
60219,RightLeg,Normal,0,0,0,0.26,0.26,0.2,0,0.05,0.1,0.05,0.05
60220,WholeBody,Normal,0,0,0,0.01,0.01,0.01,0.01,0.01,0.01,0.01,0.01
60220,Head,Normal,0,0,0,0.35,0.37,0.2,0.35,0.05,0.2,0.05,0.2
60220,Body,Normal,0,0,0,0.35,0.4,0.2,0.2,0.05,0.15,0.05,0.35
60220,LeftLeg,Normal,0,0,0,0.22,0.21,0.15,0.25,0.05,0.15,0.05,0.3
60220,RightLeg,Normal,0,0,0,0.22,0.21,0.15,0.25,0.05,0.15,0.05,0.3
60220,LeftBackLeg,Normal,0,0,0,0.22,0.21,0.15,0.25,0.05,0.15,0.05,0.3
60220,RightBackLeg,Normal,0,0,0,0.22,0.21,0.15,0.25,0.05,0.15,0.05,0.3
60220,LeftHand,Normal,0,0,0,0.1,0.18,0.1,0.3,0.05,0.15,0.05,0.2
60220,RightHand,Normal,0,0,0,0.1,0.18,0.1,0.3,0.05,0.15,0.05,0.2
60220,LeftArm,Normal,0,0,0,0.1,0.18,0.13,0.3,0.05,0.15,0.05,0.2
60220,RightArm,Normal,0,0,0,0.1,0.18,0.13,0.3,0.05,0.15,0.05,0.2
60220,Shell,Normal,0,0,0,0.1,0.17,0.1,0.2,0.05,0.2,0.05,0.35
60221,WholeBody,Normal,0,0,0,0.01,0.01,0.01,0.01,0.01,0.01,0.01,0.01
60221,Head,Normal,0,0,0,0.1,0.1,0.1,0.45,0.15,0.03,0.15,0.03
60221,Body,Normal,0,0,0,0.05,0.05,0.05,0.35,0.1,0.03,0.1,0.03
60221,LeftLeg,Normal,0,0,0,0.05,0.05,0.05,0.4,0.1,0.03,0.1,0.03
60221,RightLeg,Normal,0,0,0,0.05,0.05,0.05,0.4,0.1,0.03,0.1,0.03
60221,LeftBackLeg,Normal,0,0,0,0.05,0.05,0.05,0.4,0.1,0.03,0.1,0.03
60221,RightBackLeg,Normal,0,0,0,0.05,0.05,0.05,0.4,0.1,0.03,0.1,0.03
60221,LeftHand,Normal,0,0,0,0.07,0.07,0.05,0.45,0.15,0.03,0.15,0.03
60221,RightHand,Normal,0,0,0,0.07,0.07,0.05,0.45,0.15,0.03,0.15,0.03
60221,LeftArm,Normal,0,0,0,0.05,0.05,0.1,0.3,0.1,0.03,0.1,0.03
60221,RightArm,Normal,0,0,0,0.05,0.05,0.1,0.3,0.1,0.03,0.1,0.03
60221,Shell,Normal,0,0,0,0.03,0.04,0.03,0.2,0.05,0.03,0.15,0.1
60221,Head,Burning,0,0,0,0.23,0.25,0.33,0.03,0.63,0.1,0.65,0.05
60221,Body,Burning,0,0,0,0.25,0.3,0.2,0.03,0.65,0.1,0.65,0.05
60221,LeftLeg,Burning,0,0,0,0.3,0.3,0.25,0.03,0.5,0.1,0.55,0.05
60221,RightLeg,Burning,0,0,0,0.3,0.3,0.25,0.03,0.5,0.1,0.55,0.05
60221,LeftBackLeg,Burning,0,0,0,0.3,0.3,0.25,0.03,0.5,0.1,0.55,0.05
60221,RightBackLeg,Burning,0,0,0,0.3,0.3,0.25,0.03,0.5,0.1,0.55,0.05
60221,LeftHand,Burning,0,0,0,0.23,0.25,0.2,0.03,0.55,0.1,0.6,0.05
60221,RightHand,Burning,0,0,0,0.23,0.25,0.2,0.03,0.55,0.1,0.6,0.05
60221,LeftArm,Burning,0,0,0,0.25,0.2,0.35,0.03,0.63,0.1,0.6,0.05
60221,RightArm,Burning,0,0,0,0.25,0.2,0.35,0.03,0.63,0.1,0.6,0.05
60221,Shell,Burning,0,0,0,0.2,0.25,0.13,0.03,0.45,0.03,0.3,0.5
60221,LeftLeg,Red,0,0,0,0.24,0.23,0.1,0.05,0.1,0.05,0.3,0.25
60221,RightLeg,Red,0,0,0,0.24,0.23,0.1,0.05,0.1,0.05,0.3,0.25
60221,LeftBackLeg,Red,0,0,0,0.24,0.23,0.1,0.05,0.1,0.05,0.3,0.25
60221,RightBackLeg,Red,0,0,0,0.24,0.23,0.1,0.05,0.1,0.05,0.3,0.25
60222,WholeBody,Normal,0,0,0,0.01,0.01,0.01,0.01,0.01,0.01,0.01,0.01
60222,Head,Normal,0,0,0,0.23,0.25,0.3,0.03,1.2,0.1,1.3,0.05
60222,Body,Normal,0,0,0,0.25,0.3,0.15,0.03,1.25,0.1,1.3,0.05
60222,LeftLeg,Normal,0,0,0,0.3,0.3,0.2,0.03,1,0.1,1.1,0.05
60222,RightLeg,Normal,0,0,0,0.3,0.3,0.2,0.03,1,0.1,1.1,0.05
60222,LeftBackLeg,Normal,0,0,0,0.3,0.3,0.2,0.03,1,0.1,1.1,0.05
60222,RightBackLeg,Normal,0,0,0,0.3,0.3,0.2,0.03,1,0.1,1.1,0.05
60222,LeftHand,Normal,0,0,0,0.23,0.25,0.15,0.03,1.1,0.1,1.2,0.05
60222,RightHand,Normal,0,0,0,0.23,0.25,0.15,0.03,1.1,0.1,1.2,0.05
60222,LeftArm,Normal,0,0,0,0.25,0.2,0.25,0.03,1.2,0.1,1.2,0.05
60222,RightArm,Normal,0,0,0,0.25,0.2,0.25,0.03,1.2,0.1,1.2,0.05
60222,Shell,Normal,0,0,0,0.2,0.25,0.1,0.03,0.8,0.03,0.6,0.2
60222,Head,Magma,0,0,0,0.33,0.35,0.38,0.03,1,0.1,1,0.05
60222,Body,Magma,0,0,0,0.35,0.4,0.2,0.03,1,0.1,1,0.05
60222,LeftLeg,Magma,0,0,0,0.4,0.4,0.25,0.03,0.7,0.1,0.8,0.05
60222,RightLeg,Magma,0,0,0,0.4,0.4,0.25,0.03,0.7,0.1,0.8,0.05
60222,LeftBackLeg,Magma,0,0,0,0.4,0.4,0.25,0.03,0.7,0.1,0.8,0.05
60222,RightBackLeg,Magma,0,0,0,0.4,0.4,0.25,0.03,0.7,0.1,0.8,0.05
60222,LeftHand,Magma,0,0,0,0.33,0.35,0.2,0.03,0.8,0.1,0.9,0.05
60222,RightHand,Magma,0,0,0,0.33,0.35,0.2,0.03,0.8,0.1,0.9,0.05
60222,LeftArm,Magma,0,0,0,0.35,0.3,0.3,0.03,0.95,0.1,0.9,0.05
60222,RightArm,Magma,0,0,0,0.35,0.3,0.3,0.03,0.95,0.1,0.9,0.05
60222,Shell,Magma,0,0,0,0.35,0.4,0.15,0.03,0.6,0.03,0.3,0.6
60230,WholeBody,Normal,0,0,0,0.01,0.01,0.01,0.01,0.01,0.01,0.01,0.01
60230,Head,Normal,0,0,1,0.2,0.2,0.2,0.1,0.13,0.1,0.1,0.18
60230,Neck,Normal,0,0,0,0.25,0.25,0.2,0.1,0.13,0.1,0.1,0.18
60230,Body,Normal,0,0,0,0.15,0.2,0.2,0.1,0.13,0.1,0.1,0.18
60230,RightWing,Normal,0,0,0,0.25,0.25,0.2,0.1,0.13,0.1,0.1,0.18
60230,LeftLeg,Normal,0,0,0,0.35,0.35,0.35,0.1,0.1,0.1,0.1,0.1
60230,RightLeg,Normal,0,0,0,0.35,0.35,0.35,0.1,0.1,0.1,0.1,0.1
60230,Abdomen,Normal,0,0,0,0.4,0.4,0.3,0.15,0.2,0.1,0.1,0.18
60230,Back,Normal,0,0,0,0.2,0.2,0.3,0.1,0.13,0.1,0.1,0.18
60230,LeftWing,Normal,0,0,0,0.25,0.25,0.2,0.1,0.13,0.1,0.1,0.18
60230,Tail,Normal,0,0,0,0.2,0.2,0.3,0.1,0.13,0.1,0.1,0.18
60231,WholeBody,Normal,0,0,0,0.01,0.01,0.01,0.01,0.01,0.01,0.01,0.01
60231,Head,Normal,0,0,1,0.2,0.2,0.2,0.1,0.13,0.1,0.18,0.05
60231,Neck,Normal,0,0,0,0.26,0.26,0.2,0.1,0.13,0.1,0.18,0.05
60231,Body,Normal,0,0,0,0.15,0.2,0.2,0.1,0.13,0.1,0.18,0.05
60231,RightWing,Normal,0,0,0,0.2,0.26,0.26,0.1,0.13,0.1,0.18,0.05
60231,LeftLeg,Normal,0,0,0,0.26,0.26,0.28,0.1,0.1,0.1,0.13,0.05
60231,RightLeg,Normal,0,0,0,0.26,0.26,0.28,0.1,0.1,0.1,0.13,0.05
60231,Abdomen,Normal,0,0,0,0.3,0.3,0.3,0.05,0.05,0,0.05,0.05
60231,Back,Normal,0,0,0,0.15,0.2,0.2,0.05,0.05,0,0.05,0.05
60231,LeftWing,Normal,0,0,0,0.2,0.26,0.26,0.1,0.13,0.1,0.18,0.05
60231,Tail,Normal,0,0,0,0.26,0.15,0.15,0.05,0.05,0,0.05,0.05
60232,WholeBody,Normal,0,0,0,0.01,0.01,0.01,0.01,0.01,0.01,0.01,0.01
60232,Head,Normal,0,0,1,0.2,0.2,0.15,0.1,0.13,0.1,0.18,0.05
60232,Neck,Normal,0,0,0,0.25,0.25,0.15,0.1,0.13,0.1,0.18,0.05
60232,Body,Normal,0,0,0,0.15,0.2,0.15,0.1,0.13,0.1,0.18,0.05
60232,RightWing,Normal,0,0,0,0.25,0.25,0.15,0.1,0.13,0.1,0.18,0.05
60232,LeftLeg,Normal,0,0,0,0.3,0.3,0.25,0.1,0.1,0.1,0.13,0.05
60232,RightLeg,Normal,0,0,0,0.3,0.3,0.25,0.1,0.1,0.1,0.13,0.05
60232,Abdomen,Normal,0,0,0,0.35,0.35,0.3,0.2,0.05,0,0.05,0.05
60232,Back,Normal,0,0,0,0.2,0.2,0.3,0.2,0.05,0,0.05,0.05
60232,LeftWing,Normal,0,0,0,0.25,0.25,0.2,0.1,0.13,0.1,0.18,0.05
60232,Tail,Normal,0,0,0,0.2,0.2,0.15,0.2,0.05,0,0.05,0.05
60233,WholeBody,Normal,0,0,0,0.01,0.01,0.01,0.01,0.01,0.01,0.01,0.01
60233,Body,Normal,0,0,0,0.15,0.2,0.2,0.1,0.3,0.1,0.1,0.35
60233,Head,Normal,0,0,1,0.2,0.2,0.2,0.1,0.3,0.1,0.1,0.35
60233,Neck,Normal,0,0,0,0.25,0.25,0.2,0.1,0.3,0.1,0.1,0.35
60233,RightWing,Normal,0,0,0,0.25,0.25,0.2,0.1,0.3,0.1,0.1,0.35
60233,LeftLeg,Normal,0,0,0,0.35,0.35,0.35,0.1,0.2,0.1,0.1,0.2
60233,RightLeg,Normal,0,0,0,0.35,0.35,0.35,0.1,0.2,0.1,0.1,0.2
60233,Tail,Normal,0,0,0,0.2,0.2,0.3,0.1,0.3,0.1,0.1,0.35
60233,Abdomen,Normal,0,0,0,0.4,0.4,0.3,0.25,0.35,0.1,0.1,0.33
60233,Back,Normal,0,0,0,0.2,0.2,0.3,0.1,0.3,0.1,0.1,0.35
60233,LeftWing,Normal,0,0,0,0.25,0.25,0.2,0.1,0.3,0.1,0.1,0.35
60234,WholeBody,Normal,0,0,0,0.01,0.01,0.01,0.01,0.01,0.01,0.01,0.01
60234,Head,Normal,0,0,1,0.2,0.2,0.2,0.1,0.13,0.1,0.55,0.05
60234,Neck,Normal,0,0,0,0.26,0.26,0.2,0.1,0.13,0.1,0.55,0.05
60234,Body,Normal,0,0,0,0.15,0.2,0.2,0.1,0.13,0.1,0.55,0.05
60234,RightWing,Normal,0,0,0,0.2,0.26,0.26,0.1,0.13,0.1,0.55,0.05
60234,LeftLeg,Normal,0,0,0,0.26,0.26,0.28,0.1,0.1,0.1,0.4,0.05
60234,RightLeg,Normal,0,0,0,0.26,0.26,0.28,0.1,0.1,0.1,0.4,0.05
60234,Abdomen,Normal,0,0,0,0.28,0.28,0.35,0.05,0.05,0,0.3,0.05
60234,Back,Normal,0,0,0,0.15,0.2,0.2,0.05,0.05,0,0.2,0.05
60234,LeftWing,Normal,0,0,0,0.2,0.26,0.26,0.1,0.13,0.1,0.4,0.05
60234,Tail,Normal,0,0,0,0.26,0.15,0.15,0.05,0.05,0,0.2,0.05
60240,WholeBody,Normal,0,0,0,0.01,0.01,0.01,0.01,0.01,0.01,0.01,0.01
60240,Head,Normal,0,0,1,0.4,0.4,0.35,0.1,0.1,0.1,0.1,0.1
60240,Neck,Normal,0,0,0,0.4,0.35,0.3,0.1,0.1,0.1,0.1,0.1
60240,Body,Normal,0,0,0,0.35,0.4,0.28,0.1,0.1,0.1,0.1,0.1
60240,LeftLeg,Normal,0,0,0,0.35,0.35,0.3,0.1,0.1,0.1,0.1,0.1
60240,RightLeg,Normal,0,0,0,0.35,0.35,0.3,0.1,0.1,0.1,0.1,0.1
60240,LeftWing,Normal,0,0,0,0.35,0.3,0.35,0.1,0.1,0.1,0.1,0.1
60240,RightWing,Normal,0,0,0,0.35,0.3,0.35,0.1,0.1,0.1,0.1,0.1
60240,LeftHand,Normal,0,0,0,0.3,0.28,0.28,0.1,0.1,0.1,0.1,0.1
60240,RightHand,Normal,0,0,0,0.3,0.28,0.28,0.1,0.1,0.1,0.1,0.1
60240,Tail,Normal,0,0,0,0.3,0.3,0.25,0.1,0.1,0.1,0.1,0.1
60240,WholeBody,Fire,0,0,0,0.01,0.01,0.01,0.01,0.01,0.01,0.01,0.01
60240,Head,Fire,0,0,1,0.4,0.4,0.35,0,0.2,0.15,0,0.05
60240,Neck,Fire,0,0,0,0.4,0.35,0.3,0,0.2,0.15,0,0.05
60240,Body,Fire,0,0,0,0.35,0.4,0.28,0,0.3,0.2,0,0.05
60240,LeftLeg,Fire,0,0,0,0.35,0.35,0.3,0,0.1,0.15,0,0.05
60240,RightLeg,Fire,0,0,0,0.35,0.35,0.3,0,0.1,0.15,0,0.05
60240,LeftWing,Fire,0,0,0,0.35,0.3,0.35,0,0.15,0.1,0,0.05
60240,RightWing,Fire,0,0,0,0.35,0.3,0.35,0,0.15,0.1,0,0.05
60240,LeftHand,Fire,0,0,0,0.3,0.28,0.28,0,0.2,0.15,0,0.05
60240,RightHand,Fire,0,0,0,0.3,0.28,0.28,0,0.2,0.15,0,0.05
60240,Tail,Fire,0,0,0,0.3,0.3,0.25,0,0.15,0.1,0,0.05
60240,WholeBody,Water,0,0,0,0.01,0.01,0.01,0.01,0.01,0.01,0.01,0.01
60240,Head,Water,0,0,1,0.4,0.4,0.35,0,0,0,0,0
60240,Neck,Water,0,0,0,0.4,0.35,0.3,0,0,0,0,0
60240,Body,Water,0,0,0,0.35,0.4,0.28,0,0,0,0,0
60240,LeftLeg,Water,0,0,0,0.35,0.35,0.3,0,0,0,0,0
60240,RightLeg,Water,0,0,0,0.35,0.35,0.3,0,0,0,0,0
60240,LeftWing,Water,0,0,0,0.35,0.3,0.35,0,0,0,0,0
60240,RightWing,Water,0,0,0,0.35,0.3,0.35,0,0,0,0,0
60240,LeftHand,Water,0,0,0,0.3,0.28,0.28,0,0,0,0,0
60240,RightHand,Water,0,0,0,0.3,0.28,0.28,0,0,0,0,0
60240,Tail,Water,0,0,0,0.3,0.3,0.25,0,0,0,0,0
60240,WholeBody,Ice,0,0,0,0.01,0.01,0.01,0.01,0.01,0.01,0.01,0.01
60240,Head,Ice,0,0,1,0.4,0.4,0.35,0,0,0,0,0
60240,Neck,Ice,0,0,0,0.4,0.35,0.3,0,0,0,0,0
60240,Body,Ice,0,0,0,0.35,0.4,0.28,0,0,0,0,0
60240,LeftLeg,Ice,0,0,0,0.35,0.35,0.3,0,0,0,0,0
60240,RightLeg,Ice,0,0,0,0.35,0.35,0.3,0,0,0,0,0
60240,LeftWing,Ice,0,0,0,0.35,0.3,0.35,0,0,0,0,0
60240,RightWing,Ice,0,0,0,0.35,0.3,0.35,0,0,0,0,0
60240,LeftHand,Ice,0,0,0,0.3,0.28,0.28,0,0,0,0,0
60240,RightHand,Ice,0,0,0,0.3,0.28,0.28,0,0,0,0,0
60240,Tail,Ice,0,0,0,0.3,0.3,0.25,0,0,0,0,0
60240,WholeBody,Electric,0,0,0,0.01,0.01,0.01,0.01,0.01,0.01,0.01,0.01
60240,Head,Electric,0,0,1,0.4,0.4,0.35,0,0,0,0,0
60240,Neck,Electric,0,0,0,0.4,0.35,0.3,0,0,0,0,0
60240,Body,Electric,0,0,0,0.35,0.4,0.28,0,0,0,0,0
60240,LeftLeg,Electric,0,0,0,0.35,0.35,0.3,0,0,0,0,0
60240,RightLeg,Electric,0,0,0,0.35,0.35,0.3,0,0,0,0,0
60240,LeftWing,Electric,0,0,0,0.35,0.3,0.35,0,0,0,0,0
60240,RightWing,Electric,0,0,0,0.35,0.3,0.35,0,0,0,0,0
60240,LeftHand,Electric,0,0,0,0.3,0.28,0.28,0,0,0,0,0
60240,RightHand,Electric,0,0,0,0.3,0.28,0.28,0,0,0,0,0
60240,Tail,Electric,0,0,0,0.3,0.3,0.25,0,0,0,0,0
60240,WholeBody,Dragon,0,0,0,0.01,0.01,0.01,0.01,0.01,0.01,0.01,0.01
60240,Head,Dragon,0,0,1,0.4,0.4,0.35,0.2,0,0,0.15,0
60240,Neck,Dragon,0,0,0,0.4,0.35,0.3,0.2,0,0,0.15,0
60240,Body,Dragon,0,0,0,0.35,0.4,0.28,0.3,0,0,0.2,0
60240,LeftLeg,Dragon,0,0,0,0.35,0.35,0.3,0.1,0,0,0.15,0
60240,RightLeg,Dragon,0,0,0,0.35,0.35,0.3,0.1,0,0,0.15,0
60240,LeftWing,Dragon,0,0,0,0.35,0.3,0.35,0.15,0,0,0.1,0
60240,RightWing,Dragon,0,0,0,0.35,0.3,0.35,0.15,0,0,0.1,0
60240,LeftHand,Dragon,0,0,0,0.3,0.28,0.28,0.2,0,0,0.15,0
60240,RightHand,Dragon,0,0,0,0.3,0.28,0.28,0.2,0,0,0.15,0
60240,Tail,Dragon,0,0,0,0.3,0.3,0.25,0.15,0,0,0.1,0
60242,WholeBody,Normal,0,0,0,0.01,0.01,0.01,0.01,0.01,0.01,0.01,0.01
60242,Head,Normal,0,0,1,0.45,0.45,0.35,0.1,0.1,0.1,0.1,0.1
60242,Neck,Normal,0,0,0,0.4,0.35,0.3,0.1,0.1,0.1,0.1,0.1
60242,LeftLeg,Normal,0,0,0,0.35,0.35,0.3,0.1,0.1,0.1,0.1,0.1
60242,RightLeg,Normal,0,0,0,0.35,0.35,0.3,0.1,0.1,0.1,0.1,0.1
60242,LeftWing,Normal,0,0,0,0.35,0.3,0.35,0.1,0.1,0.1,0.1,0.1
60242,RightWing,Normal,0,0,0,0.35,0.3,0.35,0.1,0.1,0.1,0.1,0.1
60242,LeftHand,Normal,0,0,0,0.3,0.28,0.28,0.1,0.1,0.1,0.1,0.1
60242,RightHand,Normal,0,0,0,0.3,0.28,0.28,0.1,0.1,0.1,0.1,0.1
60242,Body,Normal,0,0,0,0.35,0.4,0.28,0.1,0.1,0.1,0.1,0.1
60242,Tail,Normal,0,0,0,0.3,0.3,0.25,0.1,0.1,0.1,0.1,0.1
60242,WholeBody,Fire,0,0,0,0.01,0.01,0.01,0.01,0.01,0.01,0.01,0.01
60242,Head,Fire,0,0,1,0.4,0.4,0.35,0,0.2,0.15,0,0
60242,Neck,Fire,0,0,0,0.4,0.35,0.3,0,0.2,0.15,0,0
60242,Body,Fire,0,0,0,0.35,0.4,0.28,0,0.3,0.2,0,0
60242,LeftLeg,Fire,0,0,0,0.35,0.35,0.3,0,0.1,0.15,0,0
60242,RightLeg,Fire,0,0,0,0.35,0.35,0.3,0,0.1,0.15,0,0
60242,LeftWing,Fire,0,0,0,0.35,0.3,0.35,0,0.15,0.1,0,0
60242,RightWing,Fire,0,0,0,0.35,0.3,0.35,0,0.15,0.1,0,0
60242,LeftHand,Fire,0,0,0,0.3,0.28,0.28,0,0.2,0.15,0,0
60242,RightHand,Fire,0,0,0,0.3,0.28,0.28,0,0.2,0.15,0,0
60242,Tail,Fire,0,0,0,0.3,0.3,0.25,0,0.15,0.1,0,0
60242,WholeBody,Water,0,0,0,0.01,0.01,0.01,0.01,0.01,0.01,0.01,0.01
60242,Head,Water,0,0,1,0.4,0.4,0.35,0,0,0.2,0,0.15
60242,Neck,Water,0,0,0,0.4,0.35,0.3,0,0,0.2,0,0.15
60242,Body,Water,0,0,0,0.35,0.4,0.28,0,0,0.3,0,0.2
60242,LeftLeg,Water,0,0,0,0.35,0.35,0.3,0,0,0.1,0,0.15
60242,RightLeg,Water,0,0,0,0.35,0.35,0.3,0,0,0.1,0,0.15
60242,LeftWing,Water,0,0,0,0.35,0.3,0.35,0,0,0.15,0,0.1
60242,RightWing,Water,0,0,0,0.35,0.3,0.35,0,0,0.15,0,0.1
60242,LeftHand,Water,0,0,0,0.3,0.28,0.28,0,0,0.2,0,0.15
60242,RightHand,Water,0,0,0,0.3,0.28,0.28,0,0,0.2,0,0.15
60242,Tail,Water,0,0,0,0.3,0.3,0.25,0,0,0.15,0,0.1
60242,WholeBody,Ice,0,0,0,0.01,0.01,0.01,0.01,0.01,0.01,0.01,0.01
60242,Head,Ice,0,0,1,0.4,0.4,0.35,0.2,0.2,0,0,0
60242,Neck,Ice,0,0,0,0.4,0.35,0.3,0.2,0.2,0,0,0
60242,Body,Ice,0,0,0,0.35,0.4,0.28,0.3,0.3,0,0,0
60242,LeftLeg,Ice,0,0,0,0.35,0.35,0.3,0.1,0.1,0,0,0
60242,RightLeg,Ice,0,0,0,0.35,0.35,0.3,0.1,0.1,0,0,0
60242,LeftWing,Ice,0,0,0,0.35,0.3,0.35,0.15,0.15,0,0,0
60242,RightWing,Ice,0,0,0,0.35,0.3,0.35,0.15,0.15,0,0,0
60242,LeftHand,Ice,0,0,0,0.3,0.28,0.28,0.2,0.2,0,0,0
60242,RightHand,Ice,0,0,0,0.3,0.28,0.28,0.2,0.2,0,0,0
60242,Tail,Ice,0,0,0,0.3,0.3,0.25,0.15,0.15,0,0,0
60242,WholeBody,Electric,0,0,0,0.01,0.01,0.01,0.01,0.01,0.01,0.01,0.01
60242,Head,Electric,0,0,1,0.4,0.4,0.35,0.2,0,0,0,0.15
60242,Neck,Electric,0,0,0,0.4,0.35,0.3,0.2,0,0,0,0.15
60242,Body,Electric,0,0,0,0.35,0.4,0.28,0.3,0,0,0,0.2
60242,LeftLeg,Electric,0,0,0,0.35,0.35,0.3,0.1,0,0,0,0.15
60242,RightLeg,Electric,0,0,0,0.35,0.35,0.3,0.1,0,0,0,0.15
60242,LeftWing,Electric,0,0,0,0.35,0.3,0.35,0.15,0,0,0,0.1
60242,RightWing,Electric,0,0,0,0.35,0.3,0.35,0.15,0,0,0,0.1
60242,LeftHand,Electric,0,0,0,0.3,0.28,0.28,0.2,0,0,0,0.15
60242,RightHand,Electric,0,0,0,0.3,0.28,0.28,0.2,0,0,0,0.15
60242,Tail,Electric,0,0,0,0.3,0.3,0.25,0.15,0,0,0,0.1
60242,WholeBody,Dragon,0,0,0,0.01,0.01,0.01,0.01,0.01,0.01,0.01,0.01
60242,Head,Dragon,0,0,1,0.4,0.4,0.35,0,0,0,0,0
60242,Neck,Dragon,0,0,0,0.4,0.35,0.3,0,0,0,0,0
60242,Body,Dragon,0,0,0,0.35,0.4,0.28,0,0,0,0,0
60242,LeftLeg,Dragon,0,0,0,0.35,0.35,0.3,0,0,0,0,0
60242,RightLeg,Dragon,0,0,0,0.35,0.35,0.3,0,0,0,0,0
60242,LeftWing,Dragon,0,0,0,0.35,0.3,0.35,0,0,0,0,0
60242,RightWing,Dragon,0,0,0,0.35,0.3,0.35,0,0,0,0,0
60242,LeftHand,Dragon,0,0,0,0.3,0.28,0.28,0,0,0,0,0
60242,RightHand,Dragon,0,0,0,0.3,0.28,0.28,0,0,0,0,0
60242,Tail,Dragon,0,0,0,0.3,0.3,0.25,0,0,0,0,0
60243,WholeBody,Normal,0,0,0,0.01,0.01,0.01,0.01,0.01,0.01,0.01,0.01
60243,Head,Normal,0,0,1,0.45,0.45,0.35,0.1,0.1,0.1,0.1,0.1
60243,Neck,Normal,0,0,0,0.4,0.35,0.3,0.1,0.1,0.1,0.1,0.1
60243,LeftLeg,Normal,0,0,0,0.35,0.35,0.3,0.1,0.1,0.1,0.1,0.1
60243,RightLeg,Normal,0,0,0,0.35,0.35,0.3,0.1,0.1,0.1,0.1,0.1
60243,LeftWing,Normal,0,0,0,0.35,0.3,0.35,0.1,0.1,0.1,0.1,0.1
60243,RightWing,Normal,0,0,0,0.35,0.3,0.35,0.1,0.1,0.1,0.1,0.1
60243,LeftHand,Normal,0,0,0,0.3,0.28,0.28,0.1,0.1,0.1,0.1,0.1
60243,RightHand,Normal,0,0,0,0.3,0.28,0.28,0.1,0.1,0.1,0.1,0.1
60243,Body,Normal,0,0,0,0.35,0.4,0.28,0.1,0.1,0.1,0.1,0.1
60243,Tail,Normal,0,0,0,0.3,0.3,0.25,0.1,0.1,0.1,0.1,0.1
60250,WholeBody,Normal,0,0,0,0.01,0.01,0.01,0.01,0.01,0.01,0.01,0.01
60250,Head,Normal,0,0,0.8,0.75,0.75,0.55,0,0.1,0.15,0.1,0.2
60250,Neck,Normal,0,0,0,0.3,0.3,0.2,0,0.1,0.1,0.1,0.1
60250,Body,Normal,0,0,0,0.35,0.4,0.4,0,0.05,0.2,0.05,0.1
60250,Tail,Normal,0,0,0,0.45,0.4,0.25,0,0.05,0.1,0.05,0.2
60250,LeftWing,Normal,0,0,0,0.35,0.35,0.2,0,0.1,0.25,0.1,0.35
60250,RightWing,Normal,0,0,0,0.35,0.35,0.2,0,0.1,0.25,0.1,0.35
60250,LeftLeg,Normal,0,0,0,0.35,0.35,0.3,0,0.05,0.1,0.05,0.1
60250,RightLeg,Normal,0,0,0,0.35,0.35,0.3,0,0.05,0.1,0.05,0.1
60251,WholeBody,Normal,0,0,0,0.01,0.01,0.01,0.01,0.01,0.01,0.01,0.01
60251,Head,Normal,0,0,0.8,0.6,0.55,0.35,0,0.1,0.15,0.1,0.2
60251,Neck,Normal,0,0,0,0.3,0.3,0.15,0,0.1,0.1,0.1,0.1
60251,Body,Normal,0,0,0,0.35,0.3,0.4,0,0.05,0.05,0.15,0.1
60251,Tail,Normal,0,0,0,0.26,0.26,0.2,0,0.05,0.1,0.05,0.2
60251,LeftWing,Normal,0,0,0,0.26,0.25,0.2,0,0.1,0.1,0.2,0.25
60251,RightWing,Normal,0,0,0,0.26,0.25,0.2,0,0.1,0.1,0.2,0.25
60251,LeftLeg,Normal,0,0,0,0.3,0.26,0.45,0,0.05,0.05,0.1,0.1
60251,RightLeg,Normal,0,0,0,0.3,0.26,0.45,0,0.05,0.05,0.1,0.1
60252,WholeBody,Normal,0,0,0,0.01,0.01,0.01,0.01,0.01,0.01,0.01,0.01
60252,Head,Normal,0,0,0.6,0.18,0.18,0.15,0,0.15,0.1,0.5,0
60252,Neck,Normal,0,0,0.1,0.15,0.15,0.15,0,0.35,0.3,0.2,0
60252,Back,Normal,0,0,0,0.55,0.5,0.3,0.05,0.2,0.15,0.05,0
60252,Body,Normal,0,0,0,0.25,0.3,0.3,0.05,0.15,0.1,0.1,0
60252,Tail,Normal,0,0,0,0.2,0.2,0.15,0,0.1,0.5,0.05,0
60252,TailEnd,Normal,0,0,0,0.35,0.35,0.24,0,0.1,0.1,0.05,0
60252,LeftWing,Normal,0,0,0,0.44,0.44,0.25,0,0.25,0.15,0.1,0.1
60252,RightWing,Normal,0,0,0,0.44,0.44,0.25,0,0.25,0.15,0.1,0.1
60252,LeftLeg,Normal,0,0,0,0.35,0.35,0.45,0,0.1,0.1,0.05,0
60252,RightLeg,Normal,0,0,0,0.35,0.35,0.45,0,0.1,0.1,0.05,0
60252,WholeBody,Broken,0,0,0,0.01,0.01,0.01,0.01,0.01,0.01,0.01,0.01
60252,Head,Broken,0,0,0.6,0.45,0.45,0.3,0,0.15,0.1,0.05,0
60252,Neck,Broken,0,0,0.1,0.15,0.15,0.15,0,0.35,0.3,0.2,0
60252,Back,Broken,0,0,0,0.55,0.5,0.3,0.05,0.2,0.15,0.05,0
60252,Body,Broken,0,0,0,0.25,0.3,0.3,0.05,0.15,0.1,0.1,0
60252,Tail,Broken,0,0,0,0.2,0.2,0.15,0,0.1,0.5,0.05,0
60252,TailEnd,Broken,0,0,0,0.35,0.35,0.24,0,0.1,0.1,0.05,0
60252,LeftWing,Broken,0,0,0,0.44,0.44,0.25,0,0.25,0.15,0.1,0.1
60252,RightWing,Broken,0,0,0,0.44,0.44,0.25,0,0.25,0.15,0.1,0.1
60252,LeftLeg,Broken,0,0,0,0.35,0.35,0.45,0,0.1,0.1,0.05,0
60252,RightLeg,Broken,0,0,0,0.35,0.35,0.45,0,0.1,0.1,0.05,0
60253,WholeBody,Normal,0,0,0,0.01,0.01,0.01,0.01,0.01,0.01,0.01,0.01
60253,Head,Normal,0,0,0.8,0.75,0.5,0.4,0,0.1,0.2,0.1,0.6
60253,Neck,Normal,0,0,0,0.3,0.25,0.2,0,0.1,0.15,0.1,0.6
60253,Body,Normal,0,0,0,0.35,0.3,0.35,0,0.05,0.25,0.05,0.3
60253,Tail,Normal,0,0,0,0.45,0.25,0.25,0,0.05,0.15,0.05,0.6
60253,LeftWing,Normal,0,0,0,0.35,0.3,0.15,0,0.1,0.3,0.1,1
60253,RightWing,Normal,0,0,0,0.35,0.3,0.15,0,0.1,0.3,0.1,1
60253,LeftLeg,Normal,0,0,0,0.35,0.3,0.25,0,0.05,0.15,0.05,0.4
60253,RightLeg,Normal,0,0,0,0.35,0.3,0.25,0,0.05,0.15,0.05,0.4
60254,WholeBody,Normal,0,0,0,0.01,0.01,0.01,0.01,0.01,0.01,0.01,0.01
60254,Head,Normal,0,0,0.6,0.18,0.18,0.15,0,0.15,0.1,0.5,0
60254,Neck,Normal,0,0,0.1,0.15,0.15,0.15,0,0.35,0.3,0.2,0
60254,Back,Normal,0,0,0,0.55,0.5,0.3,0.05,0.2,0.15,0.05,0
60254,Body,Normal,0,0,0,0.25,0.3,0.3,0.05,0.15,0.1,0.1,0
60254,Tail,Normal,0,0,0,0.35,0.35,0.24,0,0.1,0.5,0.05,0
60254,TailEnd,Normal,0,0,0,0.35,0.35,0.24,0,0.1,0.1,0.05,0
60254,LeftWing,Normal,0,0,0,0.44,0.44,0.25,0,0.25,0.15,0.1,0.1
60254,RightWing,Normal,0,0,0,0.44,0.44,0.25,0,0.25,0.15,0.1,0.1
60254,LeftLeg,Normal,0,0,0,0.35,0.35,0.45,0,0.1,0.1,0.05,0
60254,RightLeg,Normal,0,0,0,0.35,0.35,0.45,0,0.1,0.1,0.05,0
60254,WholeBody,Broken,0,0,0,0.01,0.01,0.01,0.01,0.01,0.01,0.01,0.01
60254,Head,Broken,0,0,0.6,0.45,0.45,0.3,0,0.15,0.1,0.05,0
60254,Neck,Broken,0,0,0.1,0.15,0.15,0.15,0,0.35,0.3,0.2,0
60254,Back,Broken,0,0,0,0.55,0.5,0.3,0.05,0.2,0.15,0.05,0
60254,Body,Broken,0,0,0,0.25,0.3,0.3,0.05,0.15,0.1,0.1,0
60254,Tail,Broken,0,0,0,0.35,0.35,0.24,0,0.1,0.5,0.05,0
60254,TailEnd,Broken,0,0,0,0.35,0.35,0.24,0,0.1,0.1,0.05,0
60254,LeftWing,Broken,0,0,0,0.44,0.44,0.25,0,0.25,0.15,0.1,0.1
60254,RightWing,Broken,0,0,0,0.44,0.44,0.25,0,0.25,0.15,0.1,0.1
60254,LeftLeg,Broken,0,0,0,0.35,0.35,0.45,0,0.1,0.1,0.05,0
60254,RightLeg,Broken,0,0,0,0.35,0.35,0.45,0,0.1,0.1,0.05,0
60256,WholeBody,Normal,0,0,0,0.01,0.01,0.01,0.01,0.01,0.01,0.01,0.01
60256,Head,Normal,0,0,0.8,0.6,0.55,0.35,0,0.1,0.15,0.1,0.2
60256,Neck,Normal,0,0,0,0.3,0.3,0.15,0,0.1,0.1,0.1,0.1
60256,Body,Normal,0,0,0,0.35,0.3,0.4,0,0.05,0.05,0.15,0.1
60256,Tail,Normal,0,0,0,0.26,0.26,0.2,0,0.05,0.1,0.05,0.2
60256,LeftWing,Normal,0,0,0,0.26,0.25,0.2,0,0.1,0.1,0.2,0.25
60256,RightWing,Normal,0,0,0,0.26,0.25,0.2,0,0.1,0.1,0.2,0.25
60256,LeftLeg,Normal,0,0,0,0.3,0.26,0.45,0,0.05,0.05,0.1,0.1
60256,RightLeg,Normal,0,0,0,0.3,0.26,0.45,0,0.05,0.05,0.1,0.1
60257,WholeBody,Normal,0,0,0,0.01,0.01,0.01,0.01,0.01,0.01,0.01,0.01
60257,Head,Normal,0,0,0.8,0.65,0.65,0.55,0,0.1,0.15,0.1,0.2
60257,Neck,Normal,0,0,0,0.3,0.3,0.2,0,0.1,0.1,0.1,0.1
60257,Body,Normal,0,0,0,0.35,0.4,0.4,0,0.05,0.2,0.05,0.1
60257,Tail,Normal,0,0,0,0.45,0.4,0.25,0,0.05,0.1,0.05,0.2
60257,LeftWing,Normal,0,0,0,0.35,0.35,0.2,0,0.1,0.25,0.1,0.35
60257,RightWing,Normal,0,0,0,0.35,0.35,0.2,0,0.1,0.25,0.1,0.35
60257,LeftLeg,Normal,0,0,0,0.35,0.35,0.3,0,0.05,0.1,0.05,0.1
60257,RightLeg,Normal,0,0,0,0.35,0.35,0.3,0,0.05,0.1,0.05,0.1
60260,WholeBody,Normal,0,0,0,0.01,0.01,0.01,0.01,0.01,0.01,0.01,0.01
60260,head,Normal,0,0,0.8,0.15,0.4,0.2,0,0,0,0,0
60260,Body,Normal,0,0,0,0.2,0.2,0.1,0,0,0,0,0
60260,LeftFoot,Normal,0,0,0,0.26,0.26,0.1,0,0,0,0,0
60260,RightFoot,Normal,0,0,0,0.26,0.26,0.1,0,0,0,0,0
60260,LeftHand,Normal,0,0,0,0.15,0.35,0.15,0,0,0,0,0
60260,RightHand,Normal,0,0,0,0.15,0.35,0.15,0,0,0,0,0
60260,tail,Normal,0,0,0,0.3,0.05,0.3,0,0,0,0,0
60260,WholeBody,FallDown,0,0,0,0.01,0.01,0.01,0,0,0,0,0
60260,head,FallDown,0,0,0.8,0.5,0.6,0.4,0,0,0,0,0
60260,Body,FallDown,0,0,0,0.5,0.5,0.8,0,0,0,0,0
60260,LeftFoot,FallDown,0,0,0,0.6,0.2,0.2,0,0,0,0,0
60260,RightFoot,FallDown,0,0,0,0.6,0.2,0.2,0,0,0,0,0
60260,LeftHand,FallDown,0,0,0,0.5,0.5,0.4,0,0,0,0,0
60260,RightHand,FallDown,0,0,0,0.5,0.5,0.4,0,0,0,0,0
60260,tail,FallDown,0,0,0,0.4,0.2,0.5,0,0,0,0,0
60261,WholeBody,Normal,0,0,0,0.01,0.01,0.01,0,0,0,0,0
60261,head,Normal,0,0,0.8,0.27,0.45,0.3,0,0,0,0,0
60261,Body,Normal,0,0,0,0.3,0.35,0.25,0,0,0,0,0
60261,LeftFoot,Normal,0,0,0,0.3,0.25,0.1,0,0,0,0,0
60261,RightFoot,Normal,0,0,0,0.3,0.25,0.1,0,0,0,0,0
60261,LeftHand,Normal,0,0,0,0.3,0.3,0.15,0,0,0,0,0
60261,RightHand,Normal,0,0,0,0.3,0.3,0.15,0,0,0,0,0
60261,tail,Normal,0,0,0,0.27,0.2,0.3,0.1,0.1,0.1,0.1,0.1
60262,WholeBody,Normal,0,0,0,0.01,0.01,0.01,0.01,0.01,0.01,0.01,0.01
60262,head,Normal,0,0,0.8,0.2,0.45,0.25,0,0,0,0,0
60262,Body,Normal,0,0,0,0.2,0.2,0.1,0,0,0,0,0
60262,LeftFoot,Normal,0,0,0,0.25,0.25,0.1,0,0,0,0,0
60262,RightFoot,Normal,0,0,0,0.25,0.25,0.1,0,0,0,0,0
60262,LeftHand,Normal,0,0,0,0.15,0.35,0.15,0,0,0,0,0
60262,RightHand,Normal,0,0,0,0.15,0.35,0.15,0,0,0,0,0
60262,tail,Normal,0,0,0,0.25,0.05,0.2,0,0,0,0,0
60262,WholeBody,FallDown,0,0,0,0.01,0.01,0.01,0,0,0,0,0
60262,head,FallDown,0,0,0.8,0.5,0.6,0.4,0,0,0,0,0
60262,Body,FallDown,0,0,0,0.5,0.5,0.8,0,0,0,0,0
60262,LeftFoot,FallDown,0,0,0,0.6,0.2,0.2,0,0,0,0,0
60262,RightFoot,FallDown,0,0,0,0.6,0.2,0.2,0,0,0,0,0
60262,LeftHand,FallDown,0,0,0,0.5,0.5,0.4,0,0,0,0,0
60262,RightHand,FallDown,0,0,0,0.5,0.5,0.4,0,0,0,0,0
60262,tail,FallDown,0,0,0,0.4,0.2,0.5,0,0,0,0,0
60266,WholeBody,Normal,0,0,0,0,0,0,0,0,0,0,0
60266,Body,Normal,0,0,0,0,0,0,0,0,0,0,0
60267,WholeBody,Normal,0,0,0,0.01,0.01,0.01,0.01,0.01,0.01,0.01,0.01
60267,Body,Normal,0,0,0,0.4,0.55,0.3,0,0,0,0,0
60268,WholeBody,Normal,0,0,0,0.01,0.01,0.01,0.01,0.01,0.01,0.01,0.01
60268,Body,Normal,0,0,0,0.4,0.55,0.3,0,0,0,0,0
60269,WholeBody,Normal,0,0,0,0.01,0.01,0.01,0.01,0.01,0.01,0.01,0.01
60269,Body,Normal,0,0,0,0.4,0.55,0.3,0,0,0,0,0
60270,WholeBody,Normal,0,0,0,0.01,0.01,0.01,0.01,0.01,0.01,0.01,0.01
60270,Head,Normal,0,0,1,0.3,0.8,0.4,0,0,0.05,0.05,0
60270,Body,Normal,0,0,0,0.5,0.3,0.25,0,0,0.1,0.05,0
60270,Tail,Normal,0,0,0,0.4,0.2,0.75,0,0,0.2,0.05,0
60270,LeftHand,Normal,0,0,0,0.3,0.5,0.25,0,0,0.25,0.05,0
60270,RightHand,Normal,0,0,0,0.3,0.5,0.25,0,0,0.25,0.05,0
60270,LeftLeg,Normal,0,0,0,0.3,0.5,0.25,0,0,0.25,0.05,0
60270,RightLeg,Normal,0,0,0,0.3,0.5,0.25,0,0,0.25,0.05,0
60280,WholeBody,Normal,0,0,0,0.01,0.01,0.01,0.01,0.01,0.01,0.01,0.01
60280,Head,Normal,0,0,1,0.75,0.65,0.4,0,0.15,0.3,0.05,0.2
60280,Neck,Normal,0,0,0,0.5,0.5,0.25,0,0.1,0.2,0.05,0.15
60280,Back,Normal,0,0,0,0.28,0.3,0.2,0.15,0.15,0.25,0.1,0.15
60280,Belly,Normal,0,0,0,0.45,0.4,0.25,0,0.15,0.25,0.1,0.05
60280,Tail,Normal,0,0,0,0.35,0.3,0.15,0,0.05,0.15,0,0.15
60280,LeftHand,Normal,0,0,0,0.28,0.2,0.3,0,0.15,0.2,0.1,0.15
60280,RightHand,Normal,0,0,0,0.28,0.2,0.3,0,0.15,0.2,0.1,0.15
60280,LeftLeg,Normal,0,0,0,0.4,0.45,0.4,0,0.05,0.1,0,0.05
60280,RightLeg,Normal,0,0,0,0.4,0.45,0.4,0,0.05,0.1,0,0.05
60280,WholeBody,Angry,0,0,0,0.01,0.01,0.01,0.01,0.01,0.01,0.01,0.01
60280,Head,Angry,0,0,1,0.8,0.7,0.45,0,0.15,0.35,0.05,0.2
60280,Neck,Angry,0,0,0,0.55,0.55,0.2,0,0.1,0.2,0.05,0.15
60280,Back,Angry,0,0,0,0.3,0.35,0.2,0.15,0.15,0.25,0.1,0.15
60280,Belly,Angry,0,0,0,0.5,0.45,0.2,0,0.15,0.25,0.1,0.05
60280,LeftHand,Angry,0,0,0,0.35,0.3,0.1,0,0.05,0.15,0,0.15
60280,RightHand,Angry,0,0,0,0.3,0.25,0.3,0,0.15,0.25,0.1,0.15
60280,LeftLeg,Angry,0,0,0,0.3,0.25,0.3,0,0.15,0.25,0.1,0.15
60280,RightLeg,Angry,0,0,0,0.4,0.45,0.4,0,0.05,0.1,0,0.05
60280,Tail,Angry,0,0,0,0.4,0.45,0.4,0,0.05,0.1,0,0.05
60281,WholeBody,Normal,0,0,0,0.01,0.01,0.01,0.01,0.01,0.01,0.01,0.01
60281,Head,Normal,0,0,1,0.65,0.55,0.4,0,0.2,0.05,0.15,0.15
60281,Neck,Normal,0,0,0,0.44,0.44,0.34,0,0.2,0.05,0.15,0.15
60281,Back,Normal,0,0,0,0.4,0.35,0.3,0,0.2,0.1,0.15,0.05
60281,Belly,Normal,0,0,0,0.3,0.35,0.25,0.1,0.15,0.1,0.1,0.05
60281,Tail,Normal,0,0,0,0.35,0.3,0.3,0,0.15,0.05,0.1,0.15
60281,LeftHand,Normal,0,0,0,0.3,0.3,0.23,0,0.2,0.05,0.15,0.1
60281,RightHand,Normal,0,0,0,0.3,0.3,0.23,0,0.2,0.05,0.15,0.1
60281,LeftLeg,Normal,0,0,0,0.3,0.3,0.25,0,0.15,0.1,0.1,0.05
60281,RightLeg,Normal,0,0,0,0.3,0.3,0.25,0,0.15,0.1,0.1,0.05
60281,WholeBody,Angry,0,0,0,0.01,0.01,0.01,0.01,0.01,0.01,0.01,0.01
60281,Head,Angry,0,0,1,0.7,0.6,0.45,0,0.2,0.05,0.15,0.15
60281,Neck,Angry,0,0,0,0.44,0.44,0.4,0,0.2,0.05,0.15,0.15
60281,Back,Angry,0,0,0,0.4,0.35,0.3,0,0.2,0.1,0.15,0.05
60281,Belly,Angry,0,0,0,0.35,0.4,0.25,0.1,0.15,0.1,0.1,0.05
60281,Tail,Angry,0,0,0,0.35,0.3,0.3,0,0.15,0.05,0.1,0.15
60281,LeftHand,Angry,0,0,0,0.32,0.32,0.25,0,0.2,0.05,0.15,0.1
60281,RightHand,Angry,0,0,0,0.32,0.32,0.25,0,0.2,0.05,0.15,0.1
60281,LeftLeg,Angry,0,0,0,0.3,0.3,0.25,0,0.15,0.1,0.1,0.05
60281,RightLeg,Angry,0,0,0,0.3,0.3,0.25,0,0.15,0.1,0.1,0.05
60282,WholeBody,Normal,0,0,0,0.01,0.01,0.01,0.01,0.01,0.01,0.01,0.01
60282,Head,Normal,0,0,1,0.65,0.55,0.4,0,0.15,0.3,0.05,0.2
60282,Neck,Normal,0,0,0,0.45,0.45,0.25,0,0.1,0.2,0.05,0.15
60282,Back,Normal,0,0,0,0.28,0.3,0.2,0.15,0.15,0.25,0.1,0.15
60282,Belly,Normal,0,0,0,0.45,0.4,0.25,0,0.15,0.25,0.1,0.05
60282,Tail,Normal,0,0,0,0.35,0.3,0.15,0,0.05,0.15,0,0.15
60282,LeftHand,Normal,0,0,0,0.28,0.2,0.3,0,0.15,0.2,0.1,0.15
60282,RightHand,Normal,0,0,0,0.28,0.2,0.3,0,0.15,0.2,0.1,0.15
60282,LeftLeg,Normal,0,0,0,0.35,0.4,0.4,0,0.05,0.1,0,0.05
60282,RightLeg,Normal,0,0,0,0.35,0.4,0.4,0,0.05,0.1,0,0.05
60284,WholeBody,Normal,0,0,0,0.01,0.01,0.01,0.01,0.01,0.01,0.01,0.01
60284,Head,Normal,0,0,1,0.75,0.65,0.4,0,0.15,0.6,0.05,0.2
60284,Neck,Normal,0,0,0,0.5,0.5,0.25,0,0.1,0.4,0.05,0.15
60284,Back,Normal,0,0,0,0.28,0.3,0.2,0.15,0.15,0.5,0.1,0.15
60284,Belly,Normal,0,0,0,0.45,0.4,0.25,0,0.15,0.5,0.1,0.05
60284,Tail,Normal,0,0,0,0.35,0.3,0.15,0,0.05,0.3,0,0.15
60284,LeftHand,Normal,0,0,0,0.28,0.2,0.3,0,0.15,0.4,0.1,0.15
60284,RightHand,Normal,0,0,0,0.28,0.2,0.3,0,0.15,0.4,0.1,0.15
60284,LeftLeg,Normal,0,0,0,0.4,0.45,0.4,0,0.05,0.2,0,0.05
60284,RightLeg,Normal,0,0,0,0.4,0.45,0.4,0,0.05,0.2,0,0.05
60284,WholeBody,Angry,0,0,0,0.01,0.01,0.01,0.01,0.01,0.01,0.01,0.01
60284,Head,Angry,0,0,1,0.8,0.7,0.45,0,0.15,0.7,0.05,0.2
60284,Neck,Angry,0,0,0,0.55,0.55,0.2,0,0.1,0.4,0.05,0.15
60284,Back,Angry,0,0,0,0.3,0.35,0.2,0.15,0.15,0.5,0.1,0.15
60284,Belly,Angry,0,0,0,0.5,0.45,0.2,0,0.15,0.5,0.1,0.05
60284,LeftHand,Angry,0,0,0,0.35,0.3,0.1,0,0.05,0.3,0,0.15
60284,RightHand,Angry,0,0,0,0.3,0.25,0.3,0,0.15,0.5,0.1,0.15
60284,LeftLeg,Angry,0,0,0,0.3,0.25,0.3,0,0.15,0.5,0.1,0.15
60284,RightLeg,Angry,0,0,0,0.4,0.45,0.4,0,0.05,0.2,0,0.05
60284,Tail,Angry,0,0,0,0.4,0.45,0.4,0,0.05,0.2,0,0.05
60285,WholeBody,Normal,0,0,0,0.01,0.01,0.01,0.01,0.01,0.01,0.01,0.01
60285,Head,Normal,0,0,1,0.5,0.45,0.4,0,0.1,0.3,0,0.05
60285,Neck,Normal,0,0,0,0.45,0.35,0.35,0,0.05,0,0,0.05
60285,Back,Normal,0,0,0,0.28,0.3,0.2,0.05,0.1,0.1,0.05,0.25
60285,Belly,Normal,0,0,0,0.45,0.4,0.25,0,0.15,0.1,0.05,0
60285,Tail,Normal,0,0,0,0.26,0.26,0.15,0.1,0,0,0,0
60285,LeftHand,Normal,0,0,0,0.22,0.2,0.2,0,0,0,0.05,0
60285,RightHand,Normal,0,0,0,0.22,0.2,0.2,0,0,0,0.05,0
60285,LeftLeg,Normal,0,0,0,0.3,0.3,0.3,0,0.1,0.05,0,0
60285,RightLeg,Normal,0,0,0,0.3,0.3,0.3,0,0.1,0.2,0,0
60285,WholeBody,Angry,0,0,0,0.01,0.01,0.01,0.01,0.01,0.01,0.01,0.01
60285,Head,Angry,0,0,1,0.6,0.55,0.45,0,0.1,0.3,0,0.05
60285,Neck,Angry,0,0,0,0.5,0.4,0.35,0,0.05,0,0,0.05
60285,Back,Angry,0,0,0,0.28,0.3,0.3,0.1,0.1,0.1,0.05,0.3
60285,Belly,Angry,0,0,0,0.45,0.4,0.2,0,0.2,0.1,0.05,0
60285,Tail,Angry,0,0,0,0.3,0.3,0.2,0,0,0,0,0
60285,LeftHand,Angry,0,0,0,0.26,0.3,0.25,0,0,0,0.05,0.1
60285,RightHand,Angry,0,0,0,0.26,0.3,0.25,0,0,0,0.05,0.1
60285,LeftLeg,Angry,0,0,0,0.3,0.4,0.3,0,0.1,0.15,0,0
60285,RightLeg,Angry,0,0,0,0.3,0.4,0.3,0,0.1,0.3,0,0
60290,WholeBody,Normal,0,0,0,0.01,0.01,0.01,0.01,0.01,0.01,0.01,0.01
60290,Head,Normal,0,0,0.5,0.35,0.35,0.2,0,0.3,0.15,0.15,0.05
60290,Body,Normal,0,0,0,0.4,0.35,0.35,0,0.2,0.15,0.15,0.05
60290,LeftLeg,Normal,0,0,0,0.35,0.4,0.2,0,0.2,0.1,0.1,0.05
60290,RightLeg,Normal,0,0,0,0.35,0.4,0.2,0,0.2,0.1,0.1,0.05
60290,Tail,Normal,0,0,0,0.45,0.3,0.3,0,0.15,0.1,0.1,0.05
60290,LeftWing,Normal,0,0,0,0.27,0.45,0.27,0,0.15,0.1,0.1,0.05
60290,RightWing,Normal,0,0,0,0.27,0.45,0.27,0,0.15,0.1,0.1,0.05
60300,WholeBody,Normal,0,0,0,0.01,0.01,0.01,0.01,0.01,0.01,0.01,0.01
60300,Head,Normal,0,0,1,0.26,0.15,0.26,0,0.15,0.15,0.3,0.15
60300,Neck,Normal,0,0,0,0.45,0.65,0.55,0,0.1,0.1,0.2,0.1
60300,Back,Normal,0,0,0,0.26,0.35,0.35,0.1,0.15,0.15,0.3,0.15
60300,Body,Normal,0,0,0,0.4,0.5,0.3,0,0.1,0.1,0.2,0.1
60300,Tail,Normal,0,0,0,0.6,0.55,0.55,0,0.1,0.1,0.2,0.1
60300,TailTip,Normal,0,0,0,0.28,0.35,0.15,0.1,0.15,0.15,0.35,0.15
60300,LeftWing,Normal,0,0,0,0.4,0.55,0.45,0.1,0.15,0.15,0.25,0.15
60300,RightWing,Normal,0,0,0,0.4,0.55,0.45,0.1,0.15,0.15,0.25,0.15
60300,Wings,Normal,0,0,0,0.4,0.3,0.45,0,0.1,0.1,0.2,0.1
60300,LeftLeg,Normal,0,0,0,0.3,0.35,0.35,0,0.05,0.05,0.1,0.05
60300,RightLeg,Normal,0,0,0,0.3,0.35,0.35,0,0.05,0.05,0.1,0.05
60301,WholeBody,Normal,0,0,0,0.01,0.01,0.01,0.01,0.01,0.01,0.01,0.01
60301,Head,Normal,0,0,1,0.24,0.15,0.2,0,0.15,0.15,0.2,0.15
60301,Neck,Normal,0,0,0,0.45,0.45,0.3,0,0.1,0.1,0.15,0.1
60301,Back,Normal,0,0,0,0.23,0.42,0.2,0.1,0.15,0.15,0.25,0.15
60301,Body,Normal,0,0,0,0.68,0.75,0.35,0,0.1,0.1,0.1,0.1
60301,Tail,Normal,0,0,0,0.5,0.24,0.45,0,0.05,0.05,0.08,0.05
60301,TailTip,Normal,0,0,0,0.22,0.35,0.1,0.1,0.15,0.15,0.3,0.15
60301,LeftWing,Normal,0,0,0,0.23,0.42,0.2,0.1,0.15,0.15,0.25,0.15
60301,RightWing,Normal,0,0,0,0.23,0.42,0.2,0.1,0.15,0.15,0.25,0.15
60301,Wings,Normal,0,0,0,0.4,0.3,0.45,0,0.1,0.1,0.2,0.1
60301,LeftLeg,Normal,0,0,0,0.35,0.35,0.3,0,0.05,0.05,0.08,0.05
60301,RightLeg,Normal,0,0,0,0.35,0.35,0.3,0,0.05,0.05,0.08,0.05
60302,WholeBody,Normal,0,0,0,0.01,0.01,0.01,0.01,0.01,0.01,0.01,0.01
60302,Head,Normal,0,0,1,0.24,0.15,0.2,0,0.15,0.15,0.2,0.15
60302,Neck,Normal,0,0,0,0.45,0.45,0.3,0,0.1,0.1,0.15,0.1
60302,Back,Normal,0,0,0,0.23,0.42,0.2,0.1,0.15,0.15,0.25,0.15
60302,Body,Normal,0,0,0,0.68,0.75,0.35,0,0.1,0.1,0.1,0.1
60302,Tail,Normal,0,0,0,0.5,0.24,0.45,0,0.05,0.05,0.08,0.05
60302,TailTip,Normal,0,0,0,0.22,0.35,0.1,0.1,0.15,0.15,0.3,0.15
60302,LeftWing,Normal,0,0,0,0.23,0.42,0.2,0.1,0.15,0.15,0.25,0.15
60302,RightWing,Normal,0,0,0,0.23,0.42,0.2,0.1,0.15,0.15,0.25,0.15
60302,Wings,Normal,0,0,0,0.4,0.3,0.45,0,0.1,0.1,0.2,0.1
60302,LeftLeg,Normal,0,0,0,0.35,0.35,0.3,0,0.05,0.05,0.08,0.05
60302,RightLeg,Normal,0,0,0,0.35,0.35,0.3,0,0.05,0.05,0.08,0.05
60310,WholeBody,Normal,0,0,0,0.01,0.01,0.01,0.01,0.01,0.01,0,0.01
60310,Head,Normal,0,0,1,0.5,0.6,0.3,0.1,0.05,0.3,0,0.35
60310,Body,Normal,0,0,0,0.35,0.5,0.25,0.1,0.05,0.15,0,0.2
60310,LeftLeg,Normal,0,0,0,0.3,0.35,0.25,0.1,0.05,0.15,0,0.2
60310,RightLeg,Normal,0,0,0,0.3,0.35,0.25,0.1,0.05,0.15,0,0.2
60310,LeftWing,Normal,0,0,0,0.26,0.15,0.2,0.1,0.05,0.15,0,0.2
60310,RightWing,Normal,0,0,0,0.26,0.15,0.2,0.1,0.05,0.15,0,0.2
60310,LeftHand,Normal,0,0,0,0.3,0.25,0.2,0.1,0.05,0.2,0,0.2
60310,RightHand,Normal,0,0,0,0.3,0.25,0.2,0.1,0.05,0.2,0,0.2
60310,Tail,Normal,0,0,0,0.35,0.3,0.4,0.1,0.05,0.3,0,0.3
60311,WholeBody,Normal,0,0,0,0.01,0.01,0.01,0.01,0.01,0.01,0.01,0.01
60311,Head,Normal,0,0,1,0.45,0.45,0.35,0.05,0.35,0.05,0,0.3
60311,Body,Normal,0,0,0,0.3,0.4,0.2,0,0.2,0.05,0,0.2
60311,LeftLeg,Normal,0,0,0,0.23,0.23,0.18,0,0.1,0.05,0,0.1
60311,RightLeg,Normal,0,0,0,0.23,0.23,0.18,0,0.1,0.05,0,0.1
60311,LeftWing,Normal,0,0,0,0.25,0.15,0.2,0,0.15,0.05,0,0.2
60311,RightWing,Normal,0,0,0,0.25,0.15,0.2,0,0.15,0.05,0,0.2
60311,LeftHand,Normal,0,0,0,0.3,0.3,0.2,0,0.2,0.05,0,0.2
60311,RightHand,Normal,0,0,0,0.3,0.3,0.2,0,0.2,0.05,0,0.2
60311,Tail,Normal,0,0,0,0.3,0.26,0.35,0,0.3,0.05,0,0.25
60311,WholeBody,Wind,0,0,0,0.01,0.01,0.01,0.01,0.01,0.01,0.01,0.01
60311,Body,Wind,0,0,0,0.26,0.35,0.2,0,0.25,0,0,0.1
60311,Head,Wind,0,0,1,0.4,0.4,0.3,0.1,0.4,0.05,0,0.35
60311,LeftLeg,Wind,0,0,0,0.18,0.18,0.16,0,0.15,0,0,0.1
60311,RightLeg,Wind,0,0,0,0.18,0.18,0.16,0,0.15,0,0,0.1
60311,LeftWing,Wind,0,0,0,0.23,0.15,0.2,0,0.2,0,0,0.1
60311,RightWing,Wind,0,0,0,0.23,0.15,0.2,0,0.2,0,0,0.1
60311,LeftHand,Wind,0,0,0,0.26,0.26,0.2,0,0.2,0,0,0.1
60311,RightHand,Wind,0,0,0,0.26,0.26,0.2,0,0.2,0,0,0.1
60311,Tail,Wind,0,0,0,0.26,0.26,0.25,0,0.4,0,0,0.35
60330,WholeBody,Normal,0,0,0,0.01,0.01,0.01,0.01,0.01,0.01,0.01,0.01
60330,Head,Normal,0,0,1,0.45,0.5,0.3,0.35,0,0.2,0,0.35
60330,Body,Normal,0,0,0,0.26,0.3,0.22,0.35,0,0.15,0.05,0.2
60330,LeftLeg,Normal,0,0,0,0.3,0.27,0.2,0.25,0,0.1,0,0.25
60330,RightLeg,Normal,0,0,0,0.3,0.27,0.2,0.25,0,0.1,0,0.25
60330,LeftWing,Normal,0,0,0,0.26,0.23,0.3,0.1,0,0.15,0,0.15
60330,RightWing,Normal,0,0,0,0.26,0.23,0.3,0.1,0,0.15,0,0.15
60330,LeftHand,Normal,0,0,0,0.28,0.26,0.2,0.15,0,0.2,0,0.1
60330,RightHand,Normal,0,0,0,0.28,0.26,0.2,0.15,0,0.2,0,0.1
60330,Tail,Normal,0,0,0,0.3,0.23,0.2,0.1,0,0.1,0,0.05
60330,WholeBody,Stealth,0,0,0,0.01,0.01,0.01,0.01,0.01,0.01,0.01,0.01
60330,Head,Stealth,0,0,1,0.4,0.45,0.25,0.4,0,0.2,0,0.35
60330,Body,Stealth,0,0,0,0.23,0.26,0.2,0.4,0,0.15,0.05,0.2
60330,LeftLeg,Stealth,0,0,0,0.26,0.23,0.15,0.3,0,0.15,0,0.25
60330,RightLeg,Stealth,0,0,0,0.26,0.23,0.15,0.3,0,0.15,0,0.25
60330,LeftWing,Stealth,0,0,0,0.2,0.2,0.25,0.15,0,0.15,0,0.15
60330,RightWing,Stealth,0,0,0,0.2,0.2,0.25,0.15,0,0.15,0,0.15
60330,LeftHand,Stealth,0,0,0,0.2,0.23,0.15,0.2,0,0.1,0,0.1
60330,RightHand,Stealth,0,0,0,0.2,0.23,0.15,0.2,0,0.1,0,0.1
60330,Tail,Stealth,0,0,0,0.23,0.2,0.2,0.15,0,0.1,0,0.05
60336,WholeBody,Normal,0,0,0,0.01,0.01,0.01,0.01,0.01,0.01,0.01,0.01
60336,Body,Normal,0,0,0.8,1,1,1,1,1,1,1,1
60337,WholeBody,Normal,0,0,0,0.01,0.01,0.01,0.01,0.01,0.01,0.01,0.01
60337,Body,Normal,0,0,0.8,1,1,1,1,1,1,1,1
60338,WholeBody,Normal,0,0,0,0.01,0.01,0.01,0.01,0.01,0.01,0.01,0.01
60338,Body,Normal,0,0,0.8,1,1,1,1,1,1,1,1
60339,WholeBody,Normal,0,0,0,0.01,0.01,0.01,0.01,0.01,0.01,0.01,0.01
60339,Body,Normal,0,0,0.8,1,1,1,1,1,1,1,1
60340,WholeBody,Normal,0,0,0,0.01,0.01,0.01,0.01,0.01,0.01,0.01,0.01
60340,Head,Normal,0,0,1,0.35,0.4,0.2,0.1,0.3,0.1,0,0
60340,LeftLeg,Normal,0,0,0,0.26,0.26,0.2,0.05,0.3,0.1,0,0
60340,LeftHand,Normal,0,0,0,0.25,0.25,0.2,0.05,0.3,0.1,0,0
60340,RightLeg,Normal,0,0,0,0.26,0.26,0.2,0.05,0.3,0.1,0,0
60340,RightHand,Normal,0,0,0,0.25,0.25,0.2,0.05,0.3,0.1,0,0
60340,Back,Normal,0,0,0,0.25,0.35,0.3,0.05,0.2,0.1,0,0
60340,Body,Normal,0,0,0,0.3,0.25,0.2,0.05,0.1,0.1,0,0
60340,Tail,Normal,0,0,0,0.35,0.25,0.3,0.1,0.1,0.1,0,0
60340,WholeBody,Angry,0,0,0,0.01,0.01,0.01,0.01,0.01,0.01,0.01,0.01
60340,Head,Angry,0,0,1,0.4,0.45,0.3,0.15,0.3,0.1,0,0
60340,LeftLeg,Angry,0,0,0,0.26,0.26,0.25,0.05,0.4,0.1,0,0
60340,LeftHand,Angry,0,0,0,0.25,0.25,0.25,0.05,0.4,0.1,0,0
60340,RightLeg,Angry,0,0,0,0.26,0.26,0.25,0.05,0.4,0.1,0,0
60340,RightHand,Angry,0,0,0,0.25,0.25,0.25,0.05,0.4,0.1,0,0
60340,Back,Angry,0,0,0,0.5,0.6,0.4,0.05,0,0.1,0,0
60340,Body,Angry,0,0,0,0.3,0.3,0.25,0.2,0.1,0.1,0,0
60340,Tail,Angry,0,0,0,0.45,0.3,0.3,0.15,0.2,0.1,0,0
60341,WholeBody,Normal,0,0,0,0.01,0.01,0.01,0.01,0.01,0.01,0.01,0.01
60341,Head,Normal,0,0,1,0.35,0.4,0.2,0.1,0.3,0.1,0,0
60341,LeftLeg,Normal,0,0,0,0.25,0.25,0.2,0.05,0.3,0.1,0,0
60341,LeftHand,Normal,0,0,0,0.26,0.26,0.2,0.05,0.3,0.1,0,0
60341,RightLeg,Normal,0,0,0,0.25,0.25,0.2,0.05,0.3,0.1,0,0
60341,RightHand,Normal,0,0,0,0.26,0.26,0.2,0.05,0.3,0.1,0,0
60341,Back,Normal,0,0,0,0.25,0.35,0.3,0.05,0.2,0.1,0,0
60341,Body,Normal,0,0,0,0.3,0.25,0.2,0.05,0.1,0.1,0,0
60341,Tail,Normal,0,0,0,0.35,0.25,0.3,0.1,0.1,0.1,0,0
60341,WholeBody,Angry,0,0,0,0.01,0.01,0.01,0.01,0.01,0.01,0.01,0.01
60341,Head,Angry,0,0,1,0.4,0.45,0.3,0.15,0.3,0.1,0,0
60341,LeftLeg,Angry,0,0,0,0.25,0.25,0.25,0.05,0.4,0.1,0,0
60341,LeftHand,Angry,0,0,0,0.26,0.26,0.25,0.05,0.4,0.1,0,0
60341,RightLeg,Angry,0,0,0,0.25,0.25,0.25,0.05,0.4,0.1,0,0
60341,RightHand,Angry,0,0,0,0.26,0.26,0.25,0.05,0.4,0.1,0,0
60341,Back,Angry,0,0,0,0.5,0.6,0.4,0.05,0,0.1,0,0
60341,Body,Angry,0,0,0,0.3,0.3,0.25,0.2,0.1,0.1,0,0
60341,Tail,Angry,0,0,0,0.45,0.3,0.3,0.15,0.2,0.1,0,0
60350,WholeBody,Normal,0,0,0,0.01,0.01,0.01,0.01,0.01,0.01,0.01,0.01
60350,Body,Normal,0,0,0,0.23,0.24,0.23,0.05,0.05,0,0.05,0.05
60350,Head,Normal,0,0,1,0.65,0.7,0.65,0.05,0.05,0,0.05,0.05
60350,Face,Normal,0,0,1,0.45,0.4,0.5,0.05,0.05,0,0.05,0.05
60360,WholeBody,Normal,0,0,0,0.01,0.01,0.01,0.01,0.01,0.01,0.01,0.01
60360,Head,Normal,0,0,1,0.3,0.35,0.25,0,0.1,0.05,0.3,0.1
60360,Neck,Normal,0,0,1,0.3,0.35,0.25,0,0.1,0.05,0.15,0.1
60360,Back,Normal,0,0,0,0.25,0.25,0.25,0,0.05,0.05,0.15,0.1
60360,Abdomen,Normal,0,0,0,0.45,0.4,0.4,0,0.05,0.05,0.3,0.05
60360,Tail,Normal,0,0,0,0.25,0.25,0.25,0,0.05,0.05,0.25,0.05
60360,LeftWing,Normal,0,0,0,0.2,0.25,0.2,0,0.05,0.05,0.15,0.1
60360,RightWing,Normal,0,0,0,0.2,0.25,0.2,0,0.05,0.05,0.15,0.1
60360,LeftLeg,Normal,0,0,0,0.25,0.3,0.3,0,0.05,0.05,0.05,0.05
60360,RightLeg,Normal,0,0,0,0.25,0.3,0.3,0,0.05,0.05,0.05,0.05
60360,WholeBody,Angry,0,0,0,0.01,0.01,0.01,0.01,0.01,0.01,0.01,0.01
60360,Head,Angry,0,0,1,0.45,0.4,0.3,0,0.1,0.05,0.35,0.15
60360,Neck,Angry,0,0,1,0.35,0.3,0.25,0,0.1,0.05,0.2,0.1
60360,Back,Angry,0,0,0,0.3,0.3,0.2,0,0.05,0.05,0.35,0.1
60360,Abdomen,Angry,0,0,0,0.5,0.45,0.35,0,0.05,0.05,0.4,0.15
60360,Tail,Angry,0,0,0,0.35,0.3,0.25,0,0.05,0.05,0.3,0.05
60360,LeftWing,Angry,0,0,0,0.3,0.3,0.25,0,0.05,0.05,0.2,0.1
60360,RightWing,Angry,0,0,0,0.3,0.3,0.25,0,0.05,0.05,0.2,0.1
60360,LeftLeg,Angry,0,0,0,0.25,0.3,0.3,0,0.05,0.05,0.1,0.05
60360,RightLeg,Angry,0,0,0,0.25,0.3,0.3,0,0.05,0.05,0.1,0.05
60361,WholeBody,Normal,0,0,0,0.01,0.01,0.01,0.01,0.01,0.01,0.01,0.01
60361,Head,Normal,0,0,1,0.15,0.2,0.35,0.1,0.25,0.1,0.05,0
60361,Neck,Normal,0,0,0,0.2,0.2,0.25,0.1,0.1,0.1,0.05,0
60361,Back,Normal,0,0,0,0.1,0.15,0.25,0.05,0.15,0.1,0.05,0
60361,Abdomen,Normal,0,0,0,0.45,0.4,0.4,0.05,0.25,0.05,0.05,0
60361,Tail,Normal,0,0,0,0.25,0.25,0.25,0.05,0.15,0.05,0.05,0
60361,LeftWing,Normal,0,0,0,0.1,0.25,0.1,0.05,0.1,0.1,0.05,0
60361,RightWing,Normal,0,0,0,0.1,0.25,0.1,0.05,0.1,0.1,0.05,0
60361,LeftLeg,Normal,0,0,0,0.2,0.2,0.4,0.05,0.05,0.05,0.05,0
60361,RightLeg,Normal,0,0,0,0.2,0.2,0.4,0.05,0.05,0.05,0.05,0
60361,WholeBody,Angry,0,0,0,0.01,0.01,0.01,0.01,0.01,0.01,0.01,0.01
60361,Head,Angry,0,0,1,0.5,0.4,0.3,0.1,0.35,0.15,0,0.05
60361,Neck,Angry,0,0,0,0.4,0.35,0.25,0.1,0.15,0.1,0.05,0
60361,Back,Angry,0,0,0,0.25,0.3,0.2,0.05,0.25,0.1,0.05,0
60361,Abdomen,Angry,0,0,0,0.55,0.45,0.35,0.05,0.4,0.15,0.05,0
60361,Tail,Angry,0,0,0,0.35,0.25,0.25,0.05,0.15,0.1,0.05,0
60361,LeftWing,Angry,0,0,0,0.3,0.3,0.25,0.05,0.15,0.1,0.05,0
60361,RightWing,Angry,0,0,0,0.3,0.3,0.25,0.05,0.15,0.1,0.05,0
60361,LeftLeg,Angry,0,0,0,0.2,0.2,0.3,0.05,0.05,0.05,0.05,0
60361,RightLeg,Angry,0,0,0,0.2,0.2,0.3,0.05,0.05,0.05,0.05,0
60370,WholeBody,Normal,0,0,0,0.01,0.01,0.01,0,0,0,0,0
60370,Head,Normal,0,0,0,0.5,0.6,0.35,0,0,0,0.35,0.3
60370,Eye,Normal,0,0,0,0.9,0.9,0.6,0.05,0,0,0.25,0.2
60370,Mouth,Normal,0,0,0,0.8,0.7,0.9,0,0.1,0,0.4,0.5
60370,Antennae,Normal,0,0,0,0.55,0.5,0.25,0,0,0,0.3,0.2
60370,LeftArm,Normal,0,0,0,0.5,0.5,0.3,0,0,0,0.3,0.3
60370,RightArm,Normal,0,0,0,0.5,0.5,0.3,0,0,0,0.3,0.3
60370,LeftLeg,Normal,0,0,0,0.5,0.5,0.3,0,0,0,0.3,0.3
60370,RightLeg,Normal,0,0,0,0.5,0.5,0.3,0,0,0,0.3,0.3
60370,Back,Normal,0,0,0,0.5,0.6,0.4,0,0,0,0.2,0.25
60370,Abdomen,Normal,0,0,0,0.65,0.6,0.3,0,0,0,0.3,0.2
60370,Shell1,Normal,0,0,0,0.5,0.6,0.4,0,0,0,0.2,0.25
60370,Shell2,Normal,0,0,0,0.5,0.6,0.4,0,0,0,0.2,0.25
60370,Shell3,Normal,0,0,0,0.5,0.6,0.4,0,0,0,0.2,0.25
60370,Shell4,Normal,0,0,0,0.5,0.6,0.4,0,0,0,0.2,0.25
60370,Head,Hard,0,0,0,0.05,0.05,0.05,0,0,0,0,0
60370,Eye,Hard,0,0,0,0.05,0.05,0.05,0,0,0,0,0
60370,Mouth,Hard,0,0,0,0.05,0.05,0.05,0,0,0,0,0
60370,Antennae,Hard,0,0,0,0.05,0.05,0.05,0,0,0,0,0
60370,LeftArm,Hard,0,0,0,0.5,0.5,0.3,0,0,0,0,0
60370,RightArm,Hard,0,0,0,0.5,0.5,0.3,0,0,0,0,0
60370,LeftLeg,Hard,0,0,0,0.5,0.5,0.3,0,0,0,0,0
60370,RightLeg,Hard,0,0,0,0.5,0.5,0.3,0,0,0,0,0
60370,Back,Hard,0,0,0,0.05,0.05,0.05,0,0,0,0,0
60370,Abdomen,Hard,0,0,0,0.05,0.05,0.05,0,0,0,0,0
60370,Shell1,Hard,0,0,0,0.05,0.05,0.05,0,0,0,0,0
60370,Shell2,Hard,0,0,0,0.05,0.05,0.05,0,0,0,0,0
60370,Shell3,Hard,0,0,0,0.05,0.05,0.05,0,0,0,0,0
60370,Shell4,Hard,0,0,0,0.05,0.05,0.05,0,0,0,0,0
60371,WholeBody,Normal,0,0,0,0.01,0.01,0.01,0,0,0,0,0
60371,Body,Normal,0,0,0,0.5,0.5,0.3,0,0,0,0.2,0.25
60380,WholeBody,Normal,0,0,0,0.01,0.01,0.01,0.01,0.01,0.01,0.01,0.01
60380,Body,Normal,0,0,0,0.2,0.25,0.2,0,0.05,0.05,0.15,0.1
60380,Head,Normal,0,0,1,0.4,0.6,0.3,0,0.1,0.1,0.25,0.2
60380,LeftLeg,Normal,0,0,0,0.35,0.4,0.2,0,0.05,0.05,0.15,0.1
60380,RightLeg,Normal,0,0,0,0.35,0.4,0.2,0,0.05,0.05,0.15,0.1
60380,LeftWing,Normal,0,0,0,0.2,0.15,0.2,0,0.05,0.05,0.15,0.1
60380,RightWing,Normal,0,0,0,0.2,0.15,0.2,0,0.05,0.05,0.15,0.1
60380,LeftHand,Normal,0,0,0,0.35,0.4,0.2,0,0.05,0.05,0.15,0.1
60380,RightHand,Normal,0,0,0,0.35,0.4,0.2,0,0.05,0.05,0.15,0.1
60380,Tail,Normal,0,0,0,0.4,0.25,0.6,0,0.1,0.05,0.25,0.25
60380,WholeBody,Angry,0,0,0,0.01,0.01,0.01,0.01,0.01,0.01,0.01,0.01
60380,Body,Angry,0,0,0,0.2,0.25,0.2,0,0.05,0.05,0.05,0.05
60380,Head,Angry,0,0,1,0.5,0.6,0.3,0,0.15,0.1,0.1,0.25
60380,LeftLeg,Angry,0,0,0,0.4,0.5,0.35,0,0.1,0.05,0.05,0.05
60380,RightLeg,Angry,0,0,0,0.4,0.5,0.35,0,0.1,0.05,0.05,0.05
60380,LeftWing,Angry,0,0,0,0.2,0.2,0.1,0,0.1,0.05,0.05,0.05
60380,RightWing,Angry,0,0,0,0.2,0.2,0.1,0,0.1,0.05,0.05,0.05
60380,LeftHand,Angry,0,0,0,0.4,0.5,0.35,0,0.1,0.05,0.05,0.05
60380,RightHand,Angry,0,0,0,0.4,0.5,0.35,0,0.1,0.05,0.05,0.05
60380,Tail,Angry,0,0,0,0.45,0.3,0.65,0,0.15,0.05,0.05,0.3
60389,WholeBody,Normal,0,0,0,0,0,0,0,0,0,0,0
60389,Body,Normal,0,0,0,0,0,0,0,0,0,0,0
60390,WholeBody,Normal,0,0,0,0.01,0.01,0.01,0.01,0.01,0.01,0.01,0.01
60390,Head,Normal,0,0,1,0.24,0.28,0.24,0,0.15,0.05,0.05,0.35
60390,Neck,Normal,0,0,0,0.28,0.28,0.2,0,0.3,0.05,0.15,0.1
60390,Body,Normal,0,0,0,0.26,0.28,0.2,0,0.2,0.05,0.05,0.05
60390,RightWing,Normal,0,0,0,0.28,0.28,0.24,0,0.3,0.05,0.05,0.1
60390,LeftLeg,Normal,0,0,0,0.25,0.25,0.25,0,0.25,0.05,0.1,0.1
60390,RightLeg,Normal,0,0,0,0.25,0.25,0.25,0,0.25,0.05,0.1,0.1
60390,Abdomen,Normal,0,0,0,0.28,0.3,0.28,0,0.3,0.05,0.1,0.3
60390,Back,Normal,0,0,0,0.2,0.2,0.25,0,0.3,0.05,0.05,0.1
60390,LeftWing,Normal,0,0,0,0.28,0.28,0.24,0,0.3,0.05,0.05,0.1
60390,Tail,Normal,0,0,0,0.26,0.3,0.2,0,0.3,0.05,0.1,0.1
60391,WholeBody,Normal,0,0,0,0.01,0.01,0.01,0.01,0.01,0.01,0.01,0.01
60391,Head,Normal,0,0,1,0.23,0.24,0.2,0,0.15,0.1,0.05,0.05
60391,Neck,Normal,0,0,0,0.26,0.3,0.2,0,0.3,0.1,0.05,0.05
60391,Body,Normal,0,0,0,0.26,0.3,0.2,0,0.3,0.1,0.05,0.05
60391,Back,Normal,0,0,0,0.25,0.3,0.24,0.1,0.25,0.1,0.05,0.15
60391,Abdomen,Normal,0,0,0,0.26,0.3,0.28,0.15,0.35,0.1,0.05,0.2
60391,LeftWing,Normal,0,0,0,0.25,0.26,0.2,0,0.25,0.1,0.05,0.05
60391,RightWing,Normal,0,0,0,0.25,0.26,0.2,0,0.25,0.1,0.05,0.05
60391,LeftLeg,Normal,0,0,0,0.23,0.23,0.2,0,0.25,0.1,0.05,0.05
60391,RightLeg,Normal,0,0,0,0.23,0.23,0.2,0,0.25,0.1,0.05,0.05
60391,Tail,Normal,0,0,0,0.26,0.3,0.2,0,0.3,0.1,0.05,0.05
60400,WholeBody,Normal,0,0,0,0.01,0.01,0.01,0.01,0.01,0.01,0.01,0.01
60400,Body,Normal,0,0,0,0.25,0.25,0.25,0,0.05,0.05,0.05,0.05
60400,Head,Normal,0,0,1,0.5,0.5,0.45,0,0.25,0.1,0.15,0.1
60400,LeftLeg,Normal,0,0,0,0.45,0.45,0.3,0,0.1,0.05,0.15,0.05
60400,RightLeg,Normal,0,0,0,0.45,0.45,0.3,0,0.1,0.05,0.15,0.05
60400,LeftWing,Normal,0,0,0,0.2,0.2,0.1,0,0.05,0.05,0.05,0.05
60400,RightWing,Normal,0,0,0,0.2,0.2,0.1,0,0.05,0.05,0.05,0.05
60400,LeftHand,Normal,0,0,0,0.25,0.25,0.2,0,0.15,0.05,0.1,0.05
60400,RightHand,Normal,0,0,0,0.25,0.25,0.2,0,0.15,0.05,0.1,0.05
60400,Tail,Normal,0,0,0,0.45,0.25,0.6,0,0.1,0.05,0.25,0.15
60400,WholeBody,Angry,0,0,0,0.01,0.01,0.01,0.01,0.01,0.01,0.01,0.01
60400,Body,Angry,0,0,0,0.25,0.25,0.25,0,0.05,0.05,0.05,0.1
60400,Head,Angry,0,0,1,0.6,0.55,0.5,0,0.15,0.1,0.1,0.25
60400,LeftLeg,Angry,0,0,0,0.55,0.55,0.35,0,0.05,0.05,0.15,0.1
60400,RightLeg,Angry,0,0,0,0.55,0.55,0.35,0,0.05,0.05,0.15,0.1
60400,LeftWing,Angry,0,0,0,0.2,0.2,0.1,0,0.05,0.05,0.05,0.1
60400,RightWing,Angry,0,0,0,0.2,0.2,0.1,0,0.05,0.05,0.05,0.1
60400,LeftHand,Angry,0,0,0,0.35,0.35,0.3,0,0.15,0.05,0.05,0.1
60400,RightHand,Angry,0,0,0,0.35,0.35,0.3,0,0.15,0.05,0.05,0.1
60400,Tail,Angry,0,0,0,0.55,0.35,0.65,0,0.1,0.05,0.2,0.25
60409,WholeBody,Normal,0,0,0,0,0,0,0,0,0,0,0
60409,Body,Normal,0,0,0,0,0,0,0,0,0,0,0
60410,WholeBody,Normal,0,0,0,0.01,0.01,0.01,0.01,0.01,0.01,0.01,0.01
60410,Head,Normal,0,0,0,0.28,0.2,0.2,0.2,0.05,0.15,0.05,0.2
60410,Back,Normal,0,0,0,0.1,0.2,0.15,0.2,0.05,0.15,0.05,0.2
60410,Neck,Normal,0,0,0,0.2,0.2,0.15,0.2,0.05,0.15,0.05,0.2
60410,Body,Normal,0,0,0,0.6,0.55,0.4,0.2,0.05,0.15,0.05,0.3
60410,Abdomen,Normal,0,0,0,0.8,0.9,0.6,0.5,0.05,0.15,0.05,1
60410,Tail,Normal,0,0,0,0.1,0.2,0.15,0.2,0.05,0.15,0.05,0.2
60410,LeftWing,Normal,0,0,0,0.1,0.2,0.15,0.2,0.05,0.15,0.05,0.2
60410,RightWing,Normal,0,0,0,0.1,0.2,0.15,0.2,0.05,0.15,0.05,0.2
60410,LeftHand,Normal,0,0,0,0.32,0.37,0.25,0.2,0.05,0.15,0.05,0.2
60410,RightHand,Normal,0,0,0,0.32,0.37,0.25,0.2,0.05,0.15,0.05,0.2
60410,LeftLeg,Normal,0,0,0,0.32,0.37,0.25,0.2,0.05,0.15,0.05,0.2
60410,RightLeg,Normal,0,0,0,0.32,0.37,0.25,0.2,0.05,0.15,0.05,0.2
60420,WholeBody,Normal,0,0,0,0.01,0.01,0.01,0.01,0.01,0.01,0.01,0.01
60420,Head,Normal,0,0,1,0.55,0.6,0.55,0.05,0.05,0,0.3,0
60420,LeftLeg,Normal,0,0,0,0.43,0.4,0.43,0,0.05,0,0.15,0
60420,LeftHand,Normal,0,0,0,0.43,0.4,0.43,0,0.05,0,0.15,0
60420,RightLeg,Normal,0,0,0,0.43,0.4,0.43,0,0.05,0,0.15,0
60420,RightHand,Normal,0,0,0,0.43,0.4,0.43,0,0.05,0,0.15,0
60420,Body,Normal,0,0,0,0.4,0.4,0.4,0,0.05,0,0.15,0
60420,Tail,Normal,0,0,0,0.48,0.48,0.3,0,0.05,0,0.2,0
60421,WholeBody,Normal,0,0,0,0.01,0.01,0.01,0.01,0.01,0.01,0.01,0.01
60421,Head,Normal,0,0,1,0.55,0.6,0.55,0.05,0.05,0,0.3,0
60421,LeftLeg,Normal,0,0,0,0.43,0.4,0.43,0,0.05,0,0.15,0
60421,LeftHand,Normal,0,0,0,0.43,0.4,0.43,0,0.05,0,0.15,0
60421,RightLeg,Normal,0,0,0,0.43,0.4,0.43,0,0.05,0,0.15,0
60421,RightHand,Normal,0,0,0,0.43,0.4,0.43,0,0.05,0,0.15,0
60421,Body,Normal,0,0,0,0.4,0.4,0.4,0,0.05,0,0.15,0
60421,Tail,Normal,0,0,0,0.48,0.48,0.3,0,0.05,0,0.2,0
60440,WholeBody,Normal,0,0,0,0.01,0.01,0.01,0.01,0.01,0.01,0.01,0.01
60440,Head,Normal,0,0,0.6,0.2,0.35,0.12,0.05,0.05,0,0.2,0.05
60440,Body,Normal,0,0,0,0.3,0.3,0.1,0.05,0.1,0,0.25,0.05
60440,LeftWing,Normal,0,0,0,0.3,0.15,0.25,0.05,0.1,0,0.25,0.05
60440,RightWing,Normal,0,0,0,0.3,0.15,0.25,0.05,0.1,0,0.25,0.05
60440,LeftHand,Normal,0,0,0,0.15,0.3,0.5,0.05,0.15,0,0.35,0.05
60440,RightHand,Normal,0,0,0,0.15,0.3,0.5,0.05,0.15,0,0.35,0.05
60440,LeftLeg,Normal,0,0,0,0.2,0.2,0.1,0.05,0.05,0,0.15,0.05
60440,RightLeg,Normal,0,0,0,0.2,0.2,0.1,0.05,0.05,0,0.15,0.05
60440,LeftBackLeg,Normal,0,0,0,0.35,0.15,0.45,0.05,0.1,0,0.25,0.05
60440,RightBackLeg,Normal,0,0,0,0.35,0.15,0.45,0.05,0.1,0,0.25,0.05
60440,Tail,Normal,0,0,0,0.35,0.15,0.4,0.05,0.1,0,0.25,0.05
60441,WholeBody,Normal,0,0,0,0.01,0.01,0.01,0.01,0.01,0.01,0.01,0.01
60441,Head,Normal,0,0,0.5,0.3,0.5,0.3,0.1,0.05,0,0,0
60441,Body,Normal,0,0,0,0.25,0.4,0.1,0.15,0.05,0,0,0
60441,LeftWing,Normal,0,0,0,0.45,0.15,0.25,0.1,0.05,0,0,0
60441,RightWing,Normal,0,0,0,0.45,0.15,0.25,0.1,0.05,0,0,0
60441,LeftHand,Normal,0,0,0,0.45,0.15,0.25,0.1,0.05,0,0,0
60441,RightHand,Normal,0,0,0,0.45,0.15,0.25,0.1,0.05,0,0,0
60441,LeftLeg,Normal,0,0,0,0.2,0.2,0.15,0.2,0.05,0,0,0
60441,RightLeg,Normal,0,0,0,0.2,0.2,0.15,0.2,0.05,0,0,0
60441,LeftBackLeg,Normal,0,0,0,0.45,0.25,0.4,0.15,0.05,0,0,0
60441,RightBackLeg,Normal,0,0,0,0.45,0.25,0.4,0.15,0.05,0,0,0
60441,Tail,Normal,0,0,0,0.5,0.3,0.25,0.15,0.05,0,0,0
60441,WholeBody,Angry,0,0,0,0.01,0.01,0.01,0.01,0.01,0,0,0
60441,Head,Angry,0,0,0.5,0.35,0.55,0.35,0.1,0.05,0,0,0
60441,Body,Angry,0,0,0,0.3,0.45,0.2,0.15,0.05,0,0,0
60441,LeftWing,Angry,0,0,0,0.5,0.2,0.25,0.1,0.05,0,0,0
60441,RightWing,Angry,0,0,0,0.5,0.2,0.25,0.1,0.05,0,0,0
60441,LeftHand,Angry,0,0,0,0.5,0.2,0.25,0.1,0.05,0,0,0
60441,RightHand,Angry,0,0,0,0.5,0.2,0.25,0.1,0.05,0,0,0
60441,LeftLeg,Angry,0,0,0,0.2,0.2,0.15,0.2,0.05,0,0,0
60441,RightLeg,Angry,0,0,0,0.2,0.2,0.15,0.2,0.05,0,0,0
60441,LeftBackLeg,Angry,0,0,0,0.5,0.3,0.45,0.15,0.05,0,0,0
60441,RightBackLeg,Angry,0,0,0,0.5,0.3,0.45,0.15,0.05,0,0,0
60441,Tail,Angry,0,0,0,0.55,0.35,0.3,0.15,0.05,0,0,0
60450,WholeBody,Normal,0,0,0,0.01,0.01,0.01,0.01,0.01,0.01,0.01,0.01
60450,Head,Normal,0,0,1,0.5,0.5,0.35,0,0.05,0.1,0,0.15
60450,Neck,Normal,0,0,0,0.35,0.3,0.2,0,0.05,0.1,0,0.1
60450,Abdomen,Normal,0,0,0,0.35,0.4,0.25,0,0.05,0.1,0,0.1
60450,Body,Normal,0,0,0,0.2,0.25,0.25,0,0.05,0.1,0,0.1
60450,Tail,Normal,0,0,0,0.3,0.25,0.25,0,0.05,0.1,0,0.1
60450,LeftHand,Normal,0,0,0,0.25,0.35,0.15,0,0.05,0.1,0.05,0.1
60450,RightHand,Normal,0,0,0,0.25,0.35,0.15,0,0.05,0.1,0.05,0.1
60450,LeftLeg,Normal,0,0,0,0.3,0.3,0.15,0,0.05,0.1,0,0.1
60450,RightLeg,Normal,0,0,0,0.3,0.3,0.15,0,0.05,0.1,0,0.1
60450,Head,Break,0,0,1,0.5,0.55,0.45,0,0.15,0.15,0.05,0.15
60450,Neck,Break,0,0,0,0.35,0.4,0.25,0,0.1,0.1,0.05,0.1
60450,Abdomen,Break,0,0,0,0.45,0.5,0.25,0.1,0.25,0.15,0.1,0.1
60450,Body,Break,0,0,0,0.4,0.35,0.35,0,0.15,0.15,0.05,0.15
60450,Tail,Break,0,0,0,0.3,0.25,0.25,0,0.1,0.15,0.05,0.15
60450,LeftHand,Break,0,0,0,0.25,0.35,0.2,0,0.1,0.15,0.1,0.15
60450,RightHand,Break,0,0,0,0.25,0.35,0.2,0,0.1,0.15,0.1,0.15
60450,LeftLeg,Break,0,0,0,0.3,0.3,0.2,0,0.1,0.15,0.05,0.15
60450,RightLeg,Break,0,0,0,0.3,0.3,0.2,0,0.1,0.15,0.05,0.15
60460,WholeBody,Normal,0,0,0,0.01,0.01,0.01,0.01,0.01,0.01,0.01,0.01
60460,Body,Normal,0,0,0,0.35,0.4,0.25,0.05,0.05,0.05,0.05,0
60460,Head,Normal,0,0,1,0.45,0.55,0.4,0.05,0.05,0.05,0.05,0
60460,Face,Normal,0,0,1,0.4,0.5,0.35,0.05,0.05,0.05,0.05,0
60460,LeftHand,Normal,0,0,0,0.3,0.4,0.3,0.05,0.05,0.05,0.05,0
60460,RightHand,Normal,0,0,0,0.3,0.4,0.3,0.05,0.05,0.05,0.05,0
60460,LeftLeg,Normal,0,0,0,0.4,0.3,0.3,0.05,0.05,0.05,0.05,0
60460,RightLeg,Normal,0,0,0,0.4,0.3,0.3,0.05,0.05,0.05,0.05,0
60460,Tail,Normal,0,0,0,0.45,0.55,0.35,0.05,0.05,0.05,0.05,0
60460,WholeBody,Angry,0,0,0,0.01,0.01,0.01,0.01,0.01,0.01,0.01,0.01
60460,Body,Angry,0,0,0,0.4,0.45,0.3,0.05,0.05,0.05,0.05,0
60460,Head,Angry,0,0,1,0.5,0.6,0.45,0.05,0.05,0.05,0.05,0
60460,Face,Angry,0,0,1,0.45,0.55,0.4,0.05,0.05,0.05,0.05,0
60460,LeftHand,Angry,0,0,0,0.35,0.45,0.35,0.05,0.05,0.05,0.05,0
60460,RightHand,Angry,0,0,0,0.35,0.45,0.35,0.05,0.05,0.05,0.05,0
60460,LeftLeg,Angry,0,0,0,0.45,0.35,0.35,0.05,0.05,0.05,0.05,0
60460,RightLeg,Angry,0,0,0,0.45,0.35,0.35,0.05,0.05,0.05,0.05,0
60460,Tail,Angry,0,0,0,0.5,0.6,0.4,0.05,0.05,0.05,0.05,0
60470,WholeBody,Normal,0,0,0,0.01,0.01,0.01,0.01,0.01,0.01,0.01,0.01
60470,Head,Normal,0,0,1,0.35,0.55,0.3,0.4,0,0.15,0.1,0.3
60470,Body,Normal,0,0,0,0.3,0.4,0.25,0.1,0,0.05,0.05,0.1
60470,LeftHand,Normal,0,0,0,0.35,0.45,0.25,0.25,0,0.1,0.05,0.1
60470,RightHand,Normal,0,0,0,0.35,0.45,0.25,0.25,0,0.1,0.05,0.1
60470,LeftLeg,Normal,0,0,0,0.3,0.3,0.2,0.15,0,0.05,0.05,0.25
60470,RightLeg,Normal,0,0,0,0.3,0.3,0.2,0.15,0,0.05,0.05,0.25
60470,Tail,Normal,0,0,0,0.4,0.3,0.3,0.3,0,0.1,0.1,0.1
60470,WholeBody,Angry,0,0,0,0.01,0.3,0.01,0.01,0.01,0.01,0.01,0.01
60470,Head,Angry,0,0,1,0.35,0.55,0.3,0.4,0,0.15,0.1,0.3
60470,Body,Angry,0,0,0,0.3,0.4,0.25,0.1,0,0.05,0.05,0.1
60470,LeftHand,Angry,0,0,0,0.35,0.45,0.25,0.25,0,0.1,0.05,0.1
60470,RightHand,Angry,0,0,0,0.35,0.45,0.25,0.25,0,0.1,0.05,0.1
60470,LeftLeg,Angry,0,0,0,0.3,0.3,0.2,0.15,0,0.05,0.05,0.25
60470,RightLeg,Angry,0,0,0,0.3,0.3,0.2,0.15,0,0.05,0.05,0.25
60470,Tail,Angry,0,0,0,0.4,0.3,0.3,0.3,0,0.1,0.1,0.1
60479,WholeBody,Normal,0,0,0,0.01,0.01,0.01,0.01,0.01,0.01,0.01,0.01
60479,Head,Normal,0,0,1,0.35,0.55,0.3,0.4,0,0.15,0.1,0.3
60479,Body,Normal,0,0,0,0.3,0.4,0.25,0.1,0,0.05,0.05,0.1
60479,LeftHand,Normal,0,0,0,0.35,0.45,0.25,0.25,0,0.1,0.05,0.1
60479,RightHand,Normal,0,0,0,0.35,0.45,0.25,0.25,0,0.1,0.05,0.1
60479,LeftLeg,Normal,0,0,0,0.3,0.3,0.2,0.15,0,0.05,0.05,0.25
60479,RightLeg,Normal,0,0,0,0.3,0.3,0.2,0.15,0,0.05,0.05,0.25
60479,Tail,Normal,0,0,0,0.4,0.3,0.3,0.3,0,0.1,0.1,0.1
60479,WholeBody,Angry,0,0,0,0.01,0.3,0.01,0.01,0.01,0.01,0.01,0.01
60479,Head,Angry,0,0,1,0.35,0.55,0.3,0.4,0,0.15,0.1,0.3
60479,Body,Angry,0,0,0,0.3,0.4,0.25,0.1,0,0.05,0.05,0.1
60479,LeftHand,Angry,0,0,0,0.35,0.45,0.25,0.25,0,0.1,0.05,0.1
60479,RightHand,Angry,0,0,0,0.35,0.45,0.25,0.25,0,0.1,0.05,0.1
60479,LeftLeg,Angry,0,0,0,0.3,0.3,0.2,0.15,0,0.05,0.05,0.25
60479,RightLeg,Angry,0,0,0,0.3,0.3,0.2,0.15,0,0.05,0.05,0.25
60479,Tail,Angry,0,0,0,0.4,0.3,0.3,0.3,0,0.1,0.1,0.1
60480,WholeBody,Normal,0,0,0,0.01,0.01,0.01,0.01,0.01,0.01,0.01,0.01
60480,Head,Normal,0,0,1,0.45,0.6,0.45,0.2,0.05,0.3,0,0.05
60480,LeftLeg,Normal,0,0,0,0.4,0.35,0.35,0.1,0,0.15,0,0.05
60480,LeftHand,Normal,0,0,0,0.27,0.3,0.28,0.1,0,0.15,0,0.01
60480,RightLeg,Normal,0,0,0,0.4,0.35,0.35,0.1,0,0.15,0,0.05
60480,RightHand,Normal,0,0,0,0.27,0.3,0.28,0.1,0,0.15,0,0.01
60480,Back,Normal,0,0,0,0.35,0.3,0.3,0.15,0,0.15,0,0.02
60480,Body,Normal,0,0,0,0.35,0.4,0.35,0.15,0,0.1,0,0.05
60480,Tail,Normal,0,0,0,0.6,0.4,0.35,0.1,0,0.25,0,0.05
60481,WholeBody,Normal,0,0,0,0.01,0.01,0.01,0.01,0.01,0.01,0.01,0.01
60481,Head,Normal,0,0,1,0.4,0.45,0.4,0.05,0.3,0.05,0.2,0.05
60481,LeftLeg,Normal,0,0,0,0.32,0.3,0.28,0,0.15,0,0.1,0.05
60481,LeftHand,Normal,0,0,0,0.26,0.28,0.25,0,0.15,0,0.1,0.01
60481,RightLeg,Normal,0,0,0,0.32,0.3,0.28,0,0.15,0,0.1,0.05
60481,RightHand,Normal,0,0,0,0.26,0.28,0.25,0,0.15,0,0.1,0.01
60481,Back,Normal,0,0,0,0.3,0.27,0.27,0,0.2,0,0.15,0.02
60481,Body,Normal,0,0,0,0.3,0.35,0.3,0,0.1,0,0.15,0.05
60481,Tail,Normal,0,0,0,0.45,0.4,0.35,0.05,0.25,0,0.1,0.05
60490,WholeBody,Normal,0,0,0,0.01,0.01,0.01,0.01,0.01,0.01,0.01,0.01
60490,Head,Normal,0,0,0.5,0.5,0.65,0.5,0.1,0,0,0.3,0
60490,Antennae,Normal,0,0,0,0.3,0.5,0.2,0.05,0,0,0.4,0
60490,Antennae1,Normal,0,0,0,0.3,0.5,0.2,0.05,0,0,0.4,0
60490,Body,Normal,0,0,0,0.4,0.4,0.3,0.1,0,0,0.1,0
60490,Abdomen,Normal,0,0,0,0.6,0.4,0.45,0.3,0,0,0.1,0
60490,LeftWing,Normal,0,0,0,0.32,0.32,0.25,0.2,0,0,0.4,0
60490,RightWing,Normal,0,0,0,0.32,0.32,0.25,0.2,0,0,0.4,0
60490,LeftBackLeg,Normal,0,0,0,0.4,0.35,0.3,0.15,0,0,0.2,0
60490,LeftFoot,Normal,0,0,0,0.32,0.32,0.25,0.15,0,0,0.2,0
60490,LeftLeg,Normal,0,0,0,0.32,0.32,0.25,0.15,0,0,0.2,0
60490,RightBackLeg,Normal,0,0,0,0.4,0.35,0.3,0.15,0,0,0.2,0
60490,RightFoot,Normal,0,0,0,0.32,0.32,0.25,0.15,0,0,0.2,0
60490,RightLeg,Normal,0,0,0,0.32,0.32,0.25,0.15,0,0,0.2,0
60491,WholeBody,Normal,0,0,0,0.01,0.01,0.01,0.01,0.01,0.01,0.01,0.01
60491,Head,Normal,0,0,0.5,0.4,0.55,0.35,0.1,0,0,0.25,0
60491,Antennae,Normal,0,0,0,0.3,0.45,0.2,0.05,0,0,0.4,0
60491,Antennae1,Normal,0,0,0,0.3,0.45,0.2,0.05,0,0,0.4,0
60491,Body,Normal,0,0,0,0.25,0.25,0.25,0.2,0,0,0.1,0
60491,Abdomen,Normal,0,0,0,0.25,0.3,0.45,0.3,0,0,0.2,0
60491,LeftWing,Normal,0,0,0,0.3,0.3,0.25,0.3,0,0,0.4,0
60491,RightWing,Normal,0,0,0,0.3,0.3,0.25,0.3,0,0,0.4,0
60491,LeftBackLeg,Normal,0,0,0,0.45,0.3,0.3,0.15,0,0,0.2,0
60491,LeftFoot,Normal,0,0,0,0.3,0.25,0.25,0.15,0,0,0.2,0
60491,LeftLeg,Normal,0,0,0,0.3,0.25,0.25,0.15,0,0,0.2,0
60491,RightBackLeg,Normal,0,0,0,0.45,0.35,0.3,0.15,0,0,0.2,0
60491,RightFoot,Normal,0,0,0,0.3,0.25,0.25,0.15,0,0,0.2,0
60491,RightLeg,Normal,0,0,0,0.3,0.25,0.25,0.15,0,0,0.2,0
60497,WholeBody,Normal,0,0,0,1,1,1,1,1,1,1,1
60497,Body,Normal,0,0,0,0.5,0.5,0.5,0,0,0,0,0
60498,WholeBody,Normal,0,0,0,0.01,0.01,0.01,0,0,0,0,0
60498,Body,Normal,0,0,0,0.01,0.01,0.01,0,0,0,0,0
60499,WholeBody,Normal,0,0,0,0.01,0.01,0.01,0,0,0,0,0
60499,Body,Normal,0,0,0,0.01,0.01,0.01,0,0,0,0,0
60580,WholeBody,Normal,0,0,0,0.01,0.01,0.01,0.01,0.01,0.01,0.01,0.01
60580,Head,Normal,0,0,1,0.4,0.55,0.3,0.1,0,0.15,0,0.15
60580,Back,Normal,0,0,0,0.3,0.35,0.25,0.15,0,0.1,0,0.15
60580,Belly,Normal,0,0,0,0.26,0.2,0.3,0.15,0,0.1,0,0.2
60580,LeftHand,Normal,0,0,0,0.5,0.4,0.25,0.1,0,0.15,0,0.1
60580,RightHand,Normal,0,0,0,0.5,0.4,0.25,0.1,0,0.15,0,0.1
60580,LeftLeg,Normal,0,0,0,0.45,0.4,0.35,0.15,0,0.1,0,0.15
60580,RightLeg,Normal,0,0,0,0.45,0.4,0.35,0.15,0,0.1,0,0.15
60580,Tail,Normal,0,0,0,0.2,0.15,0.2,0.15,0,0.1,0,0.25
60580,Shell,Normal,0,0,0,0.55,0.45,0.35,0.1,0,0.15,0,0.2
60580,WholeBody,Angry,0,0,0,0.01,0.01,0.01,0.01,0.01,0.01,0.01,0.01
60580,Head,Angry,0,0,1,0.45,0.6,0.35,0.15,0,0.1,0,0.2
60580,Back,Angry,0,0,0,0.3,0.35,0.4,0.1,0,0.15,0,0.1
60580,Belly,Angry,0,0,0,0.26,0.2,0.45,0.1,0,0.15,0,0.15
60580,LeftHand,Angry,0,0,0,0.55,0.45,0.3,0.15,0,0.1,0,0.15
60580,RightHand,Angry,0,0,0,0.55,0.45,0.3,0.15,0,0.1,0,0.15
60580,LeftLeg,Angry,0,0,0,0.45,0.4,0.5,0.1,0,0.15,0,0.1
60580,RightLeg,Angry,0,0,0,0.45,0.4,0.5,0.1,0,0.15,0,0.1
60580,Tail,Angry,0,0,0,0.2,0.15,0.2,0.1,0,0.15,0,0.2
60580,Shell,Angry,0,0,0,0.6,0.5,0.4,0.15,0,0.1,0,0.25
60620,WholeBody,Normal,0,0,0,0.01,0.01,0.01,0.01,0.01,0.01,0.01,0.01
60620,Head,Normal,0,0,1,0.15,0.3,0.15,0.1,0,0.15,0,0
60620,Back,Normal,0,0,0,0.45,0.4,0.3,0,0,0.1,0,0
60620,Abdomen,Normal,0,0,0,0.4,0.2,0.25,0,0,0.1,0,0.15
60620,Tail,Normal,0,0,0,0.45,0.5,0.2,0.1,0,0.1,0,0
60620,LeftWing,Normal,0,0,0,0.26,0.25,0.26,0.1,0,0.1,0,0.15
60620,RightWing,Normal,0,0,0,0.26,0.25,0.26,0.1,0,0.1,0,0.15
60620,LeftLeg,Normal,0,0,0,0.25,0.15,0.25,0,0,0.1,0,0
60620,RightLeg,Normal,0,0,0,0.25,0.15,0.25,0,0,0.1,0,0
60620,WholeBody,Angry,0,0,0,0.01,0.01,0.01,0.01,0.01,0.01,0.01,0.01
60620,Head,Angry,0,0,1,0.2,0.35,0.25,0.1,0,0.15,0,0
60620,Back,Angry,0,0,0,0.5,0.45,0.35,0,0,0.1,0,0
60620,Abdomen,Angry,0,0,0,0.45,0.25,0.3,0,0,0.1,0,0.15
60620,Tail,Angry,0,0,0,0.4,0.45,0.25,0.1,0,0.1,0,0
60620,LeftWing,Angry,0,0,0,0.26,0.3,0.3,0.1,0,0.1,0,0.15
60620,RightWing,Angry,0,0,0,0.26,0.3,0.3,0.1,0,0.1,0,0.15
60620,LeftLeg,Angry,0,0,0,0.3,0.2,0.3,0,0,0.1,0,0
60620,RightLeg,Angry,0,0,0,0.3,0.2,0.3,0,0,0.1,0,0
60630,WholeBody,Normal,0,0,0,0.01,0.01,0.01,0.01,0.01,0.01,0.01,0.01
60630,Head,Normal,0,0,1,0.35,0.4,0.35,0,0.1,0.1,0.2,0
60630,Back,Normal,0,0,0,0.4,0.45,0.3,0,0.05,0.05,0.05,0
60630,Body,Normal,0,0,0,0.3,0.26,0.2,0,0.05,0.05,0.05,0
60630,LeftHand,Normal,0,0,0,0.3,0.3,0.2,0,0.05,0.05,0.1,0
60630,RightHand,Normal,0,0,0,0.3,0.3,0.2,0,0.05,0.05,0.1,0
60630,LeftLeg,Normal,0,0,0,0.26,0.26,0.2,0,0.05,0.05,0.1,0
60630,RightLeg,Normal,0,0,0,0.4,0.35,0.3,0,0.1,0.1,0.2,0
60630,Tail,Normal,0,0,0,0.3,0.26,0.25,0,0.05,0.05,0.05,0
60630,WholeBody,Angry1,0,0,0,0.01,0.01,0.01,0.01,0.01,0.01,0.01,0.01
60630,Head,Angry1,0,0,1,0.35,0.4,0.35,0,0.1,0.1,0.2,0
60630,Back,Angry1,0,0,0,0.45,0.5,0.35,0,0.05,0.05,0.05,0
60630,Body,Angry1,0,0,0,0.3,0.26,0.2,0,0.05,0.05,0.05,0
60630,LeftHand,Angry1,0,0,0,0.3,0.3,0.2,0,0.05,0.05,0.1,0
60630,RightHand,Angry1,0,0,0,0.3,0.3,0.2,0,0.05,0.05,0.1,0
60630,LeftLeg,Angry1,0,0,0,0.26,0.26,0.2,0,0.05,0.05,0.1,0
60630,RightLeg,Angry1,0,0,0,0.45,0.4,0.35,0,0.1,0.1,0.2,0
60630,Tail,Angry1,0,0,0,0.3,0.26,0.25,0,0.05,0.05,0.05,0
60630,WholeBody,Angry2,0,0,0,0.01,0.01,0.01,0.01,0.01,0.01,0.01,0.01
60630,Head,Angry2,0,0,1,0.4,0.45,0.35,0,0.1,0.1,0.2,0
60630,Back,Angry2,0,0,0,0.5,0.55,0.4,0,0.05,0.05,0.05,0
60630,Body,Angry2,0,0,0,0.3,0.26,0.2,0,0.05,0.05,0.05,0
60630,LeftHand,Angry2,0,0,0,0.3,0.3,0.2,0,0.05,0.05,0.1,0
60630,RightHand,Angry2,0,0,0,0.3,0.3,0.2,0,0.05,0.05,0.1,0
60630,LeftLeg,Angry2,0,0,0,0.26,0.26,0.25,0,0.05,0.05,0.1,0
60630,RightLeg,Angry2,0,0,0,0.5,0.45,0.4,0,0.1,0.1,0.2,0
60630,Tail,Angry2,0,0,0,0.3,0.26,0.25,0,0.05,0.05,0.05,0
60630,WholeBody,Angry3,0,0,0,0.01,0.01,0.01,0.01,0.01,0.01,0.01,0.01
60630,Head,Angry3,0,0,1,0.45,0.45,0.4,0,0.1,0.1,0.2,0
60630,Back,Angry3,0,0,0,0.55,0.6,0.45,0,0.05,0.05,0.05,0
60630,Body,Angry3,0,0,0,0.3,0.26,0.2,0,0.05,0.05,0.05,0
60630,LeftHand,Angry3,0,0,0,0.35,0.35,0.25,0,0.05,0.05,0.1,0
60630,RightHand,Angry3,0,0,0,0.35,0.35,0.25,0,0.05,0.05,0.1,0
60630,LeftLeg,Angry3,0,0,0,0.26,0.3,0.25,0,0.05,0.05,0.1,0
60630,RightLeg,Angry3,0,0,0,0.55,0.5,0.45,0,0.1,0.1,0.2,0
60630,Tail,Angry3,0,0,0,0.35,0.3,0.3,0,0.05,0.05,0.05,0
60631,WholeBody,Normal,0,0,0,0.01,0.01,0.01,0.01,0.01,0.01,0.01,0.01
60631,Head,Normal,0,0,1,0.35,0.45,0.3,0.1,0,0.1,0,0.1
60631,Body,Normal,0,0,0,0.3,0.25,0.25,0.1,0,0.05,0,0.05
60631,LeftHand,Normal,0,0,0,0.25,0.3,0.35,0.1,0,0.05,0,0.05
60631,RightHand,Normal,0,0,0,0.25,0.3,0.35,0.1,0,0.05,0,0.05
60631,LeftLeg,Normal,0,0,0,0.25,0.35,0.2,0.1,0,0.05,0,0.1
60631,RightLeg,Normal,0,0,0,0.3,0.4,0.25,0.1,0,0.05,0,0.1
60631,Tail,Normal,0,0,0,0.35,0.25,0.3,0.2,0,0.1,0,0.05
60631,Shell,Normal,0,0,0,0.45,0.5,0.4,0.4,0,0.05,0,0.1
60631,WholeBody,Angry1,0,0,0,0.01,0.01,0.01,0.01,0.01,0.01,0.01,0.01
60631,Head,Angry1,0,0,1,0.35,0.45,0.3,0.1,0,0.1,0,0.1
60631,Body,Angry1,0,0,0,0.25,0.2,0.2,0.1,0,0.05,0,0.05
60631,LeftHand,Angry1,0,0,0,0.25,0.3,0.35,0.1,0,0.05,0,0.05
60631,RightHand,Angry1,0,0,0,0.25,0.3,0.35,0.1,0,0.05,0,0.05
60631,LeftLeg,Angry1,0,0,0,0.3,0.4,0.25,0.1,0,0.05,0,0.1
60631,RightLeg,Angry1,0,0,0,0.35,0.45,0.3,0.15,0,0.05,0,0.1
60631,Tail,Angry1,0,0,0,0.35,0.25,0.3,0.2,0,0.1,0,0.05
60631,Shell,Angry1,0,0,0,0.45,0.5,0.4,0.4,0,0.05,0,0.1
60631,WholeBody,Angry2,0,0,0,0.01,0.01,0.01,0.01,0.01,0.01,0.01,0.01
60631,Head,Angry2,0,0,1,0.3,0.4,0.25,0.1,0,0.1,0,0.1
60631,Body,Angry2,0,0,0,0.3,0.25,0.25,0.1,0,0.05,0,0.05
60631,LeftHand,Angry2,0,0,0,0.25,0.3,0.35,0.1,0,0.05,0,0.05
60631,RightHand,Angry2,0,0,0,0.25,0.3,0.35,0.1,0,0.05,0,0.05
60631,LeftLeg,Angry2,0,0,0,0.3,0.4,0.25,0.1,0,0.05,0,0.1
60631,RightLeg,Angry2,0,0,0,0.35,0.45,0.3,0.2,0,0.05,0,0.1
60631,Tail,Angry2,0,0,0,0.4,0.3,0.35,0.2,0,0.1,0,0.05
60631,Shell,Angry2,0,0,0,0.45,0.5,0.4,0.4,0,0.05,0,0.1
60631,WholeBody,Angry3,0,0,0,0.01,0.01,0.01,0.01,0.01,0.01,0.01,0.01
60631,Head,Angry3,0,0,1,0.4,0.5,0.35,0.1,0,0.1,0,0.1
60631,Body,Angry3,0,0,0,0.3,0.25,0.25,0.1,0,0.05,0,0.05
60631,LeftHand,Angry3,0,0,0,0.25,0.3,0.35,0.1,0,0.05,0,0.05
60631,RightHand,Angry3,0,0,0,0.25,0.3,0.35,0.1,0,0.05,0,0.05
60631,LeftLeg,Angry3,0,0,0,0.3,0.4,0.25,0.1,0,0.05,0,0.1
60631,RightLeg,Angry3,0,0,0,0.35,0.45,0.3,0.2,0,0.05,0,0.1
60631,Tail,Angry3,0,0,0,0.4,0.3,0.35,0.2,0,0.1,0,0.05
60631,Shell,Angry3,0,0,0,0.45,0.5,0.4,0.4,0,0.05,0,0.1
60639,WholeBody,Normal,0,0,0,0.01,0.01,0.01,0.01,0.01,0.01,0.01,0.01
60639,Head,Normal,0,0,1,0.35,0.4,0.35,0,0.1,0.1,0.2,0
60639,Back,Normal,0,0,0,0.4,0.45,0.3,0,0.05,0.05,0.05,0
60639,Body,Normal,0,0,0,0.3,0.26,0.2,0,0.05,0.05,0.05,0
60639,LeftHand,Normal,0,0,0,0.3,0.3,0.2,0,0.05,0.05,0.1,0
60639,RightHand,Normal,0,0,0,0.3,0.3,0.2,0,0.05,0.05,0.1,0
60639,LeftLeg,Normal,0,0,0,0.26,0.26,0.2,0,0.05,0.05,0.1,0
60639,RightLeg,Normal,0,0,0,0.4,0.35,0.3,0,0.1,0.1,0.2,0
60639,Tail,Normal,0,0,0,0.3,0.26,0.25,0,0.05,0.05,0.05,0
60639,WholeBody,Angry1,0,0,0,0.01,0.01,0.01,0.01,0.01,0.01,0.01,0.01
60639,Head,Angry1,0,0,1,0.35,0.4,0.35,0,0.1,0.1,0.2,0
60639,Back,Angry1,0,0,0,0.45,0.5,0.35,0,0.05,0.05,0.05,0
60639,Body,Angry1,0,0,0,0.3,0.26,0.2,0,0.05,0.05,0.05,0
60639,LeftHand,Angry1,0,0,0,0.3,0.3,0.2,0,0.05,0.05,0.1,0
60639,RightHand,Angry1,0,0,0,0.3,0.3,0.2,0,0.05,0.05,0.1,0
60639,LeftLeg,Angry1,0,0,0,0.26,0.26,0.2,0,0.05,0.05,0.1,0
60639,RightLeg,Angry1,0,0,0,0.45,0.4,0.35,0,0.1,0.1,0.2,0
60639,Tail,Angry1,0,0,0,0.3,0.26,0.25,0,0.05,0.05,0.05,0
60639,WholeBody,Angry2,0,0,0,0.01,0.01,0.01,0.01,0.01,0.01,0.01,0.01
60639,Head,Angry2,0,0,1,0.4,0.45,0.35,0,0.1,0.1,0.2,0
60639,Back,Angry2,0,0,0,0.5,0.55,0.4,0,0.05,0.05,0.05,0
60639,Body,Angry2,0,0,0,0.3,0.26,0.2,0,0.05,0.05,0.05,0
60639,LeftHand,Angry2,0,0,0,0.3,0.3,0.2,0,0.05,0.05,0.1,0
60639,RightHand,Angry2,0,0,0,0.3,0.3,0.2,0,0.05,0.05,0.1,0
60639,LeftLeg,Angry2,0,0,0,0.26,0.26,0.25,0,0.05,0.05,0.1,0
60639,RightLeg,Angry2,0,0,0,0.5,0.45,0.4,0,0.1,0.1,0.2,0
60639,Tail,Angry2,0,0,0,0.3,0.26,0.25,0,0.05,0.05,0.05,0
60639,WholeBody,Angry3,0,0,0,0.01,0.01,0.01,0.01,0.01,0.01,0.01,0.01
60639,Head,Angry3,0,0,1,0.45,0.45,0.4,0,0.1,0.1,0.2,0
60639,Back,Angry3,0,0,0,0.55,0.6,0.45,0,0.05,0.05,0.05,0
60639,Body,Angry3,0,0,0,0.3,0.26,0.2,0,0.05,0.05,0.05,0
60639,LeftHand,Angry3,0,0,0,0.35,0.35,0.25,0,0.05,0.05,0.1,0
60639,RightHand,Angry3,0,0,0,0.35,0.35,0.25,0,0.05,0.05,0.1,0
60639,LeftLeg,Angry3,0,0,0,0.26,0.3,0.25,0,0.05,0.05,0.1,0
60639,RightLeg,Angry3,0,0,0,0.55,0.5,0.45,0,0.1,0.1,0.2,0
60639,Tail,Angry3,0,0,0,0.35,0.3,0.3,0,0.05,0.05,0.05,0
60670,WholeBody,Normal,0,0,0,0.01,0.01,0.01,0.1,0.01,0.01,0.01,0.01
60670,Shell,Normal,0,0,0,0.45,0.45,0.45,0.25,0.2,0,0.1,0
60670,Tail,Normal,0,0,0,0.45,0.45,0.6,0.25,0.2,0,0.1,0
60670,Back,Normal,0,0,0.6,0.35,0.4,0.25,0.3,0.15,0,0.1,0
60670,Body,Normal,0,0,0.6,0.4,0.45,0.3,0.2,0.15,0,0.05,0
60670,LeftLeg,Normal,0,0,0,0.5,0.4,0.4,0.25,0.2,0,0.15,0
60670,RightLeg,Normal,0,0,0,0.5,0.4,0.4,0.25,0.2,0,0.15,0
60670,LeftFoot,Normal,0,0,0,0.4,0.4,0.4,0.2,0.15,0,0.15,0
60670,RightFoot,Normal,0,0,0,0.4,0.4,0.4,0.2,0.15,0,0.15,0
60670,LeftHand,Normal,0,0,0,0.6,0.5,0.45,0.15,0.2,0,0.1,0
60670,RightHand,Normal,0,0,0,0.5,0.3,0.35,0.15,0.2,0,0.1,0
60670,LeftArm,Normal,0,0,0,0.5,0.55,0.6,0.2,0.2,0,0.1,0
60670,RightArm,Normal,0,0,0,0.36,0.4,0.6,0.2,0.2,0,0.1,0
60710,WholeBody,Normal,0,0,0,0.01,0.01,0.01,0.01,0.01,0.01,0.01,0.01
60710,Head,Normal,0,0,1,0.4,0.5,0.35,0.1,0.15,0,0.3,0.05
60710,Back,Normal,0,0,0,0.25,0.3,0.3,0.05,0.2,0,0.2,0.05
60710,Body,Normal,0,0,0,0.25,0.3,0.3,0.05,0.2,0,0.2,0.05
60710,LeftLeg,Normal,0,0,0,0.35,0.4,0.36,0.05,0,0,0,0.05
60710,RightLeg,Normal,0,0,0,0.35,0.4,0.36,0.05,0,0,0,0.05
60710,LeftWing,Normal,0,0,0,0.25,0.2,0.2,0.1,0.1,0,0.35,0.05
60710,RightWing,Normal,0,0,0,0.25,0.2,0.2,0.1,0.1,0,0.35,0.05
60710,Face,Normal,0,0,1,0.5,0.55,0.4,0.15,0.2,0,0.3,0.05
60710,Chest,Normal,0,0,0,0.35,0.45,0.2,0.15,0,0,0.15,0.05
60710,Tail,Normal,0,0,0,0.45,0.2,0.25,0.05,0.1,0,0,0.05
60800,WholeBody,Normal,0,0,0,0.01,0.01,0.01,0.01,0.01,0.01,0.01,0.01
60800,Head,Normal,0,0,1,0.35,0.4,0.25,0.15,0.05,0.3,0,0
60800,Neck,Normal,0,0,1,0.25,0.25,0.15,0.15,0.05,0.05,0,0
60800,Back,Normal,0,0,0,0.2,0.2,0.15,0.15,0.05,0.05,0,0
60800,Abdomen,Normal,0,0,0,0.25,0.3,0.15,0.15,0.05,0.05,0,0
60800,Tail,Normal,0,0,0,0.45,0.35,0.3,0.1,0.05,0.3,0,0
60800,LeftWing,Normal,0,0,0,0.2,0.25,0.15,0.2,0.05,0.05,0,0
60800,RightWing,Normal,0,0,0,0.2,0.25,0.15,0.2,0.05,0.05,0,0
60800,LeftLeg,Normal,0,0,0,0.2,0.25,0.2,0.15,0.05,0.05,0,0
60800,RightLeg,Normal,0,0,0,0.2,0.25,0.2,0.25,0.05,0.05,0,0
60800,WholeBody,Angry,0,0,0,0.01,0.01,0.01,0.01,0.01,0.01,0.01,0.01
60800,Head,Angry,0,0,1,0.4,0.45,0.3,0.15,0.05,0.3,0,0
60800,Neck,Angry,0,0,1,0.3,0.3,0.15,0.15,0.05,0.05,0,0
60800,Back,Angry,0,0,0,0.25,0.25,0.15,0.15,0.05,0.05,0,0
60800,Abdomen,Angry,0,0,0,0.3,0.35,0.15,0.15,0.05,0.05,0,0
60800,Tail,Angry,0,0,0,0.5,0.4,0.35,0.1,0.05,0.3,0,0
60800,LeftWing,Angry,0,0,0,0.25,0.3,0.15,0.2,0.05,0.05,0,0
60800,RightWing,Angry,0,0,0,0.25,0.3,0.15,0.2,0.05,0.05,0,0
60800,LeftLeg,Angry,0,0,0,0.25,0.3,0.2,0.15,0.05,0.05,0,0
60800,RightLeg,Angry,0,0,0,0.25,0.3,0.2,0.25,0.05,0.05,0,0
60870,WholeBody,Normal,0,0,0,0.01,0.01,0.01,0.01,0.01,0.01,0.01,0.01
60870,Body,Normal,0,0,0,0.26,0.26,0.28,0.05,0.05,0,0.05,0.05
60870,Tail,Normal,0,0,0,0.29,0.26,0.2,0.05,0.05,0,0.1,0.05
60870,Shell,Normal,0,0,0,0.23,0.15,0.1,0.1,0.1,0,0.15,0.05
60870,Head,Normal,0,0,1,0.45,0.5,0.45,0.15,0.2,0,0.2,0.05
60870,Legs,Normal,0,0,0,0.3,0.3,0.3,0.05,0.05,0,0.05,0.05
60870,LeftLeg,Normal,0,0,0,0.36,0.35,0.35,0.05,0.05,0,0.1,0.05
60870,LeftHand,Normal,0,0,0,0.26,0.3,0.25,0.05,0.05,0,0.1,0.05
60870,RightLeg,Normal,0,0,0,0.36,0.35,0.35,0.05,0.05,0,0.1,0.05
60870,RightHand,Normal,0,0,0,0.26,0.3,0.25,0.05,0.05,0,0.1,0.05
60870,Back,Normal,0,0,0,0.4,0.36,0.3,0.1,0.15,0,0.15,0.05
60870,WholeBody,Angry,0,0,0,0.01,0.01,0.01,0.01,0.01,0.01,0.01,0.01
60870,Body,Angry,0,0,0,0.36,0.3,0.35,0.05,0.05,0,0.1,0.05
60870,Tail,Angry,0,0,0,0.29,0.26,0.2,0.05,0.05,0,0.1,0.05
60870,Shell,Angry,0,0,0,0.23,0.15,0.15,0.1,0.1,0,0.15,0.05
60870,Head,Angry,0,0,1.2,0.6,0.65,0.6,0.2,0.25,0,0.3,0.05
60870,Legs,Angry,0,0,0,0.36,0.35,0.35,0.05,0.05,0,0.1,0.05
60870,LeftLeg,Angry,0,0,0,0.4,0.4,0.4,0.12,0.1,0,0.15,0.05
60870,LeftHand,Angry,0,0,0,0.36,0.36,0.35,0.1,0.1,0,0.15,0.05
60870,RightLeg,Angry,0,0,0,0.4,0.4,0.4,0.12,0.1,0,0.15,0.05
60870,RightHand,Angry,0,0,0,0.36,0.36,0.35,0.1,0.1,0,0.15,0.05
60870,Back,Angry,0,0,0,0.5,0.5,0.35,0.15,0.15,0,0.2,0.05
60871,WholeBody,Normal,0,0,0,0.01,0.01,0.01,0.01,0.01,0.01,0.01,0.01
60871,Body,Normal,0,0,0,0.25,0.25,0.23,0.05,0.1,0.15,0.05,0
60871,Tail,Normal,0,0,0,0.27,0.27,0.22,0.05,0.2,0.1,0.2,0
60871,Shell,Normal,0,0,0,0.25,0.23,0.2,0.07,0.1,0.25,0.07,0
60871,Head,Normal,0,0,1,0.49,0.45,0.45,0.05,0.1,0.35,0.1,0
60871,Legs,Normal,0,0,0,0.25,0.25,0.23,0.05,0.1,0.15,0.05,0
60871,LeftLeg,Normal,0,0,0,0.26,0.26,0.26,0.05,0.1,0.15,0.1,0
60871,LeftHand,Normal,0,0,0,0.25,0.25,0.23,0.05,0.1,0.15,0.1,0
60871,RightLeg,Normal,0,0,0,0.26,0.26,0.26,0.05,0.1,0.15,0.1,0
60871,RightHand,Normal,0,0,0,0.25,0.25,0.23,0.05,0.1,0.15,0.1,0
60871,Back,Normal,0,0,0,0.25,0.25,0.26,0.1,0.25,0.25,0.25,0
60871,WholeBody,Angry,0,0,0,0.01,0.01,0.01,0.01,0.01,0.01,0.01,0.01
60871,Body,Angry,0,0,0,0.25,0.25,0.23,0.05,0.1,0.15,0.05,0
60871,Tail,Angry,0,0,0,0.27,0.27,0.22,0.1,0.2,0.15,0.2,0
60871,Shell,Angry,0,0,0,0.2,0.23,0.1,0.05,0.25,0.25,0.17,0
60871,Head,Angry,0,0,1.2,0.39,0.35,0.35,0.05,0.1,0.3,0.1,0
60871,Legs,Angry,0,0,0,0.25,0.25,0.23,0.05,0.1,0.15,0.05,0
60871,LeftLeg,Angry,0,0,0,0.26,0.26,0.26,0.05,0.25,0.15,0.1,0
60871,LeftHand,Angry,0,0,0,0.25,0.25,0.23,0.05,0.1,0.25,0.1,0
60871,RightLeg,Angry,0,0,0,0.26,0.26,0.26,0.05,0.25,0.15,0.1,0
60871,RightHand,Angry,0,0,0,0.25,0.25,0.23,0.05,0.1,0.25,0.1,0
60871,Back,Angry,0,0,0,0.35,0.35,0.34,0,0,0,0,0
60877,WholeBody,Normal,0,0,0,1,1,1,1,1,1,1,1
60877,Body,Normal,0,0,0,0.5,0.5,0.5,0,0,0,0,0
60878,WholeBody,Normal,0,0,0,1,1,1,1,1,1,1,1
60878,Body,Normal,0,0,0,0.5,0.5,0.5,0,0,0,0,0
60879,WholeBody,Normal,0,0,0,0.01,0.01,0.01,0.01,0.01,0.01,0.01,0.01
60879,Body,Normal,0,0,0,0.26,0.26,0.28,0.05,0.05,0,0.05,0.05
60879,Tail,Normal,0,0,0,0.29,0.26,0.2,0.05,0.05,0,0.1,0.05
60879,Shell,Normal,0,0,0,0.23,0.15,0.1,0.1,0.1,0,0.15,0.05
60879,Head,Normal,0,0,1,0.45,0.5,0.45,0.15,0.2,0,0.2,0.05
60879,Legs,Normal,0,0,0,0.3,0.3,0.3,0.05,0.05,0,0.05,0.05
60879,LeftLeg,Normal,0,0,0,0.36,0.35,0.35,0.05,0.05,0,0.1,0.05
60879,LeftHand,Normal,0,0,0,0.26,0.3,0.25,0.05,0.05,0,0.1,0.05
60879,RightLeg,Normal,0,0,0,0.36,0.35,0.35,0.05,0.05,0,0.1,0.05
60879,RightHand,Normal,0,0,0,0.26,0.3,0.25,0.05,0.05,0,0.1,0.05
60879,Back,Normal,0,0,0,0.4,0.36,0.3,0.1,0.15,0,0.15,0.05
60880,WholeBody,Normal,0,0,0,0.01,0.01,0.01,0.01,0.01,0.01,0.01,0.01
60880,Head,Normal,0,0,1,0.55,0.55,0.5,0.1,0.1,0.15,0.05,0.15
60880,Neck,Normal,0,0,0,0.28,0.28,0.28,0.05,0.05,0.2,0.05,0.2
60880,LeftLeg,Normal,0,0,0,0.43,0.38,0.35,0.05,0.05,0.1,0.05,0.1
60880,LeftHand,Normal,0,0,0,0.3,0.3,0.3,0.1,0.1,0.15,0.05,0.15
60880,RightLeg,Normal,0,0,0,0.43,0.38,0.35,0.05,0.05,0.1,0.05,0.1
60880,RightHand,Normal,0,0,0,0.3,0.3,0.3,0.1,0.1,0.15,0.05,0.15
60880,Body,Normal,0,0,0,0.37,0.37,0.35,0.15,0.15,0.2,0.1,0.2
60880,Tail,Normal,0,0,0,0.35,0.35,0.3,0.05,0.05,0.2,0.05,0.2
60880,WholeBody,Angry,0,0,0,0.01,0.01,0.01,0.01,0.01,0.01,0.01,0.01
60880,Head,Angry,0,0,1,0.3,0.34,0.3,0.1,0.1,0.15,0.05,0.15
60880,Neck,Angry,0,0,0,0.28,0.28,0.28,0.05,0.05,0.2,0.05,0.2
60880,LeftLeg,Angry,0,0,0,0.35,0.32,0.25,0.05,0.05,0.1,0.05,0.1
60880,LeftHand,Angry,0,0,0,0.3,0.3,0.3,0.1,0.1,0.15,0.05,0.15
60880,RightLeg,Angry,0,0,0,0.35,0.32,0.25,0.05,0.05,0.1,0.05,0.1
60880,RightHand,Angry,0,0,0,0.3,0.3,0.3,0.1,0.1,0.15,0.05,0.15
60880,Body,Angry,0,0,0,0.6,0.6,0.55,0.15,0.15,0.2,0.1,0.2
60880,Tail,Angry,0,0,0,0.35,0.35,0.3,0.05,0.05,0.2,0.05,0.2
60881,WholeBody,Normal,0,0,0,0.01,0.01,0.01,0.01,0.01,0.01,0.01,0.01
60881,Head,Normal,0,0,1,0.28,0.31,0.25,0.1,0.1,0.15,0.05,0.15
60881,Neck,Normal,0,0,0,0.28,0.31,0.25,0.05,0.05,0.2,0.05,0.2
60881,LeftLeg,Normal,0,0,0,0.28,0.28,0.2,0.05,0.05,0.1,0.05,0.1
60881,LeftHand,Normal,0,0,0,0.25,0.25,0.3,0.1,0.1,0.15,0.05,0.15
60881,RightLeg,Normal,0,0,0,0.28,0.28,0.2,0.05,0.05,0.1,0.05,0.1
60881,RightHand,Normal,0,0,0,0.25,0.25,0.3,0.1,0.1,0.15,0.05,0.15
60881,Body,Normal,0,0,0,0.5,0.55,0.4,0.15,0.15,0.2,0.1,0.2
60881,Tail,Normal,0,0,0,0.26,0.3,0.28,0.05,0.05,0.2,0.05,0.2
60881,WholeBody,Angry,0,0,0,0.01,0.01,0.01,0.01,0.01,0.01,0.01,0.01
60881,Head,Angry,0,0,1,0.5,0.55,0.4,0.1,0.1,0.15,0.05,0.15
60881,Neck,Angry,0,0,0,0.5,0.55,0.4,0.05,0.05,0.2,0.05,0.2
60881,LeftLeg,Angry,0,0,0,0.27,0.27,0.2,0.05,0.05,0.1,0.05,0.1
60881,LeftHand,Angry,0,0,0,0.25,0.25,0.3,0.1,0.1,0.15,0.05,0.15
60881,RightLeg,Angry,0,0,0,0.27,0.27,0.2,0.05,0.05,0.1,0.05,0.1
60881,RightHand,Angry,0,0,0,0.25,0.25,0.3,0.1,0.1,0.15,0.05,0.15
60881,Body,Angry,0,0,0,0.28,0.31,0.25,0.15,0.15,0.2,0.1,0.2
60881,Tail,Angry,0,0,0,0.24,0.3,0.25,0.05,0.05,0.2,0.05,0.2
60890,WholeBody,Normal,0,0,0,0.01,0.01,0.01,0.01,0.01,0.01,0.01,0.01
60890,Head,Normal,0,0,1,0.5,0.5,0.45,0.01,0.2,0.1,0.15,0.05
60890,Neck,Normal,0,0,1.2,0.19,0.24,0.15,0.01,0.25,0.05,0.2,0.05
60890,LeftLeg,Normal,0,0,0,0.3,0.35,0.35,0.01,0.1,0.05,0.05,0.01
60890,LeftHand,Normal,0,0,0,0.3,0.35,0.3,0.01,0.1,0.05,0.05,0.01
60890,RightLeg,Normal,0,0,0,0.3,0.35,0.35,0.01,0.1,0.05,0.05,0.01
60890,RightHand,Normal,0,0,0,0.3,0.35,0.3,0.01,0.1,0.05,0.05,0.01
60890,Body,Normal,0,0,0,0.44,0.4,0.2,0.01,0.15,0.01,0.1,0.05
60890,Tail,Normal,0,0,0,0.35,0.25,0.45,0.01,0.15,0.05,0.1,0.05
60896,WholeBody,Normal,0,0,0,0.01,0.01,0.01,0.01,0.01,0.01,0.01,0.01
60896,Body,Normal,0,0,0.8,1,1,1,1,1,1,1,1
60897,WholeBody,Normal,0,0,0,0.01,0.01,0.01,0.01,0.01,0.01,0.01,0.01
60897,Body,Normal,0,0,0.8,1,1,1,1,1,1,1,1
60900,WholeBody,Normal,0,0,0,0.01,0.01,0.01,0.01,0.01,0.01,0.01,0.01
60900,Head,Normal,0,0,1,0.45,0.48,0.4,0.3,0.1,0.25,0,0.15
60900,Body,Normal,0,0,0,0.3,0.28,0.3,0.05,0.05,0.05,0,0.1
60900,LeftWing,Normal,0,0,0,0.26,0.3,0.25,0.3,0.05,0.25,0,0.1
60900,RightWing,Normal,0,0,0,0.26,0.3,0.25,0.3,0.05,0.25,0,0.1
60900,LeftHand,Normal,0,0,0,0.28,0.28,0.28,0.15,0,0.1,0,0.05
60900,RightHand,Normal,0,0,0,0.28,0.28,0.28,0.15,0,0.1,0,0.05
60900,LeftLeg,Normal,0,0,0,0.3,0.3,0.3,0.1,0.05,0.05,0,0
60900,RightLeg,Normal,0,0,0,0.3,0.3,0.3,0.1,0.05,0.05,0,0
60900,Tail,Normal,0,0,0,0.4,0.4,0.25,0.15,0,0.1,0,0.05
60910,WholeBody,Normal,0,0,0,0.01,0.01,0.01,0.01,0.01,0.01,0.01,0.01
60910,Head,Normal,0,0,1,0.2,0.2,0.1,0,0.2,0,0.1,0.15
60910,Neck,Normal,0,0,0,0.28,0.28,0.28,0,0.15,0,0.1,0.15
60910,LeftLeg,Normal,0,0,0,0.28,0.32,0.25,0,0.15,0,0.1,0.15
60910,LeftHand,Normal,0,0,0,0.3,0.3,0.3,0,0.1,0,0.1,0.15
60910,RightLeg,Normal,0,0,0,0.28,0.32,0.25,0,0.15,0,0.1,0.15
60910,RightHand,Normal,0,0,0,0.3,0.3,0.3,0,0.1,0,0.1,0.15
60910,Body,Normal,0,0,0,0.5,0.5,0.4,0,0.3,0.05,0.15,0.3
60910,Tail,Normal,0,0,0,0.28,0.28,0.26,0,0.35,0.05,0.15,0.25
60920,WholeBody,Normal,0,0,0,0.01,0.01,0.01,0.01,0.01,0.01,0.01,0.01
60920,Head,Normal,0,0,1,0.5,0.5,0.45,0.2,0.1,0.25,0.15,0.15
60920,Neck,Normal,0,0,0,0.36,0.4,0.3,0.15,0,0.15,0,0.1
60920,Body,Normal,0,0,0,0.27,0.27,0.3,0.05,0,0.05,0,0.05
60920,Tail,Normal,0,0,0,0.3,0.3,0.35,0.1,0,0.1,0,0.1
60920,Shell,Normal,0,0,0,0.24,0.24,0.3,0.25,0.05,0.3,0.05,0.1
60920,LeftHand,Normal,0,0,0,0.36,0.36,0.27,0.05,0,0.05,0,0.05
60920,RightHand,Normal,0,0,0,0.36,0.36,0.27,0.05,0,0.05,0,0.05
60920,LeftLeg,Normal,0,0,0,0.3,0.3,0.27,0.05,0,0.05,0,0.05
60920,RightLeg,Normal,0,0,0,0.3,0.3,0.27,0.05,0,0.35,0.05,0.05
60920,LeftWing,Normal,0,0,0,0.2,0.2,0.2,0.25,0.05,0.35,0.05,0.15
60920,RightWing,Normal,0,0,0,0.2,0.2,0.2,0.25,0.05,0.1,0,0.15
60920,Head,Angry,0,0,1,0.55,0.55,0.5,0.2,0.1,0.3,0.15,0.15
60920,Neck,Angry,0,0,0,0.36,0.4,0.3,0.15,0,0.15,0,0.1
60920,Body,Angry,0,0,0,0.27,0.27,0.3,0.05,0,0.05,0,0.05
60920,Tail,Angry,0,0,0,0.3,0.3,0.35,0.1,0,0.1,0,0.1
60920,Shell,Angry,0,0,0,0.24,0.24,0.3,0.25,0.05,0.3,0.05,0.1
60920,LeftHand,Angry,0,0,0,0.36,0.36,0.27,0.05,0,0.05,0,0.05
60920,RightHand,Angry,0,0,0,0.36,0.36,0.27,0.05,0,0.05,0,0.05
60920,LeftLeg,Angry,0,0,0,0.3,0.3,0.27,0.05,0,0.05,0,0.05
60920,RightLeg,Angry,0,0,0,0.3,0.3,0.27,0.05,0,0.35,0.05,0.05
60920,LeftWing,Angry,0,0,0,0.2,0.2,0.2,0.25,0.05,0.35,0.05,0.15
60920,RightWing,Angry,0,0,0,0.2,0.2,0.2,0.25,0.05,0.1,0,0.15
60921,WholeBody,Normal,0,0,0,0.01,0.01,0.01,0.01,0.01,0.01,0.01,0.01
60921,Head,Normal,0,0,1,0.2,0.2,0.2,0.2,0.1,0.25,0.15,0.15
60921,Neck,Normal,0,0,0,0.25,0.25,0.25,0.15,0,0.15,0,0.1
60921,Body,Normal,0,0,0,0.45,0.43,0.3,0.05,0,0.05,0,0.05
60921,Tail,Normal,0,0,0,0.69,0.55,0.6,0.1,0,0.1,0,0.1
60921,Shell,Normal,0,0,0,0.43,0.45,0.4,0.25,0.05,0.3,0.05,0.1
60921,LeftHand,Normal,0,0,0,0.23,0.23,0.23,0.05,0,0.05,0,0.05
60921,RightHand,Normal,0,0,0,0.23,0.23,0.23,0.05,0,0.05,0,0.05
60921,LeftLeg,Normal,0,0,0,0.38,0.38,0.3,0.05,0,0.05,0,0.05
60921,RightLeg,Normal,0,0,0,0.38,0.38,0.3,0.05,0,0.35,0.05,0.05
60921,LeftWing,Normal,0,0,0,0.2,0.2,0.2,0.25,0.05,0.35,0.05,0.15
60921,RightWing,Normal,0,0,0,0.2,0.2,0.2,0.25,0.05,0.1,0,0.15
60921,Head,Angry,0,0,1,0.27,0.27,0.27,0.2,0.1,0.3,0.15,0.15
60921,Neck,Angry,0,0,0,0.25,0.25,0.25,0.15,0,0.15,0,0.1
60921,Body,Angry,0,0,0,0.45,0.43,0.3,0.05,0,0.05,0,0.05
60921,Tail,Angry,0,0,0,0.69,0.55,0.6,0.1,0,0.1,0,0.1
60921,Shell,Angry,0,0,0,0.76,0.69,0.65,0.25,0.05,0.3,0.05,0.1
60921,LeftHand,Angry,0,0,0,0.23,0.23,0.23,0.05,0,0.05,0,0.05
60921,RightHand,Angry,0,0,0,0.23,0.23,0.23,0.05,0,0.05,0,0.05
60921,LeftLeg,Angry,0,0,0,0.38,0.38,0.3,0.05,0,0.05,0,0.05
60921,RightLeg,Angry,0,0,0,0.38,0.38,0.3,0.05,0,0.35,0.05,0.05
60921,LeftWing,Angry,0,0,0,0.2,0.2,0.2,0.25,0.05,0.35,0.05,0.15
60921,RightWing,Angry,0,0,0,0.2,0.2,0.2,0.25,0.05,0.1,0,0.15
60930,WholeBody,Normal,0,0,0,0.01,0.01,0.01,0.01,0.01,0.01,0.01,0.01
60930,Head,Normal,0,0,1,0.6,0.7,0.65,0.2,0,0.15,0.1,0.25
60930,Neck,Normal,0,0,0,0.35,0.3,0.15,0.15,0,0,0.05,0.1
60930,Back,Normal,0,0,0,0.3,0.25,0.15,0.15,0,0,0.05,0.1
60930,Belly,Normal,0,0,0,0.44,0.44,0.3,0.2,0,0.1,0.05,0.2
60930,LeftHand,Normal,0,0,0,0.5,0.4,0.25,0.2,0,0.1,0.05,0.2
60930,RightHand,Normal,0,0,0,0.5,0.4,0.25,0.2,0,0.1,0.05,0.2
60930,LeftLeg,Normal,0,0,0,0.25,0.3,0.1,0.15,0,0,0.05,0.2
60930,RightLeg,Normal,0,0,0,0.25,0.3,0.1,0.15,0,0,0.05,0.2
60930,Tail,Normal,0,0,0,0.35,0.3,0.15,0.2,0,0,0.05,0.1
70001,WholeBody,Normal,0,0,0,1,1,1,1,1,1,1,1
70001,Head,Normal,0,0,0,0.5,0.5,0.5,0.5,0.5,0.5,0.5,0.3
70001,Neck,Normal,0,0,0,0.8,0.8,0.8,0.8,0.8,0.8,0.8,0.6
70001,Body,Normal,0,0,0,0.8,0.8,0.8,0.8,0.8,0.8,0.8,0.6
70002,WholeBody,Normal,0,0,0,1,1,1,1,1,1,1,1
70002,Head,Normal,0,0,0,1,1,1,1,1,1,1,1
70002,Body,Normal,0,0,0,1,1,1,1,1,1,1,1
70002,LeftFoot,Normal,0,0,0,1,1,1,1,1,1,1,1
70002,LeftHand,Normal,0,0,0,1,1,1,1,1,1,1,1
70002,RightFoot,Normal,0,0,0,1,1,1,1,1,1,1,1
70002,RightHand,Normal,0,0,0,1,1,1,1,1,1,1,1
70002,Tail,Normal,0,0,0,1,1,1,1,1,1,1,1
70003,WholeBody,Normal,0,0,0,0,0,0,0,0,0,0,0
70003,Head,Normal,0,0,0,0,0,0,0,0,0,0,0
70003,Body,Normal,0,0,0,0,0,0,0,0,0,0,0
70003,LeftFoot,Normal,0,0,0,0,0,0,0,0,0,0,0
70003,LeftHand,Normal,0,0,0,0,0,0,0,0,0,0,0
70003,RightFoot,Normal,0,0,0,0,0,0,0,0,0,0,0
70003,RightHand,Normal,0,0,0,0,0,0,0,0,0,0,0
70003,Tail,Normal,0,0,0,0,0,0,0,0,0,0,0
70004,WholeBody,Normal,0,0,0,0,0,0,0,0,0,0,0
70004,Head,Normal,0,0,1,0.7,0.7,0.7,0.25,0,0.1,0.1,0
70004,Body,Normal,0,0,0,0.65,0.65,0.6,0.15,0,0.1,0.1,0
70004,LeftFoot,Normal,0,0,0,0.65,0.65,0.6,0.15,0,0.1,0.1,0
70004,LeftHand,Normal,0,0,0,0.65,0.65,0.6,0.15,0,0.1,0.1,0
70004,RightFoot,Normal,0,0,0,0.65,0.65,0.6,0.15,0,0.1,0.1,0
70004,RightHand,Normal,0,0,0,0.65,0.65,0.6,0.15,0,0.1,0.1,0
70004,Tail,Normal,0,0,0,3,3,3,0,0,0,0,0
70005,WholeBody,Normal,0,0,0,1,1,1,1,1,1,1,1
70005,Body,Normal,0,0,0,0.2,0.2,0,0,0,0,0,0
70005,Head,Normal,0,0,1,5,5,5,5,5,5,5,5
70005,Neck,Normal,0,0,0,0.2,0.2,0,0,0,0,0,0
70005,Wings,Normal,0,0,0,0.2,0.2,0,0,0,0,0,0
70005,LeftLeg,Normal,0,0,0,0.2,0.2,0,0,0,0,0,0
70005,RightLeg,Normal,0,0,0,0.2,0.2,0,0,0,0,0,0
70005,Tail,Normal,0,0,0,0.2,0.2,0.2,0.2,0.2,0.2,0.2,0.2
70006,WholeBody,Normal,0,0,0,1,1,1,1,1,1,1,1
70006,Body,Normal,0,0,0,0.8,0.8,0.8,0.8,0.8,0.8,0.8,0.6
70006,Head,Normal,0,0,0,0.8,0.8,0.8,0.8,0.8,0.8,0.8,0.6
70006,Tail,Normal,0,0,0,0.5,0.5,0.5,0.5,0.5,0.5,0.5,0.3
70007,WholeBody,Normal,0,0,0,1,1,1,1,1,1,1,1
70007,Head,Normal,0,0,0,0.8,0.8,0.8,0.8,0.8,0.8,0.8,0.6
70007,Body,Normal,0,0,0,0.8,0.8,0.8,0.8,0.8,0.8,0.8,0.6
70008,WholeBody,Normal,0,0,0,0,0,0,0,0,0,0,0
70008,Body,Normal,0,0,0,0.8,0.8,0.8,0.8,0.8,0.8,0.8,0.6
70008,Head,Normal,0,0,0,0.8,0.8,0.8,0.8,0.8,0.8,0.8,0.6
70008,Tail,Normal,0,0,0,0.5,0.5,0.5,0.5,0.5,0.5,0.5,0.3
70009,WholeBody,Normal,0,0,0,1,1,1,1,1,1,1,1
70009,Body,Normal,0,0,0,0.8,0.8,0.8,0.8,0.8,0.8,0.8,0.6
70009,Head,Normal,0,0,0,0.8,0.8,0.8,0.8,0.8,0.8,0.8,0.6
70009,Tail,Normal,0,0,0,0.5,0.5,0.5,0.5,0.5,0.5,0.5,0.3
70010,WholeBody,Normal,0,0,0,1,1,1,1,1,1,1,1
70010,Body,Normal,0,0,0,0.8,0.8,0.8,0.8,0.8,0.8,0.8,0.6
70011,WholeBody,Normal,0,0,0,0,0,0,0,0,0,0,0
70011,Body,Normal,0,0,0,0.3,0.4,0.4,0.15,0,0.1,0.1,0.1
70011,Tail,Normal,0,0,0,0.4,0.3,0.15,0.15,0,0.1,0.1,0.1
70011,Head,Normal,0,0,0.5,0.65,0.75,0.6,0.25,0,0.1,0.1,0.1
70011,LeftFoot,Normal,0,0,0,0.45,0.4,0.45,0.15,0,0.1,0.1,0.1
70011,LeftHand,Normal,0,0,0,0.45,0.4,0.45,0.15,0,0.1,0.1,0.1
70011,RightFoot,Normal,0,0,0,0.45,0.4,0.45,0.15,0,0.1,0.1,0.1
70011,RightHand,Normal,0,0,0,0.45,0.4,0.45,0.15,0,0.1,0.1,0.1
70012,Body,Normal,0,0,0.8,0.8,0.8,0.8,0.8,0.8,0.8,0.8,0.8
70013,WholeBody,Normal,0,0,0,1,1,1,1,1,1,1,1
70013,Body,Normal,0,0,0,0.8,0.8,0.8,0.8,0.8,0.8,0.8,0.6
70014,WholeBody,Normal,0,0,0,1,1,1,1,1,1,1,1
70014,Body,Normal,0,0,0.8,0.4,0.5,0.3,0.15,0.05,0.15,0.05,0
70016,WholeBody,Normal,0,0,0,0.01,0.01,0.01,0.01,0.01,0.01,0.01,0.01
70016,Body,Normal,0,0,0,0.4,0.4,0.35,0.2,0.2,0.2,0.2,0.1
70016,Head,Normal,0,0,0.6,0.45,0.45,0.35,0.2,0.2,0.2,0.2,0.1
70016,Tail,Normal,0,0,0,0.3,0.3,0.35,0.2,0.2,0.2,0.2,0.1
70016,LeftLeg,Normal,0,0,0,0.4,0.4,0.35,0.2,0.2,0.2,0.2,0.1
70016,RightLeg,Normal,0,0,0,0.4,0.4,0.35,0.2,0.2,0.2,0.2,0.1
70017,WholeBody,Normal,0,0,0,0.01,0.01,0.01,0.01,0.01,0.01,0.01,0.01
70017,Head,Normal,0,0,1,0.7,0.7,0.7,0.25,0,0.1,0.1,0
70017,Body,Normal,0,0,0,0.65,0.65,0.6,0.15,0,0.1,0.1,0
70017,LeftFoot,Normal,0,0,0,0.65,0.65,0.6,0.15,0,0.1,0.1,0
70017,LeftHand,Normal,0,0,0,0.65,0.65,0.6,0.15,0,0.1,0.1,0
70017,RightFoot,Normal,0,0,0,0.65,0.65,0.6,0.15,0,0.1,0.1,0
70017,RightHand,Normal,0,0,0,0.65,0.65,0.6,0.15,0,0.1,0.1,0
70017,Tail,Normal,0,0,0,0.28,0.35,0.35,0.15,0,0.1,0.1,0
70018,WholeBody,Normal,0,0,0,1,1,1,1,1,1,1,1
70018,Body,Normal,0,0,0,0.8,0.8,0.8,0.8,0.8,0.8,0.8,0.6
70019,WholeBody,Normal,0,0,0,1,1,1,1,1,1,1,1
70019,Head,Normal,0,0,0,0.5,0.5,0.5,0.5,0.5,0.5,0.5,0.3
70019,Neck,Normal,0,0,0,0.8,0.8,0.8,0.8,0.8,0.8,0.8,0.6
70019,Body,Normal,0,0,0,0.8,0.8,0.8,0.8,0.8,0.8,0.8,0.6
70020,WholeBody,Normal,0,0,0,1,1,1,1,1,1,1,1
70020,Body,Normal,0,0,0,0.8,0.8,0.8,0.8,0.8,0.8,0.8,0.6
70021,WholeBody,Normal,0,0,0,1,1,1,1,1,1,1,1
70021,Head,Normal,0,0,0,0.5,0.5,0.5,0.5,0.5,0.5,0.5,0.3
70021,Neck,Normal,0,0,0,0.8,0.8,0.8,0.8,0.8,0.8,0.8,0.6
70021,Body,Normal,0,0,0,0.8,0.8,0.8,0.8,0.8,0.8,0.8,0.6
70022,WholeBody,Normal,0,0,0,1,1,1,1,1,1,1,1
70022,Body,Normal,0,0,0,0.8,0.8,0.8,0.8,0.8,0.8,0.8,0.6
70022,Head,Normal,0,0,0.8,0.8,0.8,0.8,0.8,0.8,0.8,0.8,0.6
70022,Leftbackleg,Normal,0,0,0,0.8,0.8,0.8,0.8,0.8,0.8,0.8,0.6
70022,Leftleg,Normal,0,0,0,0.8,0.8,0.8,0.8,0.8,0.8,0.8,0.6
70022,Rightbackleg,Normal,0,0,0,0.8,0.8,0.8,0.8,0.8,0.8,0.8,0.6
70022,Rightleg,Normal,0,0,0,0.8,0.8,0.8,0.8,0.8,0.8,0.8,0.6
70022,Tail,Normal,0,0,0,0.8,0.8,0.8,0.8,0.8,0.8,0.8,0.6
70023,WholeBody,Normal,0,0,0,1,1,1,1,1,1,1,1
70023,Body,Normal,0,0,0,0.8,0.8,0.8,0.8,0.8,0.8,0.8,0.6
70023,Head,Normal,0,0,0,0.8,0.8,0.8,0.8,0.8,0.8,0.8,0.6
70023,Tail,Normal,0,0,0,0.5,0.5,0.5,0.5,0.5,0.5,0.5,0.3
70024,WholeBody,Normal,0,0,0,1,1,1,1,1,1,1,1
70024,Body,Normal,0,0,0,0.6,0.6,0.45,0.2,0.2,0.2,0.2,0.1
70024,Head,Normal,0,0,0.6,0.65,0.65,0.45,0.2,0.2,0.2,0.2,0.1
70024,Tail,Normal,0,0,0,0.6,0.6,0.45,0.2,0.2,0.2,0.2,0.1
70024,LeftLeg,Normal,0,0,0,0.6,0.6,0.45,0.2,0.2,0.2,0.2,0.1
70024,RightLeg,Normal,0,0,0,0.6,0.6,0.45,0.2,0.2,0.2,0.2,0.1
70025,WholeBody,Normal,0,0,0,1,1,1,1,1,1,1,1
70025,Body,Normal,0,0,0,0.8,0.8,0.8,0.8,0.8,0.8,0.8,0.6
70026,WholeBody,Normal,0,0,0,1,1,1,1,1,1,1,1
70026,Body,Normal,0,0,0,0.8,0.8,0.8,0.8,0.8,0.8,0.8,0.6
70027,WholeBody,Normal,0,0,0,0.01,0.01,0.01,0.01,0.01,0.01,0.01,0.01
70027,Head,Normal,0,0,5,5,8,7,1,3,3,4,0
70027,Neck,Normal,0,0,0.5,0.5,0.6,0.5,0.1,0.8,0.8,0.5,0.2
70027,Back,Normal,0,0,0,0.4,0.5,0.4,0.1,0.2,0.15,0.15,0
70027,Body,Normal,0,0,0,0.6,0.5,0.5,0.1,0.2,0.15,0.15,0
70027,Tail,Normal,0,0,0,0.5,0.4,0.3,0.1,0.2,0.15,0.15,0
70027,LeftWing,Normal,0,0,0,0.6,0.6,0.3,0.1,0.2,0.25,0.15,0
70027,RightWing,Normal,0,0,0,0.6,0.6,0.3,0.1,0.2,0.25,0.15,0
70027,LeftLeg,Normal,0,0,0,0.26,0.3,0.3,0.05,0.05,0.05,0.05,0
70027,RightLeg,Normal,0,0,0,0.26,0.3,0.3,0.05,0.05,0.05,0.05,0
70028,WholeBody,Normal,0,0,0,1,1,1,1,1,1,1,1
70028,Body,Normal,0,0,0,0.8,0.8,0.8,0.8,0.8,0.8,0.8,0.6
70029,WholeBody,Normal,0,0,0,0.01,0.01,0.01,0.01,0.01,0.01,0.01,0.01
70029,Body,Normal,0,0,0,1,1,1,1,1,1,1,1
70029,Head,Normal,0,0,0,1,1,1,1,1,1,1,1
70029,Neck,Normal,0,0,0,1,1,1,1,1,1,1,1
70029,Wings,Normal,0,0,0,1,1,1,1,1,1,1,1
70029,LeftLeg,Normal,0,0,0,1,1,1,1,1,1,1,1
70029,RightLeg,Normal,0,0,0,1,1,1,1,1,1,1,1
70029,Tail,Normal,0,0,0,1,1,1,1,1,1,1,1
70030,WholeBody,Normal,0,0,0,1,1,1,1,1,1,1,1
70030,Body,Normal,0,0,0,0.8,0.8,0.8,0.8,0.8,0.8,0.8,0.6
70031,WholeBody,Normal,0,0,0,0.01,0.01,0.01,0.01,0.01,0.01,0.01,0.01
70031,Head,Normal,0,0,0.6,0.6,0.6,0.55,0,0.15,0.2,0.15,0.35
70031,Neck,Normal,0,0,0.1,0.3,0.35,0.4,0,0.1,0.15,0.1,0.2
70031,Back,Normal,0,0,0,0.25,0.3,0.3,0.1,0.1,0.15,0.1,0.25
70031,Body,Normal,0,0,0,0.35,0.4,0.4,0,0.05,0.2,0.05,0.1
70031,Tail,Normal,0,0,0,0.3,0.26,0.25,0,0.05,0.1,0.05,0.25
70031,LeftWing,Normal,0,0,0,0.26,0.25,0.2,0,0.1,0.15,0.1,0.2
70031,RightWing,Normal,0,0,0,0.26,0.25,0.2,0,0.1,0.15,0.1,0.2
70031,LeftLeg,Normal,0,0,0,0.26,0.26,0.2,0,0.05,0.1,0.05,0.05
70031,RightLeg,Normal,0,0,0,0.26,0.26,0.2,0,0.05,0.1,0.05,0.05
70032,WholeBody,Normal,0,0,0,0.01,0.01,0.01,0.01,0.01,0.01,0.01,0.01
70032,Shell,Normal,0,0,0,0.25,0.4,0.2,0.05,0.05,0.25,0.1,0
70032,Shell1,Normal,0,0,0,0.25,0.4,0.2,0.05,0.05,0.25,0.1,0
70032,Shell2,Normal,0,0,0,0.25,0.4,0.2,0.05,0.05,0.25,0.1,0
70032,Shell3,Normal,0,0,0,0.25,0.4,0.2,0.05,0.05,0.25,0.1,0
70032,Body,Normal,0,0,0,0.35,0.4,0.25,0.05,0.05,0.2,0.1,0
70032,LeftFoot,Normal,0,0,0,0.25,0.25,0.3,0.05,0.05,0.15,0.1,0
70032,RightFoot,Normal,0,0,0,0.25,0.25,0.3,0.05,0.05,0.15,0.1,0
70032,LeftHand,Normal,0,0,0,0.25,0.25,0.3,0.05,0.05,0.15,0.1,0
70032,RightHand,Normal,0,0,0,0.25,0.25,0.3,0.05,0.05,0.15,0.1,0
70032,LeftArm,Normal,0,0,0,0.25,0.35,0.15,0.05,0.05,0.2,0.1,0
70032,RightArm,Normal,0,0,0,0.35,0.35,0.3,0.1,0.1,0,0.1,0
70032,Head,Normal,0,0,0,10,10,10,0.1,0.1,0.35,0.2,0
70033,WholeBody,Normal,0,0,0,0.01,0.01,0.01,0.01,0.01,0.01,0.01,0.01
70033,Body,Normal,0,0,0,0.4,0.4,0.4,0.15,0,0.1,0.1,0.1
70033,Tail,Normal,0,0,0,0.4,0.3,0.15,0.15,0,0.1,0.1,0.1
70033,Head,Normal,0,0,1,2,2,2,0.25,0,0.1,0.1,0.1
70033,LeftLeg,Normal,0,0,0,0.45,0.4,0.45,0.15,0,0.1,0.1,0.1
70033,LeftHand,Normal,0,0,0,0.45,0.4,0.45,0.15,0,0.1,0.1,0.1
70033,RightLeg,Normal,0,0,0,0.45,0.4,0.45,0.15,0,0.1,0.1,0.1
70033,RightHand,Normal,0,0,0,0.45,0.4,0.45,0.15,0,0.1,0.1,0.1
70034,WholeBody,Normal,0,0,0,0.01,0.01,0.01,0.01,0.01,0.01,0.01,0.01
70034,Head,Normal,0,0,1,0.7,0.7,0.7,0.25,0,0.1,0.1,0
70034,Body,Normal,0,0,0,0.65,0.65,0.6,0.15,0,0.1,0.1,0
70034,LeftFoot,Normal,0,0,0,0.65,0.65,0.6,0.15,0,0.1,0.1,0
70034,LeftHand,Normal,0,0,0,0.65,0.65,0.6,0.15,0,0.1,0.1,0
70034,RightFoot,Normal,0,0,0,0.65,0.65,0.6,0.15,0,0.1,0.1,0
70034,RightHand,Normal,0,0,0,0.65,0.65,0.6,0.15,0,0.1,0.1,0
70034,Tail,Normal,0,0,0,0.28,0.35,0.35,0.15,0,0.1,0.1,0
70035,WholeBody,Normal,0,0,0,0.01,0.01,0.01,0.01,0.01,0.01,0.01,0.01
70035,Head,Normal,0,0,0.5,0.4,0.5,0.6,0,0.1,0.15,0.3,0.05
70035,LeftLeg,Normal,0,0,0,0.35,0.3,0.35,0,0.15,0.1,0.2,0.05
70035,RightLeg,Normal,0,0,0,0.35,0.3,0.35,0,0.15,0.1,0.2,0.05
70035,Tail,Normal,0,0,0,0.6,0.5,0.6,0,0.1,0.1,0.15,0.05
70035,Wings,Normal,0,0,0,0.4,0.5,0.6,0,0.1,0.1,0.15,0.05
70035,Body,Normal,0,0,0,0.7,0.7,0.7,0,0.15,0.15,0.2,0.05
70036,WholeBody,Normal,0,0,0,1,1,1,1,1,1,1,1
70036,Body,Normal,0,0,0,0.8,0.8,0.8,0.8,0.8,0.8,0.8,0.6
70037,WholeBody,Normal,0,0,0,1,1,1,1,1,1,1,1
70037,Body,Normal,0,0,0,0.59,0.59,0.59,0.59,0.59,0.59,0.59,0.59
70037,Tail,Normal,0,0,0,0.5,0.5,0.5,0.5,0.5,0.5,0.5,0.3
70038,WholeBody,Normal,0,0,0,1,1,1,1,1,1,1,1
70038,Body,Normal,0,0,0,0.8,0.8,0.8,0.8,0.8,0.8,0.8,0.6
70039,WholeBody,Normal,0,0,0,1,1,1,1,1,1,1,1
70039,Body,Normal,0,0,0,0.8,0.8,0.8,0.8,0.8,0.8,0.8,0.6
70039,Head,Normal,0,0,0,0.8,0.8,0.8,0.8,0.8,0.8,0.8,0.6
70039,Tail,Normal,0,0,0,0.5,0.5,0.5,0.5,0.5,0.5,0.5,0.3
70040,WholeBody,Normal,0,0,0,1,1,1,1,1,1,1,1
70040,Body,Normal,0,0,0,0.6,0.6,0.45,0.2,0.2,0.2,0.2,0.1
70040,Head,Normal,0,0,0.6,0.65,0.65,0.45,0.2,0.2,0.2,0.2,0.1
70040,Tail,Normal,0,0,0,0.6,0.6,0.45,0.2,0.2,0.2,0.2,0.1
70040,LeftLeg,Normal,0,0,0,0.6,0.6,0.45,0.2,0.2,0.2,0.2,0.1
70040,RightLeg,Normal,0,0,0,0.6,0.6,0.45,0.2,0.2,0.2,0.2,0.1
70041,WholeBody,Normal,0,0,0,0.01,0.01,0.01,0.01,0.01,0.01,0.01,0.01
70041,Head,Normal,0,0,0.8,0.65,0.75,0.75,0.05,0.25,0.05,0.1,0
70041,Body,Normal,0,0,0,0.5,0.5,0.35,0.05,0.35,0.05,0.1,0
70041,LeftFoot,Normal,0,0,0,0.5,0.5,0.35,0.05,0.35,0.05,0.1,0
70041,LeftHand,Normal,0,0,0,0.5,0.5,0.35,0.05,0.35,0.05,0.1,0
70041,RightFoot,Normal,0,0,0,0.5,0.5,0.35,0.05,0.35,0.05,0.1,0
70041,RightHand,Normal,0,0,0,0.5,0.5,0.35,0.05,0.35,0.05,0.1,0
70041,Tail,Normal,0,0,0,0.26,0.35,0.35,0.05,0.4,0.05,0.1,0
70051,WholeBody,Normal,0,0,0,1,1,1,1,1,1,1,1
70051,Body,Normal,0,0,0,0.6,0.55,0.55,0,0.05,0.2,0.05,0.1
70052,WholeBody,Normal,0,0,0,1,1,1,1,1,1,1,1
70052,Body,Normal,0,0,0,0.6,0.55,0.55,0,0.05,0.2,0.05,0.1
70053,WholeBody,Normal,0,0,0,1,1,1,1,1,1,1,1
70053,Body,Normal,0,0,0,0.6,0.55,0.55,0,0.05,0.2,0.05,0.1
70054,WholeBody,Normal,0,0,0,1,1,1,1,1,1,1,1
70054,Body,Normal,0,0,0,0.6,0.55,0.55,0,0.05,0.2,0.05,0.1
70055,WholeBody,Normal,0,0,0,1,1,1,1,1,1,1,1
70055,Body,Normal,0,0,0,0.8,0.8,0.8,0.8,0.8,0.8,0.8,0.6
70059,WholeBody,Normal,0,0,0,1,1,1,1,1,1,1,1
70059,Head,Normal,0,0,0.8,0.65,0.65,0.55,0,0.1,0.15,0.1,0.2
70059,Neck,Normal,0,0,0,0.3,0.3,0.2,0,0.1,0.1,0.1,0.1
70059,Back,Normal,0,0,0,0.3,0.3,0.2,0.15,0.1,0.2,0.1,0.25
70059,Body,Normal,0,0,0,0.35,0.4,0.4,0,0.05,0.2,0.05,0.1
70059,Tail,Normal,0,0,0,0.45,0.4,0.25,0,0.05,0.1,0.05,0.2
70059,LeftWing,Normal,0,0,0,0.35,0.35,0.2,0,0.1,0.25,0.1,0.35
70059,RightWing,Normal,0,0,0,0.35,0.35,0.2,0,0.1,0.25,0.1,0.35
70059,LeftLeg,Normal,0,0,0,0.35,0.35,0.3,0,0.05,0.1,0.05,0.1
70059,RightLeg,Normal,0,0,0,0.35,0.35,0.3,0,0.05,0.1,0.05,0.1
70061,WholeBody,Normal,0,0,0,0.01,0.01,0.01,0.01,0.01,0.01,0.01,0.01
70061,Body,Normal,0,0,0,0.01,0.01,0.01,0.01,0.01,0.01,0.01,0.01
70061,Tail,Normal,0,0,0,0.4,0.4,0.4,0.15,0.05,0.1,0.1,0.1
70061,Head,Normal,0,0,0.05,0.01,0.01,0.01,0.01,0.01,0.01,0.01,0.01
70061,LeftFoot,Normal,0,0,0,0.01,0.01,0.01,0.01,0.01,0.01,0.01,0.01
70061,LeftHand,Normal,0,0,0,0.01,0.01,0.01,0.01,0.01,0.01,0.01,0.01
70061,RightFoot,Normal,0,0,0,0.01,0.01,0.01,0.01,0.01,0.01,0.01,0.01
70061,RightHand,Normal,0,0,0,0.01,0.01,0.01,0.01,0.01,0.01,0.01,0.01
70062,Body,Normal,0,0,0,0.6,0.6,0.6,1,0.8,0.8,0.5,0.2
70063,Body,Normal,0,0,0,0.6,0.6,0.6,1,0.8,0.8,0.5,0.2
70064,Body,Normal,0,0,0,0.6,0.6,0.6,1,0.8,0.8,0.5,0.2
70066,Body,Normal,0,0,0,0.6,0.6,0.6,1,0.8,0.8,0.5,0.2
70068,WholeBody,Normal,0,0,0,0.01,0.01,0.01,0.01,0.01,0.01,0.01,0.01
70068,Body,Normal,0,0,0,0.4,0.4,0.4,0,0.05,0,0.15,0
70068,Tail,Normal,0,0,0,0.48,0.48,0.3,0,0.05,0,0.2,0
70068,Head,Normal,0,0,1,0.55,0.8,0.55,0.05,0.05,0,0.3,0
70068,LeftLeg,Normal,0,0,0,0.5,0.4,0.5,0,0.05,0,0.3,0
70068,LeftHand,Normal,0,0,0,0.43,0.4,0.43,0,0.05,0,0.15,0
70068,RightLeg,Normal,0,0,0,0.5,0.4,0.5,0,0.05,0,0.3,0
70068,RightHand,Normal,0,0,0,0.43,0.4,0.43,0,0.05,0,0.15,0
70100,WholeBody,Normal,0,0,0,1,1,1,1,1,1,1,1
70123,WholeBody,Normal,0,0,0,1,1,1,1,1,1,1,1
70123,Body,Normal,0,0,0,0.8,0.8,0.8,0.8,0.8,0.8,0.8,0.6
70123,Head,Normal,0,0,0.8,0.8,0.8,0.8,0.8,0.8,0.8,0.8,0.6
70123,Leftbackleg,Normal,0,0,0,0.8,0.8,0.8,0.8,0.8,0.8,0.8,0.6
70123,Leftleg,Normal,0,0,0,0.8,0.8,0.8,0.8,0.8,0.8,0.8,0.6
70123,Rightbackleg,Normal,0,0,0,0.8,0.8,0.8,0.8,0.8,0.8,0.8,0.6
70123,Rightleg,Normal,0,0,0,0.8,0.8,0.8,0.8,0.8,0.8,0.8,0.6
70123,Tail,Normal,0,0,0,0.8,0.8,0.8,0.8,0.8,0.8,0.8,0.6
70163,WholeBody,Normal,0,0,0,1,1,1,1,1,1,1,1
70163,Body,Normal,0,0,0,0.8,0.8,0.8,0.8,0.8,0.8,0.8,0.6
70163,Head,Normal,0,0,0,0.8,0.8,0.8,0.8,0.8,0.8,0.8,0.6
70163,Tail,Normal,0,0,0,0.5,0.5,0.5,0.5,0.5,0.5,0.5,0.3
78010,WholeBody,Normal,0,0,0,1,1,1,1,1,1,1,1
78010,Body,Normal,0,0,0,1,1,1,1,1,1,1,1
80011,WholeBody,Normal,0,0,0,1,1,1,1,1,1,1,1
80011,Body,Normal,0,0,0,0.6,0.6,0.45,0.3,0.3,0.3,0.3,0.3
50162,Body,Normal,0,0,0,0.59,0.59,0.59,0.59,0.59,0.59,0.59,0.59
50162,WholeBody,Normal,0,0,0,1,1,1,1,1,1,1,1
60272,Body,Normal,0,0,0,0.5,0.3,0.25,0,0,0.1,0.05,0
60272,LeftLeg,Normal,0,0,0,0.3,0.5,0.25,0,0,0.25,0.05,0
60272,WholeBody,Normal,0,0,0,0.01,0.01,0.01,0.01,0.01,0.01,0.01,0.01
60272,RightLeg,Normal,0,0,0,0.3,0.5,0.25,0,0,0.25,0.05,0
60272,Head,Normal,0,0,1,0.3,0.8,0.4,0,0,0.05,0.05,0
60272,RightHand,Normal,0,0,0,0.3,0.5,0.25,0,0,0.25,0.05,0
60272,Tail,Normal,0,0,0,0.4,0.2,0.75,0,0,0.2,0.05,0
60272,LeftHand,Normal,0,0,0,0.3,0.5,0.25,0,0,0.25,0.05,0
60450,Back,Normal,0,0,0,0.3,0.3,0.2,0.05,0.1,0.05,0.05,0.25
60450,RightBody,Normal,0,0,0,0.28,0.28,0.15,0.05,0.15,0.05,0.05,0.3
60450,LeftBody,Normal,0,0,0,0.28,0.28,0.15,0.05,0.15,0.05,0.05,0.3
70070,Abdomen,Normal,0,0,0,0.8,0.9,0.6,0.5,0.05,0.15,0.05,1
70070,Body,Normal,0,0,0,0.6,0.55,0.4,0.2,0.05,0.15,0.05,0.3
70070,LeftLeg,Normal,0,0,0,0.32,0.37,0.25,0.2,0.05,0.15,0.05,0.2
70070,Back,Normal,0,0,0,0.1,0.2,0.15,0.2,0.05,0.15,0.05,0.2
70070,WholeBody,Normal,0,0,0,0.01,0.01,0.01,0.01,0.01,0.01,0.01,0.01
70070,Neck,Normal,0,0,0,0.2,0.2,0.15,0.2,0.05,0.15,0.05,0.2
70070,RightLeg,Normal,0,0,0,0.32,0.37,0.25,0.2,0.05,0.15,0.05,0.2
70070,Head,Normal,0,0,0,0.28,0.2,0.2,0.2,0.05,0.15,0.05,0.2
70070,RightWing,Normal,0,0,0,0.1,0.2,0.15,0.2,0.05,0.15,0.05,0.2
70070,RightHand,Normal,0,0,0,0.32,0.37,0.25,0.2,0.05,0.15,0.05,0.2
70070,Tail,Normal,0,0,0,0.1,0.2,0.15,0.2,0.05,0.15,0.05,0.2
70070,LeftWing,Normal,0,0,0,0.1,0.2,0.15,0.2,0.05,0.15,0.05,0.2
70070,LeftHand,Normal,0,0,0,0.32,0.37,0.25,0.2,0.05,0.15,0.05,0.2
70200,Body,Normal,0,0,0,0.8,0.8,0.8,0.8,0.8,0.8,0.8,0.6
70200,WholeBody,Normal,0,0,0,1,1,1,1,1,1,1,1
70201,Tail,Normal,0,0,0,0.5,0.5,0.5,0.5,0.5,0.5,0.5,0.3
70201,Head,Normal,0,0,0,0.8,0.8,0.8,0.8,0.8,0.8,0.8,0.6
70201,Body,Normal,0,0,0,0.8,0.8,0.8,0.8,0.8,0.8,0.8,0.6
70201,WholeBody,Normal,0,0,0,1,1,1,1,1,1,1,1
70202,Tail,Normal,0,0,0,0.5,0.5,0.5,0.5,0.5,0.5,0.5,0.3
70202,Head,Normal,0,0,0,0.8,0.8,0.8,0.8,0.8,0.8,0.8,0.6
70202,Body,Normal,0,0,0,0.8,0.8,0.8,0.8,0.8,0.8,0.8,0.6
70202,WholeBody,Normal,0,0,0,1,1,1,1,1,1,1,1
70203,Tail,Normal,0,0,0,0.5,0.5,0.5,0.5,0.5,0.5,0.5,0.3
70203,Head,Normal,0,0,0,0.8,0.8,0.8,0.8,0.8,0.8,0.8,0.6
70203,Body,Normal,0,0,0,0.8,0.8,0.8,0.8,0.8,0.8,0.8,0.6
70203,WholeBody,Normal,0,0,0,1,1,1,1,1,1,1,1
70204,Body,Normal,0,0,0,0.8,0.8,0.8,0.8,0.8,0.8,0.8,0.6
70204,WholeBody,Normal,0,0,0,1,1,1,1,1,1,1,1
70205,Tail,Normal,0,0,0,0.5,0.5,0.5,0.5,0.5,0.5,0.5,0.3
70205,Head,Normal,0,0,0,0.8,0.8,0.8,0.8,0.8,0.8,0.8,0.6
70205,Body,Normal,0,0,0,0.8,0.8,0.8,0.8,0.8,0.8,0.8,0.6
70205,WholeBody,Normal,0,0,0,1,1,1,1,1,1,1,1
70206,Tail,Normal,0,0,0,0.5,0.5,0.5,0.5,0.5,0.5,0.5,0.3
70206,Head,Normal,0,0,0,0.8,0.8,0.8,0.8,0.8,0.8,0.8,0.6
70206,Body,Normal,0,0,0,0.8,0.8,0.8,0.8,0.8,0.8,0.8,0.6
70206,WholeBody,Normal,0,0,0,1,1,1,1,1,1,1,1
70207,Tail,Normal,0,0,0,0.5,0.5,0.5,0.5,0.5,0.5,0.5,0.3
70207,Head,Normal,0,0,0,0.8,0.8,0.8,0.8,0.8,0.8,0.8,0.6
70207,Body,Normal,0,0,0,0.8,0.8,0.8,0.8,0.8,0.8,0.8,0.6
70207,WholeBody,Normal,0,0,0,1,1,1,1,1,1,1,1
70208,Body,Normal,0,0,0,0.6,0.5,0.5,0.1,0.2,0.15,0.15,0
70208,LeftLeg,Normal,0,0,0,0.35,0.35,0.3,0.05,0.05,0.05,0.15,0
70208,WholeBody,Normal,0,0,0,0.01,0.01,0.01,0.01,0.01,0.01,0.01,0.01
70208,Neck,Normal,0,0,0.5,0.5,0.6,0.5,0.1,0.8,0.5,0.5,0.2
70208,RightLeg,Normal,0,0,0,0.35,0.35,0.3,0.05,0.05,0.05,0.15,0
70208,Head,Normal,0,0,0.5,0.5,0.8,0.7,0.1,0.3,0.3,0.4,0
70208,RightWing,Normal,0,0,0,0.8,0.6,0.3,0.1,0.1,0.25,0.15,0
70208,Tail,Normal,0,0,0,0.5,0.4,0.3,0.1,0.2,0.15,0.15,0
70208,LeftWing,Normal,0,0,0,0.8,0.6,0.3,0.1,0.1,0.25,0.15,0
78011,Body,Normal,0,0,0,1,1,1,1,1,1,1,1
78011,WholeBody,Normal,0,0,0,1,1,1,1,1,1,1,1
78012,Body,Normal,0,0,0,1,1,1,1,1,1,1,1
78012,WholeBody,Normal,0,0,0,1,1,1,1,1,1,1,1
78013,Body,Normal,0,0,0,1,1,1,1,1,1,1,1
78013,WholeBody,Normal,0,0,0,1,1,1,1,1,1,1,1
