MonsterID,PartID,PartName,StateID,Unbalance,UnbalanceMulti,Scar,Fall,FallMulti,WaterAcc,WaterAccMulti,FireAcc,FireAccMulti,ElectricAcc,ElectricAccMulti,DragonAcc,DragonAccMulti,IceAcc,IceAccMulti,NoneAcc,NoneAccMulti,DmgVal1,ProcessLv1,Hammer1,Cut1,Shoot1,Water1,Fire1,Electric1,Dragon1,Ice1,LootSkillLv1,DmgVal2,ProcessLv2,Hammer2,Cut2,Shoot2,Water2,Fire2,Electric2,Dragon2,Ice2,LootSkillLv2,DmgVal3,ProcessLv3,Hammer3,Cut3,Shoot3,Water3,Fire3,Electric3,Dragon3,Ice3,LootSkillLv3,DmgVal4,ProcessLv4,Hammer4,Cut4,Shoot4,Water4,Fire4,Electric4,Dragon4,Ice4,LootSkillLv4,DmgVal5,ProcessLv5,Hammer5,Cut5,Shoot5,Water5,Fire5,Electric5,Dragon5,LootSkillLv5,Ice5
50001,Body,身体,Normal,1,,2,,,,,,,,,,,,,,,,,,,,,,,,,,,,,,,,,,,,,,,,,,,,,,,,,,,,,,,,,,,,,,,,,,,,,
50010,WholeBody,全身,Normal,,,2,,,,,,,,,,,,,,,,,,,,,,,,,,,,,,,,,,,,,,,,,,,,,,,,,,,,,,,,,,,,,,,,,,,,,
50010,Head,头部,Normal,0.2,1,2,,,,,,,,,,,,,,,,,,,,,,,,,,,,,,,,,,,,,,,,,,,,,,,,,,,,,,,,,,,,,,,,,,,,,
50010,Neck,颈部（首）,Normal,0.2,1,2,,,,,,,,,,,,,,,,,,,,,,,,,,,,,,,,,,,,,,,,,,,,,,,,,,,,,,,,,,,,,,,,,,,,,
50010,Body,躯干（本体/胴体）,Normal,0.2,1,2,1.5,1,,,,,,,,,,,,,,,,,,,,,,,,,,,,,,,,,,,,,,,,,,,,,,,,,,,,,,,,,,,,,,,,,,,
50020,WholeBody,全身,Normal,,,2,,,,,,,,,,,,,,,,,,,,,,,,,,,,,,,,,,,,,,,,,,,,,,,,,,,,,,,,,,,,,,,,,,,,,
50020,Head,头部,Normal,0.2,1,2,,,,,,,,,,,,,,,,,,,,,,,,,,,,,,,,,,,,,,,,,,,,,,,,,,,,,,,,,,,,,,,,,,,,,
50020,Neck,颈部（首）,Normal,0.2,1,2,,,,,,,,,,,,,,,,,,,,,,,,,,,,,,,,,,,,,,,,,,,,,,,,,,,,,,,,,,,,,,,,,,,,,
50020,Body,躯干（本体/胴体）,Normal,0.2,1,2,1.5,1,,,,,,,,,,,,,,,,,,,,,,,,,,,,,,,,,,,,,,,,,,,,,,,,,,,,,,,,,,,,,,,,,,,
50030,WholeBody,全身,Normal,,,2,,,,,,,,,,,,,,,0,,0,0,0,0,0,0,0,0,,0,,0,0,0,0,0,0,0,0,,0,,0,0,0,0,0,0,0,0,,0,,0,0,0,0,0,0,0,0,,0,,0,0,0,0,0,0,0,,0
50030,Body,躯干（本体/胴体）,Normal,0.5,1,2,,,,,,,,,,,,,,,0,,0,0,0,0,0,0,0,0,,0,,0,0,0,0,0,0,0,0,,0,,0,0,0,0,0,0,0,0,,0,,0,0,0,0,0,0,0,0,,0,,0,0,0,0,0,0,0,,0
50030,Head,头部,Normal,0.5,1,2,,,,,,,,,,,,,,,0,,0,0,0,0,0,0,0,0,,0,,0,0,0,0,0,0,0,0,,0,,0,0,0,0,0,0,0,0,,0,,0,0,0,0,0,0,0,0,,0,,0,0,0,0,0,0,0,,0
50030,Tail,尾部（尻尾）,Normal,0.5,1,2,,,,,,,,,,,,,,,0,,0,0,0,0,0,0,0,0,,0,,0,0,0,0,0,0,0,0,,0,,0,0,0,0,0,0,0,0,,0,,0,0,0,0,0,0,0,0,,0,,0,0,0,0,0,0,0,,0
50030,LeftLeg,左（前）腿,Normal,0.5,1,2,,,,,,,,,,,,,,,0,,0,0,0,0,0,0,0,0,,0,,0,0,0,0,0,0,0,0,,0,,0,0,0,0,0,0,0,0,,0,,0,0,0,0,0,0,0,0,,0,,0,0,0,0,0,0,0,,0
50030,RightLeg,右（前）腿,Normal,0.5,1,2,,,,,,,,,,,,,,,0,,0,0,0,0,0,0,0,0,,0,,0,0,0,0,0,0,0,0,,0,,0,0,0,0,0,0,0,0,,0,,0,0,0,0,0,0,0,0,,0,,0,0,0,0,0,0,0,,0
50030,LeftBackLeg,左后腿,Normal,0.5,1,2,,,,,,,,,,,,,,,0,,0,0,0,0,0,0,0,0,,0,,0,0,0,0,0,0,0,0,,0,,0,0,0,0,0,0,0,0,,0,,0,0,0,0,0,0,0,0,,0,,0,0,0,0,0,0,0,,0
50030,RightBackLeg,右后腿,Normal,0.5,1,2,,,,,,,,,,,,,,,0,,0,0,0,0,0,0,0,0,,0,,0,0,0,0,0,0,0,0,,0,,0,0,0,0,0,0,0,0,,0,,0,0,0,0,0,0,0,0,,0,,0,0,0,0,0,0,0,,0
50040,WholeBody,全身,Normal,,,2,,,,,,,,,,,,,,,,,,,,,,,,,,,,,,,,,,,,,,,,,,,,,,,,,,,,,,,,,,,,,,,,,,,,,
50040,Body,躯干（本体/胴体）,Normal,10,1,2,,,,,,,,,,,,,,,0,,0,0,0,0,0,0,0,0,,0,,0,0,0,0,0,0,0,0,,0,,0,0,0,0,0,0,0,0,,0,,0,0,0,0,0,0,0,0,,0,,0,0,0,0,0,0,0,,0
50041,WholeBody,全身,Normal,0.2,1,2,,,,,,,,,,,,,,,,,,,,,,,,,,,,,,,,,,,,,,,,,,,,,,,,,,,,,,,,,,,,,,,,,,,,,
50041,Body,躯干（本体/胴体）,Normal,10,1,2,,,,,,,,,,,,,,,,,,,,,,,,,,,,,,,,,,,,,,,,,,,,,,,,,,,,,,,,,,,,,,,,,,,,,
50042,WholeBody,全身,Normal,,,2,,,,,,,,,,,,,,,,,,,,,,,,,,,,,,,,,,,,,,,,,,,,,,,,,,,,,,,,,,,,,,,,,,,,,
50042,Body,躯干（本体/胴体）,Normal,1,1,2,,,,,,,,,,,,,,,0,,0,0,0,0,0,0,0,0,,0,,0,0,0,0,0,0,0,0,,0,,0,0,0,0,0,0,0,0,,0,,0,0,0,0,0,0,0,0,,0,,0,0,0,0,0,0,0,,0
50050,WholeBody,全身,Normal,,,2,,,,,,,,,,,,,,,,,,,,,,,,,,,,,,,,,,,,,,,,,,,,,,,,,,,,,,,,,,,,,,,,,,,,,
50050,Body,躯干（本体/胴体）,Normal,0.5,1,2,,,,,,,,,,,,,,,0,,0,0,0,0,0,0,0,0,,0,,0,0,0,0,0,0,0,0,,0,,0,0,0,0,0,0,0,0,,0,,0,0,0,0,0,0,0,0,,0,,0,0,0,0,0,0,0,,0
50051,WholeBody,全身,Normal,1,1,2,,,,,,,,,,,,,,,,,,,,,,,,,,,,,,,,,,,,,,,,,,,,,,,,,,,,,,,,,,,,,,,,,,,,,
50051,Body,躯干（本体/胴体）,Normal,1,1,2,,,,,,,,,,,,,,,,,,,,,,,,,,,,,,,,,,,,,,,,,,,,,,,,,,,,,,,,,,,,,,,,,,,,,
50052,WholeBody,全身,Normal,,,2,,,,,,,,,,,,,,,,,,,,,,,,,,,,,,,,,,,,,,,,,,,,,,,,,,,,,,,,,,,,,,,,,,,,,
50052,Body,躯干（本体/胴体）,Normal,1,1,2,,,,,,,,,,,,,,,0,,0,0,0,0,0,0,0,0,,0,,0,0,0,0,0,0,0,0,,0,,0,0,0,0,0,0,0,0,,0,,0,0,0,0,0,0,0,0,,0,,0,0,0,0,0,0,0,,0
50053,WholeBody,全身,Normal,,,2,,,,,,,,,,,,,,,,,,,,,,,,,,,,,,,,,,,,,,,,,,,,,,,,,,,,,,,,,,,,,,,,,,,,,
50053,Body,躯干（本体/胴体）,Normal,1,1,2,,,,,,,,,,,,,,,,,,,,,,,,,,,,,,,,,,,,,,,,,,,,,,,,,,,,,,,,,,,,,,,,,,,,,
50054,WholeBody,全身,Normal,1,1,2,,,,,,,,,,,,,,,,,,,,,,,,,,,,,,,,,,,,,,,,,,,,,,,,,,,,,,,,,,,,,,,,,,,,,
50054,Body,躯干（本体/胴体）,Normal,10,1,2,,,,,,,,,,,,,,,,,,,,,,,,,,,,,,,,,,,,,,,,,,,,,,,,,,,,,,,,,,,,,,,,,,,,,
50055,WholeBody,全身,Normal,,,2,,,,,,,,,,,,,,,,,,,,,,,,,,,,,,,,,,,,,,,,,,,,,,,,,,,,,,,,,,,,,,,,,,,,,
50055,Body,躯干（本体/胴体）,Normal,0.5,1,2,,,,,,,,,,,,,,,0,,0,0,0,0,0,0,0,0,,0,,0,0,0,0,0,0,0,0,,0,,0,0,0,0,0,0,0,0,,0,,0,0,0,0,0,0,0,0,,0,,0,0,0,0,0,0,0,,0
50056,WholeBody,全身,Normal,,,2,,,,,,,,,,,,,,,,,,,,,,,,,,,,,,,,,,,,,,,,,,,,,,,,,,,,,,,,,,,,,,,,,,,,,
50056,Body,躯干（本体/胴体）,Normal,0.5,1,2,,,,,,,,,,,,,,,0,,0,0,0,0,0,0,0,0,,0,,0,0,0,0,0,0,0,0,,0,,0,0,0,0,0,0,0,0,,0,,0,0,0,0,0,0,0,0,,0,,0,0,0,0,0,0,0,,0
50060,WholeBody,全身,Normal,,,2,,,,,,,,,,,,,,,,,,,,,,,,,,,,,,,,,,,,,,,,,,,,,,,,,,,,,,,,,,,,,,,,,,,,,
50060,Body,躯干（本体/胴体）,Normal,0.5,1,2,,,,,,,,,,,,,,,0,,0,0,0,0,0,0,0,0,,0,,0,0,0,0,0,0,0,0,,0,,0,0,0,0,0,0,0,0,,0,,0,0,0,0,0,0,0,0,,0,,0,0,0,0,0,0,0,,0
50060,Head,头部,Normal,0.5,1,2,,,,,,,,,,,,,,,0,,0,0,0,0,0,0,0,0,,0,,0,0,0,0,0,0,0,0,,0,,0,0,0,0,0,0,0,0,,0,,0,0,0,0,0,0,0,0,,0,,0,0,0,0,0,0,0,,0
50060,Tail,尾部（尻尾）,Normal,0.5,1,2,,,,,,,,,,,,,,,0,,0,0,0,0,0,0,0,0,,0,,0,0,0,0,0,0,0,0,,0,,0,0,0,0,0,0,0,0,,0,,0,0,0,0,0,0,0,0,,0,,0,0,0,0,0,0,0,,0
50069,WholeBody,全身,Normal,,,2,,,,,,,,,,,,,,,,,,,,,,,,,,,,,,,,,,,,,,,,,,,,,,,,,,,,,,,,,,,,,,,,,,,,,
50069,Body,躯干（本体/胴体）,Normal,3,1,2,,,,,,,,,,,,,,,0,,0,0,0,0,0,0,0,0,,0,,0,0,0,0,0,0,0,0,,0,,0,0,0,0,0,0,0,0,,0,,0,0,0,0,0,0,0,0,,0,,0,0,0,0,0,0,0,,0
50069,Head,头部,Normal,3,1,2,,,,,,,,,,,,,,,0,,0,0,0,0,0,0,0,0,,0,,0,0,0,0,0,0,0,0,,0,,0,0,0,0,0,0,0,0,,0,,0,0,0,0,0,0,0,0,,0,,0,0,0,0,0,0,0,,0
50069,Tail,尾部（尻尾）,Normal,3,1,2,,,,,,,,,,,,,,,0,,0,0,0,0,0,0,0,0,,0,,0,0,0,0,0,0,0,0,,0,,0,0,0,0,0,0,0,0,,0,,0,0,0,0,0,0,0,0,,0,,0,0,0,0,0,0,0,,0
50070,WholeBody,全身,Normal,,,2,,,,,,,,,,,,,,,,,,,,,,,,,,,,,,,,,,,,,,,,,,,,,,,,,,,,,,,,,,,,,,,,,,,,,
50070,Body,躯干（本体/胴体）,Normal,0.5,1,2,1.5,1,,,,,,,,,,,,,,,,,,,,,,,,,,,,,,,,,,,,,,,,,,,,,,,,,,,,,,,,,,,,,,,,,,,
50070,Head,头部,Normal,0.5,1,2,,,,,,,,,,,,,,,,,,,,,,,,,,,,,,,,,,,,,,,,,,,,,,,,,,,,,,,,,,,,,,,,,,,,,
50070,Tail,尾部（尻尾）,Normal,0.5,1,2,,,,,,,,,,,,,,,,,,,,,,,,,,,,,,,,,,,,,,,,,,,,,,,,,,,,,,,,,,,,,,,,,,,,,
50080,WholeBody,全身,Normal,,,2,,,,,,,,,,,,,,,,,,,,,,,,,,,,,,,,,,,,,,,,,,,,,,,,,,,,,,,,,,,,,,,,,,,,,
50080,Body,躯干（本体/胴体）,Normal,0.5,1,2,1.5,1,,,,,,,,,,,,,,,,,,,,,,,,,,,,,,,,,,,,,,,,,,,,,,,,,,,,,,,,,,,,,,,,,,,
50080,Head,头部,Normal,0.5,1,2,,,,,,,,,,,,,,,,,,,,,,,,,,,,,,,,,,,,,,,,,,,,,,,,,,,,,,,,,,,,,,,,,,,,,
50080,Tail,尾部（尻尾）,Normal,0.5,1,2,,,,,,,,,,,,,,,,,,,,,,,,,,,,,,,,,,,,,,,,,,,,,,,,,,,,,,,,,,,,,,,,,,,,,
50081,WholeBody,全身,Normal,,,2,,,,,,,,,,,,,,,,,,,,,,,,,,,,,,,,,,,,,,,,,,,,,,,,,,,,,,,,,,,,,,,,,,,,,
50081,Body,躯干（本体/胴体）,Normal,0.5,1,2,1.5,1,,,,,,,,,,,,,,,,,,,,,,,,,,,,,,,,,,,,,,,,,,,,,,,,,,,,,,,,,,,,,,,,,,,
50081,Head,头部,Normal,0.5,1,2,,,,,,,,,,,,,,,,,,,,,,,,,,,,,,,,,,,,,,,,,,,,,,,,,,,,,,,,,,,,,,,,,,,,,
50081,Tail,尾部（尻尾）,Normal,0.5,1,2,,,,,,,,,,,,,,,,,,,,,,,,,,,,,,,,,,,,,,,,,,,,,,,,,,,,,,,,,,,,,,,,,,,,,
50090,WholeBody,全身,Normal,,,2,,,,,,,,,,,,,,,,,,,,,,,,,,,,,,,,,,,,,,,,,,,,,,,,,,,,,,,,,,,,,,,,,,,,,
50090,Body,躯干（本体/胴体）,Normal,0.5,1,2,1.5,1,,,,,,,,,,,,,,,,,,,,,,,,,,,,,,,,,,,,,,,,,,,,,,,,,,,,,,,,,,,,,,,,,,,
50090,Head,头部,Normal,0.5,1,2,,,,,,,,,,,,,,,,,,,,,,,,,,,,,,,,,,,,,,,,,,,,,,,,,,,,,,,,,,,,,,,,,,,,,
50090,Tail,尾部（尻尾）,Normal,0.5,1,2,,,,,,,,,,,,,,,,,,,,,,,,,,,,,,,,,,,,,,,,,,,,,,,,,,,,,,,,,,,,,,,,,,,,,
50100,Body,身体,Normal,1,,2,,,,,,,,,,,,,,,,,,,,,,,,,,,,,,,,,,,,,,,,,,,,,,,,,,,,,,,,,,,,,,,,,,,,,
50110,Body,身体,Normal,1,,2,,,,,,,,,,,,,,,,,,,,,,,,,,,,,,,,,,,,,,,,,,,,,,,,,,,,,,,,,,,,,,,,,,,,,
50111,Body,身体,Normal,1,,2,,,,,,,,,,,,,,,,,,,,,,,,,,,,,,,,,,,,,,,,,,,,,,,,,,,,,,,,,,,,,,,,,,,,,
50120,WholeBody,全身,Normal,,,2,,,,,,,,,,,,,,,0,,0,0,0,0,0,0,0,0,,0,,0,0,0,0,0,0,0,0,,0,,0,0,0,0,0,0,0,0,,0,,0,0,0,0,0,0,0,0,,0,,0,0,0,0,0,0,0,,0
50120,Body,躯干（本体/胴体）,Normal,0.6,1,2,,,,,,,,,,,,,,,0,,0,0,0,0,0,0,0,0,,0,,0,0,0,0,0,0,0,0,,0,,0,0,0,0,0,0,0,0,,0,,0,0,0,0,0,0,0,0,,0,,0,0,0,0,0,0,0,,0
50120,Head,头部,Normal,0.6,1,2,,,,,,,,,,,,,,,0,,0,0,0,0,0,0,0,0,,0,,0,0,0,0,0,0,0,0,,0,,0,0,0,0,0,0,0,0,,0,,0,0,0,0,0,0,0,0,,0,,0,0,0,0,0,0,0,,0
50120,Tail,尾部（尻尾）,Normal,0.6,1,2,,,,,,,,,,,,,,,0,,0,0,0,0,0,0,0,0,,0,,0,0,0,0,0,0,0,0,,0,,0,0,0,0,0,0,0,0,,0,,0,0,0,0,0,0,0,0,,0,,0,0,0,0,0,0,0,,0
50120,LeftLeg,左（前）腿,Normal,0.6,1,2,,,,,,,,,,,,,,,0,,0,0,0,0,0,0,0,0,,0,,0,0,0,0,0,0,0,0,,0,,0,0,0,0,0,0,0,0,,0,,0,0,0,0,0,0,0,0,,0,,0,0,0,0,0,0,0,,0
50120,RightLeg,右（前）腿,Normal,0.6,1,2,,,,,,,,,,,,,,,0,,0,0,0,0,0,0,0,0,,0,,0,0,0,0,0,0,0,0,,0,,0,0,0,0,0,0,0,0,,0,,0,0,0,0,0,0,0,0,,0,,0,0,0,0,0,0,0,,0
50120,LeftBackLeg,左后腿,Normal,0.6,1,2,,,,,,,,,,,,,,,0,,0,0,0,0,0,0,0,0,,0,,0,0,0,0,0,0,0,0,,0,,0,0,0,0,0,0,0,0,,0,,0,0,0,0,0,0,0,0,,0,,0,0,0,0,0,0,0,,0
50120,RightBackLeg,右后腿,Normal,0.6,1,2,,,,,,,,,,,,,,,0,,0,0,0,0,0,0,0,0,,0,,0,0,0,0,0,0,0,0,,0,,0,0,0,0,0,0,0,0,,0,,0,0,0,0,0,0,0,0,,0,,0,0,0,0,0,0,0,,0
50121,WholeBody,全身,Normal,,,2,,,,,,,,,,,,,,,,,,,,,,,,,,,,,,,,,,,,,,,,,,,,,,,,,,,,,,,,,,,,,,,,,,,,,
50121,Body,躯干（本体/胴体）,Normal,1,1,2,,,,,,,,,,,,,,,,,,,,,,,,,,,,,,,,,,,,,,,,,,,,,,,,,,,,,,,,,,,,,,,,,,,,,
50121,Head,头部,Normal,1,1,2,,,,,,,,,,,,,,,,,,,,,,,,,,,,,,,,,,,,,,,,,,,,,,,,,,,,,,,,,,,,,,,,,,,,,
50121,Tail,尾部（尻尾）,Normal,1,1,2,,,,,,,,,,,,,,,,,,,,,,,,,,,,,,,,,,,,,,,,,,,,,,,,,,,,,,,,,,,,,,,,,,,,,
50121,LeftLeg,左（前）腿,Normal,1,1,2,,,,,,,,,,,,,,,,,,,,,,,,,,,,,,,,,,,,,,,,,,,,,,,,,,,,,,,,,,,,,,,,,,,,,
50121,RightLeg,右（前）腿,Normal,1,1,2,,,,,,,,,,,,,,,,,,,,,,,,,,,,,,,,,,,,,,,,,,,,,,,,,,,,,,,,,,,,,,,,,,,,,
50121,LeftBackLeg,左后腿,Normal,1,1,2,,,,,,,,,,,,,,,,,,,,,,,,,,,,,,,,,,,,,,,,,,,,,,,,,,,,,,,,,,,,,,,,,,,,,
50121,RightBackLeg,右后腿,Normal,1,1,2,,,,,,,,,,,,,,,,,,,,,,,,,,,,,,,,,,,,,,,,,,,,,,,,,,,,,,,,,,,,,,,,,,,,,
50122,WholeBody,全身,Normal,,,2,,,,,,,,,,,,,,,,,,,,,,,,,,,,,,,,,,,,,,,,,,,,,,,,,,,,,,,,,,,,,,,,,,,,,
50122,Body,躯干（本体/胴体）,Normal,1,1,2,,,,,,,,,,,,,,,,,,,,,,,,,,,,,,,,,,,,,,,,,,,,,,,,,,,,,,,,,,,,,,,,,,,,,
50122,Head,头部,Normal,1,1,2,,,,,,,,,,,,,,,,,,,,,,,,,,,,,,,,,,,,,,,,,,,,,,,,,,,,,,,,,,,,,,,,,,,,,
50122,Tail,尾部（尻尾）,Normal,1,1,2,,,,,,,,,,,,,,,,,,,,,,,,,,,,,,,,,,,,,,,,,,,,,,,,,,,,,,,,,,,,,,,,,,,,,
50122,LeftLeg,左（前）腿,Normal,1,1,2,,,,,,,,,,,,,,,,,,,,,,,,,,,,,,,,,,,,,,,,,,,,,,,,,,,,,,,,,,,,,,,,,,,,,
50122,RightLeg,右（前）腿,Normal,1,1,2,,,,,,,,,,,,,,,,,,,,,,,,,,,,,,,,,,,,,,,,,,,,,,,,,,,,,,,,,,,,,,,,,,,,,
50122,LeftBackLeg,左后腿,Normal,1,1,2,,,,,,,,,,,,,,,,,,,,,,,,,,,,,,,,,,,,,,,,,,,,,,,,,,,,,,,,,,,,,,,,,,,,,
50122,RightBackLeg,右后腿,Normal,1,1,2,,,,,,,,,,,,,,,,,,,,,,,,,,,,,,,,,,,,,,,,,,,,,,,,,,,,,,,,,,,,,,,,,,,,,
50123,WholeBody,全身,Normal,,,2,,,,,,,,,,,,,,,,,,,,,,,,,,,,,,,,,,,,,,,,,,,,,,,,,,,,,,,,,,,,,,,,,,,,,
50123,Body,躯干（本体/胴体）,Normal,1,1,2,,,,,,,,,,,,,,,,,,,,,,,,,,,,,,,,,,,,,,,,,,,,,,,,,,,,,,,,,,,,,,,,,,,,,
50123,Head,头部,Normal,1,1,2,,,,,,,,,,,,,,,,,,,,,,,,,,,,,,,,,,,,,,,,,,,,,,,,,,,,,,,,,,,,,,,,,,,,,
50123,Tail,尾部（尻尾）,Normal,1,1,2,,,,,,,,,,,,,,,,,,,,,,,,,,,,,,,,,,,,,,,,,,,,,,,,,,,,,,,,,,,,,,,,,,,,,
50123,LeftLeg,左（前）腿,Normal,1,1,2,,,,,,,,,,,,,,,,,,,,,,,,,,,,,,,,,,,,,,,,,,,,,,,,,,,,,,,,,,,,,,,,,,,,,
50123,RightLeg,右（前）腿,Normal,1,1,2,,,,,,,,,,,,,,,,,,,,,,,,,,,,,,,,,,,,,,,,,,,,,,,,,,,,,,,,,,,,,,,,,,,,,
50123,LeftBackLeg,左后腿,Normal,1,1,2,,,,,,,,,,,,,,,,,,,,,,,,,,,,,,,,,,,,,,,,,,,,,,,,,,,,,,,,,,,,,,,,,,,,,
50123,RightBackLeg,右后腿,Normal,1,1,2,,,,,,,,,,,,,,,,,,,,,,,,,,,,,,,,,,,,,,,,,,,,,,,,,,,,,,,,,,,,,,,,,,,,,
50124,WholeBody,全身,Normal,,,2,,,,,,,,,,,,,,,,,,,,,,,,,,,,,,,,,,,,,,,,,,,,,,,,,,,,,,,,,,,,,,,,,,,,,
50124,Body,躯干（本体/胴体）,Normal,1,1,2,,,,,,,,,,,,,,,,,,,,,,,,,,,,,,,,,,,,,,,,,,,,,,,,,,,,,,,,,,,,,,,,,,,,,
50124,Head,头部,Normal,1,1,2,,,,,,,,,,,,,,,,,,,,,,,,,,,,,,,,,,,,,,,,,,,,,,,,,,,,,,,,,,,,,,,,,,,,,
50124,Tail,尾部（尻尾）,Normal,1,1,2,,,,,,,,,,,,,,,,,,,,,,,,,,,,,,,,,,,,,,,,,,,,,,,,,,,,,,,,,,,,,,,,,,,,,
50124,LeftLeg,左（前）腿,Normal,1,1,2,,,,,,,,,,,,,,,,,,,,,,,,,,,,,,,,,,,,,,,,,,,,,,,,,,,,,,,,,,,,,,,,,,,,,
50124,RightLeg,右（前）腿,Normal,1,1,2,,,,,,,,,,,,,,,,,,,,,,,,,,,,,,,,,,,,,,,,,,,,,,,,,,,,,,,,,,,,,,,,,,,,,
50124,LeftBackLeg,左后腿,Normal,1,1,2,,,,,,,,,,,,,,,,,,,,,,,,,,,,,,,,,,,,,,,,,,,,,,,,,,,,,,,,,,,,,,,,,,,,,
50124,RightBackLeg,右后腿,Normal,1,1,2,,,,,,,,,,,,,,,,,,,,,,,,,,,,,,,,,,,,,,,,,,,,,,,,,,,,,,,,,,,,,,,,,,,,,
50125,WholeBody,全身,Normal,,,2,,,,,,,,,,,,,,,0,,0,0,0,0,0,0,0,0,,0,,0,0,0,0,0,0,0,0,,0,,0,0,0,0,0,0,0,0,,0,,0,0,0,0,0,0,0,0,,0,,0,0,0,0,0,0,0,,0
50125,Body,躯干（本体/胴体）,Normal,1,1,2,,,,,,,,,,,,,,,0,,0,0,0,0,0,0,0,0,,0,,0,0,0,0,0,0,0,0,,0,,0,0,0,0,0,0,0,0,,0,,0,0,0,0,0,0,0,0,,0,,0,0,0,0,0,0,0,,0
50125,Head,头部,Normal,1,1,2,,,,,,,,,,,,,,,0,,0,0,0,0,0,0,0,0,,0,,0,0,0,0,0,0,0,0,,0,,0,0,0,0,0,0,0,0,,0,,0,0,0,0,0,0,0,0,,0,,0,0,0,0,0,0,0,,0
50125,Tail,尾部（尻尾）,Normal,1,1,2,,,,,,,,,,,,,,,0,,0,0,0,0,0,0,0,0,,0,,0,0,0,0,0,0,0,0,,0,,0,0,0,0,0,0,0,0,,0,,0,0,0,0,0,0,0,0,,0,,0,0,0,0,0,0,0,,0
50125,LeftLeg,左（前）腿,Normal,1,1,2,,,,,,,,,,,,,,,0,,0,0,0,0,0,0,0,0,,0,,0,0,0,0,0,0,0,0,,0,,0,0,0,0,0,0,0,0,,0,,0,0,0,0,0,0,0,0,,0,,0,0,0,0,0,0,0,,0
50125,RightLeg,右（前）腿,Normal,1,1,2,,,,,,,,,,,,,,,0,,0,0,0,0,0,0,0,0,,0,,0,0,0,0,0,0,0,0,,0,,0,0,0,0,0,0,0,0,,0,,0,0,0,0,0,0,0,0,,0,,0,0,0,0,0,0,0,,0
50125,LeftBackLeg,左后腿,Normal,1,1,2,,,,,,,,,,,,,,,0,,0,0,0,0,0,0,0,0,,0,,0,0,0,0,0,0,0,0,,0,,0,0,0,0,0,0,0,0,,0,,0,0,0,0,0,0,0,0,,0,,0,0,0,0,0,0,0,,0
50125,RightBackLeg,右后腿,Normal,1,1,2,,,,,,,,,,,,,,,0,,0,0,0,0,0,0,0,0,,0,,0,0,0,0,0,0,0,0,,0,,0,0,0,0,0,0,0,0,,0,,0,0,0,0,0,0,0,0,,0,,0,0,0,0,0,0,0,,0
50130,WholeBody,全身,Normal,,,2,,,,,,,,,,,,,,,0,,0,0,0,0,0,0,0,0,,0,,0,0,0,0,0,0,0,0,,0,,0,0,0,0,0,0,0,0,,0,,0,0,0,0,0,0,0,0,,0,,0,0,0,0,0,0,0,,0
50130,Body,躯干（本体/胴体）,Normal,0.5,1,2,,,,,,,,,,,,,,,0,,0,0,0,0,0,0,0,0,,0,,0,0,0,0,0,0,0,0,,0,,0,0,0,0,0,0,0,0,,0,,0,0,0,0,0,0,0,0,,0,,0,0,0,0,0,0,0,,0
50130,Head,头部,Normal,0.5,1,2,,,,,,,,,,,,,,,0,,0,0,0,0,0,0,0,0,,0,,0,0,0,0,0,0,0,0,,0,,0,0,0,0,0,0,0,0,,0,,0,0,0,0,0,0,0,0,,0,,0,0,0,0,0,0,0,,0
50130,Tail,尾部（尻尾）,Normal,0.5,1,2,,,,,,,,,,,,,,,0,,0,0,0,0,0,0,0,0,,0,,0,0,0,0,0,0,0,0,,0,,0,0,0,0,0,0,0,0,,0,,0,0,0,0,0,0,0,0,,0,,0,0,0,0,0,0,0,,0
50130,LeftLeg,左（前）腿,Normal,0.5,1,2,,,,,,,,,,,,,,,0,,0,0,0,0,0,0,0,0,,0,,0,0,0,0,0,0,0,0,,0,,0,0,0,0,0,0,0,0,,0,,0,0,0,0,0,0,0,0,,0,,0,0,0,0,0,0,0,,0
50130,RightLeg,右（前）腿,Normal,0.5,1,2,,,,,,,,,,,,,,,0,,0,0,0,0,0,0,0,0,,0,,0,0,0,0,0,0,0,0,,0,,0,0,0,0,0,0,0,0,,0,,0,0,0,0,0,0,0,0,,0,,0,0,0,0,0,0,0,,0
50130,LeftBackLeg,左后腿,Normal,0.5,1,2,,,,,,,,,,,,,,,0,,0,0,0,0,0,0,0,0,,0,,0,0,0,0,0,0,0,0,,0,,0,0,0,0,0,0,0,0,,0,,0,0,0,0,0,0,0,0,,0,,0,0,0,0,0,0,0,,0
50130,RightBackLeg,右后腿,Normal,0.5,1,2,,,,,,,,,,,,,,,0,,0,0,0,0,0,0,0,0,,0,,0,0,0,0,0,0,0,0,,0,,0,0,0,0,0,0,0,0,,0,,0,0,0,0,0,0,0,0,,0,,0,0,0,0,0,0,0,,0
50150,WholeBody,全身,Normal,,,2,,,,,,,,,,,,,,,,,,,,,,,,,,,,,,,,,,,,,,,,,,,,,,,,,,,,,,,,,,,,,,,,,,,,,
50150,Body,躯干（本体/胴体）,Normal,1,1,2,,,,,,,,,,,,,,,,,,,,,,,,,,,,,,,,,,,,,,,,,,,,,,,,,,,,,,,,,,,,,,,,,,,,,
50150,Tail,尾部（尻尾）,Normal,1,1,2,,,,,,,,,,,,,,,,,,,,,,,,,,,,,,,,,,,,,,,,,,,,,,,,,,,,,,,,,,,,,,,,,,,,,
50151,WholeBody,全身,Normal,,,2,,,,,,,,,,,,,,,,,,,,,,,,,,,,,,,,,,,,,,,,,,,,,,,,,,,,,,,,,,,,,,,,,,,,,
50151,Body,躯干（本体/胴体）,Normal,1,1,2,,,,,,,,,,,,,,,,,,,,,,,,,,,,,,,,,,,,,,,,,,,,,,,,,,,,,,,,,,,,,,,,,,,,,
50151,Tail,尾部（尻尾）,Normal,1,1,2,,,,,,,,,,,,,,,,,,,,,,,,,,,,,,,,,,,,,,,,,,,,,,,,,,,,,,,,,,,,,,,,,,,,,
50160,WholeBody,全身,Normal,,,2,,,,,,,,,,,,,,,,,,,,,,,,,,,,,,,,,,,,,,,,,,,,,,,,,,,,,,,,,,,,,,,,,,,,,
50160,Body,身体,Normal,1,,2,,,,,,,,,,,,,,,,,,,,,,,,,,,,,,,,,,,,,,,,,,,,,,,,,,,,,,,,,,,,,,,,,,,,,
50161,WholeBody,全身,Normal,,,2,,,,,,,,,,,,,,,,,,,,,,,,,,,,,,,,,,,,,,,,,,,,,,,,,,,,,,,,,,,,,,,,,,,,,
50161,Body,身体,Normal,1,,2,,,,,,,,,,,,,,,,,,,,,,,,,,,,,,,,,,,,,,,,,,,,,,,,,,,,,,,,,,,,,,,,,,,,,
50164,WholeBody,全身,Normal,,,,,,,,,,,,,,,,,,,,,,,,,,,,,,,,,,,,,,,,,,,,,,,,,,,,,,,,,,,,,,,,,,,,,,,,
50164,Body,身体,Normal,,,,,,,,,,,,,,,,,,,,,,,,,,,,,,,,,,,,,,,,,,,,,,,,,,,,,,,,,,,,,,,,,,,,,,,,
50170,WholeBody,全身,Normal,,,2,,,,,,,,,,,,,,,,,,,,,,,,,,,,,,,,,,,,,,,,,,,,,,,,,,,,,,,,,,,,,,,,,,,,,
50170,Body,躯干（本体/胴体）,Normal,0.4,0,2,,,,,,,,,,,,,,,,,,,,,,,,,,,,,,,,,,,,,,,,,,,,,,,,,,,,,,,,,,,,,,,,,,,,,
50170,Claw,手,Normal,,,,,,,,,,,,,,,,,,,,,,,,,,,,,,,,,,,,,,,,,,,,,,,,,,,,,,,,,,,,,,,,,,,,,,,,
50170,Head,头部,Normal,,,,,,,,,,,,,,,,,,,,,,,,,,,,,,,,,,,,,,,,,,,,,,,,,,,,,,,,,,,,,,,,,,,,,,,,
50170,Shell,甲壳,Normal,,,,,,,,,,,,,,,,,,,,,,,,,,,,,,,,,,,,,,,,,,,,,,,,,,,,,,,,,,,,,,,,,,,,,,,,
50171,WholeBody,全身,Normal,,,2,,,,,,,,,,,,,,,,,,,,,,,,,,,,,,,,,,,,,,,,,,,,,,,,,,,,,,,,,,,,,,,,,,,,,
50171,Body,躯干（本体/胴体）,Normal,0.4,0,2,,,,,,,,,,,,,,,,,,,,,,,,,,,,,,,,,,,,,,,,,,,,,,,,,,,,,,,,,,,,,,,,,,,,,
50171,Claw,手,Normal,,,,,,,,,,,,,,,,,,,,,,,,,,,,,,,,,,,,,,,,,,,,,,,,,,,,,,,,,,,,,,,,,,,,,,,,
50171,Head,头部,Normal,,,,,,,,,,,,,,,,,,,,,,,,,,,,,,,,,,,,,,,,,,,,,,,,,,,,,,,,,,,,,,,,,,,,,,,,
50171,Shell,甲壳,Normal,,,,,,,,,,,,,,,,,,,,,,,,,,,,,,,,,,,,,,,,,,,,,,,,,,,,,,,,,,,,,,,,,,,,,,,,
50180,WholeBody,全身,Normal,,,2,,,,,,,,,,,,,,,,,,,,,,,,,,,,,,,,,,,,,,,,,,,,,,,,,,,,,,,,,,,,,,,,,,,,,
50180,Body,躯干（本体/胴体）,Normal,0.4,0,2,,,,,,,,,,,,,,,,,,,,,,,,,,,,,,,,,,,,,,,,,,,,,,,,,,,,,,,,,,,,,,,,,,,,,
50180,Claw,手,Normal,,,,,,,,,,,,,,,,,,,,,,,,,,,,,,,,,,,,,,,,,,,,,,,,,,,,,,,,,,,,,,,,,,,,,,,,
50180,Head,头部,Normal,,,,,,,,,,,,,,,,,,,,,,,,,,,,,,,,,,,,,,,,,,,,,,,,,,,,,,,,,,,,,,,,,,,,,,,,
50180,Shell,甲壳,Normal,,,,,,,,,,,,,,,,,,,,,,,,,,,,,,,,,,,,,,,,,,,,,,,,,,,,,,,,,,,,,,,,,,,,,,,,
50181,WholeBody,全身,Normal,,,2,,,,,,,,,,,,,,,,,,,,,,,,,,,,,,,,,,,,,,,,,,,,,,,,,,,,,,,,,,,,,,,,,,,,,
50181,Body,躯干（本体/胴体）,Normal,0.4,0,2,,,,,,,,,,,,,,,,,,,,,,,,,,,,,,,,,,,,,,,,,,,,,,,,,,,,,,,,,,,,,,,,,,,,,
50181,Claw,手,Normal,,,,,,,,,,,,,,,,,,,,,,,,,,,,,,,,,,,,,,,,,,,,,,,,,,,,,,,,,,,,,,,,,,,,,,,,
50181,Head,头部,Normal,,,,,,,,,,,,,,,,,,,,,,,,,,,,,,,,,,,,,,,,,,,,,,,,,,,,,,,,,,,,,,,,,,,,,,,,
50181,Shell,甲壳,Normal,,,,,,,,,,,,,,,,,,,,,,,,,,,,,,,,,,,,,,,,,,,,,,,,,,,,,,,,,,,,,,,,,,,,,,,,
50190,WholeBody,全身,Normal,,,2,,,,,,,,,,,,,,,,,,,,,,,,,,,,,,,,,,,,,,,,,,,,,,,,,,,,,,,,,,,,,,,,,,,,,
50190,Head,头部,Normal,0.5,1,2,,,,,,,,,,,,,,,,,,,,,,,,,,,,,,,,,,,,,,,,,,,,,,,,,,,,,,,,,,,,,,,,,,,,,
50190,Tail,尾巴,Normal,0.5,1,2,,,,,,,,,,,,,,,,,,,,,,,,,,,,,,,,,,,,,,,,,,,,,,,,,,,,,,,,,,,,,,,,,,,,,
50190,Wings,翼部,Normal,0.5,1,2,2,1,,,,,,,,,,,,,,,,,,,,,,,,,,,,,,,,,,,,,,,,,,,,,,,,,,,,,,,,,,,,,,,,,,,
50190,Body,躯干（本体/胴体）,Normal,0.5,1,2,2,1,,,,,,,,,,,,,,,,,,,,,,,,,,,,,,,,,,,,,,,,,,,,,,,,,,,,,,,,,,,,,,,,,,,
50200,WholeBody,全身,Normal,,,2,,,,,,,,,,,,,,,,,,,,,,,,,,,,,,,,,,,,,,,,,,,,,,,,,,,,,,,,,,,,,,,,,,,,,
50200,Body,躯干（本体/胴体）,Normal,0.2,1,2,2,1,,,,,,,,,,,,,,,,,,,,,,,,,,,,,,,,,,,,,,,,,,,,,,,,,,,,,,,,,,,,,,,,,,,
50201,WholeBody,全身,Normal,,,2,,,,,,,,,,,,,,,,,,,,,,,,,,,,,,,,,,,,,,,,,,,,,,,,,,,,,,,,,,,,,,,,,,,,,
50201,Body,躯干（本体/胴体）,Normal,0.2,1,2,,,,,,,,,,,,,,,,,,,,,,,,,,,,,,,,,,,,,,,,,,,,,,,,,,,,,,,,,,,,,,,,,,,,,
50202,WholeBody,全身,Normal,,,2,,,,,,,,,,,,,,,,,,,,,,,,,,,,,,,,,,,,,,,,,,,,,,,,,,,,,,,,,,,,,,,,,,,,,
50202,Body,躯干（本体/胴体）,Normal,0.2,1,2,,,,,,,,,,,,,,,,,,,,,,,,,,,,,,,,,,,,,,,,,,,,,,,,,,,,,,,,,,,,,,,,,,,,,
50203,WholeBody,全身,Normal,,,2,,,,,,,,,,,,,,,,,,,,,,,,,,,,,,,,,,,,,,,,,,,,,,,,,,,,,,,,,,,,,,,,,,,,,
50203,Body,躯干（本体/胴体）,Normal,0.2,1,2,,,,,,,,,,,,,,,,,,,,,,,,,,,,,,,,,,,,,,,,,,,,,,,,,,,,,,,,,,,,,,,,,,,,,
50204,WholeBody,全身,Normal,,,2,,,,,,,,,,,,,,,,,,,,,,,,,,,,,,,,,,,,,,,,,,,,,,,,,,,,,,,,,,,,,,,,,,,,,
50204,Body,躯干（本体/胴体）,Normal,1,1,2,,,,,,,,,,,,,,,,,,,,,,,,,,,,,,,,,,,,,,,,,,,,,,,,,,,,,,,,,,,,,,,,,,,,,
50205,WholeBody,全身,Normal,,,2,,,,,,,,,,,,,,,,,,,,,,,,,,,,,,,,,,,,,,,,,,,,,,,,,,,,,,,,,,,,,,,,,,,,,
50205,Body,躯干（本体/胴体）,Normal,0.2,1,2,,,,,,,,,,,,,,,,,,,,,,,,,,,,,,,,,,,,,,,,,,,,,,,,,,,,,,,,,,,,,,,,,,,,,
50206,WholeBody,全身,Normal,,,2,,,,,,,,,,,,,,,,,,,,,,,,,,,,,,,,,,,,,,,,,,,,,,,,,,,,,,,,,,,,,,,,,,,,,
50206,Body,躯干（本体/胴体）,Normal,1,1,2,,,,,,,,,,,,,,,,,,,,,,,,,,,,,,,,,,,,,,,,,,,,,,,,,,,,,,,,,,,,,,,,,,,,,
50207,WholeBody,全身,Normal,,,2,,,,,,,,,,,,,,,,,,,,,,,,,,,,,,,,,,,,,,,,,,,,,,,,,,,,,,,,,,,,,,,,,,,,,
50207,Body,躯干（本体/胴体）,Normal,0.2,1,2,,,,,,,,,,,,,,,,,,,,,,,,,,,,,,,,,,,,,,,,,,,,,,,,,,,,,,,,,,,,,,,,,,,,,
50209,WholeBody,全身,Normal,,,2,,,,,,,,,,,,,,,,,,,,,,,,,,,,,,,,,,,,,,,,,,,,,,,,,,,,,,,,,,,,,,,,,,,,,
50209,Body,躯干（本体/胴体）,Normal,3,1,2,,,,,,,,,,,,,,,0,,0,0,0,0,0,0,0,0,,0,,0,0,0,0,0,0,0,0,,0,,0,0,0,0,0,0,0,0,,0,,0,0,0,0,0,0,0,0,,0,,0,0,0,0,0,0,0,,0
50210,WholeBody,全身,Normal,,,2,,,,,,,,,,,,,,,,,,,,,,,,,,,,,,,,,,,,,,,,,,,,,,,,,,,,,,,,,,,,,,,,,,,,,
50210,Head,头部,Normal,0.5,1,2,,,,,,,,,,,,,,,,,,,,,,,,,,,,,,,,,,,,,,,,,,,,,,,,,,,,,,,,,,,,,,,,,,,,,
50210,Body,躯干（本体/胴体）,Normal,0.5,1,2,2,1,,,,,,,,,,,,,,,,,,,,,,,,,,,,,,,,,,,,,,,,,,,,,,,,,,,,,,,,,,,,,,,,,,,
50220,WholeBody,全身,Normal,,,2,,,,,,,,,,,,,,,,,,,,,,,,,,,,,,,,,,,,,,,,,,,,,,,,,,,,,,,,,,,,,,,,,,,,,
50220,Head,头部,Normal,0.5,1,2,,,,,,,,,,,,,,,,,,,,,,,,,,,,,,,,,,,,,,,,,,,,,,,,,,,,,,,,,,,,,,,,,,,,,
50220,Body,躯干（本体/胴体）,Normal,0.5,1,2,2,1,,,,,,,,,,,,,,,,,,,,,,,,,,,,,,,,,,,,,,,,,,,,,,,,,,,,,,,,,,,,,,,,,,,
50221,WholeBody,全身,Normal,,,2,,,,,,,,,,,,,,,,,,,,,,,,,,,,,,,,,,,,,,,,,,,,,,,,,,,,,,,,,,,,,,,,,,,,,
50221,Head,头部,Normal,1,1,2,,,,,,,,,,,,,,,,,,,,,,,,,,,,,,,,,,,,,,,,,,,,,,,,,,,,,,,,,,,,,,,,,,,,,
50221,Body,躯干（本体/胴体）,Normal,1,1,2,2,1,,,,,,,,,,,,,,,,,,,,,,,,,,,,,,,,,,,,,,,,,,,,,,,,,,,,,,,,,,,,,,,,,,,
50230,WholeBody,全身,Normal,,,2,,,,,,,,,,,,,,,,,,,,,,,,,,,,,,,,,,,,,,,,,,,,,,,,,,,,,,,,,,,,,,,,,,,,,
50230,Head,头部,Normal,1,1,2,,,,,,,,,,,,,,,,,,,,,,,,,,,,,,,,,,,,,,,,,,,,,,,,,,,,,,,,,,,,,,,,,,,,,
50230,Body,躯干（本体/胴体）,Normal,1,1,2,2,1,,,,,,,,,,,,,,,,,,,,,,,,,,,,,,,,,,,,,,,,,,,,,,,,,,,,,,,,,,,,,,,,,,,
50231,WholeBody,全身,Normal,,,2,,,,,,,,,,,,,,,,,,,,,,,,,,,,,,,,,,,,,,,,,,,,,,,,,,,,,,,,,,,,,,,,,,,,,
50231,Head,头部,Normal,1,1,2,,,,,,,,,,,,,,,,,,,,,,,,,,,,,,,,,,,,,,,,,,,,,,,,,,,,,,,,,,,,,,,,,,,,,
50231,Body,躯干（本体/胴体）,Normal,1,1,2,2,1,,,,,,,,,,,,,,,,,,,,,,,,,,,,,,,,,,,,,,,,,,,,,,,,,,,,,,,,,,,,,,,,,,,
50232,WholeBody,全身,Normal,,,2,,,,,,,,,,,,,,,,,,,,,,,,,,,,,,,,,,,,,,,,,,,,,,,,,,,,,,,,,,,,,,,,,,,,,
50232,Head,头部,Normal,1,1,2,,,,,,,,,,,,,,,,,,,,,,,,,,,,,,,,,,,,,,,,,,,,,,,,,,,,,,,,,,,,,,,,,,,,,
50232,Body,躯干（本体/胴体）,Normal,1,1,2,2,1,,,,,,,,,,,,,,,,,,,,,,,,,,,,,,,,,,,,,,,,,,,,,,,,,,,,,,,,,,,,,,,,,,,
50233,WholeBody,全身,Normal,,,2,,,,,,,,,,,,,,,,,,,,,,,,,,,,,,,,,,,,,,,,,,,,,,,,,,,,,,,,,,,,,,,,,,,,,
50233,Head,头部,Normal,1,1,2,,,,,,,,,,,,,,,,,,,,,,,,,,,,,,,,,,,,,,,,,,,,,,,,,,,,,,,,,,,,,,,,,,,,,
50233,Body,躯干（本体/胴体）,Normal,1,1,2,2,1,,,,,,,,,,,,,,,,,,,,,,,,,,,,,,,,,,,,,,,,,,,,,,,,,,,,,,,,,,,,,,,,,,,
50240,Body,躯干（本体/胴体）,Normal,3,1,2,,,,,,,,,,,,,,,,,,,,,,,,,,,,,,,,,,,,,,,,,,,,,,,,,,,,,,,,,,,,,,,,,,,,,
50250,WholeBody,全身,Normal,1,1,2,2,1,,,,,,,,,,,,,,,,,,,,,,,,,,,,,,,,,,,,,,,,,,,,,,,,,,,,,,,,,,,,,,,,,,,
50250,Body,躯干（本体/胴体）,Normal,1,1,2,2,1,,,,,,,,,,,,,,,,,,,,,,,,,,,,,,,,,,,,,,,,,,,,,,,,,,,,,,,,,,,,,,,,,,,
50251,WholeBody,全身,Normal,3,1,2,2,1,,,,,,,,,,,,,,,,,,,,,,,,,,,,,,,,,,,,,,,,,,,,,,,,,,,,,,,,,,,,,,,,,,,
50251,Body,躯干（本体/胴体）,Normal,3,1,2,2,1,,,,,,,,,,,,,,,,,,,,,,,,,,,,,,,,,,,,,,,,,,,,,,,,,,,,,,,,,,,,,,,,,,,
50252,WholeBody,全身,Normal,3,1,2,2,1,,,,,,,,,,,,,,,,,,,,,,,,,,,,,,,,,,,,,,,,,,,,,,,,,,,,,,,,,,,,,,,,,,,
50252,Body,躯干（本体/胴体）,Normal,3,1,2,2,1,,,,,,,,,,,,,,,,,,,,,,,,,,,,,,,,,,,,,,,,,,,,,,,,,,,,,,,,,,,,,,,,,,,
50253,WholeBody,全身,Normal,3,1,2,2,1,,,,,,,,,,,,,,,,,,,,,,,,,,,,,,,,,,,,,,,,,,,,,,,,,,,,,,,,,,,,,,,,,,,
50253,Body,躯干（本体/胴体）,Normal,3,1,2,2,1,,,,,,,,,,,,,,,,,,,,,,,,,,,,,,,,,,,,,,,,,,,,,,,,,,,,,,,,,,,,,,,,,,,
50261,WholeBody,全身,Normal,1,1,2,,,,,,,,,,,,,,,,,,,,,,,,,,,,,,,,,,,,,,,,,,,,,,,,,,,,,,,,,,,,,,,,,,,,,
50261,Body,躯干（本体/胴体）,Normal,1,1,2,,,,,,,,,,,,,,,,,,,,,,,,,,,,,,,,,,,,,,,,,,,,,,,,,,,,,,,,,,,,,,,,,,,,,
50270,WholeBody,全身,Normal,3,1,2,2,1,,,,,,,,,,,,,,,,,,,,,,,,,,,,,,,,,,,,,,,,,,,,,,,,,,,,,,,,,,,,,,,,,,,
50270,Body,躯干（本体/胴体）,Normal,3,1,2,2,1,,,,,,,,,,,,,,,,,,,,,,,,,,,,,,,,,,,,,,,,,,,,,,,,,,,,,,,,,,,,,,,,,,,
50271,WholeBody,全身,Normal,3,1,2,6,1,,,,,,,,,,,,,,,,,,,,,,,,,,,,,,,,,,,,,,,,,,,,,,,,,,,,,,,,,,,,,,,,,,,
50271,Body,躯干（本体/胴体）,Normal,3,1,2,6,1,,,,,,,,,,,,,,,,,,,,,,,,,,,,,,,,,,,,,,,,,,,,,,,,,,,,,,,,,,,,,,,,,,,
50280,WholeBody,全身,Normal,,,2,,,,,,,,,,,,,,,,,,,,,,,,,,,,,,,,,,,,,,,,,,,,,,,,,,,,,,,,,,,,,,,,,,,,,
50280,Body,躯干（本体/胴体）,Normal,1,1,2,,,,,,,,,,,,,,,,,,,,,,,,,,,,,,,,,,,,,,,,,,,,,,,,,,,,,,,,,,,,,,,,,,,,,
50280,Tail,尾部（尻尾）,Normal,1,1,2,,,,,,,,,,,,,,,,,,,,,,,,,,,,,,,,,,,,,,,,,,,,,,,,,,,,,,,,,,,,,,,,,,,,,
50281,WholeBody,全身,Normal,,,2,,,,,,,,,,,,,,,,,,,,,,,,,,,,,,,,,,,,,,,,,,,,,,,,,,,,,,,,,,,,,,,,,,,,,
50281,Body,躯干（本体/胴体）,Normal,1,1,2,,,,,,,,,,,,,,,,,,,,,,,,,,,,,,,,,,,,,,,,,,,,,,,,,,,,,,,,,,,,,,,,,,,,,
50281,Tail,尾部（尻尾）,Normal,1,1,2,,,,,,,,,,,,,,,,,,,,,,,,,,,,,,,,,,,,,,,,,,,,,,,,,,,,,,,,,,,,,,,,,,,,,
50282,WholeBody,全身,Normal,,,2,,,,,,,,,,,,,,,,,,,,,,,,,,,,,,,,,,,,,,,,,,,,,,,,,,,,,,,,,,,,,,,,,,,,,
50282,Body,躯干（本体/胴体）,Normal,1,1,2,,,,,,,,,,,,,,,,,,,,,,,,,,,,,,,,,,,,,,,,,,,,,,,,,,,,,,,,,,,,,,,,,,,,,
50282,Tail,尾部（尻尾）,Normal,1,1,2,,,,,,,,,,,,,,,,,,,,,,,,,,,,,,,,,,,,,,,,,,,,,,,,,,,,,,,,,,,,,,,,,,,,,
50310,WholeBody,全身,Normal,,,2,,,,,,,,,,,,,,,,,,,,,,,,,,,,,,,,,,,,,,,,,,,,,,,,,,,,,,,,,,,,,,,,,,,,,
50310,Head,头部,Normal,6,1,2,,,,,,,,,,,,,,,0,0,0,0,0,0,0,0,0,0,,,,,,,,,,,,,,,,,,,,,,,,,,,,,,,,,,,,,,,,,,,,,
50310,LeftLeg,左（前）腿,Normal,6,1,2,,,,,,,,,,,,,,,0,,,,,,,,,,,,,,,,,,,,,,,,,,,,,,,,,,,,,,,,,,,,,,,,,,,,,,
50310,RightLeg,右（前）腿,Normal,6,1,2,,,,,,,,,,,,,,,0,,,,,,,,,,,,,,,,,,,,,,,,,,,,,,,,,,,,,,,,,,,,,,,,,,,,,,
50310,Tail,尾巴,Normal,6,1,2,,,,,,,,,,,,,,,0,,,,,,,,,,,,,,,,,,,,,,,,,,,,,,,,,,,,,,,,,,,,,,,,,,,,,,
50310,Wings,翼部,Normal,6,1,2,,,,,,,,,,,,,,,0,,,,,,,,,,,,,,,,,,,,,,,,,,,,,,,,,,,,,,,,,,,,,,,,,,,,,,
50310,Body,躯干（本体/胴体）,Normal,6,1,2,,,,,,,,,,,,,,,0,0,0,0,0,0,0,0,0,0,,,,,,,,,,,,,,,,,,,,,,,,,,,,,,,,,,,,,,,,,,,,,
50340,WholeBody,全身,Normal,,,2,,,,,,,,,,,,,,,,,,,,,,,,,,,,,,,,,,,,,,,,,,,,,,,,,,,,,,,,,,,,,,,,,,,,,
50340,Head,头部,Normal,0.5,1,2,,,,,,,,,,,,,,,,,,,,,,,,,,,,,,,,,,,,,,,,,,,,,,,,,,,,,,,,,,,,,,,,,,,,,
50340,Body,躯干（本体/胴体）,Normal,0.5,1,2,2,1,,,,,,,,,,,,,,,,,,,,,,,,,,,,,,,,,,,,,,,,,,,,,,,,,,,,,,,,,,,,,,,,,,,
50350,WholeBody,全身,Normal,,,2,,,,,,,,,,,,,,,,,,,,,,,,,,,,,,,,,,,,,,,,,,,,,,,,,,,,,,,,,,,,,,,,,,,,,
50350,Body,躯干（本体/胴体）,Normal,0.5,1,2,,,,,,,,,,,,,,,,,,,,,,,,,,,,,,,,,,,,,,,,,,,,,,,,,,,,,,,,,,,,,,,,,,,,,
60010,WholeBody,全身,Normal,,,2,,,,,,,,,,,,,,,,,,,,,,,,,,,,,,,,,,,,,,,,,,,,,,,,,,,,,,,,,,,,,,,,,,,,,
60010,Head,头部,Normal,3,1,2,,,,,,,,,,,,,,,4,1,1,1,1,0,0,0,0,0,,6,1,1,1,1,0,0,0,0,0,,0,1,0,0,0,0,0,0,0,0,,0,1,0,0,0,0,0,0,0,0,,0,1,0,0,0,0,0,0,0,,0
60010,Body,全身,Normal,3,1,2,,,,,,,,,,,,,,,0,,0,0,0,0,0,0,0,0,,0,,0,0,0,0,0,0,0,0,,0,,0,0,0,0,0,0,0,0,,0,,0,0,0,0,0,0,0,0,,0,,0,0,0,0,0,0,0,,0
60010,LeftFoot,左腿,Normal,3,1,2,6,1,,,,,,,,,,,,,0,,0,0,0,0,0,0,0,0,,0,,0,0,0,0,0,0,0,0,,0,,0,0,0,0,0,0,0,0,,0,,0,0,0,0,0,0,0,0,,0,,0,0,0,0,0,0,0,,0
60010,LeftHand,左手,Normal,3,1,2,6,1,,,,,,,,,,,,,4,1,1,1,1,0,0,0,0,0,,0,0,0,0,0,0,0,0,0,0,,0,1,0,0,0,0,0,0,0,0,,0,1,0,0,0,0,0,0,0,0,,0,1,0,0,0,0,0,0,0,,0
60010,RightFoot,右腿,Normal,3,1,2,6,1,,,,,,,,,,,,,0,,0,0,0,0,0,0,0,0,,0,,0,0,0,0,0,0,0,0,,0,,0,0,0,0,0,0,0,0,,0,,0,0,0,0,0,0,0,0,,0,,0,0,0,0,0,0,0,,0
60010,RightHand,右手,Normal,3,1,2,6,1,,,,,,,,,,,,,4,1,1,1,1,0,0,0,0,0,,0,0,0,0,0,0,0,0,0,0,,0,,0,0,0,0,0,0,0,0,,0,,0,0,0,0,0,0,0,0,,0,,0,0,0,0,0,0,0,,0
60010,Tail,尾部（尻尾）,Normal,3,1,2,,,,,,,,,,,,,,,,,,,,,,,,,,,,,,,,,,,,,,,,,,,,,,,,,,,,,,,,,,,,,,,,,,,,,
60011,WholeBody,全身,Normal,,,2,,,,,,,,,,,,,,,,,,,,,,,,,,,,,,,,,,,,,,,,,,,,,,,,,,,,,,,,,,,,,,,,,,,,,
60011,Head,头部,Normal,3,1,2,,,,,,,,,,,,,,,6,1,1,1,1,0,0,0,0,0,,6,1,1,1,1,0,0,0,0,0,,0,,0,0,0,0,0,0,0,0,,0,,0,0,0,0,0,0,0,0,,0,,0,0,0,0,0,0,0,,0
60011,Body,全身,Normal,3,1,2,,,,,,,,,,,,,,,0,,0,0,0,0,0,0,0,0,,0,,0,0,0,0,0,0,0,0,,0,,0,0,0,0,0,0,0,0,,0,,0,0,0,0,0,0,0,0,,0,,0,0,0,0,0,0,0,,0
60011,LeftFoot,左腿,Normal,3,1,2,6,1,,,,,,,,,,,,,0,,0,0,0,0,0,0,0,0,,0,,0,0,0,0,0,0,0,0,,0,,0,0,0,0,0,0,0,0,,0,,0,0,0,0,0,0,0,0,,0,,0,0,0,0,0,0,0,,0
60011,LeftHand,左手,Normal,3,1,2,6,1,,,,,,,,,,,,,4,1,1,1,1,0,0,0,0,0,,0,0,0,0,0,0,0,0,0,0,,0,,0,0,0,0,0,0,0,0,,0,,0,0,0,0,0,0,0,0,,0,,0,0,0,0,0,0,0,,0
60011,RightFoot,右腿,Normal,3,1,2,6,1,,,,,,,,,,,,,0,,0,0,0,0,0,0,0,0,,0,0,0,0,0,0,0,0,0,0,,0,,0,0,0,0,0,0,0,0,,0,,0,0,0,0,0,0,0,0,,0,,0,0,0,0,0,0,0,,0
60011,RightHand,右手,Normal,3,1,2,6,1,,,,,,,,,,,,,4,1,1,1,1,0,0,0,0,0,,0,0,0,0,0,0,0,0,0,0,,0,,0,0,0,0,0,0,0,0,,0,,0,0,0,0,0,0,0,0,,0,,0,0,0,0,0,0,0,,0
60011,Tail,尾部（尻尾）,Normal,3,1,2,,,,,,,,,,,,,,,,,,,,,,,,,,,,,,,,,,,,,,,,,,,,,,,,,,,,,,,,,,,,,,,,,,,,,
60012,WholeBody,全身,Normal,,,2,,,,,,,,,,,,,,,,,,,,,,,,,,,,,,,,,,,,,,,,,,,,,,,,,,,,,,,,,,,,,,,,,,,,,
60012,Head,头部,Normal,5,1,2,,,,,,,,,,,,,,,3,1,1,1,1,0,0,0,0,0,,5,1,1,1,1,0,0,0,0,0,,0,1,0,0,0,0,0,0,0,0,,0,1,0,0,0,0,0,0,0,0,,0,1,0,0,0,0,0,0,0,,0
60012,Body,全身,Normal,5,1,2,,,,,,,,,,,,,,,0,,0,0,0,0,0,0,0,0,,0,,0,0,0,0,0,0,0,0,,0,,0,0,0,0,0,0,0,0,,0,,0,0,0,0,0,0,0,0,,0,,0,0,0,0,0,0,0,,0
60012,LeftFoot,左腿,Normal,5,1,2,10,1,,,,,,,,,,,,,0,,0,0,0,0,0,0,0,0,,0,,0,0,0,0,0,0,0,0,,0,,0,0,0,0,0,0,0,0,,0,,0,0,0,0,0,0,0,0,,0,,0,0,0,0,0,0,0,,0
60012,LeftHand,左手,Normal,5,1,2,10,1,,,,,,,,,,,,,4,1,1,1,1,0,0,0,0,0,,0,0,0,0,0,0,0,0,0,0,,0,1,0,0,0,0,0,0,0,0,,0,1,0,0,0,0,0,0,0,0,,0,1,0,0,0,0,0,0,0,,0
60012,RightFoot,右腿,Normal,5,1,2,10,1,,,,,,,,,,,,,0,,0,0,0,0,0,0,0,0,,0,,0,0,0,0,0,0,0,0,,0,,0,0,0,0,0,0,0,0,,0,,0,0,0,0,0,0,0,0,,0,,0,0,0,0,0,0,0,,0
60012,RightHand,右手,Normal,5,1,2,10,1,,,,,,,,,,,,,4,1,1,1,1,0,0,0,0,0,,0,0,0,0,0,0,0,0,0,0,,0,,0,0,0,0,0,0,0,0,,0,,0,0,0,0,0,0,0,0,,0,,0,0,0,0,0,0,0,,0
60012,Tail,尾部（尻尾）,Normal,5,1,2,,,,,,,,,,,,,,,,,,,,,,,,,,,,,,,,,,,,,,,,,,,,,,,,,,,,,,,,,,,,,,,,,,,,,
60013,WholeBody,全身,Normal,,,2,,,,,,,,,,,,,,,,,,,,,,,,,,,,,,,,,,,,,,,,,,,,,,,,,,,,,,,,,,,,,,,,,,,,,
60013,Head,头部,Normal,3,1,2,,,,,,,,,,,,,,,3,1,1,1,1,0,0,0,0,0,,5,1,1,1,1,0,0,0,0,0,,0,1,0,0,0,0,0,0,0,0,,0,1,0,0,0,0,0,0,0,0,,0,1,0,0,0,0,0,0,0,,0
60013,Body,全身,Normal,3,1,2,,,,,,,,,,,,,,,0,,0,0,0,0,0,0,0,0,,0,,0,0,0,0,0,0,0,0,,0,,0,0,0,0,0,0,0,0,,0,,0,0,0,0,0,0,0,0,,0,,0,0,0,0,0,0,0,,0
60013,LeftFoot,左腿,Normal,3,1,2,6,1,,,,,,,,,,,,,0,,0,0,0,0,0,0,0,0,,0,,0,0,0,0,0,0,0,0,,0,,0,0,0,0,0,0,0,0,,0,,0,0,0,0,0,0,0,0,,0,,0,0,0,0,0,0,0,,0
60013,LeftHand,左手,Normal,3,1,2,6,1,,,,,,,,,,,,,4,1,1,1,1,0,0,0,0,0,,0,0,0,0,0,0,0,0,0,0,,0,1,0,0,0,0,0,0,0,0,,0,1,0,0,0,0,0,0,0,0,,0,1,0,0,0,0,0,0,0,,0
60013,RightFoot,右腿,Normal,3,1,2,6,1,,,,,,,,,,,,,0,,0,0,0,0,0,0,0,0,,0,,0,0,0,0,0,0,0,0,,0,,0,0,0,0,0,0,0,0,,0,,0,0,0,0,0,0,0,0,,0,,0,0,0,0,0,0,0,,0
60013,RightHand,右手,Normal,3,1,2,6,1,,,,,,,,,,,,,4,1,1,1,1,0,0,0,0,0,,0,0,0,0,0,0,0,0,0,0,,0,,0,0,0,0,0,0,0,0,,0,,0,0,0,0,0,0,0,0,,0,,0,0,0,0,0,0,0,,0
60013,Tail,尾部（尻尾）,Normal,3,1,2,,,,,,,,,,,,,,,,,,,,,,,,,,,,,,,,,,,,,,,,,,,,,,,,,,,,,,,,,,,,,,,,,,,,,
60014,WholeBody,全身,Normal,,,2,,,,,,,,,,,,,,,,,,,,,,,,,,,,,,,,,,,,,,,,,,,,,,,,,,,,,,,,,,,,,,,,,,,,,
60014,Head,头部,Normal,3,1,2,,,,,,,,,,,,,,,3,1,1,1,1,0,0,0,0,0,,5,1,1,1,1,0,0,0,0,0,,0,1,0,0,0,0,0,0,0,0,,0,1,0,0,0,0,0,0,0,0,,0,1,0,0,0,0,0,0,0,,0
60014,Body,全身,Normal,3,1,2,,,,,,,,,,,,,,,0,,0,0,0,0,0,0,0,0,,0,,0,0,0,0,0,0,0,0,,0,,0,0,0,0,0,0,0,0,,0,,0,0,0,0,0,0,0,0,,0,,0,0,0,0,0,0,0,,0
60014,LeftFoot,左腿,Normal,3,1,2,6,1,,,,,,,,,,,,,0,,0,0,0,0,0,0,0,0,,0,,0,0,0,0,0,0,0,0,,0,,0,0,0,0,0,0,0,0,,0,,0,0,0,0,0,0,0,0,,0,,0,0,0,0,0,0,0,,0
60014,LeftHand,左手,Normal,3,1,2,6,1,,,,,,,,,,,,,4,1,1,1,1,0,0,0,0,0,,0,0,0,0,0,0,0,0,0,0,,0,1,0,0,0,0,0,0,0,0,,0,1,0,0,0,0,0,0,0,0,,0,1,0,0,0,0,0,0,0,,0
60014,RightFoot,右腿,Normal,3,1,2,6,1,,,,,,,,,,,,,0,,0,0,0,0,0,0,0,0,,0,,0,0,0,0,0,0,0,0,,0,,0,0,0,0,0,0,0,0,,0,,0,0,0,0,0,0,0,0,,0,,0,0,0,0,0,0,0,,0
60014,RightHand,右手,Normal,3,1,2,6,1,,,,,,,,,,,,,4,1,1,1,1,0,0,0,0,0,,0,0,0,0,0,0,0,0,0,0,,0,,0,0,0,0,0,0,0,0,,0,,0,0,0,0,0,0,0,0,,0,,0,0,0,0,0,0,0,,0
60014,Tail,尾部（尻尾）,Normal,3,1,2,,,,,,,,,,,,,,,,,,,,,,,,,,,,,,,,,,,,,,,,,,,,,,,,,,,,,,,,,,,,,,,,,,,,,
60015,WholeBody,全身,Normal,,,2,,,,,,,,,,,,,,,,,,,,,,,,,,,,,,,,,,,,,,,,,,,,,,,,,,,,,,,,,,,,,,,,,,,,,
60015,Head,头部,Normal,3,1,2,,,,,,,,,,,,,,,3,1,1,1,1,0,0,0,0,0,,5,1,1,1,1,0,0,0,0,0,,0,1,0,0,0,0,0,0,0,0,,0,1,0,0,0,0,0,0,0,0,,0,1,0,0,0,0,0,0,0,,0
60015,Body,全身,Normal,3,1,2,,,,,,,,,,,,,,,0,,0,0,0,0,0,0,0,0,,0,,0,0,0,0,0,0,0,0,,0,,0,0,0,0,0,0,0,0,,0,,0,0,0,0,0,0,0,0,,0,,0,0,0,0,0,0,0,,0
60015,LeftFoot,左腿,Normal,3,1,2,6,1,,,,,,,,,,,,,0,,0,0,0,0,0,0,0,0,,0,,0,0,0,0,0,0,0,0,,0,,0,0,0,0,0,0,0,0,,0,,0,0,0,0,0,0,0,0,,0,,0,0,0,0,0,0,0,,0
60015,LeftHand,左手,Normal,3,1,2,6,1,,,,,,,,,,,,,4,1,1,1,1,0,0,0,0,0,,0,0,0,0,0,0,0,0,0,0,,0,1,0,0,0,0,0,0,0,0,,0,1,0,0,0,0,0,0,0,0,,0,1,0,0,0,0,0,0,0,,0
60015,RightFoot,右腿,Normal,3,1,2,6,1,,,,,,,,,,,,,0,,0,0,0,0,0,0,0,0,,0,,0,0,0,0,0,0,0,0,,0,,0,0,0,0,0,0,0,0,,0,,0,0,0,0,0,0,0,0,,0,,0,0,0,0,0,0,0,,0
60015,RightHand,右手,Normal,3,1,2,6,1,,,,,,,,,,,,,4,1,1,1,1,0,0,0,0,0,,0,0,0,0,0,0,0,0,0,0,,0,,0,0,0,0,0,0,0,0,,0,,0,0,0,0,0,0,0,0,,0,,0,0,0,0,0,0,0,,0
60015,Tail,尾部（尻尾）,Normal,3,1,2,,,,,,,,,,,,,,,,,,,,,,,,,,,,,,,,,,,,,,,,,,,,,,,,,,,,,,,,,,,,,,,,,,,,,
60017,WholeBody,全身,Normal,,,2,,,,,,,,,,,,,,,,,,,,,,,,,,,,,,,,,,,,,,,,,,,,,,,,,,,,,,,,,,,,,,,,,,,,,
60017,Head,头部,Normal,15,1,2,30,1,,,,,,,,,,,,,3,1,1,1,1,0,0,0,0,0,,5,1,1,1,1,0,0,0,0,0,,0,1,0,0,0,0,0,0,0,0,,0,1,0,0,0,0,0,0,0,0,,0,1,0,0,0,0,0,0,0,,0
60017,Body,全身,Normal,15,1,2,30,1,,,,,,,,,,,,,0,,0,0,0,0,0,0,0,0,,0,,0,0,0,0,0,0,0,0,,0,,0,0,0,0,0,0,0,0,,0,,0,0,0,0,0,0,0,0,,0,,0,0,0,0,0,0,0,,0
60017,LeftFoot,左腿,Normal,15,1,2,30,1,,,,,,,,,,,,,0,,0,0,0,0,0,0,0,0,,0,,0,0,0,0,0,0,0,0,,0,,0,0,0,0,0,0,0,0,,0,,0,0,0,0,0,0,0,0,,0,,0,0,0,0,0,0,0,,0
60017,LeftHand,左手,Normal,15,1,2,30,1,,,,,,,,,,,,,4,1,1,1,1,0,0,0,0,0,,0,0,0,0,0,0,0,0,0,0,,0,1,0,0,0,0,0,0,0,0,,0,1,0,0,0,0,0,0,0,0,,0,1,0,0,0,0,0,0,0,,0
60017,RightFoot,右腿,Normal,15,1,2,30,1,,,,,,,,,,,,,0,,0,0,0,0,0,0,0,0,,0,,0,0,0,0,0,0,0,0,,0,,0,0,0,0,0,0,0,0,,0,,0,0,0,0,0,0,0,0,,0,,0,0,0,0,0,0,0,,0
60017,RightHand,右手,Normal,15,1,2,30,1,,,,,,,,,,,,,4,1,1,1,1,0,0,0,0,0,,0,0,0,0,0,0,0,0,0,0,,0,,0,0,0,0,0,0,0,0,,0,,0,0,0,0,0,0,0,0,,0,,0,0,0,0,0,0,0,,0
60017,Tail,尾部（尻尾）,Normal,15,1,2,30,1,,,,,,,,,,,,,,,,,,,,,,,,,,,,,,,,,,,,,,,,,,,,,,,,,,,,,,,,,,,,,,,,,,,
60018,WholeBody,全身,Normal,,,,,,,,,,,,,,,,,,,,,,,,,,,,,,,,,,,,,,,,,,,,,,,,,,,,,,,,,,,,,,,,,,,,,,,,
60018,Head,头部,Normal,,,,,,,,,,,,,,,,,,,,,,,,,,,,,,,,,,,,,,,,,,,,,,,,,,,,,,,,,,,,,,,,,,,,,,,,
60018,Body,全身,Normal,,,,,,,,,,,,,,,,,,,,,,,,,,,,,,,,,,,,,,,,,,,,,,,,,,,,,,,,,,,,,,,,,,,,,,,,
60018,LeftFoot,左腿,Normal,,,,,,,,,,,,,,,,,,,,,,,,,,,,,,,,,,,,,,,,,,,,,,,,,,,,,,,,,,,,,,,,,,,,,,,,
60018,LeftHand,左手,Normal,,,,,,,,,,,,,,,,,,,,,,,,,,,,,,,,,,,,,,,,,,,,,,,,,,,,,,,,,,,,,,,,,,,,,,,,
60018,RightFoot,右腿,Normal,,,,,,,,,,,,,,,,,,,,,,,,,,,,,,,,,,,,,,,,,,,,,,,,,,,,,,,,,,,,,,,,,,,,,,,,
60018,RightHand,右手,Normal,,,,,,,,,,,,,,,,,,,,,,,,,,,,,,,,,,,,,,,,,,,,,,,,,,,,,,,,,,,,,,,,,,,,,,,,
60018,Tail,尾部（尻尾）,Normal,,,,,,,,,,,,,,,,,,,,,,,,,,,,,,,,,,,,,,,,,,,,,,,,,,,,,,,,,,,,,,,,,,,,,,,,
60019,WholeBody,全身,Normal,1,,,,,,,,,,,,,,,,,,,,,,,,,,,,,,,,,,,,,,,,,,,,,,,,,,,,,,,,,,,,,,,,,,,,,,,
60019,Head,头部,Normal,1,,,,,,,,,,,,,,,,,,,,,,,,,,,,,,,,,,,,,,,,,,,,,,,,,,,,,,,,,,,,,,,,,,,,,,,
60019,Body,全身,Normal,1,,,,,,,,,,,,,,,,,,,,,,,,,,,,,,,,,,,,,,,,,,,,,,,,,,,,,,,,,,,,,,,,,,,,,,,
60019,LeftFoot,左腿,Normal,1,,,,,,,,,,,,,,,,,,,,,,,,,,,,,,,,,,,,,,,,,,,,,,,,,,,,,,,,,,,,,,,,,,,,,,,
60019,LeftHand,左手,Normal,1,,,,,,,,,,,,,,,,,,,,,,,,,,,,,,,,,,,,,,,,,,,,,,,,,,,,,,,,,,,,,,,,,,,,,,,
60019,RightFoot,右腿,Normal,1,,,,,,,,,,,,,,,,,,,,,,,,,,,,,,,,,,,,,,,,,,,,,,,,,,,,,,,,,,,,,,,,,,,,,,,
60019,RightHand,右手,Normal,1,,,,,,,,,,,,,,,,,,,,,,,,,,,,,,,,,,,,,,,,,,,,,,,,,,,,,,,,,,,,,,,,,,,,,,,
60019,Tail,尾部（尻尾）,Normal,1,,,,,,,,,,,,,,,,,,,,,,,,,,,,,,,,,,,,,,,,,,,,,,,,,,,,,,,,,,,,,,,,,,,,,,,
60020,WholeBody,全身,Normal,,,2,,,,,,,,,,,,,,,,,,,,,,,,,,,,,,,,,,,,,,,,,,,,,,,,,,,,,,,,,,,,,,,,,,,,,
60020,Body,躯干（本体/胴体）,Normal,,1,2,4,1,,,,,,,,,,,,,0,,0,0,0,0,0,0,0,0,,0,,0,0,0,0,0,0,0,0,,0,,0,0,0,0,0,0,0,0,,0,,0,0,0,0,0,0,0,0,,0,,0,0,0,0,0,0,0,,0
60020,Head,头部,Normal,3,1,2,,,,,,,,,,,,,,,0,,1,1,1,0,0,0,0,0,,0,,0,0,0,0,0,0,0,0,,0,,0,0,0,0,0,0,0,0,,0,,0,0,0,0,0,0,0,0,,0,,0,0,0,0,0,0,0,,0
60020,Tail,尾部（尻尾）,Normal,,1,2,,,,,,,,,,,,,,,0,,0,0,0,0,0,0,0,0,,0,,0,0,0,0,0,0,0,0,,0,,0,0,0,0,0,0,0,0,,0,,0,0,0,0,0,0,0,0,,0,,0,0,0,0,0,0,0,,0
60020,LeftLeg,左（前）腿,Normal,,1,2,3,1,,,,,,,,,,,,,0,,0,0,0,0,0,0,0,0,,0,,0,0,0,0,0,0,0,0,,0,,0,0,0,0,0,0,0,0,,0,,0,0,0,0,0,0,0,0,,0,,0,0,0,0,0,0,0,,0
60020,RightLeg,右（前）腿,Normal,,1,2,3,1,,,,,,,,,,,,,0,,0,0,0,0,0,0,0,0,,0,,0,0,0,0,0,0,0,0,,0,,0,0,0,0,0,0,0,0,,0,,0,0,0,0,0,0,0,0,,0,,0,0,0,0,0,0,0,,0
60022,WholeBody,全身,Normal,,,2,,,,,,,,,,,,,,,,,,,,,,,,,,,,,,,,,,,,,,,,,,,,,,,,,,,,,,,,,,,,,,,,,,,,,
60022,Body,躯干（本体/胴体）,Normal,,1,2,4,1,,,,,,,,,,,,,0,,0,0,0,0,0,0,0,0,,0,,0,0,0,0,0,0,0,0,,0,,0,0,0,0,0,0,0,0,,0,,0,0,0,0,0,0,0,0,,0,,0,0,0,0,0,0,0,,0
60022,Head,头部,Normal,3,1,2,,,,,,,,,,,,,,,4,1,1,1,1,0,0,0,0,0,,0,,0,0,0,0,0,0,0,0,,0,,0,0,0,0,0,0,0,0,,0,,0,0,0,0,0,0,0,0,,0,,0,0,0,0,0,0,0,,0
60022,Tail,尾部（尻尾）,Normal,,1,2,,,,,,,,,,,,,,,0,,0,0,0,0,0,0,0,0,,0,,0,0,0,0,0,0,0,0,,0,,0,0,0,0,0,0,0,0,,0,,0,0,0,0,0,0,0,0,,0,,0,0,0,0,0,0,0,,0
60022,LeftLeg,左（前）腿,Normal,,1,2,4,1,,,,,,,,,,,,,0,,0,0,0,0,0,0,0,0,,0,,0,0,0,0,0,0,0,0,,0,,0,0,0,0,0,0,0,0,,0,,0,0,0,0,0,0,0,0,,0,,0,0,0,0,0,0,0,,0
60022,RightLeg,右（前）腿,Normal,,1,2,4,1,,,,,,,,,,,,,0,,0,0,0,0,0,0,0,0,,0,,0,0,0,0,0,0,0,0,,0,,0,0,0,0,0,0,0,0,,0,,0,0,0,0,0,0,0,0,,0,,0,0,0,0,0,0,0,,0
60023,WholeBody,全身,Normal,,,2,,,,,,,,,,,,,,,,,,,,,,,,,,,,,,,,,,,,,,,,,,,,,,,,,,,,,,,,,,,,,,,,,,,,,
60023,Body,躯干（本体/胴体）,Normal,,1,2,4,1,,,,,,,,,,,,,0,,0,0,0,0,0,0,0,0,,0,,0,0,0,0,0,0,0,0,,0,,0,0,0,0,0,0,0,0,,0,,0,0,0,0,0,0,0,0,,0,,0,0,0,0,0,0,0,,0
60023,Head,头部,Normal,3,1,2,,,,,,,,,,,,,,,4,1,1,1,1,0,0,0,0,0,,0,,0,0,0,0,0,0,0,0,,0,,0,0,0,0,0,0,0,0,,0,,0,0,0,0,0,0,0,0,,0,,0,0,0,0,0,0,0,,0
60023,Tail,尾部（尻尾）,Normal,,1,2,,,,,,,,,,,,,,,0,,0,0,0,0,0,0,0,0,,0,,0,0,0,0,0,0,0,0,,0,,0,0,0,0,0,0,0,0,,0,,0,0,0,0,0,0,0,0,,0,,0,0,0,0,0,0,0,,0
60023,LeftLeg,左（前）腿,Normal,,1,2,4,1,,,,,,,,,,,,,0,,0,0,0,0,0,0,0,0,,0,,0,0,0,0,0,0,0,0,,0,,0,0,0,0,0,0,0,0,,0,,0,0,0,0,0,0,0,0,,0,,0,0,0,0,0,0,0,,0
60023,RightLeg,右（前）腿,Normal,,1,2,4,1,,,,,,,,,,,,,0,,0,0,0,0,0,0,0,0,,0,,0,0,0,0,0,0,0,0,,0,,0,0,0,0,0,0,0,0,,0,,0,0,0,0,0,0,0,0,,0,,0,0,0,0,0,0,0,,0
60024,WholeBody,全身,Normal,,,2,,,,,,,,,,,,,,,,,,,,,,,,,,,,,,,,,,,,,,,,,,,,,,,,,,,,,,,,,,,,,,,,,,,,,
60024,Body,躯干（本体/胴体）,Normal,,1,2,4,1,,,,,,,,,,,,,0,,0,0,0,0,0,0,0,0,,0,,0,0,0,0,0,0,0,0,,0,,0,0,0,0,0,0,0,0,,0,,0,0,0,0,0,0,0,0,,0,,0,0,0,0,0,0,0,,0
60024,Head,头部,Normal,3,1,2,,,,,,,,,,,,,,,4,1,1,1,1,0,0,0,0,0,,0,0,0,0,0,0,0,0,0,0,,0,,0,0,0,0,0,0,0,0,,0,,0,0,0,0,0,0,0,0,,0,,0,0,0,0,0,0,0,,0
60024,Tail,尾部（尻尾）,Normal,,1,2,,,,,,,,,,,,,,,0,,0,0,0,0,0,0,0,0,,0,,0,0,0,0,0,0,0,0,,0,,0,0,0,0,0,0,0,0,,0,,0,0,0,0,0,0,0,0,,0,,0,0,0,0,0,0,0,,0
60024,LeftLeg,左（前）腿,Normal,,1,2,4,1,,,,,,,,,,,,,0,,0,0,0,0,0,0,0,0,,0,,0,0,0,0,0,0,0,0,,0,,0,0,0,0,0,0,0,0,,0,,0,0,0,0,0,0,0,0,,0,,0,0,0,0,0,0,0,,0
60024,RightLeg,右（前）腿,Normal,,1,2,4,1,,,,,,,,,,,,,0,,0,0,0,0,0,0,0,0,,0,,0,0,0,0,0,0,0,0,,0,,0,0,0,0,0,0,0,0,,0,,0,0,0,0,0,0,0,0,,0,,0,0,0,0,0,0,0,,0
60030,WholeBody,全身,Normal,,,2,,,,,,,,,,,,,,,,,,,,,,,,,,,,,,,,,,,,,,,,,,,,,,,,,,,,,,,,,,,,,,,,,,,,,
60030,Body,躯干（本体/胴体）,Normal,5,1,2,8,1,,,,,,,,,,,,,0,,0,0,0,0,0,0,0,0,,0,,0,0,0,0,0,0,0,0,,0,,0,0,0,0,0,0,0,0,,0,,0,0,0,0,0,0,0,0,,0,,0,0,0,0,0,0,0,,0
60030,Head,头部,Normal,6,1,2,,,,,,,,,,,,,,,0,,0,0,0,0,0,0,0,0,,0,,0,0,0,0,0,0,0,0,,0,,0,0,0,0,0,0,0,0,,0,,0,0,0,0,0,0,0,0,,0,,0,0,0,0,0,0,0,,0
60032,WholeBody,全身,Normal,,,2,,,,,,,,,,,,,,,,,,,,,,,,,,,,,,,,,,,,,,,,,,,,,,,,,,,,,,,,,,,,,,,,,,,,,
60032,Body,躯干（本体/胴体）,Normal,5,1,2,8,1,,,,,,,,,,,,,0,,0,0,0,0,0,0,0,0,,0,,0,0,0,0,0,0,0,0,,0,,0,0,0,0,0,0,0,0,,0,,0,0,0,0,0,0,0,0,,0,,0,0,0,0,0,0,0,,0
60032,Head,头部,Normal,6,1,2,,,,,,,,,,,,,,,0,,0,0,0,0,0,0,0,0,,0,,0,0,0,0,0,0,0,0,,0,,0,0,0,0,0,0,0,0,,0,,0,0,0,0,0,0,0,0,,0,,0,0,0,0,0,0,0,,0
60033,WholeBody,全身,Normal,,,2,,,,,,,,,,,,,,,,,,,,,,,,,,,,,,,,,,,,,,,,,,,,,,,,,,,,,,,,,,,,,,,,,,,,,
60033,Body,躯干（本体/胴体）,Normal,5,1,2,8,1,,,,,,,,,,,,,0,,0,0,0,0,0,0,0,0,,0,,0,0,0,0,0,0,0,0,,0,,0,0,0,0,0,0,0,0,,0,,0,0,0,0,0,0,0,0,,0,,0,0,0,0,0,0,0,,0
60033,Head,头部,Normal,6,1,2,,,,,,,,,,,,,,,0,,0,0,0,0,0,0,0,0,,0,,0,0,0,0,0,0,0,0,,0,,0,0,0,0,0,0,0,0,,0,,0,0,0,0,0,0,0,0,,0,,0,0,0,0,0,0,0,,0
60033,Tail,尾部（尻尾）,Normal,,,2,,,,,,,,,,,,,,,5,1,1,1,1,0,0,0,0,0,,0,,0,0,0,0,0,0,0,0,,0,,0,0,0,0,0,0,0,0,,0,,0,0,0,0,0,0,0,0,,0,,0,0,0,0,0,0,0,,0
60034,WholeBody,全身,Normal,,,2,,,,,,,,,,,,,,,,,,,,,,,,,,,,,,,,,,,,,,,,,,,,,,,,,,,,,,,,,,,,,,,,,,,,,
60034,Body,躯干（本体/胴体）,Normal,6,1,2,8,1,,,,,,,,,,,,,0,,0,0,0,0,0,0,0,0,,0,,0,0,0,0,0,0,0,0,,0,,0,0,0,0,0,0,0,0,,0,,0,0,0,0,0,0,0,0,,0,,0,0,0,0,0,0,0,,0
60034,Head,头部,Normal,7,1,2,,,,,,,,,,,,,,,8,1,1,1,1,0,0,0,0,0,,0,,0,0,0,0,0,0,0,0,,0,,0,0,0,0,0,0,0,0,,0,,0,0,0,0,0,0,0,0,,0,,0,0,0,0,0,0,0,,0
60034,LeftHand,左手（钳）,Normal,,,2,7,1,,,,,,,,,,,,,,,,,,,,,,,,,,,,,,,,,,,,,,,,,,,,,,,,,,,,,,,,,,,,,,,,,,,
60034,RightHand,右手（钳）,Normal,,,2,7,1,,,,,,,,,,,,,,,,,,,,,,,,,,,,,,,,,,,,,,,,,,,,,,,,,,,,,,,,,,,,,,,,,,,
60034,LeftLeg,左（前）腿,Normal,,,2,7,1,,,,,,,,,,,,,0,,0,0,0,0,0,0,0,0,,0,,0,0,0,0,0,0,0,0,,0,,0,0,0,0,0,0,0,0,,0,,0,0,0,0,0,0,0,0,,0,,0,0,0,0,0,0,0,,0
60034,RightLeg,右（前）腿,Normal,,,2,7,1,,,,,,,,,,,,,0,,0,0,0,0,0,0,0,0,,0,,0,0,0,0,0,0,0,0,,0,,0,0,0,0,0,0,0,0,,0,,0,0,0,0,0,0,0,0,,0,,0,0,0,0,0,0,0,,0
60040,WholeBody,全身,Normal,,,2,,,,,,,,,,,,,,,,,,,,,,,,,,,,,,,,,,,,,,,,,,,,,,,,,,,,,,,,,,,,,,,,,,,,,
60040,Head,头部,Normal,3,1,2,,,,,,,,,,,,,,,4,1,1,1,1,0,0,0,0,0,,8,1,1,1,1,0,0,0,0,0,,0,,0,0,0,0,0,0,0,0,,0,,0,0,0,0,0,0,0,0,,0,,0,0,0,0,0,0,0,,0
60040,Neck,颈部（首）,Normal,,1,2,,,,,,,,,,,,,,,0,,0,0,0,0,0,0,0,0,,0,,0,0,0,0,0,0,0,0,,0,,0,0,0,0,0,0,0,0,,0,,0,0,0,0,0,0,0,0,,0,,0,0,0,0,0,0,0,,0
60040,Body,躯干（本体/胴体）,Normal,3,1,2,,,,,,,,,,,,,,,0,,0,0,0,0,0,0,0,0,,0,,0,0,0,0,0,0,0,0,,0,,0,0,0,0,0,0,0,0,,0,,0,0,0,0,0,0,0,0,,0,,0,0,0,0,0,0,0,,0
60040,Tail,尾部（尻尾）,Normal,4,1,2,,,,,,,,,,,,,,,0,,1,1,1,0,0,0,0,0,,0,,0,0,0,0,0,0,0,0,,0,,0,0,0,0,0,0,0,0,,0,,0,0,0,0,0,0,0,0,,0,,0,0,0,0,0,0,0,,0
60040,LeftWing,左翼,Normal,3,1,2,,,,,,,,,,,,,,,0,,1,1,1,0,0,0,0,0,,0,,0,0,0,0,0,0,0,0,,0,,0,0,0,0,0,0,0,0,,0,,0,0,0,0,0,0,0,0,,0,,0,0,0,0,0,0,0,,0
60040,RightWing,右翼,Normal,3,1,2,,,,,,,,,,,,,,,0,,1,1,1,0,0,0,0,0,,0,,0,0,0,0,0,0,0,0,,0,,0,0,0,0,0,0,0,0,,0,,0,0,0,0,0,0,0,0,,0,,0,0,0,0,0,0,0,,0
60040,LeftLeg,左（前）腿,Normal,3,1,2,6,1,,,,,,,,,,,,,0,,0,0,0,0,0,0,0,0,,0,,0,0,0,0,0,0,0,0,,0,,0,0,0,0,0,0,0,0,,0,,0,0,0,0,0,0,0,0,,0,,0,0,0,0,0,0,0,,0
60040,RightLeg,右（前）腿,Normal,3,1,2,6,1,,,,,,,,,,,,,0,,0,0,0,0,0,0,0,0,,0,,0,0,0,0,0,0,0,0,,0,,0,0,0,0,0,0,0,0,,0,,0,0,0,0,0,0,0,0,,0,,0,0,0,0,0,0,0,,0
60041,WholeBody,全身,Normal,,,2,,,,,,,,,,,,,,,,,,,,,,,,,,,,,,,,,,,,,,,,,,,,,,,,,,,,,,,,,,,,,,,,,,,,,
60041,Head,头部,Normal,3,1,2,,,,,,,,,,,,,,,5,1,1,1,1,0,0,0,0,0,,5,1,1,1,1,0,0,0,0,0,,0,,0,0,0,0,0,0,0,0,,0,,0,0,0,0,0,0,0,0,,0,,0,0,0,0,0,0,0,,0
60041,Neck,颈部（首）,Normal,,1,2,,,,,,,,,,,,,,,0,,0,0,0,0,0,0,0,0,,0,,0,0,0,0,0,0,0,0,,0,,0,0,0,0,0,0,0,0,,0,,0,0,0,0,0,0,0,0,,0,,0,0,0,0,0,0,0,,0
60041,Body,躯干（本体/胴体）,Normal,5,1,2,,,,,,,,,,,,,,,0,,0,0,0,0,0,0,0,0,,0,,0,0,0,0,0,0,0,0,,0,,0,0,0,0,0,0,0,0,,0,,0,0,0,0,0,0,0,0,,0,,0,0,0,0,0,0,0,,0
60041,Tail,尾部（尻尾）,Normal,3,1,2,,,,,,,,,,,,,,,0,,1,1,1,0,0,0,0,0,,0,,0,0,0,0,0,0,0,0,,0,,0,0,0,0,0,0,0,0,,0,,0,0,0,0,0,0,0,0,,0,,0,0,0,0,0,0,0,,0
60041,LeftWing,左翼,Normal,3,1,2,,,,,,,,,,,,,,,0,,1,1,1,0,0,0,0,0,,0,,0,0,0,0,0,0,0,0,,0,,0,0,0,0,0,0,0,0,,0,,0,0,0,0,0,0,0,0,,0,,0,0,0,0,0,0,0,,0
60041,RightWing,右翼,Normal,3,1,2,,,,,,,,,,,,,,,0,,1,1,1,0,0,0,0,0,,0,,0,0,0,0,0,0,0,0,,0,,0,0,0,0,0,0,0,0,,0,,0,0,0,0,0,0,0,0,,0,,0,0,0,0,0,0,0,,0
60041,LeftLeg,左（前）腿,Normal,3,1,2,6,1,,,,,,,,,,,,,0,,0,0,0,0,0,0,0,0,,0,,0,0,0,0,0,0,0,0,,0,,0,0,0,0,0,0,0,0,,0,,0,0,0,0,0,0,0,0,,0,,0,0,0,0,0,0,0,,0
60041,RightLeg,右（前）腿,Normal,3,1,2,6,1,,,,,,,,,,,,,0,,0,0,0,0,0,0,0,0,,0,,0,0,0,0,0,0,0,0,,0,,0,0,0,0,0,0,0,0,,0,,0,0,0,0,0,0,0,0,,0,,0,0,0,0,0,0,0,,0
60042,WholeBody,全身,Normal,,,2,,,,,,,,,,,,,,,,,,,,,,,,,,,,,,,,,,,,,,,,,,,,,,,,,,,,,,,,,,,,,,,,,,,,,
60042,Head,头部,Normal,4,1,2,,,,,,,,,,,,,,,15,1,1,1,1,0,0,0,0,0,,5,1,1,1,1,0,0,0,0,0,,0,,0,0,0,0,0,0,0,0,,0,,0,0,0,0,0,0,0,0,,0,,0,0,0,0,0,0,0,,0
60042,Neck,颈部（首）,Normal,,1,2,,,,,,,,,,,,,,,0,,0,0,0,0,0,0,0,0,,0,,0,0,0,0,0,0,0,0,,0,,0,0,0,0,0,0,0,0,,0,,0,0,0,0,0,0,0,0,,0,,0,0,0,0,0,0,0,,0
60042,Body,躯干（本体/胴体）,Normal,5,1,2,,,,,,,,,,,,,,,0,,0,0,0,0,0,0,0,0,,0,,0,0,0,0,0,0,0,0,,0,,0,0,0,0,0,0,0,0,,0,,0,0,0,0,0,0,0,0,,0,,0,0,0,0,0,0,0,,0
60042,Tail,尾部（尻尾）,Normal,4,1,2,,,,,,,,,,,,,,,0,,1,1,1,0,0,0,0,0,,0,,0,0,0,0,0,0,0,0,,0,,0,0,0,0,0,0,0,0,,0,,0,0,0,0,0,0,0,0,,0,,0,0,0,0,0,0,0,,0
60042,LeftWing,左翼,Normal,3,1,2,,,,,,,,,,,,,,,0,,1,1,1,0,0,0,0,0,,0,,0,0,0,0,0,0,0,0,,0,,0,0,0,0,0,0,0,0,,0,,0,0,0,0,0,0,0,0,,0,,0,0,0,0,0,0,0,,0
60042,RightWing,右翼,Normal,3,1,2,,,,,,,,,,,,,,,0,,1,1,1,0,0,0,0,0,,0,,0,0,0,0,0,0,0,0,,0,,0,0,0,0,0,0,0,0,,0,,0,0,0,0,0,0,0,0,,0,,0,0,0,0,0,0,0,,0
60042,LeftLeg,左（前）腿,Normal,5,1,2,10,1,,,,,,,,,,,,,0,,0,0,0,0,0,0,0,0,,0,,0,0,0,0,0,0,0,0,,0,,0,0,0,0,0,0,0,0,,0,,0,0,0,0,0,0,0,0,,0,,0,0,0,0,0,0,0,,0
60042,RightLeg,右（前）腿,Normal,5,1,2,10,1,,,,,,,,,,,,,0,,0,0,0,0,0,0,0,0,,0,,0,0,0,0,0,0,0,0,,0,,0,0,0,0,0,0,0,0,,0,,0,0,0,0,0,0,0,0,,0,,0,0,0,0,0,0,0,,0
60043,WholeBody,全身,Normal,,,2,,,,,,,,,,,,,,,,,,,,,,,,,,,,,,,,,,,,,,,,,,,,,,,,,,,,,,,,,,,,,,,,,,,,,
60043,Head,头部,Normal,3,1,2,,,,,,,,,,,,,,,4,1,1,1,1,0,0,0,0,0,,8,1,1,1,1,0,0,0,0,0,,0,,0,0,0,0,0,0,0,0,,0,,0,0,0,0,0,0,0,0,,0,,0,0,0,0,0,0,0,,0
60043,Neck,颈部（首）,Normal,,1,2,,,,,,,,,,,,,,,0,,0,0,0,0,0,0,0,0,,0,,0,0,0,0,0,0,0,0,,0,,0,0,0,0,0,0,0,0,,0,,0,0,0,0,0,0,0,0,,0,,0,0,0,0,0,0,0,,0
60043,Body,躯干（本体/胴体）,Normal,3,1,2,,,,,,,,,,,,,,,0,,0,0,0,0,0,0,0,0,,0,,0,0,0,0,0,0,0,0,,0,,0,0,0,0,0,0,0,0,,0,,0,0,0,0,0,0,0,0,,0,,0,0,0,0,0,0,0,,0
60043,Tail,尾部（尻尾）,Normal,4,1,2,,,,,,,,,,,,,,,0,,1,1,1,0,0,0,0,0,,0,,0,0,0,0,0,0,0,0,,0,,0,0,0,0,0,0,0,0,,0,,0,0,0,0,0,0,0,0,,0,,0,0,0,0,0,0,0,,0
60043,LeftWing,左翼,Normal,3,1,2,,,,,,,,,,,,,,,0,,1,1,1,0,0,0,0,0,,0,,0,0,0,0,0,0,0,0,,0,,0,0,0,0,0,0,0,0,,0,,0,0,0,0,0,0,0,0,,0,,0,0,0,0,0,0,0,,0
60043,RightWing,右翼,Normal,3,1,2,,,,,,,,,,,,,,,0,,1,1,1,0,0,0,0,0,,0,,0,0,0,0,0,0,0,0,,0,,0,0,0,0,0,0,0,0,,0,,0,0,0,0,0,0,0,0,,0,,0,0,0,0,0,0,0,,0
60043,LeftLeg,左（前）腿,Normal,3,1,2,6,1,,,,,,,,,,,,,0,,0,0,0,0,0,0,0,0,,0,,0,0,0,0,0,0,0,0,,0,,0,0,0,0,0,0,0,0,,0,,0,0,0,0,0,0,0,0,,0,,0,0,0,0,0,0,0,,0
60043,RightLeg,右（前）腿,Normal,3,1,2,6,1,,,,,,,,,,,,,0,,0,0,0,0,0,0,0,0,,0,,0,0,0,0,0,0,0,0,,0,,0,0,0,0,0,0,0,0,,0,,0,0,0,0,0,0,0,0,,0,,0,0,0,0,0,0,0,,0
60049,WholeBody,全身,Normal,,,2,,,,,,,,,,,,,,,,,,,,,,,,,,,,,,,,,,,,,,,,,,,,,,,,,,,,,,,,,,,,,,,,,,,,,
60049,Head,头部,Normal,3,1,2,,,,,,,,,,,,,,,4,1,1,1,1,0,0,0,0,0,,8,1,1,1,1,0,0,0,0,0,,0,,0,0,0,0,0,0,0,0,,0,,0,0,0,0,0,0,0,0,,0,,0,0,0,0,0,0,0,,0
60049,Neck,颈部（首）,Normal,,1,2,,,,,,,,,,,,,,,0,,0,0,0,0,0,0,0,0,,0,,0,0,0,0,0,0,0,0,,0,,0,0,0,0,0,0,0,0,,0,,0,0,0,0,0,0,0,0,,0,,0,0,0,0,0,0,0,,0
60049,Body,躯干（本体/胴体）,Normal,3,1,2,,,,,,,,,,,,,,,0,,0,0,0,0,0,0,0,0,,0,,0,0,0,0,0,0,0,0,,0,,0,0,0,0,0,0,0,0,,0,,0,0,0,0,0,0,0,0,,0,,0,0,0,0,0,0,0,,0
60049,Tail,尾部（尻尾）,Normal,4,1,2,,,,,,,,,,,,,,,0,,1,1,1,0,0,0,0,0,,0,,0,0,0,0,0,0,0,0,,0,,0,0,0,0,0,0,0,0,,0,,0,0,0,0,0,0,0,0,,0,,0,0,0,0,0,0,0,,0
60049,LeftWing,左翼,Normal,3,1,2,,,,,,,,,,,,,,,0,,1,1,1,0,0,0,0,0,,0,,0,0,0,0,0,0,0,0,,0,,0,0,0,0,0,0,0,0,,0,,0,0,0,0,0,0,0,0,,0,,0,0,0,0,0,0,0,,0
60049,RightWing,右翼,Normal,3,1,2,,,,,,,,,,,,,,,0,,1,1,1,0,0,0,0,0,,0,,0,0,0,0,0,0,0,0,,0,,0,0,0,0,0,0,0,0,,0,,0,0,0,0,0,0,0,0,,0,,0,0,0,0,0,0,0,,0
60049,LeftLeg,左（前）腿,Normal,3,1,2,6,1,,,,,,,,,,,,,0,,0,0,0,0,0,0,0,0,,0,,0,0,0,0,0,0,0,0,,0,,0,0,0,0,0,0,0,0,,0,,0,0,0,0,0,0,0,0,,0,,0,0,0,0,0,0,0,,0
60049,RightLeg,右（前）腿,Normal,3,1,2,6,1,,,,,,,,,,,,,0,,0,0,0,0,0,0,0,0,,0,,0,0,0,0,0,0,0,0,,0,,0,0,0,0,0,0,0,0,,0,,0,0,0,0,0,0,0,0,,0,,0,0,0,0,0,0,0,,0
60050,WholeBody,全身,Normal,,,2,,,,,,,,,,,,,,,,,,,,,,,,,,,,,,,,,,,,,,,,,,,,,,,,,,,,,,,,,,,,,,,,,,,,,
60050,Abdomen,腹部,Normal,4,1,2,,,,,,,,,,,,,,,8,1,1,1,1,0,0,0,0,0,,,,,,,,,,,,,,,,,,,,,,,,,,,,,,,,,,,,,,,,,,,,,
60050,Body,躯干（本体/胴体）,Normal,4,1,2,,,,,,,,,,,,,,,,,,,,,,,,,,,,,,,,,,,,,,,,,,,,,,,,,,,,,,,,,,,,,,,,,,,,,
60050,Head,头部,Normal,3,1,2,,,,,,,,,,,,,,,,,,,,,,,,,,,,,,,,,,,,,,,,,,,,,,,,,,,,,,,,,,,,,,,,,,,,,
60050,LeftBackLeg,左后腿,Normal,,1,2,8,1,,,,,,,,,,,,,,,,,,,,,,,,,,,,,,,,,,,,,,,,,,,,,,,,,,,,,,,,,,,,,,,,,,,
60050,RightBackLeg,右后腿,Normal,,1,2,8,1,,,,,,,,,,,,,,,,,,,,,,,,,,,,,,,,,,,,,,,,,,,,,,,,,,,,,,,,,,,,,,,,,,,
60050,LeftHand,左手（钳）,Normal,4,1,2,,,,,,,,,,,,,,,8,1,1,1,1,0,0,0,0,0,,,,,,,,,,,,,,,,,,,,,,,,,,,,,,,,,,,,,,,,,,,,,
60050,RightHand,右手（钳）,Normal,4,1,2,,,,,,,,,,,,,,,8,1,1,1,1,0,0,0,0,0,,,,,,,,,,,,,,,,,,,,,,,,,,,,,,,,,,,,,,,,,,,,,
60051,WholeBody,全身,Normal,,,2,,,,,,,,,,,,,,,,,,,,,,,,,,,,,,,,,,,,,,,,,,,,,,,,,,,,,,,,,,,,,,,,,,,,,
60051,Abdomen,腹部,Normal,4,1,2,,,,,,,,,,,,,,,8,1,1,1,1,0,0,0,0,0,,,,,,,,,,,,,,,,,,,,,,,,,,,,,,,,,,,,,,,,,,,,,
60051,Body,躯干（本体/胴体）,Normal,4,1,2,,,,,,,,,,,,,,,,,,,,,,,,,,,,,,,,,,,,,,,,,,,,,,,,,,,,,,,,,,,,,,,,,,,,,
60051,Head,头部,Normal,3,1,2,,,,,,,,,,,,,,,,,,,,,,,,,,,,,,,,,,,,,,,,,,,,,,,,,,,,,,,,,,,,,,,,,,,,,
60051,LeftBackLeg,左后腿,Normal,,1,2,8,1,,,,,,,,,,,,,,,,,,,,,,,,,,,,,,,,,,,,,,,,,,,,,,,,,,,,,,,,,,,,,,,,,,,
60051,RightBackLeg,右后腿,Normal,,1,2,8,1,,,,,,,,,,,,,,,,,,,,,,,,,,,,,,,,,,,,,,,,,,,,,,,,,,,,,,,,,,,,,,,,,,,
60051,LeftHand,左手（钳）,Normal,4,1,2,,,,,,,,,,,,,,,8,1,1,1,1,0,0,0,0,0,,,,,,,,,,,,,,,,,,,,,,,,,,,,,,,,,,,,,,,,,,,,,
60051,RightHand,右手（钳）,Normal,4,1,2,,,,,,,,,,,,,,,8,1,1,1,1,0,0,0,0,0,,,,,,,,,,,,,,,,,,,,,,,,,,,,,,,,,,,,,,,,,,,,,
60053,WholeBody,全身,Normal,,,2,,,,,,,,,,,,,,,,,,,,,,,,,,,,,,,,,,,,,,,,,,,,,,,,,,,,,,,,,,,,,,,,,,,,,
60053,Abdomen,腹部,Normal,4,1,2,,,,,,,,,,,,,,,8,1,0,0,0,0,1,0,0,0,,,,,,,,,,,,,,,,,,,,,,,,,,,,,,,,,,,,,,,,,,,,,
60053,Body,躯干（本体/胴体）,Normal,4,1,2,,,,,,,,,,,,,,,,,,,,,,,,,,,,,,,,,,,,,,,,,,,,,,,,,,,,,,,,,,,,,,,,,,,,,
60053,Head,头部,Normal,3,1,2,,,,,,,,,,,,,,,,,,,,,,,,,,,,,,,,,,,,,,,,,,,,,,,,,,,,,,,,,,,,,,,,,,,,,
60053,LeftBackLeg,左后腿,Normal,,1,2,8,1,,,,,,,,,,,,,,,,,,,,,,,,,,,,,,,,,,,,,,,,,,,,,,,,,,,,,,,,,,,,,,,,,,,
60053,RightBackLeg,右后腿,Normal,,1,2,8,1,,,,,,,,,,,,,,,,,,,,,,,,,,,,,,,,,,,,,,,,,,,,,,,,,,,,,,,,,,,,,,,,,,,
60053,LeftHand,左手（钳）,Normal,4,1,2,,,,,,,,,,,,,,,8,1,0,0,0,0,1,0,0,0,,,,,,,,,,,,,,,,,,,,,,,,,,,,,,,,,,,,,,,,,,,,,
60053,RightHand,右手（钳）,Normal,4,1,2,,,,,,,,,,,,,,,8,1,0,0,0,0,1,0,0,0,,,,,,,,,,,,,,,,,,,,,,,,,,,,,,,,,,,,,,,,,,,,,
60054,WholeBody,全身,Normal,,,2,,,,,,,,,,,,,,,,,,,,,,,,,,,,,,,,,,,,,,,,,,,,,,,,,,,,,,,,,,,,,,,,,,,,,
60054,Abdomen,腹部,Normal,4,1,2,,,,,,,,,,,,,,,8,1,1,1,1,0,0,0,0,0,,,,,,,,,,,,,,,,,,,,,,,,,,,,,,,,,,,,,,,,,,,,,
60054,Body,躯干（本体/胴体）,Normal,4,1,2,,,,,,,,,,,,,,,,,,,,,,,,,,,,,,,,,,,,,,,,,,,,,,,,,,,,,,,,,,,,,,,,,,,,,
60054,Head,头部,Normal,3,1,2,,,,,,,,,,,,,,,,,,,,,,,,,,,,,,,,,,,,,,,,,,,,,,,,,,,,,,,,,,,,,,,,,,,,,
60054,LeftBackLeg,左后腿,Normal,,1,2,8,1,,,,,,,,,,,,,,,,,,,,,,,,,,,,,,,,,,,,,,,,,,,,,,,,,,,,,,,,,,,,,,,,,,,
60054,RightBackLeg,右后腿,Normal,,1,2,8,1,,,,,,,,,,,,,,,,,,,,,,,,,,,,,,,,,,,,,,,,,,,,,,,,,,,,,,,,,,,,,,,,,,,
60054,LeftHand,左手（钳）,Normal,4,1,2,,,,,,,,,,,,,,,8,1,1,1,1,0,0,0,0,0,,,,,,,,,,,,,,,,,,,,,,,,,,,,,,,,,,,,,,,,,,,,,
60054,RightHand,右手（钳）,Normal,4,1,2,,,,,,,,,,,,,,,8,1,1,1,1,0,0,0,0,0,,,,,,,,,,,,,,,,,,,,,,,,,,,,,,,,,,,,,,,,,,,,,
60059,WholeBody,全身,Normal,,,2,,,,,,,,,,,,,,,,,,,,,,,,,,,,,,,,,,,,,,,,,,,,,,,,,,,,,,,,,,,,,,,,,,,,,
60059,Abdomen,腹部,Normal,8,1,2,,,,,,,,,,,,,,,,,,,,,,,,,,,,,,,,,,,,,,,,,,,,,,,,,,,,,,,,,,,,,,,,,,,,,
60059,Body,躯干（本体/胴体）,Normal,5,1,2,,,,,,,,,,,,,,,,,,,,,,,,,,,,,,,,,,,,,,,,,,,,,,,,,,,,,,,,,,,,,,,,,,,,,
60059,Head,头部,Normal,5,1,2,,,,,,,,,,,,,,,,,,,,,,,,,,,,,,,,,,,,,,,,,,,,,,,,,,,,,,,,,,,,,,,,,,,,,
60059,LeftBackLeg,左后腿,Normal,,1,2,10,1,,,,,,,,,,,,,,,,,,,,,,,,,,,,,,,,,,,,,,,,,,,,,,,,,,,,,,,,,,,,,,,,,,,
60059,RightBackLeg,右后腿,Normal,,1,2,10,1,,,,,,,,,,,,,,,,,,,,,,,,,,,,,,,,,,,,,,,,,,,,,,,,,,,,,,,,,,,,,,,,,,,
60059,LeftHand,左手（钳）,Normal,6,1,2,,,,,,,,,,,,,,,,,,,,,,,,,,,,,,,,,,,,,,,,,,,,,,,,,,,,,,,,,,,,,,,,,,,,,
60059,RightHand,右手（钳）,Normal,6,1,2,,,,,,,,,,,,,,,,,,,,,,,,,,,,,,,,,,,,,,,,,,,,,,,,,,,,,,,,,,,,,,,,,,,,,
60060,WholeBody,全身,Normal,,,2,,,,,,,,,,,,,,,,,,,,,,,,,,,,,,,,,,,,,,,,,,,,,,,,,,,,,,,,,,,,,,,,,,,,,
60060,Body,躯干（本体/胴体）,Normal,,1,2,4,1,,,,,,,,,,,,,0,,0,0,0,0,0,0,0,0,,0,,0,0,0,0,0,0,0,0,,0,,0,0,0,0,0,0,0,0,,0,,0,0,0,0,0,0,0,0,,0,,0,0,0,0,0,0,0,,0
60060,Head,头部,Normal,3,1,2,,,,,,,,,,,,,,,4,1,1,1,1,0,0,0,0,0,,0,,0,0,0,0,0,0,0,0,,0,,0,0,0,0,0,0,0,0,,0,,0,0,0,0,0,0,0,0,,0,,0,0,0,0,0,0,0,,0
60060,Tail,尾部（尻尾）,Normal,,1,2,,,,,,,,,,,,,,,0,,0,0,0,0,0,0,0,0,,0,,0,0,0,0,0,0,0,0,,0,,0,0,0,0,0,0,0,0,,0,,0,0,0,0,0,0,0,0,,0,,0,0,0,0,0,0,0,,0
60060,LeftLeg,左（前）腿,Normal,,1,2,3,1,,,,,,,,,,,,,0,,0,0,0,0,0,0,0,0,,0,,0,0,0,0,0,0,0,0,,0,,0,0,0,0,0,0,0,0,,0,,0,0,0,0,0,0,0,0,,0,,0,0,0,0,0,0,0,,0
60060,RightLeg,右（前）腿,Normal,,1,2,3,1,,,,,,,,,,,,,0,,0,0,0,0,0,0,0,0,,0,,0,0,0,0,0,0,0,0,,0,,0,0,0,0,0,0,0,0,,0,,0,0,0,0,0,0,0,0,,0,,0,0,0,0,0,0,0,,0
60070,WholeBody,全身,Normal,,,2,,,,,,,,,,,,,,,,,,,,,,,,,,,,,,,,,,,,,,,,,,,,,,,,,,,,,,,,,,,,,,,,,,,,,
60070,Head,头部,Normal,3,1,2,1,1,,,,,,,,,,,,,7,1,1,1,1,0,0,0,0,0,,0,,0,0,0,0,0,0,0,0,,0,,0,0,0,0,0,0,0,0,,0,,0,0,0,0,0,0,0,0,,0,,0,0,0,0,0,0,0,,0
60070,Neck,颈部（首）,Normal,3,1,2,,,,,,,,,,,,,,,,,,,,,,,,,,,,0,0,0,0,0,0,0,0,,0,,0,0,0,0,0,0,0,0,,0,,0,0,0,0,0,0,0,0,,0,,0,0,0,0,0,0,0,,0
60070,Body,躯干（本体/胴体）,Normal,3,1,2,,,,,,,,,,,,,,,,,,,,,,,,,,,,,,,,,,,,,,,,,,,,,,,,,,,,,,,,,,,,,,,,,,,,,
60070,Tail,尾部（尻尾）,Normal,3,1,2,,,,,,,,,,,,,,,,,,,,,,,,,,,,0,0,0,0,0,0,0,0,,0,,0,0,0,0,0,0,0,0,,0,,0,0,0,0,0,0,0,0,,0,,0,0,0,0,0,0,0,,0
60070,LeftWing,左翼,Normal,3,1,2,,,,,,,,,,,,,,,,,,,,,,,,,,,,0,0,0,0,0,0,0,0,,0,,0,0,0,0,0,0,0,0,,0,,0,0,0,0,0,0,0,0,,0,,0,0,0,0,0,0,0,,0
60070,RightWing,右翼,Normal,3,1,2,,,,,,,,,,,,,,,,,,,,,,,,,,,,0,0,0,0,0,0,0,0,,0,,0,0,0,0,0,0,0,0,,0,,0,0,0,0,0,0,0,0,,0,,0,0,0,0,0,0,0,,0
60070,LeftLeg,左（前）腿,Normal,2,1,2,4,1,,,,,,,,,,,,,,,,,,,,,,,,,,0,0,0,0,0,0,0,0,,0,,0,0,0,0,0,0,0,0,,0,,0,0,0,0,0,0,0,0,,0,,0,0,0,0,0,0,0,,0
60070,RightLeg,右（前）腿,Normal,2,1,2,4,1,,,,,,,,,,,,,,,,,,,,,,,,,,0,0,0,0,0,0,0,0,,0,,0,0,0,0,0,0,0,0,,0,,0,0,0,0,0,0,0,0,,0,,0,0,0,0,0,0,0,,0
60071,WholeBody,全身,Normal,,,2,,,,,,,,,,,,,,,,,,,,,,,,,,,,,,,,,,,,,,,,,,,,,,,,,,,,,,,,,,,,,,,,,,,,,
60071,Head,头部,Normal,3,1,2,,,,,,,,,,,,,,,8,1,1,1,1,0,0,0,0,0,,0,,0,0,0,0,0,0,0,0,,0,,0,0,0,0,0,0,0,0,,0,,0,0,0,0,0,0,0,0,,0,,0,0,0,0,0,0,0,,0
60071,Neck,颈部（首）,Normal,3,1,2,,,,,,,,,,,,,,,,,,,,,,,,,,,,0,0,0,0,0,0,0,0,,0,,0,0,0,0,0,0,0,0,,0,,0,0,0,0,0,0,0,0,,0,,0,0,0,0,0,0,0,,0
60071,Body,躯干（本体/胴体）,Normal,3,1,2,,,,,,,,,,,,,,,,,,,,,,,,,,,,,,,,,,,,,,,,,,,,,,,,,,,,,,,,,,,,,,,,,,,,,
60071,Tail,尾部（尻尾）,Normal,3,1,2,,,,,,,,,,,,,,,,,,,,,,,,,,,,0,0,0,0,0,0,0,0,,0,,0,0,0,0,0,0,0,0,,0,,0,0,0,0,0,0,0,0,,0,,0,0,0,0,0,0,0,,0
60071,LeftWing,左翼,Normal,3,1,2,,,,,,,,,,,,,,,,,,,,,,,,,,,,0,0,0,0,0,0,0,0,,0,,0,0,0,0,0,0,0,0,,0,,0,0,0,0,0,0,0,0,,0,,0,0,0,0,0,0,0,,0
60071,RightWing,右翼,Normal,3,1,2,,,,,,,,,,,,,,,,,,,,,,,,,,,,0,0,0,0,0,0,0,0,,0,,0,0,0,0,0,0,0,0,,0,,0,0,0,0,0,0,0,0,,0,,0,0,0,0,0,0,0,,0
60071,LeftLeg,左（前）腿,Normal,3,1,2,6,1,,,,,,,,,,,,,,,,,,,,,,,,,,0,0,0,0,0,0,0,0,,0,,0,0,0,0,0,0,0,0,,0,,0,0,0,0,0,0,0,0,,0,,0,0,0,0,0,0,0,,0
60071,RightLeg,右（前）腿,Normal,3,1,2,6,1,,,,,,,,,,,,,,,,,,,,,,,,,,0,0,0,0,0,0,0,0,,0,,0,0,0,0,0,0,0,0,,0,,0,0,0,0,0,0,0,0,,0,,0,0,0,0,0,0,0,,0
60073,WholeBody,全身,Normal,,,2,,,,,,,,,,,,,,,,,,,,,,,,,,,,,,,,,,,,,,,,,,,,,,,,,,,,,,,,,,,,,,,,,,,,,
60073,Head,头部,Normal,3,1,2,1,1,,,,,,,,,,,,,7,1,1,1,1,0,0,0,0,0,,0,,0,0,0,0,0,0,0,0,,0,,0,0,0,0,0,0,0,0,,0,,0,0,0,0,0,0,0,0,,0,,0,0,0,0,0,0,0,,0
60073,Neck,颈部（首）,Normal,3,1,2,,,,,,,,,,,,,,,,,,,,,,,,,,,,0,0,0,0,0,0,0,0,,0,,0,0,0,0,0,0,0,0,,0,,0,0,0,0,0,0,0,0,,0,,0,0,0,0,0,0,0,,0
60073,Body,躯干（本体/胴体）,Normal,3,1,2,,,,,,,,,,,,,,,,,,,,,,,,,,,,,,,,,,,,,,,,,,,,,,,,,,,,,,,,,,,,,,,,,,,,,
60073,Tail,尾部（尻尾）,Normal,3,1,2,,,,,,,,,,,,,,,,,,,,,,,,,,,,0,0,0,0,0,0,0,0,,0,,0,0,0,0,0,0,0,0,,0,,0,0,0,0,0,0,0,0,,0,,0,0,0,0,0,0,0,,0
60073,LeftWing,左翼,Normal,3,1,2,,,,,,,,,,,,,,,,,,,,,,,,,,,,0,0,0,0,0,0,0,0,,0,,0,0,0,0,0,0,0,0,,0,,0,0,0,0,0,0,0,0,,0,,0,0,0,0,0,0,0,,0
60073,RightWing,右翼,Normal,3,1,2,,,,,,,,,,,,,,,,,,,,,,,,,,,,0,0,0,0,0,0,0,0,,0,,0,0,0,0,0,0,0,0,,0,,0,0,0,0,0,0,0,0,,0,,0,0,0,0,0,0,0,,0
60073,LeftLeg,左（前）腿,Normal,2,1,2,4,1,,,,,,,,,,,,,,,,,,,,,,,,,,0,0,0,0,0,0,0,0,,0,,0,0,0,0,0,0,0,0,,0,,0,0,0,0,0,0,0,0,,0,,0,0,0,0,0,0,0,,0
60073,RightLeg,右（前）腿,Normal,2,1,2,4,1,,,,,,,,,,,,,,,,,,,,,,,,,,0,0,0,0,0,0,0,0,,0,,0,0,0,0,0,0,0,0,,0,,0,0,0,0,0,0,0,0,,0,,0,0,0,0,0,0,0,,0
60079,WholeBody,全身,Normal,,,2,,,,,,,,,,,,,,,,,,,,,,,,,,,,,,,,,,,,,,,,,,,,,,,,,,,,,,,,,,,,,,,,,,,,,
60079,Head,头部,Normal,3,1,2,,,,,,,,,,,,,,,7,1,1,1,1,0,0,0,0,0,,0,,0,0,0,0,0,0,0,0,,0,,0,0,0,0,0,0,0,0,,0,,0,0,0,0,0,0,0,0,,0,,0,0,0,0,0,0,0,,0
60079,Neck,颈部（首）,Normal,3,1,2,,,,,,,,,,,,,,,,,,,,,,,,,,,,0,0,0,0,0,0,0,0,,0,,0,0,0,0,0,0,0,0,,0,,0,0,0,0,0,0,0,0,,0,,0,0,0,0,0,0,0,,0
60079,Body,躯干（本体/胴体）,Normal,3,1,2,,,,,,,,,,,,,,,,,,,,,,,,,,,,,,,,,,,,,,,,,,,,,,,,,,,,,,,,,,,,,,,,,,,,,
60079,Tail,尾部（尻尾）,Normal,3,1,2,,,,,,,,,,,,,,,,,,,,,,,,,,,,0,0,0,0,0,0,0,0,,0,,0,0,0,0,0,0,0,0,,0,,0,0,0,0,0,0,0,0,,0,,0,0,0,0,0,0,0,,0
60079,LeftWing,左翼,Normal,3,1,2,,,,,,,,,,,,,,,,,,,,,,,,,,,,0,0,0,0,0,0,0,0,,0,,0,0,0,0,0,0,0,0,,0,,0,0,0,0,0,0,0,0,,0,,0,0,0,0,0,0,0,,0
60079,RightWing,右翼,Normal,3,1,2,,,,,,,,,,,,,,,,,,,,,,,,,,,,0,0,0,0,0,0,0,0,,0,,0,0,0,0,0,0,0,0,,0,,0,0,0,0,0,0,0,0,,0,,0,0,0,0,0,0,0,,0
60079,LeftLeg,左（前）腿,Normal,4,1,2,8,1,,,,,,,,,,,,,,,,,,,,,,,,,,0,0,0,0,0,0,0,0,,0,,0,0,0,0,0,0,0,0,,0,,0,0,0,0,0,0,0,0,,0,,0,0,0,0,0,0,0,,0
60079,RightLeg,右（前）腿,Normal,4,1,2,8,1,,,,,,,,,,,,,,,,,,,,,,,,,,0,0,0,0,0,0,0,0,,0,,0,0,0,0,0,0,0,0,,0,,0,0,0,0,0,0,0,0,,0,,0,0,0,0,0,0,0,,0
60080,WholeBody,全身,Normal,,1,,,,,,,,,,,,,,,,0,,0,0,0,0,0,0,0,0,,0,,1,1,1,0,0,0,0,0,,0,,0,0,0,0,0,0,0,0,,0,,0,0,0,0,0,0,0,0,,0,,0,0,0,0,0,0,0,,0
60080,Body,躯干（本体/胴体）,Normal,4,1,2,,,,,,,,,,,,,,,0,,0,0,0,0,0,0,0,0,,0,,0,0,0,0,0,0,0,0,,0,,0,0,0,0,0,0,0,0,,0,,0,0,0,0,0,0,0,0,,0,,0,0,0,0,0,0,0,,0
60080,Tail,尾巴,Normal,,1,2,,,,,,,,,,,,,,,0,,0,0,0,0,0,0,0,0,,0,,0,0,0,0,0,0,0,0,,0,,0,0,0,0,0,0,0,0,,0,,0,0,0,0,0,0,0,0,,0,,0,0,0,0,0,0,0,,0
60080,Head,头部,Normal,3,1,2,1,1,,,,,,,,,,,,,6,2,1,1,1,0,0,0,0,0,,0,,0,0,0,0,0,0,0,0,,0,,0,0,0,0,0,0,0,0,,0,,0,0,0,0,0,0,0,0,,0,,0,0,0,0,0,0,0,,0
60080,LeftFoot,左脚,Normal,3,1,2,6,1,,,,,,,,,,,,,0,,0,0,0,0,0,0,0,0,,0,,0,0,0,0,0,0,0,0,,0,,0,0,0,0,0,0,0,0,,0,,0,0,0,0,0,0,0,0,,0,,0,0,0,0,0,0,0,,0
60080,LeftHand,左手,Normal,3,1,2,,,,,,,,,,,,,,,5,1,1,1,1,0,0,0,0,0,,0,1,0,0,0,0,0,0,0,0,,0,1,0,0,0,0,0,0,0,0,,0,1,0,0,0,0,0,0,0,0,,0,1,0,0,0,0,0,0,0,,0
60080,RightFoot,右脚,Normal,3,1,2,6,1,,,,,,,,,,,,,0,,0,0,0,0,0,0,0,0,,0,,0,0,0,0,0,0,0,0,,0,,0,0,0,0,0,0,0,0,,0,,0,0,0,0,0,0,0,0,,0,,0,0,0,0,0,0,0,,0
60080,RightHand,右手,Normal,3,1,2,,,,,,,,,,,,,,,5,1,1,1,1,0,0,0,0,0,,0,,0,0,0,0,0,0,0,0,,0,,0,0,0,0,0,0,0,0,,0,,0,0,0,0,0,0,0,0,,0,,0,0,0,0,0,0,0,,0
60081,WholeBody,全身,Normal,,1,2,,,,,,,,,,,,,,,0,,0,0,0,0,0,0,0,0,,0,,1,1,1,0,0,0,0,0,,0,,0,0,0,0,0,0,0,0,,0,,0,0,0,0,0,0,0,0,,0,,0,0,0,0,0,0,0,,0
60081,Body,躯干（本体/胴体）,Normal,4,1,2,,,,,,,,,,,,,,,0,,0,0,0,0,0,0,0,0,,0,,0,0,0,0,0,0,0,0,,0,,0,0,0,0,0,0,0,0,,0,,0,0,0,0,0,0,0,0,,0,,0,0,0,0,0,0,0,,0
60081,Tail,尾巴,Normal,4,1,2,,,,,,,,,,,,,,,0,,0,0,0,0,0,0,0,0,,0,,0,0,0,0,0,0,0,0,,0,,0,0,0,0,0,0,0,0,,0,,0,0,0,0,0,0,0,0,,0,,0,0,0,0,0,0,0,,0
60081,Head,头部,Normal,3,1,2,,,,,,,,,,,,,,,8,2,1,1,1,0,0,0,0,0,,0,,0,0,0,0,0,0,0,0,,0,,0,0,0,0,0,0,0,0,,0,,0,0,0,0,0,0,0,0,,0,,0,0,0,0,0,0,0,,0
60081,LeftFoot,左脚,Normal,3,1,2,6,1,,,,,,,,,,,,,0,,0,0,0,0,0,0,0,0,,0,,0,0,0,0,0,0,0,0,,0,,0,0,0,0,0,0,0,0,,0,,0,0,0,0,0,0,0,0,,0,,0,0,0,0,0,0,0,,0
60081,LeftHand,左手,Normal,3,1,2,,,,,,,,,,,,,,,8,1,1,1,1,0,0,0,0,0,,0,1,0,0,0,0,0,0,0,0,,0,1,0,0,0,0,0,0,0,0,,0,1,0,0,0,0,0,0,0,0,,0,1,0,0,0,0,0,0,0,,0
60081,RightFoot,右脚,Normal,3,1,2,6,1,,,,,,,,,,,,,0,,0,0,0,0,0,0,0,0,,0,,0,0,0,0,0,0,0,0,,0,,0,0,0,0,0,0,0,0,,0,,0,0,0,0,0,0,0,0,,0,,0,0,0,0,0,0,0,,0
60081,RightHand,右手,Normal,3,1,2,,,,,,,,,,,,,,,8,1,1,1,1,0,0,0,0,0,,0,,0,0,0,0,0,0,0,0,,0,,0,0,0,0,0,0,0,0,,0,,0,0,0,0,0,0,0,0,,0,,0,0,0,0,0,0,0,,0
60082,WholeBody,全身,Normal,,1,,,,,,,,,,,,,,,,0,,0,0,0,0,0,0,0,0,,0,,1,1,1,0,0,0,0,0,,0,,0,0,0,0,0,0,0,0,,0,,0,0,0,0,0,0,0,0,,0,,0,0,0,0,0,0,0,,0
60082,Body,躯干（本体/胴体）,Normal,4,1,2,,,,,,,,,,,,,,,0,,0,0,0,0,0,0,0,0,,0,,0,0,0,0,0,0,0,0,,0,,0,0,0,0,0,0,0,0,,0,,0,0,0,0,0,0,0,0,,0,,0,0,0,0,0,0,0,,0
60082,Tail,尾巴,Normal,,1,2,,,,,,,,,,,,,,,0,,0,0,0,0,0,0,0,0,,0,,0,0,0,0,0,0,0,0,,0,,0,0,0,0,0,0,0,0,,0,,0,0,0,0,0,0,0,0,,0,,0,0,0,0,0,0,0,,0
60082,Head,头部,Normal,3,1,2,1,1,,,,,,,,,,,,,6,2,1,1,1,0,0,0,0,0,,0,,0,0,0,0,0,0,0,0,,0,,0,0,0,0,0,0,0,0,,0,,0,0,0,0,0,0,0,0,,0,,0,0,0,0,0,0,0,,0
60082,LeftFoot,左脚,Normal,3,1,2,6,1,,,,,,,,,,,,,0,,0,0,0,0,0,0,0,0,,0,,0,0,0,0,0,0,0,0,,0,,0,0,0,0,0,0,0,0,,0,,0,0,0,0,0,0,0,0,,0,,0,0,0,0,0,0,0,,0
60082,LeftHand,左手,Normal,3,1,2,,,,,,,,,,,,,,,5,1,1,1,1,0,0,0,0,0,,0,1,0,0,0,0,0,0,0,0,,0,1,0,0,0,0,0,0,0,0,,0,1,0,0,0,0,0,0,0,0,,0,1,0,0,0,0,0,0,0,,0
60082,RightFoot,右脚,Normal,3,1,2,6,1,,,,,,,,,,,,,0,,0,0,0,0,0,0,0,0,,0,,0,0,0,0,0,0,0,0,,0,,0,0,0,0,0,0,0,0,,0,,0,0,0,0,0,0,0,0,,0,,0,0,0,0,0,0,0,,0
60082,RightHand,右手,Normal,3,1,2,,,,,,,,,,,,,,,5,1,1,1,1,0,0,0,0,0,,0,,0,0,0,0,0,0,0,0,,0,,0,0,0,0,0,0,0,0,,0,,0,0,0,0,0,0,0,0,,0,,0,0,0,0,0,0,0,,0
60083,WholeBody,全身,Normal,,1,2,,,,,,,,,,,,,,,0,,0,0,0,0,0,0,0,0,,0,,1,1,1,0,0,0,0,0,,0,,0,0,0,0,0,0,0,0,,0,,0,0,0,0,0,0,0,0,,0,,0,0,0,0,0,0,0,,0
60083,Body,躯干（本体/胴体）,Normal,4,1,2,,,,,,,,,,,,,,,0,,0,0,0,0,0,0,0,0,,0,,0,0,0,0,0,0,0,0,,0,,0,0,0,0,0,0,0,0,,0,,0,0,0,0,0,0,0,0,,0,,0,0,0,0,0,0,0,,0
60083,Tail,尾巴,Normal,4,1,2,,,,,,,,,,,,,,,0,,0,0,0,0,0,0,0,0,,0,,0,0,0,0,0,0,0,0,,0,,0,0,0,0,0,0,0,0,,0,,0,0,0,0,0,0,0,0,,0,,0,0,0,0,0,0,0,,0
60083,Head,头部,Normal,3,1,2,,,,,,,,,,,,,,,8,2,0,0,0,1,0,0,0,0,,0,,0,0,0,0,0,0,0,0,,0,,0,0,0,0,0,0,0,0,,0,,0,0,0,0,0,0,0,0,,0,,0,0,0,0,0,0,0,,0
60083,LeftFoot,左脚,Normal,3,1,2,6,1,,,,,,,,,,,,,0,,0,0,0,0,0,0,0,0,,0,,0,0,0,0,0,0,0,0,,0,,0,0,0,0,0,0,0,0,,0,,0,0,0,0,0,0,0,0,,0,,0,0,0,0,0,0,0,,0
60083,LeftHand,左手,Normal,3,1,2,,,,,,,,,,,,,,,8,1,0,0,0,1,0,0,0,0,,0,1,0,0,0,0,0,0,0,0,,0,1,0,0,0,0,0,0,0,0,,0,1,0,0,0,0,0,0,0,0,,0,1,0,0,0,0,0,0,0,,0
60083,RightFoot,右脚,Normal,3,1,2,6,1,,,,,,,,,,,,,0,,0,0,0,0,0,0,0,0,,0,,0,0,0,0,0,0,0,0,,0,,0,0,0,0,0,0,0,0,,0,,0,0,0,0,0,0,0,0,,0,,0,0,0,0,0,0,0,,0
60083,RightHand,右手,Normal,3,1,2,,,,,,,,,,,,,,,8,1,0,0,0,1,0,0,0,0,,0,,0,0,0,0,0,0,0,0,,0,,0,0,0,0,0,0,0,0,,0,,0,0,0,0,0,0,0,0,,0,,0,0,0,0,0,0,0,,0
60087,WholeBody,全身,Normal,,1,,,,,,,,,,,,,,,,0,,0,0,0,0,0,0,0,0,,0,,1,1,1,0,0,0,0,0,,0,,0,0,0,0,0,0,0,0,,0,,0,0,0,0,0,0,0,0,,0,,0,0,0,0,0,0,0,,0
60087,Body,躯干（本体/胴体）,Normal,4,1,2,,,,,,,,,,,,,,,0,,0,0,0,0,0,0,0,0,,0,,0,0,0,0,0,0,0,0,,0,,0,0,0,0,0,0,0,0,,0,,0,0,0,0,0,0,0,0,,0,,0,0,0,0,0,0,0,,0
60087,Tail,尾巴,Normal,,1,2,,,,,,,,,,,,,,,0,,0,0,0,0,0,0,0,0,,0,,0,0,0,0,0,0,0,0,,0,,0,0,0,0,0,0,0,0,,0,,0,0,0,0,0,0,0,0,,0,,0,0,0,0,0,0,0,,0
60087,Head,头部,Normal,3,1,2,,,,,,,,,,,,,,,6,2,1,1,1,0,0,0,0,0,,0,,0,0,0,0,0,0,0,0,,0,,0,0,0,0,0,0,0,0,,0,,0,0,0,0,0,0,0,0,,0,,0,0,0,0,0,0,0,,0
60087,LeftFoot,左脚,Normal,3,1,2,6,1,,,,,,,,,,,,,0,,0,0,0,0,0,0,0,0,,0,,0,0,0,0,0,0,0,0,,0,,0,0,0,0,0,0,0,0,,0,,0,0,0,0,0,0,0,0,,0,,0,0,0,0,0,0,0,,0
60087,LeftHand,左手,Normal,3,1,2,,,,,,,,,,,,,,,5,1,1,1,1,0,0,0,0,0,,0,1,0,0,0,0,0,0,0,0,,0,1,0,0,0,0,0,0,0,0,,0,1,0,0,0,0,0,0,0,0,,0,1,0,0,0,0,0,0,0,,0
60087,RightFoot,右脚,Normal,3,1,2,6,1,,,,,,,,,,,,,0,,0,0,0,0,0,0,0,0,,0,,0,0,0,0,0,0,0,0,,0,,0,0,0,0,0,0,0,0,,0,,0,0,0,0,0,0,0,0,,0,,0,0,0,0,0,0,0,,0
60087,RightHand,右手,Normal,3,1,2,,,,,,,,,,,,,,,5,1,1,1,1,0,0,0,0,0,,0,,0,0,0,0,0,0,0,0,,0,,0,0,0,0,0,0,0,0,,0,,0,0,0,0,0,0,0,0,,0,,0,0,0,0,0,0,0,,0
60088,WholeBody,全身,Normal,,1,,,,,,,,,,,,,,,,0,,0,0,0,0,0,0,0,0,,0,,1,1,1,0,0,0,0,0,,0,,0,0,0,0,0,0,0,0,,0,,0,0,0,0,0,0,0,0,,0,,0,0,0,0,0,0,0,,0
60088,Body,躯干（本体/胴体）,Normal,4,1,2,,,,,,,,,,,,,,,0,,0,0,0,0,0,0,0,0,,0,,0,0,0,0,0,0,0,0,,0,,0,0,0,0,0,0,0,0,,0,,0,0,0,0,0,0,0,0,,0,,0,0,0,0,0,0,0,,0
60088,Tail,尾巴,Normal,,1,2,,,,,,,,,,,,,,,0,,0,0,0,0,0,0,0,0,,0,,0,0,0,0,0,0,0,0,,0,,0,0,0,0,0,0,0,0,,0,,0,0,0,0,0,0,0,0,,0,,0,0,0,0,0,0,0,,0
60088,Head,头部,Normal,3,1,2,,,,,,,,,,,,,,,6,2,1,1,1,0,0,0,0,0,,0,,0,0,0,0,0,0,0,0,,0,,0,0,0,0,0,0,0,0,,0,,0,0,0,0,0,0,0,0,,0,,0,0,0,0,0,0,0,,0
60088,LeftFoot,左脚,Normal,3,1,2,6,1,,,,,,,,,,,,,0,,0,0,0,0,0,0,0,0,,0,,0,0,0,0,0,0,0,0,,0,,0,0,0,0,0,0,0,0,,0,,0,0,0,0,0,0,0,0,,0,,0,0,0,0,0,0,0,,0
60088,LeftHand,左手,Normal,3,1,2,,,,,,,,,,,,,,,5,1,1,1,1,0,0,0,0,0,,0,1,0,0,0,0,0,0,0,0,,0,1,0,0,0,0,0,0,0,0,,0,1,0,0,0,0,0,0,0,0,,0,1,0,0,0,0,0,0,0,,0
60088,RightFoot,右脚,Normal,3,1,2,6,1,,,,,,,,,,,,,0,,0,0,0,0,0,0,0,0,,0,,0,0,0,0,0,0,0,0,,0,,0,0,0,0,0,0,0,0,,0,,0,0,0,0,0,0,0,0,,0,,0,0,0,0,0,0,0,,0
60088,RightHand,右手,Normal,3,1,2,,,,,,,,,,,,,,,5,1,1,1,1,0,0,0,0,0,,0,,0,0,0,0,0,0,0,0,,0,,0,0,0,0,0,0,0,0,,0,,0,0,0,0,0,0,0,0,,0,,0,0,0,0,0,0,0,,0
60089,WholeBody,全身,Normal,,1,,,,,,,,,,,,,,,,0,,0,0,0,0,0,0,0,0,,0,,1,1,1,0,0,0,0,0,,0,,0,0,0,0,0,0,0,0,,0,,0,0,0,0,0,0,0,0,,0,,0,0,0,0,0,0,0,,0
60089,Body,躯干（本体/胴体）,Normal,6,1,2,,,,,,,,,,,,,,,0,,0,0,0,0,0,0,0,0,,0,,0,0,0,0,0,0,0,0,,0,,0,0,0,0,0,0,0,0,,0,,0,0,0,0,0,0,0,0,,0,,0,0,0,0,0,0,0,,0
60089,Tail,尾巴,Normal,,1,2,,,,,,,,,,,,,,,0,,0,0,0,0,0,0,0,0,,0,,0,0,0,0,0,0,0,0,,0,,0,0,0,0,0,0,0,0,,0,,0,0,0,0,0,0,0,0,,0,,0,0,0,0,0,0,0,,0
60089,Head,头部,Normal,5,1,2,,,,,,,,,,,,,,,6,2,1,1,1,0,0,0,0,0,,0,,0,0,0,0,0,0,0,0,,0,,0,0,0,0,0,0,0,0,,0,,0,0,0,0,0,0,0,0,,0,,0,0,0,0,0,0,0,,0
60089,LeftFoot,左脚,Normal,5,1,2,10,1,,,,,,,,,,,,,0,,0,0,0,0,0,0,0,0,,0,,0,0,0,0,0,0,0,0,,0,,0,0,0,0,0,0,0,0,,0,,0,0,0,0,0,0,0,0,,0,,0,0,0,0,0,0,0,,0
60089,LeftHand,左手,Normal,5,1,2,,,,,,,,,,,,,,,5,1,1,1,1,0,0,0,0,0,,0,1,0,0,0,0,0,0,0,0,,0,1,0,0,0,0,0,0,0,0,,0,1,0,0,0,0,0,0,0,0,,0,1,0,0,0,0,0,0,0,,0
60089,RightFoot,右脚,Normal,5,1,2,10,1,,,,,,,,,,,,,0,,0,0,0,0,0,0,0,0,,0,,0,0,0,0,0,0,0,0,,0,,0,0,0,0,0,0,0,0,,0,,0,0,0,0,0,0,0,0,,0,,0,0,0,0,0,0,0,,0
60089,RightHand,右手,Normal,5,1,2,,,,,,,,,,,,,,,5,1,1,1,1,0,0,0,0,0,,0,,0,0,0,0,0,0,0,0,,0,,0,0,0,0,0,0,0,0,,0,,0,0,0,0,0,0,0,0,,0,,0,0,0,0,0,0,0,,0
60090,WholeBody,全身,Normal,,,2,,,,,,,,,,,,,,,,,,,,,,,,,,,,,,,,,,,,,,,,,,,,,,,,,,,,,,,,,,,,,,,,,,,,,
60090,Head,头部,Normal,3,1,2,,,,,,,,,,,,,,,6,1,1,1,1,0,0,0,0,0,,0,,1,1,1,0,0,0,0,0,,0,,0,0,0,0,0,0,0,0,,0,,0,0,0,0,0,0,0,0,,0,,0,0,0,0,0,0,0,,0
60090,Neck,颈部（首）,Normal,3,1,2,,,,,,,,,,,,,,,0,,0,0,0,0,0,0,0,0,,0,,0,0,0,0,0,0,0,0,,0,,0,0,0,0,0,0,0,0,,0,,0,0,0,0,0,0,0,0,,0,,0,0,0,0,0,0,0,,0
60090,Tail,尾部（尻尾）,Normal,3,1,2,,,,,,,,,,,,,,,0,,1,1,1,0,0,0,0,0,,0,,0,0,0,0,0,0,0,0,,0,,0,0,0,0,0,0,0,0,,0,,0,0,0,0,0,0,0,0,,0,,0,0,0,0,0,0,0,,0
60090,LeftWing,左翼,Normal,3,1,2,,,,,,,,,,,,,,,0,,1,1,1,0,0,0,0,0,,0,,0,0,0,0,0,0,0,0,,0,,0,0,0,0,0,0,0,0,,0,,0,0,0,0,0,0,0,0,,0,,0,0,0,0,0,0,0,,0
60090,RightWing,右翼,Normal,3,1,2,,,,,,,,,,,,,,,0,,1,1,1,0,0,0,0,0,,0,,0,0,0,0,0,0,0,0,,0,,0,0,0,0,0,0,0,0,,0,,0,0,0,0,0,0,0,0,,0,,0,0,0,0,0,0,0,,0
60090,LeftLeg,左（前）腿,Normal,3,1,2,6,1,,,,,,,,,,,,,0,,0,0,0,0,0,0,0,0,,0,,0,0,0,0,0,0,0,0,,0,,0,0,0,0,0,0,0,0,,0,,0,0,0,0,0,0,0,0,,0,,0,0,0,0,0,0,0,,0
60090,RightLeg,右（前）腿,Normal,3,1,2,6,1,,,,,,,,,,,,,0,,0,0,0,0,0,0,0,0,,0,,0,0,0,0,0,0,0,0,,0,,0,0,0,0,0,0,0,0,,0,,0,0,0,0,0,0,0,0,,0,,0,0,0,0,0,0,0,,0
60090,Body,躯干（本体/胴体）,Normal,3,1,2,,,,,,,,,,,,,,,,,,,,,,,,,,,,,,,,,,,,,,,,,,,,,,,,,,,,,,,,,,,,,,,,,,,,,
60091,WholeBody,全身,Normal,,,1000,,,,,,,,,,,,,,,,,,,,,,,,,,,,,,,,,,,,,,,,,,,,,,,,,,,,,,,,,,,,,,,,,,,,,
60091,Head,头部,Normal,3,1,1000,,,,,,,,,,,,,,,6,1,1,1,1,0,0,0,0,0,,0,,1,1,1,0,0,0,0,0,,0,,0,0,0,0,0,0,0,0,,0,,0,0,0,0,0,0,0,0,,0,,0,0,0,0,0,0,0,,0
60091,Neck,颈部（首）,Normal,3,1,1000,,,,,,,,,,,,,,,0,,0,0,0,0,0,0,0,0,,0,,0,0,0,0,0,0,0,0,,0,,0,0,0,0,0,0,0,0,,0,,0,0,0,0,0,0,0,0,,0,,0,0,0,0,0,0,0,,0
60091,Tail,尾部（尻尾）,Normal,3,1,1000,,,,,,,,,,,,,,,0,,1,1,1,0,0,0,0,0,,0,,0,0,0,0,0,0,0,0,,0,,0,0,0,0,0,0,0,0,,0,,0,0,0,0,0,0,0,0,,0,,0,0,0,0,0,0,0,,0
60091,LeftWing,左翼,Normal,3,1,1000,,,,,,,,,,,,,,,0,,1,1,1,0,0,0,0,0,,0,,0,0,0,0,0,0,0,0,,0,,0,0,0,0,0,0,0,0,,0,,0,0,0,0,0,0,0,0,,0,,0,0,0,0,0,0,0,,0
60091,RightWing,右翼,Normal,3,1,1000,,,,,,,,,,,,,,,0,,1,1,1,0,0,0,0,0,,0,,0,0,0,0,0,0,0,0,,0,,0,0,0,0,0,0,0,0,,0,,0,0,0,0,0,0,0,0,,0,,0,0,0,0,0,0,0,,0
60091,LeftLeg,左（前）腿,Normal,3,1,1000,6,1,,,,,,,,,,,,,0,,0,0,0,0,0,0,0,0,,0,,0,0,0,0,0,0,0,0,,0,,0,0,0,0,0,0,0,0,,0,,0,0,0,0,0,0,0,0,,0,,0,0,0,0,0,0,0,,0
60091,RightLeg,右（前）腿,Normal,3,1,1000,6,1,,,,,,,,,,,,,0,,0,0,0,0,0,0,0,0,,0,,0,0,0,0,0,0,0,0,,0,,0,0,0,0,0,0,0,0,,0,,0,0,0,0,0,0,0,0,,0,,0,0,0,0,0,0,0,,0
60091,Body,躯干（本体/胴体）,Normal,3,1,1000,,,,,,,,,,,,,,,,,,,,,,,,,,,,,,,,,,,,,,,,,,,,,,,,,,,,,,,,,,,,,,,,,,,,,
60092,WholeBody,全身,Normal,,,2,,,,,,,,,,,,,,,,,,,,,,,,,,,,,,,,,,,,,,,,,,,,,,,,,,,,,,,,,,,,,,,,,,,,,
60092,Head,头部,Normal,3,1,2,,,,,,,,,,,,,,,6,1,1,1,1,0,0,0,0,0,,0,,1,1,1,0,0,0,0,0,,0,,0,0,0,0,0,0,0,0,,0,,0,0,0,0,0,0,0,0,,0,,0,0,0,0,0,0,0,,0
60092,Neck,颈部（首）,Normal,3,1,2,,,,,,,,,,,,,,,0,,0,0,0,0,0,0,0,0,,0,,0,0,0,0,0,0,0,0,,0,,0,0,0,0,0,0,0,0,,0,,0,0,0,0,0,0,0,0,,0,,0,0,0,0,0,0,0,,0
60092,Tail,尾部（尻尾）,Normal,3,1,2,,,,,,,,,,,,,,,0,,1,1,1,0,0,0,0,0,,0,,0,0,0,0,0,0,0,0,,0,,0,0,0,0,0,0,0,0,,0,,0,0,0,0,0,0,0,0,,0,,0,0,0,0,0,0,0,,0
60092,LeftWing,左翼,Normal,3,1,2,,,,,,,,,,,,,,,0,,1,1,1,0,0,0,0,0,,0,,0,0,0,0,0,0,0,0,,0,,0,0,0,0,0,0,0,0,,0,,0,0,0,0,0,0,0,0,,0,,0,0,0,0,0,0,0,,0
60092,RightWing,右翼,Normal,3,1,2,,,,,,,,,,,,,,,0,,1,1,1,0,0,0,0,0,,0,,0,0,0,0,0,0,0,0,,0,,0,0,0,0,0,0,0,0,,0,,0,0,0,0,0,0,0,0,,0,,0,0,0,0,0,0,0,,0
60092,LeftLeg,左（前）腿,Normal,3,1,2,6,1,,,,,,,,,,,,,0,,0,0,0,0,0,0,0,0,,0,,0,0,0,0,0,0,0,0,,0,,0,0,0,0,0,0,0,0,,0,,0,0,0,0,0,0,0,0,,0,,0,0,0,0,0,0,0,,0
60092,RightLeg,右（前）腿,Normal,3,1,2,6,1,,,,,,,,,,,,,0,,0,0,0,0,0,0,0,0,,0,,0,0,0,0,0,0,0,0,,0,,0,0,0,0,0,0,0,0,,0,,0,0,0,0,0,0,0,0,,0,,0,0,0,0,0,0,0,,0
60092,Body,躯干（本体/胴体）,Normal,3,1,2,,,,,,,,,,,,,,,,,,,,,,,,,,,,,,,,,,,,,,,,,,,,,,,,,,,,,,,,,,,,,,,,,,,,,
60093,WholeBody,全身,Normal,,,1000,,,,,,,,,,,,,,,,,,,,,,,,,,,,,,,,,,,,,,,,,,,,,,,,,,,,,,,,,,,,,,,,,,,,,
60093,Head,头部,Normal,3,1,1000,,,,,,,,,,,,,,,6,1,1,1,1,0,0,0,0,0,,0,,1,1,1,0,0,0,0,0,,0,,0,0,0,0,0,0,0,0,,0,,0,0,0,0,0,0,0,0,,0,,0,0,0,0,0,0,0,,0
60093,Neck,颈部（首）,Normal,3,1,1000,,,,,,,,,,,,,,,0,,0,0,0,0,0,0,0,0,,0,,0,0,0,0,0,0,0,0,,0,,0,0,0,0,0,0,0,0,,0,,0,0,0,0,0,0,0,0,,0,,0,0,0,0,0,0,0,,0
60093,Tail,尾部（尻尾）,Normal,3,1,1000,,,,,,,,,,,,,,,0,,1,1,1,0,0,0,0,0,,0,,0,0,0,0,0,0,0,0,,0,,0,0,0,0,0,0,0,0,,0,,0,0,0,0,0,0,0,0,,0,,0,0,0,0,0,0,0,,0
60093,LeftWing,左翼,Normal,3,1,1000,,,,,,,,,,,,,,,0,,1,1,1,0,0,0,0,0,,0,,0,0,0,0,0,0,0,0,,0,,0,0,0,0,0,0,0,0,,0,,0,0,0,0,0,0,0,0,,0,,0,0,0,0,0,0,0,,0
60093,RightWing,右翼,Normal,3,1,1000,,,,,,,,,,,,,,,0,,1,1,1,0,0,0,0,0,,0,,0,0,0,0,0,0,0,0,,0,,0,0,0,0,0,0,0,0,,0,,0,0,0,0,0,0,0,0,,0,,0,0,0,0,0,0,0,,0
60093,LeftLeg,左（前）腿,Normal,3,1,1000,6,1,,,,,,,,,,,,,0,,0,0,0,0,0,0,0,0,,0,,0,0,0,0,0,0,0,0,,0,,0,0,0,0,0,0,0,0,,0,,0,0,0,0,0,0,0,0,,0,,0,0,0,0,0,0,0,,0
60093,RightLeg,右（前）腿,Normal,3,1,1000,6,1,,,,,,,,,,,,,0,,0,0,0,0,0,0,0,0,,0,,0,0,0,0,0,0,0,0,,0,,0,0,0,0,0,0,0,0,,0,,0,0,0,0,0,0,0,0,,0,,0,0,0,0,0,0,0,,0
60093,Body,躯干（本体/胴体）,Normal,3,1,1000,,,,,,,,,,,,,,,,,,,,,,,,,,,,,,,,,,,,,,,,,,,,,,,,,,,,,,,,,,,,,,,,,,,,,
60098,WholeBody,全身,Normal,3,1,2,,,,,,,,,,,,,,,0,,0,0,0,0,0,0,0,0,,0,,0,0,0,0,0,0,0,0,,0,,0,0,0,0,0,0,0,0,,0,,0,0,0,0,0,0,0,0,,0,,0,0,0,0,0,0,0,,0
60098,Body,躯干（本体/胴体）,Normal,3,1,2,,,,,,,,,,,,,,,0,,0,0,0,0,0,0,0,0,,0,,0,0,0,0,0,0,0,0,,0,,0,0,0,0,0,0,0,0,,0,,0,0,0,0,0,0,0,0,,0,,0,0,0,0,0,0,0,,0
60099,WholeBody,全身,Normal,3,1,2,,,,,,,,,,,,,,,0,,0,0,0,0,0,0,0,0,,0,,0,0,0,0,0,0,0,0,,0,,0,0,0,0,0,0,0,0,,0,,0,0,0,0,0,0,0,0,,0,,0,0,0,0,0,0,0,,0
60099,Body,躯干（本体/胴体）,Normal,3,1,2,,,,,,,,,,,,,,,0,,0,0,0,0,0,0,0,0,,0,,0,0,0,0,0,0,0,0,,0,,0,0,0,0,0,0,0,0,,0,,0,0,0,0,0,0,0,0,,0,,0,0,0,0,0,0,0,,0
60100,WholeBody,全身,Normal,,,2,,,,,,,,,,,,,,,,,,,,,,,,,,,,,,,,,,,,,,,,,,,,,,,,,,,,,,,,,,,,,,,,,,,,,
60100,Shell,壳,Normal,4,1,2,,,,,,,,,,,,,,,7,1,1,0,0,0,0,0,0,0,,6,1,1,0,0,0,0,0,0,0,,,,,,,,,,,,,,,,,,,,,,,,,,,,,,,,,,
60100,Body,躯干（本体/胴体）,Normal,4,1,2,,,,,,,,,,,,,,,,,,,,,,,,,,,,,,,,,,,,,,,,,,,,,,,,,,,,,,,,,,,,,,,,,,,,,
60100,LeftFoot,左脚（足先）,Normal,3,1,2,6,1,,,,,,,,,,,,,,,,,,,,,,,,,,,,,,,,,,,,,,,,,,,,,,,,,,,,,,,,,,,,,,,,,,,
60100,RightFoot,右脚（足先）,Normal,3,1,2,6,1,,,,,,,,,,,,,,,,,,,,,,,,,,,,,,,,,,,,,,,,,,,,,,,,,,,,,,,,,,,,,,,,,,,
60100,LeftHand,左手（钳）,Normal,3,1,2,,,,,,,,,,,,,,,7,1,1,1,1,0,0,0,0,0,,,,,,,,,,,,,,,,,,,,,,,,,,,,,,,,,,,,,,,,,,,,,
60100,RightHand,右手（钳）,Normal,3,1,2,,,,,,,,,,,,,,,7,1,1,1,1,0,0,0,0,0,,,,,,,,,,,,,,,,,,,,,,,,,,,,,,,,,,,,,,,,,,,,,
60101,WholeBody,全身,Normal,,,2,,,,,,,,,,,,,,,,,,,,,,,,,,,,,,,,,,,,,,,,,,,,,,,,,,,,,,,,,,,,,,,,,,,,,
60101,Shell,壳,Normal,4,1,2,,,,,,,,,,,,,,,7,1,1,0,0,0,0,0,0,0,,6,1,1,0,0,0,0,0,0,0,,,,,,,,,,,,,,,,,,,,,,,,,,,,,,,,,,
60101,Body,躯干（本体/胴体）,Normal,4,1,2,,,,,,,,,,,,,,,,,,,,,,,,,,,,,,,,,,,,,,,,,,,,,,,,,,,,,,,,,,,,,,,,,,,,,
60101,LeftFoot,左脚（足先）,Normal,3,1,2,6,1,,,,,,,,,,,,,,,,,,,,,,,,,,,,,,,,,,,,,,,,,,,,,,,,,,,,,,,,,,,,,,,,,,,
60101,RightFoot,右脚（足先）,Normal,3,1,2,6,1,,,,,,,,,,,,,,,,,,,,,,,,,,,,,,,,,,,,,,,,,,,,,,,,,,,,,,,,,,,,,,,,,,,
60101,LeftHand,左手（钳）,Normal,3,1,2,,,,,,,,,,,,,,,7,1,0,0,0,0,1,1,0,0,,,,,,,,,,,,,,,,,,,,,,,,,,,,,,,,,,,,,,,,,,,,,
60101,RightHand,右手（钳）,Normal,3,1,2,,,,,,,,,,,,,,,7,1,0,0,0,0,1,1,0,0,,,,,,,,,,,,,,,,,,,,,,,,,,,,,,,,,,,,,,,,,,,,,
60102,WholeBody,全身,Normal,,,2,,,,,,,,,,,,,,,,,,,,,,,,,,,,,,,,,,,,,,,,,,,,,,,,,,,,,,,,,,,,,,,,,,,,,
60102,Shell,壳,Normal,6,1,1000,,,,,,,,,,,,,,,7,1,1,0,0,0,0,0,0,0,,6,1,1,0,0,0,0,0,0,0,,,,,,,,,,,,,,,,,,,,,,,,,,,,,,,,,,
60102,Body,躯干（本体/胴体）,Normal,6,1,2,,,,,,,,,,,,,,,,,,,,,,,,,,,,,,,,,,,,,,,,,,,,,,,,,,,,,,,,,,,,,,,,,,,,,
60102,LeftFoot,左脚（足先）,Normal,5,1,2,9,1,,,,,,,,,,,,,,,,,,,,,,,,,,,,,,,,,,,,,,,,,,,,,,,,,,,,,,,,,,,,,,,,,,,
60102,RightFoot,右脚（足先）,Normal,5,1,2,9,1,,,,,,,,,,,,,,,,,,,,,,,,,,,,,,,,,,,,,,,,,,,,,,,,,,,,,,,,,,,,,,,,,,,
60102,LeftHand,左手（钳）,Normal,6,1,1000,,,,,,,,,,,,,,,7,1,1,1,1,0,0,0,0,0,,6,1,1,1,1,0,0,0,0,0,,,,,,,,,,,,,,,,,,,,,,,,,,,,,,,,,,
60102,RightHand,右手（钳）,Normal,6,1,1000,,,,,,,,,,,,,,,7,1,1,1,1,0,0,0,0,0,,6,1,1,1,1,0,0,0,0,0,,,,,,,,,,,,,,,,,,,,,,,,,,,,,,,,,,
60109,WholeBody,全身,Normal,3,1,2,,,,,,,,,,,,,,,0,,0,0,0,0,0,0,0,0,,0,,0,0,0,0,0,0,0,0,,0,,0,0,0,0,0,0,0,0,,0,,0,0,0,0,0,0,0,0,,0,,0,0,0,0,0,0,0,,0
60109,Body,躯干（本体/胴体）,Normal,3,1,2,,,,,,,,,,,,,,,0,,0,0,0,0,0,0,0,0,,0,,0,0,0,0,0,0,0,0,,0,,0,0,0,0,0,0,0,0,,0,,0,0,0,0,0,0,0,0,,0,,0,0,0,0,0,0,0,,0
60110,WholeBody,全身,Normal,,,2,,,,,,,,,,,,,,,,,,,,,,,,,,,,,,,,,,,,,,,,,,,,,,,,,,,,,,,,,,,,,,,,,,,,,
60110,Head,头部,Normal,3,1,2,,,,,,,,,,,,,,,6,1,1,1,1,0,0,0,0,0,,,,,,,,,,,,,,,,,,,,,,,,,,,,,,,,,,,,,,,,,,,,,
60110,LeftLeg,左（前）腿,Normal,4,1,2,,,,,,,,,,,,,,,0,,,,,,,,,,,,,,,,,,,,,,,,,,,,,,,,,,,,,,,,,,,,,,,,,,,,,,
60110,RightLeg,右（前）腿,Normal,4,1,2,,,,,,,,,,,,,,,0,,,,,,,,,,,,,,,,,,,,,,,,,,,,,,,,,,,,,,,,,,,,,,,,,,,,,,
60110,Tail,尾巴,Normal,3,1,2,,,,,,,,,,,,,,,0,,,,,,,,,,,,,,,,,,,,,,,,,,,,,,,,,,,,,,,,,,,,,,,,,,,,,,
60110,Wings,翼部,Normal,3,1,2,,,,,,,,,,,,,,,0,,,,,,,,,,,,,,,,,,,,,,,,,,,,,,,,,,,,,,,,,,,,,,,,,,,,,,
60110,Body,躯干（本体/胴体）,Normal,3,1,2,,,,,,,,,,,,,,,5,2,1,1,1,0,0,0,0,0,,,,,,,,,,,,,,,,,,,,,,,,,,,,,,,,,,,,,,,,,,,,,
60111,WholeBody,全身,Normal,,,2,,,,,,,,,,,,,,,,,,,,,,,,,,,,,,,,,,,,,,,,,,,,,,,,,,,,,,,,,,,,,,,,,,,,,
60111,Head,头部,Normal,3,1,2,,,,,,,,,,,,,,,6,1,0,0,0,0,0,1,0,1,,,,,,,,,,,,,,,,,,,,,,,,,,,,,,,,,,,,,,,,,,,,,
60111,LeftLeg,左（前）腿,Normal,4,1,2,,,,,,,,,,,,,,,0,,,,,,,,,,,,,,,,,,,,,,,,,,,,,,,,,,,,,,,,,,,,,,,,,,,,,,
60111,RightLeg,右（前）腿,Normal,4,1,2,,,,,,,,,,,,,,,0,,,,,,,,,,,,,,,,,,,,,,,,,,,,,,,,,,,,,,,,,,,,,,,,,,,,,,
60111,Tail,尾巴,Normal,3,1,2,,,,,,,,,,,,,,,0,,,,,,,,,,,,,,,,,,,,,,,,,,,,,,,,,,,,,,,,,,,,,,,,,,,,,,
60111,Wings,翼部,Normal,3,1,2,,,,,,,,,,,,,,,0,,,,,,,,,,,,,,,,,,,,,,,,,,,,,,,,,,,,,,,,,,,,,,,,,,,,,,
60111,Body,躯干（本体/胴体）,Normal,3,1,2,,,,,,,,,,,,,,,5,2,0,0,0,1,0,1,0,1,,,,,,,,,,,,,,,,,,,,,,,,,,,,,,,,,,,,,,,,,,,,,
60120,WholeBody,全身,Normal,,,2,,,,,,,,,,,,,,,,,,,,,,,,,,,,,,,,,,,,,,,,,,,,,,,,,,,,,,,,,,,,,,,,,,,,,
60120,Body,躯干（本体/胴体）,Normal,3,1,2,,,,,,,,,,,,,,,8,1,1,1,1,0,0,0,0,,,,,,,,,,,,,,,,,,,,,,,,,,,,,,,,,,,,,,,,,,,,,,
60120,Head,头部,Normal,3,1,2,,,,,,,,,,,,,,,,,,,,,,,,,,,,,,,,,,,,,,,,,,,,,,,,,,,,,,,,,,,,,,,,,,,,,
60120,Neck,颈部（首）,Normal,3,1,2,,,,,,,,,,,,,,,,,,,,,,,,,,,,,,,,,,,,,,,,,,,,,,,,,,,,,,,,,,,,,,,,,,,,,
60120,Wings,翼部,Normal,3,1,2,,,,,,,,,,,,,,,,,,,,,,,,,,,,,,,,,,,,,,,,,,,,,,,,,,,,,,,,,,,,,,,,,,,,,
60120,LeftLeg,左（前）腿,Normal,2,1,2,4,1,,,,,,,,,,,,,,,,,,,,,,,,,,,,,,,,,,,,,,,,,,,,,,,,,,,,,,,,,,,,,,,,,,,
60120,RightLeg,右（前）腿,Normal,2,1,2,4,1,,,,,,,,,,,,,,,,,,,,,,,,,,,,,,,,,,,,,,,,,,,,,,,,,,,,,,,,,,,,,,,,,,,
60120,Tail,尾部（尻尾）,Normal,,1,2,,,,,,,,,,,,,,,8,1,1,1,1,0,0,0,0,0,,,,,,,,,,,,,,,,,,,,,,,,,,,,,,,,,,,,,,,,,,,,,
60121,WholeBody,全身,Normal,,,2,,,,,,,,,,,,,,,,,,,,,,,,,,,,,,,,,,,,,,,,,,,,,,,,,,,,,,,,,,,,,,,,,,,,,
60121,Body,躯干（本体/胴体）,Normal,4,1,2,,,,,,,,,,,,,,,8,1,1,1,1,0,0,0,0,,,,,,,,,,,,,,,,,,,,,,,,,,,,,,,,,,,,,,,,,,,,,,
60121,Head,头部,Normal,3,1,2,,,,,,,,,,,,,,,,,,,,,,,,,,,,,,,,,,,,,,,,,,,,,,,,,,,,,,,,,,,,,,,,,,,,,
60121,Neck,颈部（首）,Normal,4,1,2,,,,,,,,,,,,,,,,,,,,,,,,,,,,,,,,,,,,,,,,,,,,,,,,,,,,,,,,,,,,,,,,,,,,,
60121,Wings,翼部,Normal,4,1,2,,,,,,,,,,,,,,,,,,,,,,,,,,,,,,,,,,,,,,,,,,,,,,,,,,,,,,,,,,,,,,,,,,,,,
60121,LeftLeg,左（前）腿,Normal,3,1,2,6,1,,,,,,,,,,,,,,,,,,,,,,,,,,,,,,,,,,,,,,,,,,,,,,,,,,,,,,,,,,,,,,,,,,,
60121,RightLeg,右（前）腿,Normal,3,1,2,6,1,,,,,,,,,,,,,,,,,,,,,,,,,,,,,,,,,,,,,,,,,,,,,,,,,,,,,,,,,,,,,,,,,,,
60121,Tail,尾部（尻尾）,Normal,,1,2,,,,,,,,,,,,,,,8,1,1,1,1,0,0,0,0,0,,,,,,,,,,,,,,,,,,,,,,,,,,,,,,,,,,,,,,,,,,,,,
60122,WholeBody,全身,Normal,,,2,,,,,,,,,,,,,,,,,,,,,,,,,,,,,,,,,,,,,,,,,,,,,,,,,,,,,,,,,,,,,,,,,,,,,
60122,Body,躯干（本体/胴体）,Normal,5,1,2,,,,,,,,,,,,,,,8,1,1,1,1,0,0,0,0,,,,,,,,,,,,,,,,,,,,,,,,,,,,,,,,,,,,,,,,,,,,,,
60122,Head,头部,Normal,5,1,2,,,,,,,,,,,,,,,,,,,,,,,,,,,,,,,,,,,,,,,,,,,,,,,,,,,,,,,,,,,,,,,,,,,,,
60122,Neck,颈部（首）,Normal,5,1,2,,,,,,,,,,,,,,,,,,,,,,,,,,,,,,,,,,,,,,,,,,,,,,,,,,,,,,,,,,,,,,,,,,,,,
60122,Wings,翼部,Normal,5,1,2,,,,,,,,,,,,,,,,,,,,,,,,,,,,,,,,,,,,,,,,,,,,,,,,,,,,,,,,,,,,,,,,,,,,,
60122,LeftLeg,左（前）腿,Normal,3,1,2,6,1,,,,,,,,,,,,,,,,,,,,,,,,,,,,,,,,,,,,,,,,,,,,,,,,,,,,,,,,,,,,,,,,,,,
60122,RightLeg,右（前）腿,Normal,3,1,2,6,1,,,,,,,,,,,,,,,,,,,,,,,,,,,,,,,,,,,,,,,,,,,,,,,,,,,,,,,,,,,,,,,,,,,
60122,Tail,尾部（尻尾）,Normal,,1,2,,,,,,,,,,,,,,,8,1,1,1,1,0,0,0,0,0,,,,,,,,,,,,,,,,,,,,,,,,,,,,,,,,,,,,,,,,,,,,,
60123,WholeBody,全身,Normal,,,2,,,,,,,,,,,,,,,,,,,,,,,,,,,,,,,,,,,,,,,,,,,,,,,,,,,,,,,,,,,,,,,,,,,,,
60123,Body,躯干（本体/胴体）,Normal,3,1,2,,,,,,,,,,,,,,,8,1,1,1,1,0,0,0,0,,,,,,,,,,,,,,,,,,,,,,,,,,,,,,,,,,,,,,,,,,,,,,
60123,Head,头部,Normal,3,1,2,,,,,,,,,,,,,,,,,,,,,,,,,,,,,,,,,,,,,,,,,,,,,,,,,,,,,,,,,,,,,,,,,,,,,
60123,Neck,颈部（首）,Normal,3,1,2,,,,,,,,,,,,,,,,,,,,,,,,,,,,,,,,,,,,,,,,,,,,,,,,,,,,,,,,,,,,,,,,,,,,,
60123,Wings,翼部,Normal,3,1,2,,,,,,,,,,,,,,,,,,,,,,,,,,,,,,,,,,,,,,,,,,,,,,,,,,,,,,,,,,,,,,,,,,,,,
60123,LeftLeg,左（前）腿,Normal,2,1,2,4,1,,,,,,,,,,,,,,,,,,,,,,,,,,,,,,,,,,,,,,,,,,,,,,,,,,,,,,,,,,,,,,,,,,,
60123,RightLeg,右（前）腿,Normal,2,1,2,4,1,,,,,,,,,,,,,,,,,,,,,,,,,,,,,,,,,,,,,,,,,,,,,,,,,,,,,,,,,,,,,,,,,,,
60123,Tail,尾部（尻尾）,Normal,,1,2,,,,,,,,,,,,,,,8,1,1,1,1,0,0,0,0,0,,,,,,,,,,,,,,,,,,,,,,,,,,,,,,,,,,,,,,,,,,,,,
60127,WholeBody,全身,Normal,,,2,,,,,,,,,,,,,,,,,,,,,,,,,,,,,,,,,,,,,,,,,,,,,,,,,,,,,,,,,,,,,,,,,,,,,
60127,Body,躯干（本体/胴体）,Normal,6,1,2,,,,,,,,,,,,,,,8,1,1,1,1,0,0,0,0,,,,,,,,,,,,,,,,,,,,,,,,,,,,,,,,,,,,,,,,,,,,,,
60127,Head,头部,Normal,5,1,2,,,,,,,,,,,,,,,,,,,,,,,,,,,,,,,,,,,,,,,,,,,,,,,,,,,,,,,,,,,,,,,,,,,,,
60127,Neck,颈部（首）,Normal,6,1,2,,,,,,,,,,,,,,,,,,,,,,,,,,,,,,,,,,,,,,,,,,,,,,,,,,,,,,,,,,,,,,,,,,,,,
60127,Wings,翼部,Normal,6,1,2,,,,,,,,,,,,,,,,,,,,,,,,,,,,,,,,,,,,,,,,,,,,,,,,,,,,,,,,,,,,,,,,,,,,,
60127,LeftLeg,左（前）腿,Normal,5,1,2,6,1,,,,,,,,,,,,,,,,,,,,,,,,,,,,,,,,,,,,,,,,,,,,,,,,,,,,,,,,,,,,,,,,,,,
60127,RightLeg,右（前）腿,Normal,5,1,2,6,1,,,,,,,,,,,,,,,,,,,,,,,,,,,,,,,,,,,,,,,,,,,,,,,,,,,,,,,,,,,,,,,,,,,
60127,Tail,尾部（尻尾）,Normal,,1,2,,,,,,,,,,,,,,,8,1,1,1,1,0,0,0,0,0,,,,,,,,,,,,,,,,,,,,,,,,,,,,,,,,,,,,,,,,,,,,,
60130,WholeBody,全身,Normal,,1,2,,,,,,,,,,,,,,,0,,0,0,0,0,0,0,0,0,,0,,,,,0,0,0,0,0,,0,,0,0,0,0,0,0,0,0,,0,,0,0,0,0,0,0,0,0,,0,,0,0,0,0,0,0,0,,0
60130,Body,躯干（本体/胴体）,Normal,5,1,2,,,,,,,,,,,,,,,3,1,1,1,1,0,0,0,0,0,,4,1,1,1,1,0,0,0,0,0,,0,,0,0,0,0,0,0,0,0,,0,,0,0,0,0,0,0,0,0,,0,,0,0,0,0,0,0,0,,0
60130,Tail,尾巴,Normal,4,1,2,,,,,,,,,,,,,,,3,1,1,1,1,0,0,0,0,0,,4,1,0,1,0,0,0,0,0,0,,0,,0,0,0,0,0,0,0,0,,0,,0,0,0,0,0,0,0,0,,0,,0,0,0,0,0,0,0,,0
60130,Head,头部,Normal,4,1,2,,,,,,,,,,,,,,,4,1,1,1,1,0,0,0,0,0,,0,,0,0,0,0,0,0,0,0,,0,,0,0,0,0,0,0,0,0,,0,,0,0,0,0,0,0,0,0,,0,,0,0,0,0,0,0,0,,0
60130,Neck,颈部（首）,Normal,4,1,2,,,,,,,,,,,,,,,0,,0,0,0,0,0,0,0,0,,0,,0,0,0,0,0,0,0,0,,0,,0,0,0,0,0,0,0,0,,0,,0,0,0,0,0,0,0,0,,0,,0,0,0,0,0,0,0,,0
60130,LeftFoot,左脚,Normal,4,1,2,8,1,,,,,,,,,,,,,0,,0,0,0,0,0,0,0,0,,0,,0,0,0,0,0,0,0,0,,0,,0,0,0,0,0,0,0,0,,0,,0,0,0,0,0,0,0,0,,0,,0,0,0,0,0,0,0,,0
60130,LeftHand,左手,Normal,3,1,2,,,,,,,,,,,,,,,2,1,1,1,1,0,0,0,0,0,,4,1,1,1,1,0,0,0,0,0,,0,1,0,0,0,0,0,0,0,0,,0,1,0,0,0,0,0,0,0,0,,0,1,0,0,0,0,0,0,0,,0
60130,RightFoot,右脚,Normal,4,1,2,8,1,,,,,,,,,,,,,0,,0,0,0,0,0,0,0,0,,0,,0,0,0,0,0,0,0,0,,0,,0,0,0,0,0,0,0,0,,0,,0,0,0,0,0,0,0,0,,0,,0,0,0,0,0,0,0,,0
60130,RightHand,右手,Normal,3,1,2,,,,,,,,,,,,,,,2,1,1,1,1,0,0,0,0,0,,4,1,1,1,1,0,0,0,0,0,,0,,0,0,0,0,0,0,0,0,,0,,0,0,0,0,0,0,0,0,,0,,0,0,0,0,0,0,0,,0
60131,WholeBody,全身,Normal,,1,2,,,,,,,,,,,,,,,0,,0,0,0,0,0,0,0,0,,0,,,,,0,0,0,0,0,,0,,0,0,0,0,0,0,0,0,,0,,0,0,0,0,0,0,0,0,,0,,0,0,0,0,0,0,0,,0
60131,Body,躯干（本体/胴体）,Normal,6,1,2,,,,,,,,,,,,,,,4,1,1,1,1,0,0,0,0,0,,5,1,1,1,1,0,0,0,0,0,,0,,0,0,0,0,0,0,0,0,,0,,0,0,0,0,0,0,0,0,,0,,0,0,0,0,0,0,0,,0
60131,Tail,尾巴,Normal,5,1,2,,,,,,,,,,,,,,,4,1,1,1,1,0,0,0,0,0,,5,1,0,1,0,0,0,0,0,0,,0,,0,0,0,0,0,0,0,0,,0,,0,0,0,0,0,0,0,0,,0,,0,0,0,0,0,0,0,,0
60131,Head,头部,Normal,5,1,2,,,,,,,,,,,,,,,5,1,1,1,1,0,0,0,0,0,,0,,0,0,0,0,0,0,0,0,,0,,0,0,0,0,0,0,0,0,,0,,0,0,0,0,0,0,0,0,,0,,0,0,0,0,0,0,0,,0
60131,Neck,颈部（首）,Normal,5,1,2,,,,,,,,,,,,,,,0,,0,0,0,0,0,0,0,0,,0,,0,0,0,0,0,0,0,0,,0,,0,0,0,0,0,0,0,0,,0,,0,0,0,0,0,0,0,0,,0,,0,0,0,0,0,0,0,,0
60131,LeftFoot,左脚,Normal,5,1,2,10,1,,,,,,,,,,,,,0,,0,0,0,0,0,0,0,0,,0,,0,0,0,0,0,0,0,0,,0,,0,0,0,0,0,0,0,0,,0,,0,0,0,0,0,0,0,0,,0,,0,0,0,0,0,0,0,,0
60131,LeftHand,左手,Normal,4,1,2,,,,,,,,,,,,,,,3,1,1,1,1,0,0,0,0,0,,5,1,1,1,1,0,0,0,0,0,,0,1,0,0,0,0,0,0,0,0,,0,1,0,0,0,0,0,0,0,0,,0,1,0,0,0,0,0,0,0,,0
60131,RightFoot,右脚,Normal,5,1,2,10,1,,,,,,,,,,,,,0,,0,0,0,0,0,0,0,0,,0,,0,0,0,0,0,0,0,0,,0,,0,0,0,0,0,0,0,0,,0,,0,0,0,0,0,0,0,0,,0,,0,0,0,0,0,0,0,,0
60131,RightHand,右手,Normal,4,1,2,,,,,,,,,,,,,,,3,1,1,1,1,0,0,0,0,0,,5,1,1,1,1,0,0,0,0,0,,0,,0,0,0,0,0,0,0,0,,0,,0,0,0,0,0,0,0,0,,0,,0,0,0,0,0,0,0,,0
60133,WholeBody,全身,Normal,,1,2,,,,,,,,,,,,,,,0,,0,0,0,0,0,0,0,0,,0,,,,,0,0,0,0,0,,0,,0,0,0,0,0,0,0,0,,0,,0,0,0,0,0,0,0,0,,0,,0,0,0,0,0,0,0,,0
60133,Body,躯干（本体/胴体）,Normal,5,1,2,,,,,,,,,,,,,,,3,1,1,1,1,0,0,0,0,0,,4,1,1,1,1,0,0,0,0,0,,0,,0,0,0,0,0,0,0,0,,0,,0,0,0,0,0,0,0,0,,0,,0,0,0,0,0,0,0,,0
60133,Tail,尾巴,Normal,4,1,2,,,,,,,,,,,,,,,3,1,1,1,1,0,0,0,0,0,,4,1,0,1,0,0,0,0,0,0,,0,,0,0,0,0,0,0,0,0,,0,,0,0,0,0,0,0,0,0,,0,,0,0,0,0,0,0,0,,0
60133,Head,头部,Normal,4,1,2,,,,,,,,,,,,,,,4,1,1,1,1,0,0,0,0,0,,0,,0,0,0,0,0,0,0,0,,0,,0,0,0,0,0,0,0,0,,0,,0,0,0,0,0,0,0,0,,0,,0,0,0,0,0,0,0,,0
60133,Neck,颈部（首）,Normal,4,1,2,,,,,,,,,,,,,,,0,,0,0,0,0,0,0,0,0,,0,,0,0,0,0,0,0,0,0,,0,,0,0,0,0,0,0,0,0,,0,,0,0,0,0,0,0,0,0,,0,,0,0,0,0,0,0,0,,0
60133,LeftFoot,左脚,Normal,4,1,2,8,1,,,,,,,,,,,,,0,,0,0,0,0,0,0,0,0,,0,,0,0,0,0,0,0,0,0,,0,,0,0,0,0,0,0,0,0,,0,,0,0,0,0,0,0,0,0,,0,,0,0,0,0,0,0,0,,0
60133,LeftHand,左手,Normal,3,1,2,,,,,,,,,,,,,,,2,1,1,1,1,0,0,0,0,0,,4,1,1,1,1,0,0,0,0,0,,0,1,0,0,0,0,0,0,0,0,,0,1,0,0,0,0,0,0,0,0,,0,1,0,0,0,0,0,0,0,,0
60133,RightFoot,右脚,Normal,4,1,2,8,1,,,,,,,,,,,,,0,,0,0,0,0,0,0,0,0,,0,,0,0,0,0,0,0,0,0,,0,,0,0,0,0,0,0,0,0,,0,,0,0,0,0,0,0,0,0,,0,,0,0,0,0,0,0,0,,0
60133,RightHand,右手,Normal,3,1,2,,,,,,,,,,,,,,,2,1,1,1,1,0,0,0,0,0,,4,1,1,1,1,0,0,0,0,0,,0,,0,0,0,0,0,0,0,0,,0,,0,0,0,0,0,0,0,0,,0,,0,0,0,0,0,0,0,,0
60134,WholeBody,全身,Normal,,1,2,,,,,,,,,,,,,,,0,,0,0,0,0,0,0,0,0,,0,,,,,0,0,0,0,0,,0,,0,0,0,0,0,0,0,0,,0,,0,0,0,0,0,0,0,0,,0,,0,0,0,0,0,0,0,,0
60134,Body,躯干（本体/胴体）,Normal,6,1,2,,,,,,,,,,,,,,,6,1,1,1,1,0,0,0,0,0,,0,,0,0,0,0,0,0,0,0,,0,,0,0,0,0,0,0,0,0,,0,,0,0,0,0,0,0,0,0,,0,,0,0,0,0,0,0,0,,0
60134,Tail,尾巴,Normal,5,1,2,,,,,,,,,,,,,,,5,1,1,1,1,0,0,0,0,0,,7,1,0,1,0,0,0,0,0,0,,0,,0,0,0,0,0,0,0,0,,0,,0,0,0,0,0,0,0,0,,0,,0,0,0,0,0,0,0,,0
60134,Head,头部,Normal,7,1,2,,,,,,,,,,,,,,,7,1,1,1,1,0,0,0,0,0,,0,,0,0,0,0,0,0,0,0,,0,,0,0,0,0,0,0,0,0,,0,,0,0,0,0,0,0,0,0,,0,,0,0,0,0,0,0,0,,0
60134,Neck,颈部（首）,Normal,5,1,2,,,,,,,,,,,,,,,0,,0,0,0,0,0,0,0,0,,0,,0,0,0,0,0,0,0,0,,0,,0,0,0,0,0,0,0,0,,0,,0,0,0,0,0,0,0,0,,0,,0,0,0,0,0,0,0,,0
60134,LeftFoot,左脚,Normal,5,1,2,10,1,,,,,,,,,,,,,0,,0,0,0,0,0,0,0,0,,0,,0,0,0,0,0,0,0,0,,0,,0,0,0,0,0,0,0,0,,0,,0,0,0,0,0,0,0,0,,0,,0,0,0,0,0,0,0,,0
60134,LeftHand,左手,Normal,4,1,2,,,,,,,,,,,,,,,5,1,1,1,1,0,0,0,0,0,,0,,0,0,0,0,0,0,0,0,,0,,0,0,0,0,0,0,0,0,,0,,0,0,0,0,0,0,0,0,,0,,0,0,0,0,0,0,0,,0
60134,RightFoot,右脚,Normal,5,1,2,10,1,,,,,,,,,,,,,0,,0,0,0,0,0,0,0,0,,0,,0,0,0,0,0,0,0,0,,0,,0,0,0,0,0,0,0,0,,0,,0,0,0,0,0,0,0,0,,0,,0,0,0,0,0,0,0,,0
60134,RightHand,右手,Normal,4,1,2,,,,,,,,,,,,,,,5,1,1,1,1,0,0,0,0,0,,0,,0,0,0,0,0,0,0,0,,0,,0,0,0,0,0,0,0,0,,0,,0,0,0,0,0,0,0,0,,0,,0,0,0,0,0,0,0,,0
60140,WholeBody,全身,Normal,,,2,,,,,,,,,,,,,,,,,,,,,,,,,,,,,,,,,,,,,,,,,,,,,,,,,,,,,,,,,,,,,,,,,,,,,
60140,Body,躯干（本体/胴体）,Normal,4,1,2,,,,,,,,,,,,,,,,,,,,,,,,,,,,,,,,,,,,,,,,,,,,,,,,,,,,,,,,,,,,,,,,,,,,,
60140,Back,背部,Normal,4,1,2,,,,,,,,,,,,,,,5,1,1,1,1,0,0,0,0,0,,,,,,,,,,,,,,,,,,,,,,,,,,,,,,,,,,,,,,,,,,,,,
60140,Head,头部,Normal,4,1,2,,,,,,,,,,,,,,,8,1,1,1,1,0,0,0,0,0,,,,,,,,,,,,,,,,,,,,,,,,,,,,,,,,,,,,,,,,,,,,,
60140,Neck,颈部（首）,Normal,4,1,2,,,,,,,,,,,,,,,,,,,,,,,,,,,,,,,,,,,,,,,,,,,,,,,,,,,,,,,,,,,,,,,,,,,,,
60140,Tail,尾部（尻尾）,Normal,3,1,2,,,,,,,,,,,,,,,,,,,,,,,,,,,,,,,,,,,,,,,,,,,,,,,,,,,,,,,,,,,,,,,,,,,,,
60140,Wings,翼部,Normal,4,1,2,,,,,,,,,,,,,,,,,,,,,,,,,,,,,,,,,,,,,,,,,,,,,,,,,,,,,,,,,,,,,,,,,,,,,
60140,LeftLeg,左（前）腿,Normal,3,1,2,6,1,,,,,,,,,,,,,,,,,,,,,,,,,,,,,,,,,,,,,,,,,,,,,,,,,,,,,,,,,,,,,,,,,,,
60140,RightLeg,右（前）腿,Normal,3,1,2,6,1,,,,,,,,,,,,,,,,,,,,,,,,,,,,,,,,,,,,,,,,,,,,,,,,,,,,,,,,,,,,,,,,,,,
60141,WholeBody,全身,Normal,,,2,,,,,,,,,,,,,,,,,,,,,,,,,,,,,,,,,,,,,,,,,,,,,,,,,,,,,,,,,,,,,,,,,,,,,
60141,Body,躯干（本体/胴体）,Normal,4,1,2,,,,,,,,,,,,,,,,,,,,,,,,,,,,,,,,,,,,,,,,,,,,,,,,,,,,,,,,,,,,,,,,,,,,,
60141,Back,背部,Normal,4,1,2,,,,,,,,,,,,,,,5,1,1,1,1,0,0,0,0,0,,,,,,,,,,,,,,,,,,,,,,,,,,,,,,,,,,,,,,,,,,,,,
60141,Head,头部,Normal,4,1,2,,,,,,,,,,,,,,,8,1,1,1,1,0,0,0,0,0,,,,,,,,,,,,,,,,,,,,,,,,,,,,,,,,,,,,,,,,,,,,,
60141,Neck,颈部（首）,Normal,4,1,2,,,,,,,,,,,,,,,,,,,,,,,,,,,,,,,,,,,,,,,,,,,,,,,,,,,,,,,,,,,,,,,,,,,,,
60141,Tail,尾部（尻尾）,Normal,4,1,2,,,,,,,,,,,,,,,,,,,,,,,,,,,,,,,,,,,,,,,,,,,,,,,,,,,,,,,,,,,,,,,,,,,,,
60141,Wings,翼部,Normal,4,1,2,,,,,,,,,,,,,,,,,,,,,,,,,,,,,,,,,,,,,,,,,,,,,,,,,,,,,,,,,,,,,,,,,,,,,
60141,LeftLeg,左（前）腿,Normal,4,1,2,8,1,,,,,,,,,,,,,,,,,,,,,,,,,,,,,,,,,,,,,,,,,,,,,,,,,,,,,,,,,,,,,,,,,,,
60141,RightLeg,右（前）腿,Normal,4,1,2,8,1,,,,,,,,,,,,,,,,,,,,,,,,,,,,,,,,,,,,,,,,,,,,,,,,,,,,,,,,,,,,,,,,,,,
60142,WholeBody,全身,Normal,,,2,,,,,,,,,,,,,,,,,,,,,,,,,,,,,,,,,,,,,,,,,,,,,,,,,,,,,,,,,,,,,,,,,,,,,
60142,Body,躯干（本体/胴体）,Normal,4,1,2,,,,,,,,,,,,,,,,,,,,,,,,,,,,,,,,,,,,,,,,,,,,,,,,,,,,,,,,,,,,,,,,,,,,,
60142,Back,背部,Normal,4,1,2,,,,,,,,,,,,,,,5,1,1,1,1,0,0,0,0,0,,,,,,,,,,,,,,,,,,,,,,,,,,,,,,,,,,,,,,,,,,,,,
60142,Head,头部,Normal,4,1,2,,,,,,,,,,,,,,,8,1,1,1,1,0,0,0,0,0,,,,,,,,,,,,,,,,,,,,,,,,,,,,,,,,,,,,,,,,,,,,,
60142,Neck,颈部（首）,Normal,4,1,2,,,,,,,,,,,,,,,,,,,,,,,,,,,,,,,,,,,,,,,,,,,,,,,,,,,,,,,,,,,,,,,,,,,,,
60142,Tail,尾部（尻尾）,Normal,3,1,2,,,,,,,,,,,,,,,,,,,,,,,,,,,,,,,,,,,,,,,,,,,,,,,,,,,,,,,,,,,,,,,,,,,,,
60142,Wings,翼部,Normal,4,1,2,,,,,,,,,,,,,,,,,,,,,,,,,,,,,,,,,,,,,,,,,,,,,,,,,,,,,,,,,,,,,,,,,,,,,
60142,LeftLeg,左（前）腿,Normal,3,1,2,6,1,,,,,,,,,,,,,,,,,,,,,,,,,,,,,,,,,,,,,,,,,,,,,,,,,,,,,,,,,,,,,,,,,,,
60142,RightLeg,右（前）腿,Normal,3,1,2,6,1,,,,,,,,,,,,,,,,,,,,,,,,,,,,,,,,,,,,,,,,,,,,,,,,,,,,,,,,,,,,,,,,,,,
60143,WholeBody,全身,Normal,,,2,,,,,,,,,,,,,,,,,,,,,,,,,,,,,,,,,,,,,,,,,,,,,,,,,,,,,,,,,,,,,,,,,,,,,
60143,Body,躯干（本体/胴体）,Normal,4,1,2,,,,,,,,,,,,,,,,,,,,,,,,,,,,,,,,,,,,,,,,,,,,,,,,,,,,,,,,,,,,,,,,,,,,,
60143,Back,背部,Normal,4,1,2,,,,,,,,,,,,,,,5,1,1,1,1,0,0,0,0,0,,,,,,,,,,,,,,,,,,,,,,,,,,,,,,,,,,,,,,,,,,,,,
60143,Head,头部,Normal,4,1,2,,,,,,,,,,,,,,,8,1,1,1,1,0,0,0,0,0,,,,,,,,,,,,,,,,,,,,,,,,,,,,,,,,,,,,,,,,,,,,,
60143,Neck,颈部（首）,Normal,4,1,2,,,,,,,,,,,,,,,,,,,,,,,,,,,,,,,,,,,,,,,,,,,,,,,,,,,,,,,,,,,,,,,,,,,,,
60143,Tail,尾部（尻尾）,Normal,4,1,2,,,,,,,,,,,,,,,,,,,,,,,,,,,,,,,,,,,,,,,,,,,,,,,,,,,,,,,,,,,,,,,,,,,,,
60143,Wings,翼部,Normal,4,1,2,,,,,,,,,,,,,,,,,,,,,,,,,,,,,,,,,,,,,,,,,,,,,,,,,,,,,,,,,,,,,,,,,,,,,
60143,LeftLeg,左（前）腿,Normal,4,1,2,8,1,,,,,,,,,,,,,,,,,,,,,,,,,,,,,,,,,,,,,,,,,,,,,,,,,,,,,,,,,,,,,,,,,,,
60143,RightLeg,右（前）腿,Normal,4,1,2,8,1,,,,,,,,,,,,,,,,,,,,,,,,,,,,,,,,,,,,,,,,,,,,,,,,,,,,,,,,,,,,,,,,,,,
60150,WholeBody,全身,Normal,,,2,,,,,,,,,,,,,,,,,,,,,,,,,,,,,,,,,,,,,,,,,,,,,,,,,,,,,,,,,,,,,,,,,,,,,
60150,Shell,壳,Normal,,,2,,,,,,,,,,,,,,,,0,0,0,0,0,0,0,0,0,,,,,,,,,,,,,,,,,,,,,,,,,,,,,,,,,,,,,,,,,,,,,
60150,Shell1,壳,Normal,4,1,2,,,,,,,,,,,,,,,7,1,1,1,0,0,0,0,0,0,,,,,,,,,,,,,,,,,,,,,,,,,,,,,,,,,,,,,,,,,,,,,
60150,Shell2,壳,Normal,4,1,2,,,,,,,,,,,,,,,7,1,1,1,0,0,0,0,0,0,,,,,,,,,,,,,,,,,,,,,,,,,,,,,,,,,,,,,,,,,,,,,
60150,Shell3,壳,Normal,4,1,2,,,,,,,,,,,,,,,7,1,1,1,0,0,0,0,0,0,,,,,,,,,,,,,,,,,,,,,,,,,,,,,,,,,,,,,,,,,,,,,
60150,Body,躯干（本体/胴体）,Normal,4,1,2,,,,,,,,,,,,,,,,,,,,,,,,,,,,,,,,,,,,,,,,,,,,,,,,,,,,,,,,,,,,,,,,,,,,,
60150,LeftFoot,左脚（足先）,Normal,4,1,2,8,1,,,,,,,,,,,,,,,,,,,,,,,,,,,,,,,,,,,,,,,,,,,,,,,,,,,,,,,,,,,,,,,,,,,
60150,RightFoot,右脚（足先）,Normal,4,1,2,8,1,,,,,,,,,,,,,,,,,,,,,,,,,,,,,,,,,,,,,,,,,,,,,,,,,,,,,,,,,,,,,,,,,,,
60150,LeftHand,左手（钳）,Normal,4,1,2,,,,,,,,,,,,,,,7,1,1,1,1,0,0,0,0,0,,,,,,,,,,,,,,,,,,,,,,,,,,,,,,,,,,,,,,,,,,,,,
60150,RightHand,右手（钳）,Normal,4,1,2,,,,,,,,,,,,,,,7,1,1,1,1,0,0,0,0,0,,,,,,,,,,,,,,,,,,,,,,,,,,,,,,,,,,,,,,,,,,,,,
60150,LeftArm,左腕,Normal,3,1,2,,,,,,,,,,,,,,,,,,,,,,,,,,,,,,,,,,,,,,,,,,,,,,,,,,,,,,,,,,,,,,,,,,,,,
60150,RightArm,右腕,Normal,3,1,2,,,,,,,,,,,,,,,,,,,,,,,,,,,,,,,,,,,,,,,,,,,,,,,,,,,,,,,,,,,,,,,,,,,,,
60150,Head,头部,Normal,3,1,2,,,,,,,,,,,,,,,,,,,,,,,,,,,,,,,,,,,,,,,,,,,,,,,,,,,,,,,,,,,,,,,,,,,,,
60151,WholeBody,全身,Normal,,,2,,,,,,,,,,,,,,,,,,,,,,,,,,,,,,,,,,,,,,,,,,,,,,,,,,,,,,,,,,,,,,,,,,,,,
60151,Shell,壳,Normal,,,2,,,,,,,,,,,,,,,,0,0,0,0,0,0,0,0,0,,,,,,,,,,,,,,,,,,,,,,,,,,,,,,,,,,,,,,,,,,,,,
60151,Shell1,壳,Normal,4,1,2,,,,,,,,,,,,,,,7,1,1,1,0,0,0,0,0,0,,,,,,,,,,,,,,,,,,,,,,,,,,,,,,,,,,,,,,,,,,,,,
60151,Shell2,壳,Normal,4,1,2,,,,,,,,,,,,,,,7,1,1,1,0,0,0,0,0,0,,,,,,,,,,,,,,,,,,,,,,,,,,,,,,,,,,,,,,,,,,,,,
60151,Shell3,壳,Normal,4,1,2,,,,,,,,,,,,,,,7,1,1,1,0,0,0,0,0,0,,,,,,,,,,,,,,,,,,,,,,,,,,,,,,,,,,,,,,,,,,,,,
60151,Body,躯干（本体/胴体）,Normal,4,1,2,,,,,,,,,,,,,,,,,,,,,,,,,,,,,,,,,,,,,,,,,,,,,,,,,,,,,,,,,,,,,,,,,,,,,
60151,LeftFoot,左脚（足先）,Normal,4,1,2,8,1,,,,,,,,,,,,,,,,,,,,,,,,,,,,,,,,,,,,,,,,,,,,,,,,,,,,,,,,,,,,,,,,,,,
60151,RightFoot,右脚（足先）,Normal,4,1,2,8,1,,,,,,,,,,,,,,,,,,,,,,,,,,,,,,,,,,,,,,,,,,,,,,,,,,,,,,,,,,,,,,,,,,,
60151,LeftHand,左手（钳）,Normal,4,1,2,,,,,,,,,,,,,,,10,1,1,1,1,0,0,0,0,0,,,,,,,,,,,,,,,,,,,,,,,,,,,,,,,,,,,,,,,,,,,,,
60151,RightHand,右手（钳）,Normal,4,1,2,,,,,,,,,,,,,,,8,1,1,1,1,0,0,0,0,0,,,,,,,,,,,,,,,,,,,,,,,,,,,,,,,,,,,,,,,,,,,,,
60151,LeftArm,左腕,Normal,4,1,2,,,,,,,,,,,,,,,,,,,,,,,,,,,,,,,,,,,,,,,,,,,,,,,,,,,,,,,,,,,,,,,,,,,,,
60151,RightArm,右腕,Normal,4,1,2,,,,,,,,,,,,,,,,,,,,,,,,,,,,,,,,,,,,,,,,,,,,,,,,,,,,,,,,,,,,,,,,,,,,,
60151,Head,头部,Normal,4,1,2,,,,,,,,,,,,,,,,,,,,,,,,,,,,,,,,,,,,,,,,,,,,,,,,,,,,,,,,,,,,,,,,,,,,,
60152,WholeBody,全身,Normal,,,2,,,,,,,,,,,,,,,,,,,,,,,,,,,,,,,,,,,,,,,,,,,,,,,,,,,,,,,,,,,,,,,,,,,,,
60152,Shell,壳,Normal,,,2,,,,,,,,,,,,,,,,0,0,0,0,0,0,0,0,0,,,,,,,,,,,,,,,,,,,,,,,,,,,,,,,,,,,,,,,,,,,,,
60152,Shell1,壳,Normal,6,1,2,,,,,,,,,,,,,,,10,1,1,1,0,0,0,0,0,0,,,,,,,,,,,,,,,,,,,,,,,,,,,,,,,,,,,,,,,,,,,,,
60152,Shell2,壳,Normal,6,1,2,,,,,,,,,,,,,,,10,1,1,1,0,0,0,0,0,0,,,,,,,,,,,,,,,,,,,,,,,,,,,,,,,,,,,,,,,,,,,,,
60152,Shell3,壳,Normal,6,1,2,,,,,,,,,,,,,,,10,1,1,1,0,0,0,0,0,0,,,,,,,,,,,,,,,,,,,,,,,,,,,,,,,,,,,,,,,,,,,,,
60152,Body,躯干（本体/胴体）,Normal,6,1,2,,,,,,,,,,,,,,,,,,,,,,,,,,,,,,,,,,,,,,,,,,,,,,,,,,,,,,,,,,,,,,,,,,,,,
60152,LeftFoot,左脚（足先）,Normal,4,1,2,8,1,,,,,,,,,,,,,,,,,,,,,,,,,,,,,,,,,,,,,,,,,,,,,,,,,,,,,,,,,,,,,,,,,,,
60152,RightFoot,右脚（足先）,Normal,4,1,2,8,1,,,,,,,,,,,,,,,,,,,,,,,,,,,,,,,,,,,,,,,,,,,,,,,,,,,,,,,,,,,,,,,,,,,
60152,LeftHand,左手（钳）,Normal,5,1,2,,,,,,,,,,,,,,,10,1,1,1,1,0,0,0,0,0,,,,,,,,,,,,,,,,,,,,,,,,,,,,,,,,,,,,,,,,,,,,,
60152,RightHand,右手（钳）,Normal,5,1,2,,,,,,,,,,,,,,,10,1,1,1,1,0,0,0,0,0,,,,,,,,,,,,,,,,,,,,,,,,,,,,,,,,,,,,,,,,,,,,,
60152,LeftArm,左腕,Normal,5,1,2,,,,,,,,,,,,,,,,,,,,,,,,,,,,,,,,,,,,,,,,,,,,,,,,,,,,,,,,,,,,,,,,,,,,,
60152,RightArm,右腕,Normal,5,1,2,,,,,,,,,,,,,,,,,,,,,,,,,,,,,,,,,,,,,,,,,,,,,,,,,,,,,,,,,,,,,,,,,,,,,
60152,Head,头部,Normal,5,1,2,,,,,,,,,,,,,,,,,,,,,,,,,,,,,,,,,,,,,,,,,,,,,,,,,,,,,,,,,,,,,,,,,,,,,
60153,WholeBody,全身,Normal,,,2,,,,,,,,,,,,,,,,,,,,,,,,,,,,,,,,,,,,,,,,,,,,,,,,,,,,,,,,,,,,,,,,,,,,,
60153,Shell,壳,Normal,,,2,,,,,,,,,,,,,,,,0,0,0,0,0,0,0,0,0,,,,,,,,,,,,,,,,,,,,,,,,,,,,,,,,,,,,,,,,,,,,,
60153,Shell1,壳,Normal,4,1,2,,,,,,,,,,,,,,,7,1,1,1,0,0,0,0,0,0,,,,,,,,,,,,,,,,,,,,,,,,,,,,,,,,,,,,,,,,,,,,,
60153,Shell2,壳,Normal,4,1,2,,,,,,,,,,,,,,,7,1,1,1,0,0,0,0,0,0,,,,,,,,,,,,,,,,,,,,,,,,,,,,,,,,,,,,,,,,,,,,,
60153,Shell3,壳,Normal,4,1,2,,,,,,,,,,,,,,,7,1,1,1,0,0,0,0,0,0,,,,,,,,,,,,,,,,,,,,,,,,,,,,,,,,,,,,,,,,,,,,,
60153,Body,躯干（本体/胴体）,Normal,4,1,2,,,,,,,,,,,,,,,,,,,,,,,,,,,,,,,,,,,,,,,,,,,,,,,,,,,,,,,,,,,,,,,,,,,,,
60153,LeftFoot,左脚（足先）,Normal,4,1,2,8,1,,,,,,,,,,,,,,,,,,,,,,,,,,,,,,,,,,,,,,,,,,,,,,,,,,,,,,,,,,,,,,,,,,,
60153,RightFoot,右脚（足先）,Normal,4,1,2,8,1,,,,,,,,,,,,,,,,,,,,,,,,,,,,,,,,,,,,,,,,,,,,,,,,,,,,,,,,,,,,,,,,,,,
60153,LeftHand,左手（钳）,Normal,4,1,2,,,,,,,,,,,,,,,7,1,0,0,0,0,0,1,0,0,,,,,,,,,,,,,,,,,,,,,,,,,,,,,,,,,,,,,,,,,,,,,
60153,RightHand,右手（钳）,Normal,4,1,2,,,,,,,,,,,,,,,7,1,0,0,0,0,0,1,0,0,,,,,,,,,,,,,,,,,,,,,,,,,,,,,,,,,,,,,,,,,,,,,
60153,LeftArm,左腕,Normal,3,1,2,,,,,,,,,,,,,,,,,,,,,,,,,,,,,,,,,,,,,,,,,,,,,,,,,,,,,,,,,,,,,,,,,,,,,
60153,RightArm,右腕,Normal,3,1,2,,,,,,,,,,,,,,,,,,,,,,,,,,,,,,,,,,,,,,,,,,,,,,,,,,,,,,,,,,,,,,,,,,,,,
60153,Head,头部,Normal,3,1,2,,,,,,,,,,,,,,,,,,,,,,,,,,,,,,,,,,,,,,,,,,,,,,,,,,,,,,,,,,,,,,,,,,,,,
60154,WholeBody,全身,Normal,,,2,,,,,,,,,,,,,,,,,,,,,,,,,,,,,,,,,,,,,,,,,,,,,,,,,,,,,,,,,,,,,,,,,,,,,
60154,Shell,壳,Normal,,,2,,,,,,,,,,,,,,,,0,0,0,0,0,0,0,0,0,,,,,,,,,,,,,,,,,,,,,,,,,,,,,,,,,,,,,,,,,,,,,
60154,Shell1,壳,Normal,8.3,1,2,,,,,,,,,,,,,,,14,1,1,1,0,0,0,0,0,0,,,,,,,,,,,,,,,,,,,,,,,,,,,,,,,,,,,,,,,,,,,,,
60154,Shell2,壳,Normal,8.3,1,2,,,,,,,,,,,,,,,14,1,1,1,0,0,0,0,0,0,,,,,,,,,,,,,,,,,,,,,,,,,,,,,,,,,,,,,,,,,,,,,
60154,Shell3,壳,Normal,8.3,1,2,,,,,,,,,,,,,,,14,1,1,1,0,0,0,0,0,0,,,,,,,,,,,,,,,,,,,,,,,,,,,,,,,,,,,,,,,,,,,,,
60154,Body,躯干（本体/胴体）,Normal,7.2,1,2,,,,,,,,,,,,,,,,,,,,,,,,,,,,,,,,,,,,,,,,,,,,,,,,,,,,,,,,,,,,,,,,,,,,,
60154,LeftFoot,左脚（足先）,Normal,7.2,1,2,10,1,,,,,,,,,,,,,,,,,,,,,,,,,,,,,,,,,,,,,,,,,,,,,,,,,,,,,,,,,,,,,,,,,,,
60154,RightFoot,右脚（足先）,Normal,7.2,1,2,10,1,,,,,,,,,,,,,,,,,,,,,,,,,,,,,,,,,,,,,,,,,,,,,,,,,,,,,,,,,,,,,,,,,,,
60154,LeftHand,左手（钳）,Normal,7.2,1,2,,,,,,,,,,,,,,,10.5,1,1,1,1,0,0,0,0,0,,,,,,,,,,,,,,,,,,,,,,,,,,,,,,,,,,,,,,,,,,,,,
60154,RightHand,右手（钳）,Normal,7.2,1,2,,,,,,,,,,,,,,,8.5,1,1,1,1,0,0,0,0,0,,,,,,,,,,,,,,,,,,,,,,,,,,,,,,,,,,,,,,,,,,,,,
60154,LeftArm,左腕,Normal,7.2,1,2,,,,,,,,,,,,,,,,,,,,,,,,,,,,,,,,,,,,,,,,,,,,,,,,,,,,,,,,,,,,,,,,,,,,,
60154,RightArm,右腕,Normal,7.2,1,2,,,,,,,,,,,,,,,,,,,,,,,,,,,,,,,,,,,,,,,,,,,,,,,,,,,,,,,,,,,,,,,,,,,,,
60154,Head,头部,Normal,7.2,1,2,,,,,,,,,,,,,,,,,,,,,,,,,,,,,,,,,,,,,,,,,,,,,,,,,,,,,,,,,,,,,,,,,,,,,
60160,WholeBody,全身,Normal,,,2,,,,,,,,,,,,,,,,,,,,,,,,,,,,,,,,,,,,,,,,,,,,,,,,,,,,,,,,,,,,,,,,,,,,,
60160,Head,头部,Normal,6,1,2,,,,,,,,,,,,,,,0,0,0,0,0,0,0,0,0,0,,,,,,,,,,,,,,,,,,,,,,,,,,,,,,,,,,,,,,,,,,,,,
60160,LeftLeg,左（前）腿,Normal,6,1,2,,,,,,,,,,,,,,,0,,,,,,,,,,,,,,,,,,,,,,,,,,,,,,,,,,,,,,,,,,,,,,,,,,,,,,
60160,RightLeg,右（前）腿,Normal,6,1,2,,,,,,,,,,,,,,,0,,,,,,,,,,,,,,,,,,,,,,,,,,,,,,,,,,,,,,,,,,,,,,,,,,,,,,
60160,Tail,尾巴,Normal,6,1,2,,,,,,,,,,,,,,,0,,,,,,,,,,,,,,,,,,,,,,,,,,,,,,,,,,,,,,,,,,,,,,,,,,,,,,
60160,Wings,翼部,Normal,6,1,2,,,,,,,,,,,,,,,0,,,,,,,,,,,,,,,,,,,,,,,,,,,,,,,,,,,,,,,,,,,,,,,,,,,,,,
60160,Body,躯干（本体/胴体）,Normal,6,1,2,,,,,,,,,,,,,,,0,0,0,0,0,0,0,0,0,0,,,,,,,,,,,,,,,,,,,,,,,,,,,,,,,,,,,,,,,,,,,,,
60170,WholeBody,全身,Normal,,,2,,,,,,,,,,,,,,,,,,,,,,,,,,,,,,,,,,,,,,,,,,,,,,,,,,,,,,,,,,,,,,,,,,,,,
60170,Head,头部,Normal,3,1,2,,,,,,,,,,,,,,,6,1,1,1,1,0,0,0,0,0,,0,,0,0,0,0,0,0,0,0,,0,,0,0,0,0,0,0,0,0,,0,,0,0,0,0,0,0,0,0,,0,,0,0,0,0,0,0,0,,0
60170,Body,全身,Normal,3,1,2,,,,,,,,,,,,,,,0,,0,0,0,0,0,0,0,0,,0,,0,0,0,0,0,0,0,0,,0,,0,0,0,0,0,0,0,0,,0,,0,0,0,0,0,0,0,0,,0,,0,0,0,0,0,0,0,,0
60170,Back,背部,Normal,,1,2,,,,,,,,,,,,,,,0,,0,0,0,0,0,0,0,0,,0,,0,0,0,0,0,0,0,0,,0,,0,0,0,0,0,0,0,0,,0,,0,0,0,0,0,0,0,0,,0,,0,0,0,0,0,0,0,,0
60170,LeftLeg,左腿,Normal,3,1,2,6,1,,,,,,,,,,,,,0,,0,0,0,0,0,0,0,0,,0,,0,0,0,0,0,0,0,0,,0,,0,0,0,0,0,0,0,0,,0,,0,0,0,0,0,0,0,0,,0,,0,0,0,0,0,0,0,,0
60170,LeftHand,左手,Normal,3,1,2,6,1,,,,,,,,,,,,,0,,0,0,0,0,0,0,0,0,,0,,0,0,0,0,0,0,0,0,,0,,0,0,0,0,0,0,0,0,,0,,0,0,0,0,0,0,0,0,,0,,0,0,0,0,0,0,0,,0
60170,RightLeg,右腿,Normal,3,1,2,6,1,,,,,,,,,,,,,0,,0,0,0,0,0,0,0,0,,0,,0,0,0,0,0,0,0,0,,0,,0,0,0,0,0,0,0,0,,0,,0,0,0,0,0,0,0,0,,0,,0,0,0,0,0,0,0,,0
60170,RightHand,右手,Normal,3,1,2,6,1,,,,,,,,,,,,,0,,0,0,0,0,0,0,0,0,,0,,0,0,0,0,0,0,0,0,,0,,0,0,0,0,0,0,0,0,,0,,0,0,0,0,0,0,0,0,,0,,0,0,0,0,0,0,0,,0
60170,Tail,尾部（尻尾）,Normal,3,1,2,,,,,,,,,,,,,,,6,1,1,1,1,0,0,0,0,0,,0,,,,,,,,,,,,,,,,,,,,,,,,,,,,,,,,,,,,,,,,,,,
60171,WholeBody,全身,Normal,,,2,,,,,,,,,,,,,,,,,,,,,,,,,,,,,,,,,,,,,,,,,,,,,,,,,,,,,,,,,,,,,,,,,,,,,
60171,Head,头部,Normal,5,1,2,,,,,,,,,,,,,,,8,1,1,1,1,0,0,0,0,0,,0,,0,0,0,0,0,0,0,0,,0,,0,0,0,0,0,0,0,0,,0,,0,0,0,0,0,0,0,0,,0,,0,0,0,0,0,0,0,,0
60171,Body,全身,Normal,4,1,2,,,,,,,,,,,,,,,0,,0,0,0,0,0,0,0,0,,0,,0,0,0,0,0,0,0,0,,0,,0,0,0,0,0,0,0,0,,0,,0,0,0,0,0,0,0,0,,0,,0,0,0,0,0,0,0,,0
60171,Back,背部,Normal,,1,2,,,,,,,,,,,,,,,0,,0,0,0,0,0,0,0,0,,0,,0,0,0,0,0,0,0,0,,0,,0,0,0,0,0,0,0,0,,0,,0,0,0,0,0,0,0,0,,0,,0,0,0,0,0,0,0,,0
60171,LeftLeg,左腿,Normal,4,1,2,8,1,,,,,,,,,,,,,0,,0,0,0,0,0,0,0,0,,0,,0,0,0,0,0,0,0,0,,0,,0,0,0,0,0,0,0,0,,0,,0,0,0,0,0,0,0,0,,0,,0,0,0,0,0,0,0,,0
60171,LeftHand,左手,Normal,4,1,2,8,1,,,,,,,,,,,,,0,,0,0,0,0,0,0,0,0,,0,,0,0,0,0,0,0,0,0,,0,,0,0,0,0,0,0,0,0,,0,,0,0,0,0,0,0,0,0,,0,,0,0,0,0,0,0,0,,0
60171,RightLeg,右腿,Normal,4,1,2,8,1,,,,,,,,,,,,,0,,0,0,0,0,0,0,0,0,,0,,0,0,0,0,0,0,0,0,,0,,0,0,0,0,0,0,0,0,,0,,0,0,0,0,0,0,0,0,,0,,0,0,0,0,0,0,0,,0
60171,RightHand,右手,Normal,4,1,2,8,1,,,,,,,,,,,,,0,,0,0,0,0,0,0,0,0,,0,,0,0,0,0,0,0,0,0,,0,,0,0,0,0,0,0,0,0,,0,,0,0,0,0,0,0,0,0,,0,,0,0,0,0,0,0,0,,0
60171,Tail,尾部（尻尾）,Normal,4,1,2,,,,,,,,,,,,,,,8,1,1,1,1,0,0,0,0,0,,0,,,,,,,,,,,,,,,,,,,,,,,,,,,,,,,,,,,,,,,,,,,
60171,LeftArm,左拳套,Normal,4,1,2,8,1,,,,,,,,,,,,,0,,0,0,0,0,0,0,0,0,,0,,0,0,0,0,0,0,0,0,,0,,0,0,0,0,0,0,0,0,,0,,0,0,0,0,0,0,0,0,,0,,0,0,0,0,0,0,0,,0
60171,RightArm,右拳套,Normal,4,1,2,8,1,,,,,,,,,,,,,0,,0,0,0,0,0,0,0,0,,0,,0,0,0,0,0,0,0,0,,0,,0,0,0,0,0,0,0,0,,0,,0,0,0,0,0,0,0,0,,0,,0,0,0,0,0,0,0,,0
60172,WholeBody,全身,Normal,,,2,,,,,,,,,,,,,,,,,,,,,,,,,,,,,,,,,,,,,,,,,,,,,,,,,,,,,,,,,,,,,,,,,,,,,
60172,Head,头部,Normal,3,1,2,,,,,,,,,,,,,,,6,1,1,1,1,0,0,0,0,0,,0,,0,0,0,0,0,0,0,0,,0,,0,0,0,0,0,0,0,0,,0,,0,0,0,0,0,0,0,0,,0,,0,0,0,0,0,0,0,,0
60172,Body,全身,Normal,3,1,2,,,,,,,,,,,,,,,0,,0,0,0,0,0,0,0,0,,0,,0,0,0,0,0,0,0,0,,0,,0,0,0,0,0,0,0,0,,0,,0,0,0,0,0,0,0,0,,0,,0,0,0,0,0,0,0,,0
60172,Back,背部,Normal,,1,2,,,,,,,,,,,,,,,0,,0,0,0,0,0,0,0,0,,0,,0,0,0,0,0,0,0,0,,0,,0,0,0,0,0,0,0,0,,0,,0,0,0,0,0,0,0,0,,0,,0,0,0,0,0,0,0,,0
60172,LeftLeg,左腿,Normal,3,1,2,6,1,,,,,,,,,,,,,0,,0,0,0,0,0,0,0,0,,0,,0,0,0,0,0,0,0,0,,0,,0,0,0,0,0,0,0,0,,0,,0,0,0,0,0,0,0,0,,0,,0,0,0,0,0,0,0,,0
60172,LeftHand,左手,Normal,3,1,2,6,1,,,,,,,,,,,,,0,,0,0,0,0,0,0,0,0,,0,,0,0,0,0,0,0,0,0,,0,,0,0,0,0,0,0,0,0,,0,,0,0,0,0,0,0,0,0,,0,,0,0,0,0,0,0,0,,0
60172,RightLeg,右腿,Normal,3,1,2,6,1,,,,,,,,,,,,,0,,0,0,0,0,0,0,0,0,,0,,0,0,0,0,0,0,0,0,,0,,0,0,0,0,0,0,0,0,,0,,0,0,0,0,0,0,0,0,,0,,0,0,0,0,0,0,0,,0
60172,RightHand,右手,Normal,3,1,2,6,1,,,,,,,,,,,,,0,,0,0,0,0,0,0,0,0,,0,,0,0,0,0,0,0,0,0,,0,,0,0,0,0,0,0,0,0,,0,,0,0,0,0,0,0,0,0,,0,,0,0,0,0,0,0,0,,0
60172,Tail,尾部（尻尾）,Normal,3,1,2,,,,,,,,,,,,,,,6,1,1,1,1,0,0,0,0,0,,0,,,,,,,,,,,,,,,,,,,,,,,,,,,,,,,,,,,,,,,,,,,
60180,WholeBody,全身,Normal,,,2,,,,,,,,,,,,,,,,,,,,,,,,,,,,,,,,,,,,,,,,,,,,,,,,,,,,,,,,,,,,,,,,,,,,,
60180,Head,头部,Normal,12,1,2,,,,,,,,,,,,,,,12,1,1,1,1,0,0,0,0,0,,,,,,,,,,,,,,,,,,,,,,,,,,,,,,,,,,,,,,,,,,,,,
60180,LeftBody,左躯干（本体/胴体）,Normal,8,1,2,,,,,,,,,,,,,,,,,,,,,,,,,,,,,,,,,,,,,,,,,,,,,,,,,,,,,,,,,,,,,,,,,,,,,
60180,RightBody,右躯干（本体/胴体）,Normal,8,1,2,,,,,,,,,,,,,,,,,,,,,,,,,,,,,,,,,,,,,,,,,,,,,,,,,,,,,,,,,,,,,,,,,,,,,
60180,Tail,尾部（尻尾）,Normal,8,1,2,,,,,,,,,,,,,,,15,1,1,1,1,0,0,0,0,0,,,,,,,,,,,,,,,,,,,,,,,,,,,,,,,,,,,,,,,,,,,,,
60180,LeftHand,左手（钳）,Normal,8,1,2,,,,,,,,,,,,,,,12,1,1,1,1,0,0,0,0,0,,,,,,,,,,,,,,,,,,,,,,,,,,,,,,,,,,,,,,,,,,,,,
60180,RightHand,右手（钳）,Normal,8,1,2,,,,,,,,,,,,,,,12,1,1,1,1,0,0,0,0,0,,,,,,,,,,,,,,,,,,,,,,,,,,,,,,,,,,,,,,,,,,,,,
60180,LeftLeg,左（前）腿,Normal,8,1,2,,,,,,,,,,,,,,,,,,,,,,,,,,,,,,,,,,,,,,,,,,,,,,,,,,,,,,,,,,,,,,,,,,,,,
60180,RightLeg,右（前）腿,Normal,8,1,2,,,,,,,,,,,,,,,,,,,,,,,,,,,,,,,,,,,,,,,,,,,,,,,,,,,,,,,,,,,,,,,,,,,,,
60180,Back,背部,Normal,8,1,2,,,,,,,,,,,,,,,4,1,1,1,1,0,0,0,0,0,,,,,,,,,,,,,,,,,,,,,,,,,,,,,,,,,,,,,,,,,,,,,
60180,Abdomen,腹部,Normal,8,1,2,,,,,,,,,,,,,,,,,,,,,,,,,,,,,,,,,,,,,,,,,,,,,,,,,,,,,,,,,,,,,,,,,,,,,
60181,WholeBody,全身,Normal,,,2,,,,,,,,,,,,,,,,,,,,,,,,,,,,,,,,,,,,,,,,,,,,,,,,,,,,,,,,,,,,,,,,,,,,,
60181,Head,头部,Normal,12,1,2,,,,,,,,,,,,,,,12,1,1,1,1,0,0,0,0,0,,,,,,,,,,,,,,,,,,,,,,,,,,,,,,,,,,,,,,,,,,,,,
60181,LeftBody,左躯干（本体/胴体）,Normal,8,1,2,,,,,,,,,,,,,,,,,,,,,,,,,,,,,,,,,,,,,,,,,,,,,,,,,,,,,,,,,,,,,,,,,,,,,
60181,RightBody,右躯干（本体/胴体）,Normal,8,1,2,,,,,,,,,,,,,,,,,,,,,,,,,,,,,,,,,,,,,,,,,,,,,,,,,,,,,,,,,,,,,,,,,,,,,
60181,Tail,尾部（尻尾）,Normal,10,1,2,,,,,,,,,,,,,,,15,1,1,1,1,0,0,0,0,0,,,,,,,,,,,,,,,,,,,,,,,,,,,,,,,,,,,,,,,,,,,,,
60181,LeftHand,左手（钳）,Normal,8,1,2,,,,,,,,,,,,,,,12,1,1,1,1,0,0,0,0,0,,,,,,,,,,,,,,,,,,,,,,,,,,,,,,,,,,,,,,,,,,,,,
60181,RightHand,右手（钳）,Normal,8,1,2,,,,,,,,,,,,,,,12,1,1,1,1,0,0,0,0,0,,,,,,,,,,,,,,,,,,,,,,,,,,,,,,,,,,,,,,,,,,,,,
60181,LeftLeg,左（前）腿,Normal,8,1,2,,,,,,,,,,,,,,,,,,,,,,,,,,,,,,,,,,,,,,,,,,,,,,,,,,,,,,,,,,,,,,,,,,,,,
60181,RightLeg,右（前）腿,Normal,8,1,2,,,,,,,,,,,,,,,,,,,,,,,,,,,,,,,,,,,,,,,,,,,,,,,,,,,,,,,,,,,,,,,,,,,,,
60181,Back,背部,Normal,10,1,2,,,,,,,,,,,,,,,10,1,1,1,1,0,0,0,0,0,,,,,,,,,,,,,,,,,,,,,,,,,,,,,,,,,,,,,,,,,,,,,
60181,Abdomen,腹部,Normal,12,1,2,,,,,,,,,,,,,,,,,,,,,,,,,,,,,,,,,,,,,,,,,,,,,,,,,,,,,,,,,,,,,,,,,,,,,
60189,WholeBody,全身,Normal,,,2,,,,,,,,,,,,,,,0,,0,0,0,0,0,0,0,0,,0,,0,0,0,0,0,0,0,0,,0,,0,0,0,0,0,0,0,0,,0,,0,0,0,0,0,0,0,0,,0,,0,0,0,0,0,0,0,,0
60189,Body,躯干（本体/胴体）,Normal,3,1,2,,,,,,,,,,,,,,,0,,0,0,0,0,0,0,0,0,,0,,0,0,0,0,0,0,0,0,,0,,0,0,0,0,0,0,0,0,,0,,0,0,0,0,0,0,0,0,,0,,0,0,0,0,0,0,0,,0
60190,WholeBody,全身,Normal,,,2,,,,,,,,,,,,,,,0,,0,0,0,0,0,0,0,0,,,,,,,,,,,,,,,,,,,,,,,,,,,,,,,,,,,,,,,,,,,,,
60190,Back,背部,Normal,2,1,2,,,,,,,,,,,,,,,8,1,1,1,1,0,0,0,0,0,,,,,,,,,,,,,,,,,,,,,,,,,,,,,,,,,,,,,,,,,,,,,
60190,Body,躯干（本体/胴体）,Normal,3,1,2,,,,,,,,,,,,,,,0,,0,0,0,0,0,0,0,0,,,,,,,,,,,,,,,,,,,,,,,,,,,,,,,,,,,,,,,,,,,,,
60190,Head,头部,Normal,3,1,2,,,,,,,,,,,,,,,7,1,1,1,1,0,0,0,0,0,,7,1,1,1,1,0,0,0,0,0,,,,,,,,,,,,,,,,,,,,,,,,,,,,,,,,,,
60190,LeftLeg,左腿,Normal,3,1,2,6,1,,,,,,,,,,,,,0,,0,0,0,0,0,0,0,0,,,,,,,,,,,,,,,,,,,,,,,,,,,,,,,,,,,,,,,,,,,,,
60190,RightLeg,右腿,Normal,3,1,2,6,1,,,,,,,,,,,,,0,,0,0,0,0,0,0,0,0,,,,,,,,,,,,,,,,,,,,,,,,,,,,,,,,,,,,,,,,,,,,,
60190,LeftWing,左翼,Normal,4,1,2,,,,,,,,,,,,,,,6,1,1,1,1,0,0,0,0,0,,,,,,,,,,,,,,,,,,,,,,,,,,,,,,,,,,,,,,,,,,,,,
60190,RightWing,右翼,Normal,4,1,2,,,,,,,,,,,,,,,6,1,1,1,1,0,0,0,0,0,,,,,,,,,,,,,,,,,,,,,,,,,,,,,,,,,,,,,,,,,,,,,
60190,Face,颈部（首）,Normal,4,1,2,,,,,,,,,,,,,,,0,,0,0,0,0,0,0,0,0,,,,,,,,,,,,,,,,,,,,,,,,,,,,,,,,,,,,,,,,,,,,,
60190,Chest,腹部,Normal,3,1,2,,,,,,,,,,,,,,,0,,0,0,0,0,0,0,0,0,,,,,,,,,,,,,,,,,,,,,,,,,,,,,,,,,,,,,,,,,,,,,
60190,Tail,尾巴,Normal,2,1,2,,,,,,,,,,,,,,,9,1,0,1,0,0,0,0,0,0,,,,,,,,,,,,,,,,,,,,,,,,,,,,,,,,,,,,,,,,,,,,,
60191,WholeBody,全身,Normal,,,2,,,,,,,,,,,,,,,0,,0,0,0,0,0,0,0,0,,,,,,,,,,,,,,,,,,,,,,,,,,,,,,,,,,,,,,,,,,,,,
60191,Back,背部,Normal,4,1,2,,,,,,,,,,,,,,,8,1,1,1,1,0,0,0,0,0,,,,,,,,,,,,,,,,,,,,,,,,,,,,,,,,,,,,,,,,,,,,,
60191,Body,躯干（本体/胴体）,Normal,4,1,2,,,,,,,,,,,,,,,0,,0,0,0,0,0,0,0,0,,,,,,,,,,,,,,,,,,,,,,,,,,,,,,,,,,,,,,,,,,,,,
60191,Head,头部,Normal,4,1,2,,,,,,,,,,,,,,,7,1,1,1,1,0,0,0,0,0,,7,1,1,1,1,0,0,0,0,0,,,,,,,,,,,,,,,,,,,,,,,,,,,,,,,,,,
60191,LeftLeg,左腿,Normal,4,1,2,7,1,,,,,,,,,,,,,0,,0,0,0,0,0,0,0,0,,,,,,,,,,,,,,,,,,,,,,,,,,,,,,,,,,,,,,,,,,,,,
60191,RightLeg,右腿,Normal,4,1,2,7,1,,,,,,,,,,,,,0,,0,0,0,0,0,0,0,0,,,,,,,,,,,,,,,,,,,,,,,,,,,,,,,,,,,,,,,,,,,,,
60191,LeftWing,左翼,Normal,4,1,2,,,,,,,,,,,,,,,6,1,1,1,1,0,0,0,0,0,,,,,,,,,,,,,,,,,,,,,,,,,,,,,,,,,,,,,,,,,,,,,
60191,RightWing,右翼,Normal,4,1,2,,,,,,,,,,,,,,,6,1,1,1,1,0,0,0,0,0,,,,,,,,,,,,,,,,,,,,,,,,,,,,,,,,,,,,,,,,,,,,,
60191,Face,颈部（首）,Normal,4,1,2,,,,,,,,,,,,,,,0,,0,0,0,0,0,0,0,0,,,,,,,,,,,,,,,,,,,,,,,,,,,,,,,,,,,,,,,,,,,,,
60191,Chest,腹部,Normal,4,1,2,,,,,,,,,,,,,,,0,,0,0,0,0,0,0,0,0,,,,,,,,,,,,,,,,,,,,,,,,,,,,,,,,,,,,,,,,,,,,,
60191,Tail,尾巴,Normal,4,1,2,,,,,,,,,,,,,,,9,1,0,1,0,0,0,0,0,0,,,,,,,,,,,,,,,,,,,,,,,,,,,,,,,,,,,,,,,,,,,,,
60192,WholeBody,全身,Normal,,,2,,,,,,,,,,,,,,,0,,0,0,0,0,0,0,0,0,,,,,,,,,,,,,,,,,,,,,,,,,,,,,,,,,,,,,,,,,,,,,
60192,Back,背部,Normal,2,1,2,,,,,,,,,,,,,,,8,1,1,1,1,0,0,0,0,0,,,,,,,,,,,,,,,,,,,,,,,,,,,,,,,,,,,,,,,,,,,,,
60192,Body,躯干（本体/胴体）,Normal,3,1,2,,,,,,,,,,,,,,,0,,0,0,0,0,0,0,0,0,,,,,,,,,,,,,,,,,,,,,,,,,,,,,,,,,,,,,,,,,,,,,
60192,Head,头部,Normal,3,1,2,,,,,,,,,,,,,,,7,1,1,1,1,0,0,0,0,0,,,,,,,,,,,,,,,,,,,,,,,,,,,,,,,,,,,,,,,,,,,,,
60192,LeftLeg,左腿,Normal,3,1,2,6,1,,,,,,,,,,,,,0,,0,0,0,0,0,0,0,0,,,,,,,,,,,,,,,,,,,,,,,,,,,,,,,,,,,,,,,,,,,,,
60192,RightLeg,右腿,Normal,3,1,2,6,1,,,,,,,,,,,,,0,,0,0,0,0,0,0,0,0,,,,,,,,,,,,,,,,,,,,,,,,,,,,,,,,,,,,,,,,,,,,,
60192,LeftWing,左翼,Normal,4,1,2,,,,,,,,,,,,,,,6,1,1,1,1,0,0,0,0,0,,,,,,,,,,,,,,,,,,,,,,,,,,,,,,,,,,,,,,,,,,,,,
60192,RightWing,右翼,Normal,4,1,2,,,,,,,,,,,,,,,6,1,1,1,1,0,0,0,0,0,,,,,,,,,,,,,,,,,,,,,,,,,,,,,,,,,,,,,,,,,,,,,
60192,Face,面部,Normal,4,1,2,,,,,,,,,,,,,,,0,,0,0,0,0,0,0,0,0,,,,,,,,,,,,,,,,,,,,,,,,,,,,,,,,,,,,,,,,,,,,,
60192,Chest,胸部,Normal,3,1,2,,,,,,,,,,,,,,,0,,0,0,0,0,0,0,0,0,,,,,,,,,,,,,,,,,,,,,,,,,,,,,,,,,,,,,,,,,,,,,
60192,Tail,尾巴,Normal,2,1,2,,,,,,,,,,,,,,,9,1,0,1,0,0,0,0,0,0,,,,,,,,,,,,,,,,,,,,,,,,,,,,,,,,,,,,,,,,,,,,,
60200,WholeBody,全身,Normal,,,2,,,,,,,,,,,,,,,,,,,,,,,,,,,,,,,,,,,,,,,,,,,,,,,,,,,,,,,,,,,,,,,,,,,,,
60200,Head,头部,Normal,4,1,2,,,,,,,,,,,,,,,7,1,1,1,1,0,0,0,0,0,,0,1,0,0,0,0,0,0,0,0,,0,1,0,0,0,0,0,0,0,0,,0,1,0,0,0,0,0,0,0,0,,0,1,0,0,0,0,0,0,0,,0
60200,Neck,颈部（首）,Normal,,1,2,,,,,,,,,,,,,,,0,,0,0,0,0,0,0,0,0,,0,,0,0,0,0,0,0,0,0,,0,,0,0,0,0,0,0,0,0,,0,,0,0,0,0,0,0,0,0,,0,,0,0,0,0,0,0,0,,0
60200,Body,躯干（本体/胴体）,Normal,4,1,2,,,,,,,,,,,,,,,0,,0,0,0,0,0,0,0,0,,0,,0,0,0,0,0,0,0,0,,0,,0,0,0,0,0,0,0,0,,0,,0,0,0,0,0,0,0,0,,0,,0,0,0,0,0,0,0,,0
60200,Tail,尾部（尻尾）,Normal,4,1,2,,,,,,,,,,,,,,,8,1,0,1,0,0,0,0,0,0,,0,1,0,0,0,0,0,0,0,0,,0,1,0,0,0,0,0,0,0,0,,0,1,0,0,0,0,0,0,0,0,,0,1,0,0,0,0,0,0,0,,0
60200,LeftWing,左翼,Normal,4,1,2,,,,,,,,,,,,,,,0,0,0,0,0,0,0,0,0,0,,0,0,0,0,0,0,0,0,0,0,,0,0,0,0,0,0,0,0,0,0,,0,0,0,0,0,0,0,0,0,0,,0,0,0,0,0,0,0,0,0,,0
60200,RightWing,右翼,Normal,4,1,2,,,,,,,,,,,,,,,0,0,0,0,0,0,0,0,0,0,,0,0,0,0,0,0,0,0,0,0,,0,0,0,0,0,0,0,0,0,0,,0,0,0,0,0,0,0,0,0,0,,0,0,0,0,0,0,0,0,0,,0
60200,LeftLeg,左（前）腿,Normal,,1,2,6,1,,,,,,,,,,,,,0,,0,0,0,0,0,0,0,0,,0,,0,0,0,0,0,0,0,0,,0,,0,0,0,0,0,0,0,0,,0,,0,0,0,0,0,0,0,0,,0,,0,0,0,0,0,0,0,,0
60200,RightLeg,右（前）腿,Normal,,1,2,6,1,,,,,,,,,,,,,0,,0,0,0,0,0,0,0,0,,0,,0,0,0,0,0,0,0,0,,0,,0,0,0,0,0,0,0,0,,0,,0,0,0,0,0,0,0,0,,0,,0,0,0,0,0,0,0,,0
60201,WholeBody,全身,Normal,,,2,,,,,,,,,,,,,,,,,,,,,,,,,,,,,,,,,,,,,,,,,,,,,,,,,,,,,,,,,,,,,,,,,,,,,
60201,Head,头部,Normal,4,1,2,,,,,,,,,,,,,,,7,1,1,1,1,0,0,0,0,0,,0,1,0,0,0,0,0,0,0,0,,0,1,0,0,0,0,0,0,0,0,,0,1,0,0,0,0,0,0,0,0,,0,1,0,0,0,0,0,0,0,,0
60201,Neck,颈部（首）,Normal,,1,2,,,,,,,,,,,,,,,0,,0,0,0,0,0,0,0,0,,0,,0,0,0,0,0,0,0,0,,0,,0,0,0,0,0,0,0,0,,0,,0,0,0,0,0,0,0,0,,0,,0,0,0,0,0,0,0,,0
60201,Body,躯干（本体/胴体）,Normal,4,1,2,,,,,,,,,,,,,,,0,,0,0,0,0,0,0,0,0,,0,,0,0,0,0,0,0,0,0,,0,,0,0,0,0,0,0,0,0,,0,,0,0,0,0,0,0,0,0,,0,,0,0,0,0,0,0,0,,0
60201,Tail,尾部（尻尾）,Normal,4,1,2,,,,,,,,,,,,,,,8,1,0,1,0,0,0,0,0,0,,0,1,0,0,0,0,0,0,0,0,,0,1,0,0,0,0,0,0,0,0,,0,1,0,0,0,0,0,0,0,0,,0,1,0,0,0,0,0,0,0,,0
60201,LeftWing,左翼,Normal,4,1,2,,,,,,,,,,,,,,,0,0,0,0,0,0,0,0,0,0,,0,0,0,0,0,0,0,0,0,0,,0,0,0,0,0,0,0,0,0,0,,0,0,0,0,0,0,0,0,0,0,,0,0,0,0,0,0,0,0,0,,0
60201,RightWing,右翼,Normal,4,1,2,,,,,,,,,,,,,,,0,0,0,0,0,0,0,0,0,0,,0,0,0,0,0,0,0,0,0,0,,0,0,0,0,0,0,0,0,0,0,,0,0,0,0,0,0,0,0,0,0,,0,0,0,0,0,0,0,0,0,,0
60201,Wings,翼膜,Normal,4,1,2,,,,,,,,,,,,,,,0,0,0,0,0,0,0,0,0,0,,0,0,0,0,0,0,0,0,0,0,,0,0,0,0,0,0,0,0,0,0,,0,0,0,0,0,0,0,0,0,0,,0,0,0,0,0,0,0,0,0,,0
60201,LeftLeg,左（前）腿,Normal,,1,2,6,1,,,,,,,,,,,,,0,,0,0,0,0,0,0,0,0,,0,,0,0,0,0,0,0,0,0,,0,,0,0,0,0,0,0,0,0,,0,,0,0,0,0,0,0,0,0,,0,,0,0,0,0,0,0,0,,0
60201,RightLeg,右（前）腿,Normal,,1,2,6,1,,,,,,,,,,,,,0,,0,0,0,0,0,0,0,0,,0,,0,0,0,0,0,0,0,0,,0,,0,0,0,0,0,0,0,0,,0,,0,0,0,0,0,0,0,0,,0,,0,0,0,0,0,0,0,,0
60202,WholeBody,全身,Normal,,,2,,,,,,,,,,,,,,,,,,,,,,,,,,,,,,,,,,,,,,,,,,,,,,,,,,,,,,,,,,,,,,,,,,,,,
60202,Head,头部,Normal,5,1,2,,,,,,,,,,,,,,,0,0,0,0,0,0,0,0,0,0,,0,1,0,0,0,0,0,0,0,0,,0,1,0,0,0,0,0,0,0,0,,0,1,0,0,0,0,0,0,0,0,,0,1,0,0,0,0,0,0,0,,0
60202,Neck,颈部（首）,Normal,,1,2,,,,,,,,,,,,,,,0,,0,0,0,0,0,0,0,0,,0,,0,0,0,0,0,0,0,0,,0,,0,0,0,0,0,0,0,0,,0,,0,0,0,0,0,0,0,0,,0,,0,0,0,0,0,0,0,,0
60202,Body,躯干（本体/胴体）,Normal,4,1,2,,,,,,,,,,,,,,,0,,0,0,0,0,0,0,0,0,,0,,0,0,0,0,0,0,0,0,,0,,0,0,0,0,0,0,0,0,,0,,0,0,0,0,0,0,0,0,,0,,0,0,0,0,0,0,0,,0
60202,Tail,尾部（尻尾）,Normal,5,1,2,,,,,,,,,,,,,,,10,1,0,1,0,0,0,0,0,0,,0,1,0,0,0,0,0,0,0,0,,0,1,0,0,0,0,0,0,0,0,,0,1,0,0,0,0,0,0,0,0,,0,1,0,0,0,0,0,0,0,,0
60202,LeftWing,左翼,Normal,4,1,2,,,,,,,,,,,,,,,0,0,0,0,0,0,0,0,0,0,,0,0,0,0,0,0,0,0,0,0,,0,0,0,0,0,0,0,0,0,0,,0,0,0,0,0,0,0,0,0,0,,0,0,0,0,0,0,0,0,0,,0
60202,RightWing,右翼,Normal,4,1,2,,,,,,,,,,,,,,,0,0,0,0,0,0,0,0,0,0,,0,0,0,0,0,0,0,0,0,0,,0,0,0,0,0,0,0,0,0,0,,0,0,0,0,0,0,0,0,0,0,,0,0,0,0,0,0,0,0,0,,0
60202,LeftLeg,左（前）腿,Normal,,1,2,6,1,,,,,,,,,,,,,0,,0,0,0,0,0,0,0,0,,0,,0,0,0,0,0,0,0,0,,0,,0,0,0,0,0,0,0,0,,0,,0,0,0,0,0,0,0,0,,0,,0,0,0,0,0,0,0,,0
60202,RightLeg,右（前）腿,Normal,,1,2,6,1,,,,,,,,,,,,,0,,0,0,0,0,0,0,0,0,,0,,0,0,0,0,0,0,0,0,,0,,0,0,0,0,0,0,0,0,,0,,0,0,0,0,0,0,0,0,,0,,0,0,0,0,0,0,0,,0
60203,WholeBody,全身,Normal,,,2,,,,,,,,,,,,,,,,,,,,,,,,,,,,,,,,,,,,,,,,,,,,,,,,,,,,,,,,,,,,,,,,,,,,,
60203,Head,头部,Normal,4,1,2,,,,,,,,,,,,,,,7,1,1,1,1,0,0,0,0,0,,0,1,0,0,0,0,0,0,0,0,,0,1,0,0,0,0,0,0,0,0,,0,1,0,0,0,0,0,0,0,0,,0,1,0,0,0,0,0,0,0,,0
60203,Neck,颈部（首）,Normal,,1,2,,,,,,,,,,,,,,,0,,0,0,0,0,0,0,0,0,,0,,0,0,0,0,0,0,0,0,,0,,0,0,0,0,0,0,0,0,,0,,0,0,0,0,0,0,0,0,,0,,0,0,0,0,0,0,0,,0
60203,Body,躯干（本体/胴体）,Normal,4,1,2,,,,,,,,,,,,,,,0,,0,0,0,0,0,0,0,0,,0,,0,0,0,0,0,0,0,0,,0,,0,0,0,0,0,0,0,0,,0,,0,0,0,0,0,0,0,0,,0,,0,0,0,0,0,0,0,,0
60203,Tail,尾部（尻尾）,Normal,4,1,2,,,,,,,,,,,,,,,8,1,0,1,0,0,0,0,0,0,,0,1,0,0,0,0,0,0,0,0,,0,1,0,0,0,0,0,0,0,0,,0,1,0,0,0,0,0,0,0,0,,0,1,0,0,0,0,0,0,0,,0
60203,LeftWing,左翼,Normal,4,1,2,,,,,,,,,,,,,,,0,0,0,0,0,0,0,0,0,0,,0,0,0,0,0,0,0,0,0,0,,0,0,0,0,0,0,0,0,0,0,,0,0,0,0,0,0,0,0,0,0,,0,0,0,0,0,0,0,0,0,,0
60203,RightWing,右翼,Normal,4,1,2,,,,,,,,,,,,,,,0,0,0,0,0,0,0,0,0,0,,0,0,0,0,0,0,0,0,0,0,,0,0,0,0,0,0,0,0,0,0,,0,0,0,0,0,0,0,0,0,0,,0,0,0,0,0,0,0,0,0,,0
60203,LeftLeg,左（前）腿,Normal,,1,2,6,1,,,,,,,,,,,,,0,,0,0,0,0,0,0,0,0,,0,,0,0,0,0,0,0,0,0,,0,,0,0,0,0,0,0,0,0,,0,,0,0,0,0,0,0,0,0,,0,,0,0,0,0,0,0,0,,0
60203,RightLeg,右（前）腿,Normal,,1,2,6,1,,,,,,,,,,,,,0,,0,0,0,0,0,0,0,0,,0,,0,0,0,0,0,0,0,0,,0,,0,0,0,0,0,0,0,0,,0,,0,0,0,0,0,0,0,0,,0,,0,0,0,0,0,0,0,,0
60210,WholeBody,全身,Normal,,,2,,,,,,,,,,,,,,,,,,,,,,,,,,,,,,,,,,,,,,,,,,,,,,,,,,,,,,,,,,,,,,,,,,,,,
60210,Head,头部,Normal,4,1,2,,,,,,,,,,,,,,,7,1,1,1,1,0,0,0,0,0,,0,1,0,0,0,0,0,0,0,0,,0,1,0,0,0,0,0,0,0,0,,0,1,0,0,0,0,0,0,0,0,,0,1,0,0,0,0,0,0,0,,0
60210,Neck,颈部（首）,Normal,,1,2,,,,,,,,,,,,,,,0,,0,0,0,0,0,0,0,0,,0,,0,0,0,0,0,0,0,0,,0,,0,0,0,0,0,0,0,0,,0,,0,0,0,0,0,0,0,0,,0,,0,0,0,0,0,0,0,,0
60210,Body,躯干（本体/胴体）,Normal,5,1,2,,,,,,,,,,,,,,,0,,0,0,0,0,0,0,0,0,,0,,0,0,0,0,0,0,0,0,,0,,0,0,0,0,0,0,0,0,,0,,0,0,0,0,0,0,0,0,,0,,0,0,0,0,0,0,0,,0
60210,Tail,尾部（尻尾）,Normal,4,1,2,,,,,,,,,,,,,,,9,1,0,1,0,0,0,0,0,0,,0,1,0,0,0,0,0,0,0,0,,0,1,0,0,0,0,0,0,0,0,,0,1,0,0,0,0,0,0,0,0,,0,1,0,0,0,0,0,0,0,,0
60210,LeftWing,左翼,Normal,3,1,2,,,,,,,,,,,,,,,6,1,1,1,1,0,0,0,0,0,,0,1,0,0,0,0,0,0,0,0,,0,1,0,0,0,0,0,0,0,0,,0,1,0,0,0,0,0,0,0,0,,0,1,0,0,0,0,0,0,0,,0
60210,RightWing,右翼,Normal,3,1,2,,,,,,,,,,,,,,,6,1,1,1,1,0,0,0,0,0,,0,1,0,0,0,0,0,0,0,0,,0,1,0,0,0,0,0,0,0,0,,0,1,0,0,0,0,0,0,0,0,,0,1,0,0,0,0,0,0,0,,0
60210,LeftLeg,左（前）腿,Normal,4,1,2,8,1,,,,,,,,,,,,,0,,0,0,0,0,0,0,0,0,,0,,0,0,0,0,0,0,0,0,,0,,0,0,0,0,0,0,0,0,,0,,0,0,0,0,0,0,0,0,,0,,0,0,0,0,0,0,0,,0
60210,RightLeg,右（前）腿,Normal,4,1,2,8,1,,,,,,,,,,,,,0,,0,0,0,0,0,0,0,0,,0,,0,0,0,0,0,0,0,0,,0,,0,0,0,0,0,0,0,0,,0,,0,0,0,0,0,0,0,0,,0,,0,0,0,0,0,0,0,,0
60211,WholeBody,全身,Normal,,,2,,,,,,,,,,,,,,,,,,,,,,,,,,,,,,,,,,,,,,,,,,,,,,,,,,,,,,,,,,,,,,,,,,,,,
60211,Head,头部,Normal,5,1,2,,,,,,,,,,,,,,,8,1,1,1,1,0,0,0,0,0,,0,1,0,0,0,0,0,0,0,0,,0,1,0,0,0,0,0,0,0,0,,0,1,0,0,0,0,0,0,0,0,,0,1,0,0,0,0,0,0,0,,0
60211,Neck,颈部（首）,Normal,,1,2,,,,,,,,,,,,,,,0,,0,0,0,0,0,0,0,0,,0,,0,0,0,0,0,0,0,0,,0,,0,0,0,0,0,0,0,0,,0,,0,0,0,0,0,0,0,0,,0,,0,0,0,0,0,0,0,,0
60211,Body,躯干（本体/胴体）,Normal,6,1,2,,,,,,,,,,,,,,,0,,0,0,0,0,0,0,0,0,,0,,0,0,0,0,0,0,0,0,,0,,0,0,0,0,0,0,0,0,,0,,0,0,0,0,0,0,0,0,,0,,0,0,0,0,0,0,0,,0
60211,Tail,尾部（尻尾）,Normal,5,1,2,,,,,,,,,,,,,,,10,1,0,1,0,0,0,0,0,0,,0,1,0,0,0,0,0,0,0,0,,0,1,0,0,0,0,0,0,0,0,,0,1,0,0,0,0,0,0,0,0,,0,1,0,0,0,0,0,0,0,,0
60211,LeftWing,左翼,Normal,4,1,2,,,,,,,,,,,,,,,6,1,1,1,1,0,0,0,0,0,,0,1,0,0,0,0,0,0,0,0,,0,1,0,0,0,0,0,0,0,0,,0,1,0,0,0,0,0,0,0,0,,0,1,0,0,0,0,0,0,0,,0
60211,RightWing,右翼,Normal,4,1,2,,,,,,,,,,,,,,,6,1,1,1,1,0,0,0,0,0,,0,1,0,0,0,0,0,0,0,0,,0,1,0,0,0,0,0,0,0,0,,0,1,0,0,0,0,0,0,0,0,,0,1,0,0,0,0,0,0,0,,0
60211,LeftLeg,左（前）腿,Normal,5,1,2,10,1,,,,,,,,,,,,,0,,0,0,0,0,0,0,0,0,,0,,0,0,0,0,0,0,0,0,,0,,0,0,0,0,0,0,0,0,,0,,0,0,0,0,0,0,0,0,,0,,0,0,0,0,0,0,0,,0
60211,RightLeg,右（前）腿,Normal,5,1,2,10,1,,,,,,,,,,,,,0,,0,0,0,0,0,0,0,0,,0,,0,0,0,0,0,0,0,0,,0,,0,0,0,0,0,0,0,0,,0,,0,0,0,0,0,0,0,0,,0,,0,0,0,0,0,0,0,,0
60212,WholeBody,全身,Normal,,,2,,,,,,,,,,,,,,,,,,,,,,,,,,,,,,,,,,,,,,,,,,,,,,,,,,,,,,,,,,,,,,,,,,,,,
60212,Head,头部,Normal,4,1,2,,,,,,,,,,,,,,,8,1,1,1,1,0,0,0,0,0,,0,1,0,0,0,0,0,0,0,0,,0,1,0,0,0,0,0,0,0,0,,0,1,0,0,0,0,0,0,0,0,,0,1,0,0,0,0,0,0,0,,0
60212,Neck,颈部（首）,Normal,5,1,2,,,,,,,,,,,,,,,0,,0,0,0,0,0,0,0,0,,0,,0,0,0,0,0,0,0,0,,0,,0,0,0,0,0,0,0,0,,0,,0,0,0,0,0,0,0,0,,0,,0,0,0,0,0,0,0,,0
60212,Back,背部,Normal,6,1,2,,,,,,,,,,,,,,,0,,0,0,0,0,0,0,0,0,,0,,0,0,0,0,0,0,0,0,,0,,0,0,0,0,0,0,0,0,,0,,0,0,0,0,0,0,0,0,,0,,0,0,0,0,0,0,0,,0
60212,Body,躯干（本体/胴体）,Normal,6,1,2,,,,,,,,,,,,,,,0,,0,0,0,0,0,0,0,0,,0,,0,0,0,0,0,0,0,0,,0,,0,0,0,0,0,0,0,0,,0,,0,0,0,0,0,0,0,0,,0,,0,0,0,0,0,0,0,,0
60212,Tail,尾部（尻尾）,Normal,5,1,2,,,,,,,,,,,,,,,10,1,0,1,0,0,0,0,0,0,,0,1,0,0,0,0,0,0,0,0,,0,1,0,0,0,0,0,0,0,0,,0,1,0,0,0,0,0,0,0,0,,0,1,0,0,0,0,0,0,0,,0
60212,TailEnd,尾部（尻尾）,Normal,,,,,,,,,,,,,,,,,,0,,0,0,0,0,0,0,0,0,,0,1,0,0,0,0,0,0,0,0,,0,1,0,0,0,0,0,0,0,0,,0,1,0,0,0,0,0,0,0,0,,0,1,0,0,0,0,0,0,0,,0
60212,LeftWing,左翼,Normal,5,1,2,,,,,,,,,,,,,,,5,1,1,1,1,0,0,0,0,0,,0,1,0,0,0,0,0,0,0,0,,0,1,0,0,0,0,0,0,0,0,,0,1,0,0,0,0,0,0,0,0,,0,1,0,0,0,0,0,0,0,,0
60212,RightWing,右翼,Normal,5,1,2,,,,,,,,,,,,,,,5,1,1,1,1,0,0,0,0,0,,0,1,0,0,0,0,0,0,0,0,,0,1,0,0,0,0,0,0,0,0,,0,1,0,0,0,0,0,0,0,0,,0,1,0,0,0,0,0,0,0,,0
60212,LeftLeg,左（前）腿,Normal,5,1,2,10,1,,,,,,,,,,,,,0,,0,0,0,0,0,0,0,0,,0,,0,0,0,0,0,0,0,0,,0,,0,0,0,0,0,0,0,0,,0,,0,0,0,0,0,0,0,0,,0,,0,0,0,0,0,0,0,,0
60212,RightLeg,右（前）腿,Normal,5,1,2,10,1,,,,,,,,,,,,,0,,0,0,0,0,0,0,0,0,,0,,0,0,0,0,0,0,0,0,,0,,0,0,0,0,0,0,0,0,,0,,0,0,0,0,0,0,0,0,,0,,0,0,0,0,0,0,0,,0
60213,WholeBody,全身,Normal,,,2,,,,,,,,,,,,,,,,,,,,,,,,,,,,,,,,,,,,,,,,,,,,,,,,,,,,,,,,,,,,,,,,,,,,,
60213,Head,头部,Normal,4,1,2,,,,,,,,,,,,,,,7,1,1,1,1,0,0,0,0,0,,0,1,0,0,0,0,0,0,0,0,,0,1,0,0,0,0,0,0,0,0,,0,1,0,0,0,0,0,0,0,0,,0,1,0,0,0,0,0,0,0,,0
60213,Neck,颈部（首）,Normal,,1,2,,,,,,,,,,,,,,,0,,0,0,0,0,0,0,0,0,,0,,0,0,0,0,0,0,0,0,,0,,0,0,0,0,0,0,0,0,,0,,0,0,0,0,0,0,0,0,,0,,0,0,0,0,0,0,0,,0
60213,Body,躯干（本体/胴体）,Normal,5,1,2,,,,,,,,,,,,,,,0,,0,0,0,0,0,0,0,0,,0,,0,0,0,0,0,0,0,0,,0,,0,0,0,0,0,0,0,0,,0,,0,0,0,0,0,0,0,0,,0,,0,0,0,0,0,0,0,,0
60213,Tail,尾部（尻尾）,Normal,4,1,2,,,,,,,,,,,,,,,9,1,0,1,0,0,0,0,0,0,,0,1,0,0,0,0,0,0,0,0,,0,1,0,0,0,0,0,0,0,0,,0,1,0,0,0,0,0,0,0,0,,0,1,0,0,0,0,0,0,0,,0
60213,LeftWing,左翼,Normal,3,1,2,,,,,,,,,,,,,,,6,1,1,1,1,0,0,0,0,0,,0,1,0,0,0,0,0,0,0,0,,0,1,0,0,0,0,0,0,0,0,,0,1,0,0,0,0,0,0,0,0,,0,1,0,0,0,0,0,0,0,,0
60213,RightWing,右翼,Normal,3,1,2,,,,,,,,,,,,,,,6,1,1,1,1,0,0,0,0,0,,0,1,0,0,0,0,0,0,0,0,,0,1,0,0,0,0,0,0,0,0,,0,1,0,0,0,0,0,0,0,0,,0,1,0,0,0,0,0,0,0,,0
60213,LeftLeg,左（前）腿,Normal,4,1,2,8,1,,,,,,,,,,,,,0,,0,0,0,0,0,0,0,0,,0,,0,0,0,0,0,0,0,0,,0,,0,0,0,0,0,0,0,0,,0,,0,0,0,0,0,0,0,0,,0,,0,0,0,0,0,0,0,,0
60213,RightLeg,右（前）腿,Normal,4,1,2,8,1,,,,,,,,,,,,,0,,0,0,0,0,0,0,0,0,,0,,0,0,0,0,0,0,0,0,,0,,0,0,0,0,0,0,0,0,,0,,0,0,0,0,0,0,0,0,,0,,0,0,0,0,0,0,0,,0
60216,WholeBody,全身,Normal,,,2,,,,,,,,,,,,,,,,,,,,,,,,,,,,,,,,,,,,,,,,,,,,,,,,,,,,,,,,,,,,,,,,,,,,,
60216,Head,头部,Normal,5,1,2,,,,,,,,,,,,,,,8,1,1,1,1,0,0,0,0,0,,0,1,0,0,0,0,0,0,0,0,,0,1,0,0,0,0,0,0,0,0,,0,1,0,0,0,0,0,0,0,0,,0,1,0,0,0,0,0,0,0,,0
60216,Neck,颈部（首）,Normal,,1,2,,,,,,,,,,,,,,,0,,0,0,0,0,0,0,0,0,,0,,0,0,0,0,0,0,0,0,,0,,0,0,0,0,0,0,0,0,,0,,0,0,0,0,0,0,0,0,,0,,0,0,0,0,0,0,0,,0
60216,Body,躯干（本体/胴体）,Normal,6,1,2,,,,,,,,,,,,,,,0,,0,0,0,0,0,0,0,0,,0,,0,0,0,0,0,0,0,0,,0,,0,0,0,0,0,0,0,0,,0,,0,0,0,0,0,0,0,0,,0,,0,0,0,0,0,0,0,,0
60216,Tail,尾部（尻尾）,Normal,5,1,2,,,,,,,,,,,,,,,10,1,0,1,0,0,0,0,0,0,,0,1,0,0,0,0,0,0,0,0,,0,1,0,0,0,0,0,0,0,0,,0,1,0,0,0,0,0,0,0,0,,0,1,0,0,0,0,0,0,0,,0
60216,LeftWing,左翼,Normal,4,1,2,,,,,,,,,,,,,,,6,1,1,1,1,0,0,0,0,0,,0,1,0,0,0,0,0,0,0,0,,0,1,0,0,0,0,0,0,0,0,,0,1,0,0,0,0,0,0,0,0,,0,1,0,0,0,0,0,0,0,,0
60216,RightWing,右翼,Normal,4,1,2,,,,,,,,,,,,,,,6,1,1,1,1,0,0,0,0,0,,0,1,0,0,0,0,0,0,0,0,,0,1,0,0,0,0,0,0,0,0,,0,1,0,0,0,0,0,0,0,0,,0,1,0,0,0,0,0,0,0,,0
60216,LeftLeg,左（前）腿,Normal,5,1,2,10,1,,,,,,,,,,,,,0,,0,0,0,0,0,0,0,0,,0,,0,0,0,0,0,0,0,0,,0,,0,0,0,0,0,0,0,0,,0,,0,0,0,0,0,0,0,0,,0,,0,0,0,0,0,0,0,,0
60216,RightLeg,右（前）腿,Normal,5,1,2,10,1,,,,,,,,,,,,,0,,0,0,0,0,0,0,0,0,,0,,0,0,0,0,0,0,0,0,,0,,0,0,0,0,0,0,0,0,,0,,0,0,0,0,0,0,0,0,,0,,0,0,0,0,0,0,0,,0
60217,WholeBody,全身,Normal,,,2,,,,,,,,,,,,,,,,,,,,,,,,,,,,,,,,,,,,,,,,,,,,,,,,,,,,,,,,,,,,,,,,,,,,,
60217,Head,头部,Normal,4,1,2,,,,,,,,,,,,,,,7,1,1,1,1,0,0,0,0,0,,0,1,0,0,0,0,0,0,0,0,,0,1,0,0,0,0,0,0,0,0,,0,1,0,0,0,0,0,0,0,0,,0,1,0,0,0,0,0,0,0,,0
60217,Neck,颈部（首）,Normal,,1,2,,,,,,,,,,,,,,,0,,0,0,0,0,0,0,0,0,,0,,0,0,0,0,0,0,0,0,,0,,0,0,0,0,0,0,0,0,,0,,0,0,0,0,0,0,0,0,,0,,0,0,0,0,0,0,0,,0
60217,Body,躯干（本体/胴体）,Normal,5,1,2,,,,,,,,,,,,,,,0,,0,0,0,0,0,0,0,0,,0,,0,0,0,0,0,0,0,0,,0,,0,0,0,0,0,0,0,0,,0,,0,0,0,0,0,0,0,0,,0,,0,0,0,0,0,0,0,,0
60217,Tail,尾部（尻尾）,Normal,4,1,2,,,,,,,,,,,,,,,9,1,0,1,0,0,0,0,0,0,,0,1,0,0,0,0,0,0,0,0,,0,1,0,0,0,0,0,0,0,0,,0,1,0,0,0,0,0,0,0,0,,0,1,0,0,0,0,0,0,0,,0
60217,LeftWing,左翼,Normal,3,1,2,,,,,,,,,,,,,,,6,1,1,1,1,0,0,0,0,0,,0,1,0,0,0,0,0,0,0,0,,0,1,0,0,0,0,0,0,0,0,,0,1,0,0,0,0,0,0,0,0,,0,1,0,0,0,0,0,0,0,,0
60217,RightWing,右翼,Normal,3,1,2,,,,,,,,,,,,,,,6,1,1,1,1,0,0,0,0,0,,0,1,0,0,0,0,0,0,0,0,,0,1,0,0,0,0,0,0,0,0,,0,1,0,0,0,0,0,0,0,0,,0,1,0,0,0,0,0,0,0,,0
60217,LeftLeg,左（前）腿,Normal,4,1,2,8,1,,,,,,,,,,,,,0,,0,0,0,0,0,0,0,0,,0,,0,0,0,0,0,0,0,0,,0,,0,0,0,0,0,0,0,0,,0,,0,0,0,0,0,0,0,0,,0,,0,0,0,0,0,0,0,,0
60217,RightLeg,右（前）腿,Normal,4,1,2,8,1,,,,,,,,,,,,,0,,0,0,0,0,0,0,0,0,,0,,0,0,0,0,0,0,0,0,,0,,0,0,0,0,0,0,0,0,,0,,0,0,0,0,0,0,0,0,,0,,0,0,0,0,0,0,0,,0
60218,WholeBody,全身,Normal,,,2,,,,,,,,,,,,,,,,,,,,,,,,,,,,,,,,,,,,,,,,,,,,,,,,,,,,,,,,,,,,,,,,,,,,,
60218,Head,头部,Normal,5,1,2,,,,,,,,,,,,,,,10,1,1,1,1,0,0,0,0,0,,0,1,0,0,0,0,0,0,0,0,,0,1,0,0,0,0,0,0,0,0,,0,1,0,0,0,0,0,0,0,0,,0,1,0,0,0,0,0,0,0,,0
60218,Neck,颈部（首）,Normal,,1,2,,,,,,,,,,,,,,,0,,0,0,0,0,0,0,0,0,,0,,0,0,0,0,0,0,0,0,,0,,0,0,0,0,0,0,0,0,,0,,0,0,0,0,0,0,0,0,,0,,0,0,0,0,0,0,0,,0
60218,Body,躯干（本体/胴体）,Normal,5,1,2,,,,,,,,,,,,,,,0,,0,0,0,0,0,0,0,0,,0,,0,0,0,0,0,0,0,0,,0,,0,0,0,0,0,0,0,0,,0,,0,0,0,0,0,0,0,0,,0,,0,0,0,0,0,0,0,,0
60218,Tail,尾部（尻尾）,Normal,6,1,2,,,,,,,,,,,,,,,18,1,0,1,0,0,0,0,0,0,,0,1,0,0,0,0,0,0,0,0,,0,1,0,0,0,0,0,0,0,0,,0,1,0,0,0,0,0,0,0,0,,0,1,0,0,0,0,0,0,0,,0
60218,LeftWing,左翼,Normal,4,1,2,,,,,,,,,,,,,,,8,1,1,1,1,0,0,0,0,0,,0,1,0,0,0,0,0,0,0,0,,0,1,0,0,0,0,0,0,0,0,,0,1,0,0,0,0,0,0,0,0,,0,1,0,0,0,0,0,0,0,,0
60218,RightWing,右翼,Normal,4,1,2,,,,,,,,,,,,,,,8,1,1,1,1,0,0,0,0,0,,0,1,0,0,0,0,0,0,0,0,,0,1,0,0,0,0,0,0,0,0,,0,1,0,0,0,0,0,0,0,0,,0,1,0,0,0,0,0,0,0,,0
60218,LeftLeg,左（前）腿,Normal,5,1,2,10,1,,,,,,,,,,,,,0,,0,0,0,0,0,0,0,0,,0,,0,0,0,0,0,0,0,0,,0,,0,0,0,0,0,0,0,0,,0,,0,0,0,0,0,0,0,0,,0,,0,0,0,0,0,0,0,,0
60218,RightLeg,右（前）腿,Normal,4,1,2,8,1,,,,,,,,,,,,,0,,0,0,0,0,0,0,0,0,,0,,0,0,0,0,0,0,0,0,,0,,0,0,0,0,0,0,0,0,,0,,0,0,0,0,0,0,0,0,,0,,0,0,0,0,0,0,0,,0
60219,WholeBody,全身,Normal,,,2,,,,,,,,,,,,,,,,,,,,,,,,,,,,,,,,,,,,,,,,,,,,,,,,,,,,,,,,,,,,,,,,,,,,,
60219,Head,头部,Normal,4,1,2,,,,,,,,,,,,,,,8,1,1,1,1,0,0,0,0,0,,0,1,0,0,0,0,0,0,0,0,,0,1,0,0,0,0,0,0,0,0,,0,1,0,0,0,0,0,0,0,0,,0,1,0,0,0,0,0,0,0,,0
60219,Neck,颈部（首）,Normal,,1,2,,,,,,,,,,,,,,,0,,0,0,0,0,0,0,0,0,,0,,0,0,0,0,0,0,0,0,,0,,0,0,0,0,0,0,0,0,,0,,0,0,0,0,0,0,0,0,,0,,0,0,0,0,0,0,0,,0
60219,Body,躯干（本体/胴体）,Normal,4,1,2,,,,,,,,,,,,,,,0,,0,0,0,0,0,0,0,0,,0,,0,0,0,0,0,0,0,0,,0,,0,0,0,0,0,0,0,0,,0,,0,0,0,0,0,0,0,0,,0,,0,0,0,0,0,0,0,,0
60219,Tail,尾部（尻尾）,Normal,6,1,2,,,,,,,,,,,,,,,18,1,0,1,0,0,0,0,0,0,,0,1,0,0,0,0,0,0,0,0,,0,1,0,0,0,0,0,0,0,0,,0,1,0,0,0,0,0,0,0,0,,0,1,0,0,0,0,0,0,0,,0
60219,LeftWing,左翼,Normal,3,1,2,,,,,,,,,,,,,,,6,1,1,1,1,0,0,0,0,0,,0,1,0,0,0,0,0,0,0,0,,0,1,0,0,0,0,0,0,0,0,,0,1,0,0,0,0,0,0,0,0,,0,1,0,0,0,0,0,0,0,,0
60219,RightWing,右翼,Normal,3,1,2,,,,,,,,,,,,,,,6,1,1,1,1,0,0,0,0,0,,0,1,0,0,0,0,0,0,0,0,,0,1,0,0,0,0,0,0,0,0,,0,1,0,0,0,0,0,0,0,0,,0,1,0,0,0,0,0,0,0,,0
60219,LeftLeg,左（前）腿,Normal,4,1,2,8,1,,,,,,,,,,,,,0,,0,0,0,0,0,0,0,0,,0,,0,0,0,0,0,0,0,0,,0,,0,0,0,0,0,0,0,0,,0,,0,0,0,0,0,0,0,0,,0,,0,0,0,0,0,0,0,,0
60219,RightLeg,右（前）腿,Normal,4,1,2,8,1,,,,,,,,,,,,,0,,0,0,0,0,0,0,0,0,,0,,0,0,0,0,0,0,0,0,,0,,0,0,0,0,0,0,0,0,,0,,0,0,0,0,0,0,0,0,,0,,0,0,0,0,0,0,0,,0
60220,WholeBody,全身,Normal,,,,,,,,,,,,,,,,,,,,,,,,,,,,,,,,,,,,,,,,,,,,,,,,,,,,,,,,,,,,,,,,,,,,,,,,
60220,Head,头部,Normal,48,1,,,,,,,,,,,,,,,,,,,,,,,,,,,,,,,,,,,,,,,,,,,,,,,,,,,,,,,,,,,,,,,,,,,,,,
60220,Body,躯干（本体/胴体）,Normal,48,1,,,,,,,,,,,,,,,,,,,,,,,,,,,,,,,,,,,,,,,,,,,,,,,,,,,,,,,,,,,,,,,,,,,,,,
60220,LeftLeg,左（前）腿,Normal,48,1,,64,1,,,,,,,,,,,,,,,,,,,,,,,,,,,,,,,,,,,,,,,,,,,,,,,,,,,,,,,,,,,,,,,,,,,
60220,RightLeg,右（前）腿,Normal,48,1,,64,1,,,,,,,,,,,,,,,,,,,,,,,,,,,,,,,,,,,,,,,,,,,,,,,,,,,,,,,,,,,,,,,,,,,
60220,LeftBackLeg,左后腿,Normal,48,1,,64,1,,,,,,,,,,,,,,,,,,,,,,,,,,,,,,,,,,,,,,,,,,,,,,,,,,,,,,,,,,,,,,,,,,,
60220,RightBackLeg,右后腿,Normal,48,1,,64,1,,,,,,,,,,,,,,,,,,,,,,,,,,,,,,,,,,,,,,,,,,,,,,,,,,,,,,,,,,,,,,,,,,,
60220,LeftHand,左手（钳）,Normal,48,1,,,,,,,,,,,,,,,,,,,,,,,,,,,,,,,,,,,,,,,,,,,,,,,,,,,,,,,,,,,,,,,,,,,,,,
60220,RightHand,右手（钳）,Normal,48,1,,,,,,,,,,,,,,,,,,,,,,,,,,,,,,,,,,,,,,,,,,,,,,,,,,,,,,,,,,,,,,,,,,,,,,
60220,LeftArm,左臂,Normal,48,1,,,,,,,,,,,,,,,,,,,,,,,,,,,,,,,,,,,,,,,,,,,,,,,,,,,,,,,,,,,,,,,,,,,,,,
60220,RightArm,右臂,Normal,48,1,,,,,,,,,,,,,,,,,,,,,,,,,,,,,,,,,,,,,,,,,,,,,,,,,,,,,,,,,,,,,,,,,,,,,,
60220,Shell,壳,Normal,48,1,,,,,,,,,,,,,,,,48,1,1,1,1,1,1,1,1,1,,48,1,1,1,1,1,1,1,1,1,,48,1,1,1,1,1,1,1,1,1,,,,,,,,,,,,,,,,,,,,,,,
60221,WholeBody,全身,Normal,,,,,,,,,,,,,,,,,,,,,,,,,,,,,,,,,,,,,,,,,,,,,,,,,,,,,,,,,,,,,,,,,,,,,,,,
60221,Head,头部,Normal,48,1,,,,,,,,,,,,,,,,,,,,,,,,,,,,,,,,,,,,,,,,,,,,,,,,,,,,,,,,,,,,,,,,,,,,,,
60221,Body,躯干（本体/胴体）,Normal,48,1,,,,,,,,,,,,,,,,,,,,,,,,,,,,,,,,,,,,,,,,,,,,,,,,,,,,,,,,,,,,,,,,,,,,,,
60221,LeftLeg,左（前）腿,Normal,48,1,,64,1,,,,,,,,,,,,,,,,,,,,,,,,,,,,,,,,,,,,,,,,,,,,,,,,,,,,,,,,,,,,,,,,,,,
60221,RightLeg,右（前）腿,Normal,48,1,,64,1,,,,,,,,,,,,,,,,,,,,,,,,,,,,,,,,,,,,,,,,,,,,,,,,,,,,,,,,,,,,,,,,,,,
60221,LeftBackLeg,左后腿,Normal,48,1,,64,1,,,,,,,,,,,,,,,,,,,,,,,,,,,,,,,,,,,,,,,,,,,,,,,,,,,,,,,,,,,,,,,,,,,
60221,RightBackLeg,右后腿,Normal,48,1,,64,1,,,,,,,,,,,,,,,,,,,,,,,,,,,,,,,,,,,,,,,,,,,,,,,,,,,,,,,,,,,,,,,,,,,
60221,LeftHand,左手（钳）,Normal,48,1,,,,,,,,,,,,,,,,,,,,,,,,,,,,,,,,,,,,,,,,,,,,,,,,,,,,,,,,,,,,,,,,,,,,,,
60221,RightHand,右手（钳）,Normal,48,1,,,,,,,,,,,,,,,,,,,,,,,,,,,,,,,,,,,,,,,,,,,,,,,,,,,,,,,,,,,,,,,,,,,,,,
60221,LeftArm,左臂,Normal,48,1,,,,,,,,,,,,,,,,,,,,,,,,,,,,,,,,,,,,,,,,,,,,,,,,,,,,,,,,,,,,,,,,,,,,,,
60221,RightArm,右臂,Normal,48,1,,,,,,,,,,,,,,,,,,,,,,,,,,,,,,,,,,,,,,,,,,,,,,,,,,,,,,,,,,,,,,,,,,,,,,
60221,Shell,壳,Normal,48,1,,,,,,,,,,,,,,,,48,1,1,1,1,1,1,1,1,1,,48,1,1,1,1,1,1,1,1,1,,,,,,,,,,,,,,,,,,,,,,,,,,,,,,,,,,
60222,WholeBody,全身,Normal,,,,,,,,,,,,,,,,,,,,,,,,,,,,,,,,,,,,,,,,,,,,,,,,,,,,,,,,,,,,,,,,,,,,,,,,
60222,Head,头部,Normal,48,1,,,,,,,,,,,,,,,,,,,,,,,,,,,,,,,,,,,,,,,,,,,,,,,,,,,,,,,,,,,,,,,,,,,,,,
60222,Body,躯干（本体/胴体）,Normal,48,1,,,,,,,,,,,,,,,,,,,,,,,,,,,,,,,,,,,,,,,,,,,,,,,,,,,,,,,,,,,,,,,,,,,,,,
60222,LeftLeg,左（前）腿,Normal,48,1,,64,1,,,,,,,,,,,,,,,,,,,,,,,,,,,,,,,,,,,,,,,,,,,,,,,,,,,,,,,,,,,,,,,,,,,
60222,RightLeg,右（前）腿,Normal,48,1,,64,1,,,,,,,,,,,,,,,,,,,,,,,,,,,,,,,,,,,,,,,,,,,,,,,,,,,,,,,,,,,,,,,,,,,
60222,LeftBackLeg,左后腿,Normal,48,1,,64,1,,,,,,,,,,,,,,,,,,,,,,,,,,,,,,,,,,,,,,,,,,,,,,,,,,,,,,,,,,,,,,,,,,,
60222,RightBackLeg,右后腿,Normal,48,1,,64,1,,,,,,,,,,,,,,,,,,,,,,,,,,,,,,,,,,,,,,,,,,,,,,,,,,,,,,,,,,,,,,,,,,,
60222,LeftHand,左手（钳）,Normal,48,1,,,,,,,,,,,,,,,,,,,,,,,,,,,,,,,,,,,,,,,,,,,,,,,,,,,,,,,,,,,,,,,,,,,,,,
60222,RightHand,右手（钳）,Normal,48,1,,,,,,,,,,,,,,,,,,,,,,,,,,,,,,,,,,,,,,,,,,,,,,,,,,,,,,,,,,,,,,,,,,,,,,
60222,LeftArm,左臂,Normal,48,1,,,,,,,,,,,,,,,,,,,,,,,,,,,,,,,,,,,,,,,,,,,,,,,,,,,,,,,,,,,,,,,,,,,,,,
60222,RightArm,右臂,Normal,48,1,,,,,,,,,,,,,,,,,,,,,,,,,,,,,,,,,,,,,,,,,,,,,,,,,,,,,,,,,,,,,,,,,,,,,,
60222,Shell,壳,Normal,48,1,,,,,,,,,,,,,,,,48,1,1,1,1,1,1,1,1,1,,48,1,1,1,1,1,1,1,1,1,,,,,,,,,,,,,,,,,,,,,,,,,,,,,,,,,,
60230,WholeBody,全身,Normal,,,500,,,,,,,,,,,,,,,,,,,,,,,,,,,,,,,,,,,,,,,,,,,,,,,,,,,,,,,,,,,,,,,,,,,,,
60230,Body,躯干（本体/胴体）,Normal,4,1,500,,,,,,,,,,,,,,,8,1,1,1,1,0,0,0,0,,,,,,,,,,,,,,,,,,,,,,,,,,,,,,,,,,,,,,,,,,,,,,
60230,Head,头部,Normal,4,1,500,,,,,,,,,,,,,,,,,,,,,,,,,,,,,,,,,,,,,,,,,,,,,,,,,,,,,,,,,,,,,,,,,,,,,
60230,Neck,颈部（首）,Normal,4,1,500,,,,,,,,,,,,,,,,,,,,,,,,,,,,,,,,,,,,,,,,,,,,,,,,,,,,,,,,,,,,,,,,,,,,,
60230,RightWing,右翼,Normal,5,1,500,,,,,,,,,,,,,,,,,,,,,,,,,,,,,,,,,,,,,,,,,,,,,,,,,,,,,,,,,,,,,,,,,,,,,
60230,LeftLeg,左（前）腿,Normal,3,1,500,6,1,,,,,,,,,,,,,,,,,,,,,,,,,,,,,,,,,,,,,,,,,,,,,,,,,,,,,,,,,,,,,,,,,,,
60230,RightLeg,右（前）腿,Normal,3,1,500,6,1,,,,,,,,,,,,,,,,,,,,,,,,,,,,,,,,,,,,,,,,,,,,,,,,,,,,,,,,,,,,,,,,,,,
60230,Tail,尾部（尻尾）,Normal,,1,500,,,,,,,,,,,,,,,8,1,0,1,0,0,0,0,0,0,,,,,,,,,,,,,,,,,,,,,,,,,,,,,,,,,,,,,,,,,,,,,
60230,Abdomen,腹部,Normal,4,1,500,,,,,,,,,,,,,,,4,1,1,1,1,0,0,0,0,0,,,,,,,,,,,,,,,,,,,,,,,,,,,,,,,,,,,,,,,,,,,,,
60230,Back,背部,Normal,4,1,500,,,,,,,,,,,,,,,,,,,,,,,,,,,,,,,,,,,,,,,,,,,,,,,,,,,,,,,,,,,,,,,,,,,,,
60230,LeftWing,左翼,Normal,5,1,500,,,,,,,,,,,,,,,,,,,,,,,,,,,,,,,,,,,,,,,,,,,,,,,,,,,,,,,,,,,,,,,,,,,,,
60231,WholeBody,全身,Normal,,,500,,,,,,,,,,,,,,,,,,,,,,,,,,,,,,,,,,,,,,,,,,,,,,,,,,,,,,,,,,,,,,,,,,,,,
60231,Body,躯干（本体/胴体）,Normal,4,1,500,,,,,,,,,,,,,,,,,,,,,,,,,,,,,,,,,,,,,,,,,,,,,,,,,,,,,,,,,,,,,,,,,,,,,
60231,Head,头部,Normal,4,1,500,,,,,,,,,,,,,,,,,,,,,,,,,,,,,,,,,,,,,,,,,,,,,,,,,,,,,,,,,,,,,,,,,,,,,
60231,Neck,颈部（首）,Normal,4,1,500,,,,,,,,,,,,,,,,,,,,,,,,,,,,,,,,,,,,,,,,,,,,,,,,,,,,,,,,,,,,,,,,,,,,,
60231,RightWing,右翼,Normal,5,1,500,,,,,,,,,,,,,,,,,,,,,,,,,,,,,,,,,,,,,,,,,,,,,,,,,,,,,,,,,,,,,,,,,,,,,
60231,LeftLeg,左（前）腿,Normal,4,1,500,7,1,,,,,,,,,,,,,,,,,,,,,,,,,,,,,,,,,,,,,,,,,,,,,,,,,,,,,,,,,,,,,,,,,,,
60231,RightLeg,右（前）腿,Normal,4,1,500,7,1,,,,,,,,,,,,,,,,,,,,,,,,,,,,,,,,,,,,,,,,,,,,,,,,,,,,,,,,,,,,,,,,,,,
60231,Tail,尾部（尻尾）,Normal,,1,500,,,,,,,,,,,,,,,9,1,0,1,0,0,0,0,0,0,,,,,,,,,,,,,,,,,,,,,,,,,,,,,,,,,,,,,,,,,,,,,
60231,Abdomen,腹部,Normal,8,1,500,,,,,,,,,,,,,,,12,1,1,1,1,0,0,0,0,0,,,,,,,,,,,,,,,,,,,,,,,,,,,,,,,,,,,,,,,,,,,,,
60231,Back,背部,Normal,4,1,500,,,,,,,,,,,,,,,,,,,,,,,,,,,,,,,,,,,,,,,,,,,,,,,,,,,,,,,,,,,,,,,,,,,,,
60231,LeftWing,左翼,Normal,5,1,500,,,,,,,,,,,,,,,,,,,,,,,,,,,,,,,,,,,,,,,,,,,,,,,,,,,,,,,,,,,,,,,,,,,,,
60232,WholeBody,全身,Normal,,,500,,,,,,,,,,,,,,,,,,,,,,,,,,,,,,,,,,,,,,,,,,,,,,,,,,,,,,,,,,,,,,,,,,,,,
60232,Body,躯干（本体/胴体）,Normal,4,1,500,,,,,,,,,,,,,,,8,1,1,1,1,0,0,0,0,,,,,,,,,,,,,,,,,,,,,,,,,,,,,,,,,,,,,,,,,,,,,,
60232,Head,头部,Normal,4,1,500,,,,,,,,,,,,,,,,,,,,,,,,,,,,,,,,,,,,,,,,,,,,,,,,,,,,,,,,,,,,,,,,,,,,,
60232,Neck,颈部（首）,Normal,4,1,500,,,,,,,,,,,,,,,,,,,,,,,,,,,,,,,,,,,,,,,,,,,,,,,,,,,,,,,,,,,,,,,,,,,,,
60232,RightWing,右翼,Normal,4,1,500,,,,,,,,,,,,,,,,,,,,,,,,,,,,,,,,,,,,,,,,,,,,,,,,,,,,,,,,,,,,,,,,,,,,,
60232,LeftLeg,左（前）腿,Normal,3,1,500,6,1,,,,,,,,,,,,,,,,,,,,,,,,,,,,,,,,,,,,,,,,,,,,,,,,,,,,,,,,,,,,,,,,,,,
60232,RightLeg,右（前）腿,Normal,3,1,500,6,1,,,,,,,,,,,,,,,,,,,,,,,,,,,,,,,,,,,,,,,,,,,,,,,,,,,,,,,,,,,,,,,,,,,
60232,Tail,尾部（尻尾）,Normal,,1,500,,,,,,,,,,,,,,,8,1,0,1,0,0,0,0,0,0,,,,,,,,,,,,,,,,,,,,,,,,,,,,,,,,,,,,,,,,,,,,,
60232,Abdomen,腹部,Normal,4,1,500,,,,,,,,,,,,,,,4,1,1,1,1,0,0,0,0,0,,,,,,,,,,,,,,,,,,,,,,,,,,,,,,,,,,,,,,,,,,,,,
60232,Back,背部,Normal,4,1,500,,,,,,,,,,,,,,,,,,,,,,,,,,,,,,,,,,,,,,,,,,,,,,,,,,,,,,,,,,,,,,,,,,,,,
60232,LeftWing,左翼,Normal,4,1,500,,,,,,,,,,,,,,,,,,,,,,,,,,,,,,,,,,,,,,,,,,,,,,,,,,,,,,,,,,,,,,,,,,,,,
60233,WholeBody,全身,Normal,,,500,,,,,,,,,,,,,,,,,,,,,,,,,,,,,,,,,,,,,,,,,,,,,,,,,,,,,,,,,,,,,,,,,,,,,
60233,Body,躯干（本体/胴体）,Normal,4,1,500,,,,,,,,,,,,,,,8,1,1,1,1,0,0,0,0,,,,,,,,,,,,,,,,,,,,,,,,,,,,,,,,,,,,,,,,,,,,,,
60233,Head,头部,Normal,4,1,500,,,,,,,,,,,,,,,,,,,,,,,,,,,,,,,,,,,,,,,,,,,,,,,,,,,,,,,,,,,,,,,,,,,,,
60233,Neck,颈部（首）,Normal,4,1,500,,,,,,,,,,,,,,,,,,,,,,,,,,,,,,,,,,,,,,,,,,,,,,,,,,,,,,,,,,,,,,,,,,,,,
60233,RightWing,右翼,Normal,5,1,500,,,,,,,,,,,,,,,,,,,,,,,,,,,,,,,,,,,,,,,,,,,,,,,,,,,,,,,,,,,,,,,,,,,,,
60233,LeftLeg,左（前）腿,Normal,3,1,500,6,1,,,,,,,,,,,,,,,,,,,,,,,,,,,,,,,,,,,,,,,,,,,,,,,,,,,,,,,,,,,,,,,,,,,
60233,RightLeg,右（前）腿,Normal,3,1,500,6,1,,,,,,,,,,,,,,,,,,,,,,,,,,,,,,,,,,,,,,,,,,,,,,,,,,,,,,,,,,,,,,,,,,,
60233,Tail,尾部（尻尾）,Normal,,1,500,,,,,,,,,,,,,,,8,1,0,1,0,0,0,0,0,0,,,,,,,,,,,,,,,,,,,,,,,,,,,,,,,,,,,,,,,,,,,,,
60233,Abdomen,腹部,Normal,4,1,500,,,,,,,,,,,,,,,4,1,1,1,1,0,0,0,0,0,,,,,,,,,,,,,,,,,,,,,,,,,,,,,,,,,,,,,,,,,,,,,
60233,Back,背部,Normal,4,1,500,,,,,,,,,,,,,,,,,,,,,,,,,,,,,,,,,,,,,,,,,,,,,,,,,,,,,,,,,,,,,,,,,,,,,
60233,LeftWing,左翼,Normal,5,1,500,,,,,,,,,,,,,,,,,,,,,,,,,,,,,,,,,,,,,,,,,,,,,,,,,,,,,,,,,,,,,,,,,,,,,
60240,WholeBody,全身,Normal,,,,,,,,,,,,,,,,,,,,,,,,,,,,,,,,,,,,,,,,,,,,,,,,,,,,,,,,,,,,,,,,,,,,,,,,
60240,Body,躯干（本体/胴体）,Normal,5,1,2,,,,,,,,,,,,,,,7,1,1,1,1,0,0,0,0,0,,0,1,0,0,0,0,0,0,0,0,,0,1,0,0,0,0,0,0,0,0,,0,1,0,0,0,0,0,0,0,0,,0,1,0,0,0,0,0,0,0,,0
60240,Tail,尾部（尻尾）,Normal,5,1,2,,,,,,,,,,,,,,,8,1,0,1,0,0,0,0,0,0,,0,1,0,0,0,0,0,0,0,0,,0,1,0,0,0,0,0,0,0,0,,0,1,0,0,0,0,0,0,0,0,,0,1,0,0,0,0,0,0,0,,0
60240,LeftLeg,左（前）腿,Normal,4,1,2,,,,,,,,,,,,,,,,,,,,,,,,,,,,,,,,,,,,,,,,,,,,,,,,,,,,,,,,,,,,,,,,,,,,,
60240,RightLeg,右（前）腿,Normal,4,1,2,,,,,,,,,,,,,,,,,,,,,,,,,,,,,,,,,,,,,,,,,,,,,,,,,,,,,,,,,,,,,,,,,,,,,
60240,Head,头部,Normal,5,1,2,,,,,,,,,,,,,,,7,1,1,1,1,0,0,0,0,0,,0,1,0,0,0,0,0,0,0,0,,0,1,0,0,0,0,0,0,0,0,,0,1,0,0,0,0,0,0,0,0,,0,1,0,0,0,0,0,0,0,,0
60240,Neck,颈部（首）,Normal,5,1,2,,,,,,,,,,,,,,,,,,,,,,,,,,,,,,,,,,,,,,,,,,,,,,,,,,,,,,,,,,,,,,,,,,,,,
60240,LeftWing,左翼,Normal,4,1,2,,,,,,,,,,,,,,,6,1,1,1,1,0,0,0,0,0,,0,1,0,0,0,0,0,0,0,0,,0,1,0,0,0,0,0,0,0,0,,0,1,0,0,0,0,0,0,0,0,,0,1,0,0,0,0,0,0,0,,0
60240,RightWing,右翼,Normal,4,1,2,,,,,,,,,,,,,,,6,1,1,1,1,0,0,0,0,0,,0,1,0,0,0,0,0,0,0,0,,0,1,0,0,0,0,0,0,0,0,,0,1,0,0,0,0,0,0,0,0,,0,1,0,0,0,0,0,0,0,,0
60240,LeftHand,左手（钳）,Normal,,,,,,,,,,,,,,,,,,,,,,,,,,,,,,,,,,,,,,,,,,,,,,,,,,,,,,,,,,,,,,,,,,,,,,,,
60240,RightHand,右手（钳）,Normal,,,,,,,,,,,,,,,,,,,,,,,,,,,,,,,,,,,,,,,,,,,,,,,,,,,,,,,,,,,,,,,,,,,,,,,,
60242,WholeBody,全身,Normal,,,,,,,,,,,,,,,,,,,,,,,,,,,,,,,,,,,,,,,,,,,,,,,,,,,,,,,,,,,,,,,,,,,,,,,,
60242,Body,躯干（本体/胴体）,Normal,6,1,2,,,,,,,,,,,,,,,7,1,1,1,1,0,0,0,0,0,,0,1,0,0,0,0,0,0,0,0,,0,1,0,0,0,0,0,0,0,0,,0,1,0,0,0,0,0,0,0,0,,0,1,0,0,0,0,0,0,0,,0
60242,Tail,尾部（尻尾）,Normal,6,1,2,,,,,,,,,,,,,,,8,1,0,1,0,0,0,0,0,0,,0,1,0,0,0,0,0,0,0,0,,0,1,0,0,0,0,0,0,0,0,,0,1,0,0,0,0,0,0,0,0,,0,1,0,0,0,0,0,0,0,,0
60242,LeftLeg,左（前）腿,Normal,5,1,2,,,,,,,,,,,,,,,,,,,,,,,,,,,,,,,,,,,,,,,,,,,,,,,,,,,,,,,,,,,,,,,,,,,,,
60242,RightLeg,右（前）腿,Normal,5,1,2,,,,,,,,,,,,,,,,,,,,,,,,,,,,,,,,,,,,,,,,,,,,,,,,,,,,,,,,,,,,,,,,,,,,,
60242,Head,头部,Normal,5,1,2,,,,,,,,,,,,,,,7,1,1,1,1,0,0,0,0,0,,0,1,0,0,0,0,0,0,0,0,,0,1,0,0,0,0,0,0,0,0,,0,1,0,0,0,0,0,0,0,0,,0,1,0,0,0,0,0,0,0,,0
60242,Neck,颈部（首）,Normal,,1,2,,,,,,,,,,,,,,,,,,,,,,,,,,,,,,,,,,,,,,,,,,,,,,,,,,,,,,,,,,,,,,,,,,,,,
60242,LeftWing,左翼,Normal,6,1,2,,,,,,,,,,,,,,,6,1,1,1,1,0,0,0,0,0,,0,1,0,0,0,0,0,0,0,0,,0,1,0,0,0,0,0,0,0,0,,0,1,0,0,0,0,0,0,0,0,,0,1,0,0,0,0,0,0,0,,0
60242,RightWing,右翼,Normal,6,1,2,,,,,,,,,,,,,,,6,1,1,1,1,0,0,0,0,0,,0,1,0,0,0,0,0,0,0,0,,0,1,0,0,0,0,0,0,0,0,,0,1,0,0,0,0,0,0,0,0,,0,1,0,0,0,0,0,0,0,,0
60242,LeftHand,左手（钳）,Normal,,,,,,,,,,,,,,,,,,,,,,,,,,,,,,,,,,,,,,,,,,,,,,,,,,,,,,,,,,,,,,,,,,,,,,,,
60242,RightHand,右手（钳）,Normal,,,,,,,,,,,,,,,,,,,,,,,,,,,,,,,,,,,,,,,,,,,,,,,,,,,,,,,,,,,,,,,,,,,,,,,,
60243,WholeBody,全身,Normal,,,,,,,,,,,,,,,,,,,,,,,,,,,,,,,,,,,,,,,,,,,,,,,,,,,,,,,,,,,,,,,,,,,,,,,,
60243,Body,躯干（本体/胴体）,Normal,6,1,2,,,,,,,,,,,,,,,7,1,1,1,1,0,0,0,0,0,,0,1,0,0,0,0,0,0,0,0,,0,1,0,0,0,0,0,0,0,0,,0,1,0,0,0,0,0,0,0,0,,0,1,0,0,0,0,0,0,0,,0
60243,Tail,尾部（尻尾）,Normal,6,1,2,,,,,,,,,,,,,,,8,1,0,1,0,0,0,0,0,0,,0,1,0,0,0,0,0,0,0,0,,0,1,0,0,0,0,0,0,0,0,,0,1,0,0,0,0,0,0,0,0,,0,1,0,0,0,0,0,0,0,,0
60243,LeftLeg,左（前）腿,Normal,5,1,2,,,,,,,,,,,,,,,,,,,,,,,,,,,,,,,,,,,,,,,,,,,,,,,,,,,,,,,,,,,,,,,,,,,,,
60243,RightLeg,右（前）腿,Normal,5,1,2,,,,,,,,,,,,,,,,,,,,,,,,,,,,,,,,,,,,,,,,,,,,,,,,,,,,,,,,,,,,,,,,,,,,,
60243,Head,头部,Normal,5,1,2,,,,,,,,,,,,,,,7,1,1,1,1,0,0,0,0,0,,0,1,0,0,0,0,0,0,0,0,,0,1,0,0,0,0,0,0,0,0,,0,1,0,0,0,0,0,0,0,0,,0,1,0,0,0,0,0,0,0,,0
60243,Neck,颈部（首）,Normal,,1,2,,,,,,,,,,,,,,,,,,,,,,,,,,,,,,,,,,,,,,,,,,,,,,,,,,,,,,,,,,,,,,,,,,,,,
60243,LeftWing,左翼,Normal,6,1,2,,,,,,,,,,,,,,,6,1,1,1,1,0,0,0,0,0,,0,1,0,0,0,0,0,0,0,0,,0,1,0,0,0,0,0,0,0,0,,0,1,0,0,0,0,0,0,0,0,,0,1,0,0,0,0,0,0,0,,0
60243,RightWing,右翼,Normal,6,1,2,,,,,,,,,,,,,,,6,1,1,1,1,0,0,0,0,0,,0,1,0,0,0,0,0,0,0,0,,0,1,0,0,0,0,0,0,0,0,,0,1,0,0,0,0,0,0,0,0,,0,1,0,0,0,0,0,0,0,,0
60243,LeftHand,左手（钳）,Normal,,,,,,,,,,,,,,,,,,,,,,,,,,,,,,,,,,,,,,,,,,,,,,,,,,,,,,,,,,,,,,,,,,,,,,,,
60243,RightHand,右手（钳）,Normal,,,,,,,,,,,,,,,,,,,,,,,,,,,,,,,,,,,,,,,,,,,,,,,,,,,,,,,,,,,,,,,,,,,,,,,,
60250,WholeBody,全身,Normal,,,2,,,,,,,,,,,,,,,,,,,,,,,,,,,,,,,,,,,,,,,,,,,,,,,,,,,,,,,,,,,,,,,,,,,,,
60250,Head,头部,Normal,4,1,2,,,,,,,,,,,,,,,7,1,1,1,1,0,0,0,0,0,,0,1,0,0,0,0,0,0,0,0,,0,1,0,0,0,0,0,0,0,0,,0,1,0,0,0,0,0,0,0,0,,0,1,0,0,0,0,0,0,0,,0
60250,Neck,颈部（首）,Normal,,1,2,,,,,,,,,,,,,,,0,,0,0,0,0,0,0,0,0,,0,,0,0,0,0,0,0,0,0,,0,,0,0,0,0,0,0,0,0,,0,,0,0,0,0,0,0,0,0,,0,,0,0,0,0,0,0,0,,0
60250,Body,躯干（本体/胴体）,Normal,4,1,2,,,,,,,,,,,,,,,0,,0,0,0,0,0,0,0,0,,0,,0,0,0,0,0,0,0,0,,0,,0,0,0,0,0,0,0,0,,0,,0,0,0,0,0,0,0,0,,0,,0,0,0,0,0,0,0,,0
60250,Tail,尾部（尻尾）,Normal,4,1,2,,,,,,,,,,,,,,,9,1,0,1,0,0,0,0,0,0,,0,1,0,0,0,0,0,0,0,0,,0,1,0,0,0,0,0,0,0,0,,0,1,0,0,0,0,0,0,0,0,,0,1,0,0,0,0,0,0,0,,0
60250,LeftWing,左翼,Normal,4,1,2,,,,,,,,,,,,,,,6,1,1,1,1,0,0,0,0,0,,0,1,0,0,0,0,0,0,0,0,,0,1,0,0,0,0,0,0,0,0,,0,1,0,0,0,0,0,0,0,0,,0,1,0,0,0,0,0,0,0,,0
60250,RightWing,右翼,Normal,4,1,2,,,,,,,,,,,,,,,6,1,1,1,1,0,0,0,0,0,,0,1,0,0,0,0,0,0,0,0,,0,1,0,0,0,0,0,0,0,0,,0,1,0,0,0,0,0,0,0,0,,0,1,0,0,0,0,0,0,0,,0
60250,LeftLeg,左（前）腿,Normal,3,1,2,6,1,,,,,,,,,,,,,0,,0,0,0,0,0,0,0,0,,0,,0,0,0,0,0,0,0,0,,0,,0,0,0,0,0,0,0,0,,0,,0,0,0,0,0,0,0,0,,0,,0,0,0,0,0,0,0,,0
60250,RightLeg,右（前）腿,Normal,3,1,2,6,1,,,,,,,,,,,,,0,,0,0,0,0,0,0,0,0,,0,,0,0,0,0,0,0,0,0,,0,,0,0,0,0,0,0,0,0,,0,,0,0,0,0,0,0,0,0,,0,,0,0,0,0,0,0,0,,0
60251,WholeBody,全身,Normal,,,2,,,,,,,,,,,,,,,,,,,,,,,,,,,,,,,,,,,,,,,,,,,,,,,,,,,,,,,,,,,,,,,,,,,,,
60251,Head,头部,Normal,6,1,2,,,,,,,,,,,,,,,8,1,1,1,1,0,0,0,0,0,,0,1,0,0,0,0,0,0,0,0,,0,1,0,0,0,0,0,0,0,0,,0,1,0,0,0,0,0,0,0,0,,0,1,0,0,0,0,0,0,0,,0
60251,Neck,颈部（首）,Normal,,1,2,,,,,,,,,,,,,,,0,,0,0,0,0,0,0,0,0,,0,,0,0,0,0,0,0,0,0,,0,,0,0,0,0,0,0,0,0,,0,,0,0,0,0,0,0,0,0,,0,,0,0,0,0,0,0,0,,0
60251,Body,躯干（本体/胴体）,Normal,5,1,2,,,,,,,,,,,,,,,0,,0,0,0,0,0,0,0,0,,0,,0,0,0,0,0,0,0,0,,0,,0,0,0,0,0,0,0,0,,0,,0,0,0,0,0,0,0,0,,0,,0,0,0,0,0,0,0,,0
60251,Tail,尾部（尻尾）,Normal,5,1,2,,,,,,,,,,,,,,,10,1,0,1,0,0,0,0,0,0,,0,1,0,0,0,0,0,0,0,0,,0,1,0,0,0,0,0,0,0,0,,0,1,0,0,0,0,0,0,0,0,,0,1,0,0,0,0,0,0,0,,0
60251,LeftWing,左翼,Normal,4,1,2,,,,,,,,,,,,,,,6,1,1,1,1,0,0,0,0,0,,0,1,0,0,0,0,0,0,0,0,,0,1,0,0,0,0,0,0,0,0,,0,1,0,0,0,0,0,0,0,0,,0,1,0,0,0,0,0,0,0,,0
60251,RightWing,右翼,Normal,4,1,2,,,,,,,,,,,,,,,6,1,1,1,1,0,0,0,0,0,,0,1,0,0,0,0,0,0,0,0,,0,1,0,0,0,0,0,0,0,0,,0,1,0,0,0,0,0,0,0,0,,0,1,0,0,0,0,0,0,0,,0
60251,LeftLeg,左（前）腿,Normal,5,1,2,10,1,,,,,,,,,,,,,0,,0,0,0,0,0,0,0,0,,0,,0,0,0,0,0,0,0,0,,0,,0,0,0,0,0,0,0,0,,0,,0,0,0,0,0,0,0,0,,0,,0,0,0,0,0,0,0,,0
60251,RightLeg,右（前）腿,Normal,5,1,2,10,1,,,,,,,,,,,,,0,,0,0,0,0,0,0,0,0,,0,,0,0,0,0,0,0,0,0,,0,,0,0,0,0,0,0,0,0,,0,,0,0,0,0,0,0,0,0,,0,,0,0,0,0,0,0,0,,0
60252,WholeBody,全身,Normal,,,2,,,,,,,,,,,,,,,,,,,,,,,,,,,,,,,,,,,,,,,,,,,,,,,,,,,,,,,,,,,,,,,,,,,,,
60252,Head,头部,Normal,4,1,2,,,,,,,,,,,,,,,8,1,1,1,1,0,0,0,0,0,,0,1,0,0,0,0,0,0,0,0,,0,1,0,0,0,0,0,0,0,0,,0,1,0,0,0,0,0,0,0,0,,0,1,0,0,0,0,0,0,0,,0
60252,Neck,颈部（首）,Normal,5,1,2,,,,,,,,,,,,,,,0,,0,0,0,0,0,0,0,0,,0,,0,0,0,0,0,0,0,0,,0,,0,0,0,0,0,0,0,0,,0,,0,0,0,0,0,0,0,0,,0,,0,0,0,0,0,0,0,,0
60252,Back,背部,Normal,6,1,2,,,,,,,,,,,,,,,0,,0,0,0,0,0,0,0,0,,0,,0,0,0,0,0,0,0,0,,0,,0,0,0,0,0,0,0,0,,0,,0,0,0,0,0,0,0,0,,0,,0,0,0,0,0,0,0,,0
60252,Body,躯干（本体/胴体）,Normal,6,1,2,,,,,,,,,,,,,,,0,,0,0,0,0,0,0,0,0,,0,,0,0,0,0,0,0,0,0,,0,,0,0,0,0,0,0,0,0,,0,,0,0,0,0,0,0,0,0,,0,,0,0,0,0,0,0,0,,0
60252,Tail,尾部（尻尾）,Normal,5,1,2,,,,,,,,,,,,,,,10,1,0,1,0,0,0,0,0,0,,0,1,0,0,0,0,0,0,0,0,,0,1,0,0,0,0,0,0,0,0,,0,1,0,0,0,0,0,0,0,0,,0,1,0,0,0,0,0,0,0,,0
60252,TailEnd,尾部（尻尾）,Normal,,,,,,,,,,,,,,,,,,0,,0,0,0,0,0,0,0,0,,0,1,0,0,0,0,0,0,0,0,,0,1,0,0,0,0,0,0,0,0,,0,1,0,0,0,0,0,0,0,0,,0,1,0,0,0,0,0,0,0,,0
60252,LeftWing,左翼,Normal,5,1,2,,,,,,,,,,,,,,,5,1,1,1,1,0,0,0,0,0,,0,1,0,0,0,0,0,0,0,0,,0,1,0,0,0,0,0,0,0,0,,0,1,0,0,0,0,0,0,0,0,,0,1,0,0,0,0,0,0,0,,0
60252,RightWing,右翼,Normal,5,1,2,,,,,,,,,,,,,,,5,1,1,1,1,0,0,0,0,0,,0,1,0,0,0,0,0,0,0,0,,0,1,0,0,0,0,0,0,0,0,,0,1,0,0,0,0,0,0,0,0,,0,1,0,0,0,0,0,0,0,,0
60252,LeftLeg,左（前）腿,Normal,5,1,2,10,1,,,,,,,,,,,,,0,,0,0,0,0,0,0,0,0,,0,,0,0,0,0,0,0,0,0,,0,,0,0,0,0,0,0,0,0,,0,,0,0,0,0,0,0,0,0,,0,,0,0,0,0,0,0,0,,0
60252,RightLeg,右（前）腿,Normal,5,1,2,10,1,,,,,,,,,,,,,0,,0,0,0,0,0,0,0,0,,0,,0,0,0,0,0,0,0,0,,0,,0,0,0,0,0,0,0,0,,0,,0,0,0,0,0,0,0,0,,0,,0,0,0,0,0,0,0,,0
60254,WholeBody,全身,Normal,,,2,,,,,,,,,,,,,,,,,,,,,,,,,,,,,,,,,,,,,,,,,,,,,,,,,,,,,,,,,,,,,,,,,,,,,
60254,Head,头部,Normal,6,1,2,,,,,,,,,,,,,,,10,1,1,1,1,0,0,0,0,0,,0,1,0,0,0,0,0,0,0,0,,0,1,0,0,0,0,0,0,0,0,,0,1,0,0,0,0,0,0,0,0,,0,1,0,0,0,0,0,0,0,,0
60254,Neck,颈部（首）,Normal,7,1,2,,,,,,,,,,,,,,,0,,0,0,0,0,0,0,0,0,,0,,0,0,0,0,0,0,0,0,,0,,0,0,0,0,0,0,0,0,,0,,0,0,0,0,0,0,0,0,,0,,0,0,0,0,0,0,0,,0
60254,Back,背部,Normal,8,1,2,,,,,,,,,,,,,,,0,,0,0,0,0,0,0,0,0,,0,,0,0,0,0,0,0,0,0,,0,,0,0,0,0,0,0,0,0,,0,,0,0,0,0,0,0,0,0,,0,,0,0,0,0,0,0,0,,0
60254,Body,躯干（本体/胴体）,Normal,8,1,2,,,,,,,,,,,,,,,0,,0,0,0,0,0,0,0,0,,0,,0,0,0,0,0,0,0,0,,0,,0,0,0,0,0,0,0,0,,0,,0,0,0,0,0,0,0,0,,0,,0,0,0,0,0,0,0,,0
60254,Tail,尾部（尻尾）,Normal,7,1,2,,,,,,,,,,,,,,,12,1,0,1,0,0,0,0,0,0,,0,1,0,0,0,0,0,0,0,0,,0,1,0,0,0,0,0,0,0,0,,0,1,0,0,0,0,0,0,0,0,,0,1,0,0,0,0,0,0,0,,0
60254,TailEnd,尾部（尻尾）,Normal,,,,,,,,,,,,,,,,,,0,,0,0,0,0,0,0,0,0,,0,1,0,0,0,0,0,0,0,0,,0,1,0,0,0,0,0,0,0,0,,0,1,0,0,0,0,0,0,0,0,,0,1,0,0,0,0,0,0,0,,0
60254,LeftWing,左翼,Normal,7,1,2,,,,,,,,,,,,,,,7,1,1,1,1,0,0,0,0,0,,0,1,0,0,0,0,0,0,0,0,,0,1,0,0,0,0,0,0,0,0,,0,1,0,0,0,0,0,0,0,0,,0,1,0,0,0,0,0,0,0,,0
60254,RightWing,右翼,Normal,7,1,2,,,,,,,,,,,,,,,7,1,1,1,1,0,0,0,0,0,,0,1,0,0,0,0,0,0,0,0,,0,1,0,0,0,0,0,0,0,0,,0,1,0,0,0,0,0,0,0,0,,0,1,0,0,0,0,0,0,0,,0
60254,LeftLeg,左（前）腿,Normal,7,1,2,14,1,,,,,,,,,,,,,0,,0,0,0,0,0,0,0,0,,0,,0,0,0,0,0,0,0,0,,0,,0,0,0,0,0,0,0,0,,0,,0,0,0,0,0,0,0,0,,0,,0,0,0,0,0,0,0,,0
60254,RightLeg,右（前）腿,Normal,7,1,2,14,1,,,,,,,,,,,,,0,,0,0,0,0,0,0,0,0,,0,,0,0,0,0,0,0,0,0,,0,,0,0,0,0,0,0,0,0,,0,,0,0,0,0,0,0,0,0,,0,,0,0,0,0,0,0,0,,0
60256,WholeBody,全身,Normal,,,2,,,,,,,,,,,,,,,,,,,,,,,,,,,,,,,,,,,,,,,,,,,,,,,,,,,,,,,,,,,,,,,,,,,,,
60256,Head,头部,Normal,6,1,2,,,,,,,,,,,,,,,8,1,1,1,1,0,0,0,0,0,,0,1,0,0,0,0,0,0,0,0,,0,1,0,0,0,0,0,0,0,0,,0,1,0,0,0,0,0,0,0,0,,0,1,0,0,0,0,0,0,0,,0
60256,Neck,颈部（首）,Normal,,1,2,,,,,,,,,,,,,,,0,,0,0,0,0,0,0,0,0,,0,,0,0,0,0,0,0,0,0,,0,,0,0,0,0,0,0,0,0,,0,,0,0,0,0,0,0,0,0,,0,,0,0,0,0,0,0,0,,0
60256,Body,躯干（本体/胴体）,Normal,5,1,2,,,,,,,,,,,,,,,0,,0,0,0,0,0,0,0,0,,0,,0,0,0,0,0,0,0,0,,0,,0,0,0,0,0,0,0,0,,0,,0,0,0,0,0,0,0,0,,0,,0,0,0,0,0,0,0,,0
60256,Tail,尾部（尻尾）,Normal,5,1,2,,,,,,,,,,,,,,,10,1,0,1,0,0,0,0,0,0,,0,1,0,0,0,0,0,0,0,0,,0,1,0,0,0,0,0,0,0,0,,0,1,0,0,0,0,0,0,0,0,,0,1,0,0,0,0,0,0,0,,0
60256,LeftWing,左翼,Normal,4,1,2,,,,,,,,,,,,,,,6,1,1,1,1,0,0,0,0,0,,0,1,0,0,0,0,0,0,0,0,,0,1,0,0,0,0,0,0,0,0,,0,1,0,0,0,0,0,0,0,0,,0,1,0,0,0,0,0,0,0,,0
60256,RightWing,右翼,Normal,4,1,2,,,,,,,,,,,,,,,6,1,1,1,1,0,0,0,0,0,,0,1,0,0,0,0,0,0,0,0,,0,1,0,0,0,0,0,0,0,0,,0,1,0,0,0,0,0,0,0,0,,0,1,0,0,0,0,0,0,0,,0
60256,LeftLeg,左（前）腿,Normal,5,1,2,10,1,,,,,,,,,,,,,0,,0,0,0,0,0,0,0,0,,0,,0,0,0,0,0,0,0,0,,0,,0,0,0,0,0,0,0,0,,0,,0,0,0,0,0,0,0,0,,0,,0,0,0,0,0,0,0,,0
60256,RightLeg,右（前）腿,Normal,5,1,2,10,1,,,,,,,,,,,,,0,,0,0,0,0,0,0,0,0,,0,,0,0,0,0,0,0,0,0,,0,,0,0,0,0,0,0,0,0,,0,,0,0,0,0,0,0,0,0,,0,,0,0,0,0,0,0,0,,0
60257,WholeBody,全身,Normal,,,2,,,,,,,,,,,,,,,,,,,,,,,,,,,,,,,,,,,,,,,,,,,,,,,,,,,,,,,,,,,,,,,,,,,,,
60257,Head,头部,Normal,4,1,2,,,,,,,,,,,,,,,10,1,1,1,1,0,0,0,0,0,,0,1,0,0,0,0,0,0,0,0,,0,1,0,0,0,0,0,0,0,0,,0,1,0,0,0,0,0,0,0,0,,0,1,0,0,0,0,0,0,0,,0
60257,Neck,颈部（首）,Normal,,1,2,,,,,,,,,,,,,,,0,,0,0,0,0,0,0,0,0,,0,,0,0,0,0,0,0,0,0,,0,,0,0,0,0,0,0,0,0,,0,,0,0,0,0,0,0,0,0,,0,,0,0,0,0,0,0,0,,0
60257,Body,躯干（本体/胴体）,Normal,4,1,2,,,,,,,,,,,,,,,0,,0,0,0,0,0,0,0,0,,0,,0,0,0,0,0,0,0,0,,0,,0,0,0,0,0,0,0,0,,0,,0,0,0,0,0,0,0,0,,0,,0,0,0,0,0,0,0,,0
60257,Tail,尾部（尻尾）,Normal,4,1,2,,,,,,,,,,,,,,,18,1,0,1,0,0,0,0,0,0,,0,1,0,0,0,0,0,0,0,0,,0,1,0,0,0,0,0,0,0,0,,0,1,0,0,0,0,0,0,0,0,,0,1,0,0,0,0,0,0,0,,0
60257,LeftWing,左翼,Normal,4,1,2,,,,,,,,,,,,,,,6,1,1,1,1,0,0,0,0,0,,0,1,0,0,0,0,0,0,0,0,,0,1,0,0,0,0,0,0,0,0,,0,1,0,0,0,0,0,0,0,0,,0,1,0,0,0,0,0,0,0,,0
60257,RightWing,右翼,Normal,4,1,2,,,,,,,,,,,,,,,6,1,1,1,1,0,0,0,0,0,,0,1,0,0,0,0,0,0,0,0,,0,1,0,0,0,0,0,0,0,0,,0,1,0,0,0,0,0,0,0,0,,0,1,0,0,0,0,0,0,0,,0
60257,LeftLeg,左（前）腿,Normal,3,1,2,6,1,,,,,,,,,,,,,0,,0,0,0,0,0,0,0,0,,0,,0,0,0,0,0,0,0,0,,0,,0,0,0,0,0,0,0,0,,0,,0,0,0,0,0,0,0,0,,0,,0,0,0,0,0,0,0,,0
60257,RightLeg,右（前）腿,Normal,3,1,2,6,1,,,,,,,,,,,,,0,,0,0,0,0,0,0,0,0,,0,,0,0,0,0,0,0,0,0,,0,,0,0,0,0,0,0,0,0,,0,,0,0,0,0,0,0,0,0,,0,,0,0,0,0,0,0,0,,0
60260,WholeBody,全身,Normal,,,2,,,,,,,,,,,,,,,,,,,,,,,,,,,,,,,,,,,,,,,,,,,,,,,,,,,,,,,,,,,,,,,,,,,,,
60260,tail,尾巴,Normal,6,1,2,,,,,,,,,,,,,,,8,1,0,1,0,0,0,0,0,0,,,,,,,,,,,,,,,,,,,,,,,,,,,,,,,,,,,,,,,,,,,,,
60260,head,头部,Normal,3,1,2,,,,,,,,,,,,,,,5,1,1,1,1,0,0,0,0,0,,4,1,1,1,1,0,0,0,0,0,,,,,,,,,,,,,,,,,,,,,,,,,,,,,,,,,,
60260,Body,躯干（本体/胴体）,Normal,4,1,2,,,,,,,,,,,,,,,,,,,,,,,,,,,,,,,,,,,,,,,,,,,,,,,,,,,,,,,,,,,,,,,,,,,,,
60260,LeftFoot,左脚（足先）,Normal,3,1,2,,1,,,,,,,,,,,,,,,,,,,,,,,,,,,,,,,,,,,,,,,,,,,,,,,,,,,,,,,,,,,,,,,,,,,
60260,RightFoot,右脚（足先）,Normal,3,1,2,,1,,,,,,,,,,,,,,,,,,,,,,,,,,,,,,,,,,,,,,,,,,,,,,,,,,,,,,,,,,,,,,,,,,,
60260,LeftHand,左手（钳）,Normal,3,1,2,,,,,,,,,,,,,,,4,1,1,1,1,0,0,0,0,0,,4,1,1,1,1,,,,,,,,,,,,,,,,,,,,,,,,,,,,,,,,,,,,,,,
60260,RightHand,右手（钳）,Normal,3,1,2,,,,,,,,,,,,,,,4,1,1,1,1,0,0,0,0,0,,4,1,1,1,1,,,,,,,,,,,,,,,,,,,,,,,,,,,,,,,,,,,,,,,
60261,WholeBody,全身,Normal,,,2,,,,,,,,,,,,,,,,,,,,,,,,,,,,,,,,,,,,,,,,,,,,,,,,,,,,,,,,,,,,,,,,,,,,,
60261,tail,尾巴,Normal,6,1,2,,,,,,,,,,,,,,,6,1,0,1,0,0,0,0,0,0,,,,,,,,,,,,,,,,,,,,,,,,,,,,,,,,,,,,,,,,,,,,,
60261,head,头部,Normal,3,1,2,,,,,,,,,,,,,,,5,1,1,1,1,0,0,0,0,0,,3,1,1,1,1,0,0,0,0,0,,,,,,,,,,,,,,,,,,,,,,,,,,,,,,,,,,
60261,Body,躯干（本体/胴体）,Normal,4,1,2,,,,,,,,,,,,,,,,,,,,,,,,,,,,,,,,,,,,,,,,,,,,,,,,,,,,,,,,,,,,,,,,,,,,,
60261,LeftFoot,左脚（足先）,Normal,3,1,2,,1,,,,,,,,,,,,,,,,,,,,,,,,,,,,,,,,,,,,,,,,,,,,,,,,,,,,,,,,,,,,,,,,,,,
60261,RightFoot,右脚（足先）,Normal,3,1,2,,1,,,,,,,,,,,,,,,,,,,,,,,,,,,,,,,,,,,,,,,,,,,,,,,,,,,,,,,,,,,,,,,,,,,
60261,LeftHand,左手（钳）,Normal,3,1,2,,,,,,,,,,,,,,,4,1,1,1,1,0,0,0,0,0,,4,1,1,1,1,,,,,,,,,,,,,,,,,,,,,,,,,,,,,,,,,,,,,,,
60261,RightHand,右手（钳）,Normal,3,1,2,,,,,,,,,,,,,,,3,1,1,1,1,0,0,0,0,0,,3,1,1,1,1,,,,,,,,,,,,,,,,,,,,,,,,,,,,,,,,,,,,,,,
60262,WholeBody,全身,Normal,,,2,,,,,,,,,,,,,,,,,,,,,,,,,,,,,,,,,,,,,,,,,,,,,,,,,,,,,,,,,,,,,,,,,,,,,
60262,tail,尾巴,Normal,12,1,2,,,,,,,,,,,,,,,20,1,0,1,0,0,0,0,0,0,,,,,,,,,,,,,,,,,,,,,,,,,,,,,,,,,,,,,,,,,,,,,
60262,head,头部,Normal,12,1,2,,,,,,,,,,,,,,,14,1,1,1,1,0,0,0,0,0,,12,1,1,1,1,0,0,0,0,0,,,,,,,,,,,,,,,,,,,,,,,,,,,,,,,,,,
60262,Body,躯干（本体/胴体）,Normal,12,1,2,,,,,,,,,,,,,,,,,,,,,,,,,,,,,,,,,,,,,,,,,,,,,,,,,,,,,,,,,,,,,,,,,,,,,
60262,LeftFoot,左脚（足先）,Normal,9,1,2,,1,,,,,,,,,,,,,,,,,,,,,,,,,,,,,,,,,,,,,,,,,,,,,,,,,,,,,,,,,,,,,,,,,,,
60262,RightFoot,右脚（足先）,Normal,9,1,2,,1,,,,,,,,,,,,,,,,,,,,,,,,,,,,,,,,,,,,,,,,,,,,,,,,,,,,,,,,,,,,,,,,,,,
60262,LeftHand,左手（钳）,Normal,9,1,2,,,,,,,,,,,,,,,14,1,1,1,1,0,0,0,0,0,,12,1,1,1,1,,,,,,,,,,,,,,,,,,,,,,,,,,,,,,,,,,,,,,,
60262,RightHand,右手（钳）,Normal,9,1,2,,,,,,,,,,,,,,,14,1,1,1,1,0,0,0,0,0,,12,1,1,1,1,,,,,,,,,,,,,,,,,,,,,,,,,,,,,,,,,,,,,,,
60266,WholeBody,全身,Normal,3,1,2,,,,,,,,,,,,,,,0,,0,0,0,0,0,0,0,0,,0,,0,0,0,0,0,0,0,0,,0,,0,0,0,0,0,0,0,0,,0,,0,0,0,0,0,0,0,0,,0,,0,0,0,0,0,0,0,,0
60266,Body,躯干（本体/胴体）,Normal,3,1,2,,,,,,,,,,,,,,,0,,0,0,0,0,0,0,0,0,,0,,0,0,0,0,0,0,0,0,,0,,0,0,0,0,0,0,0,0,,0,,0,0,0,0,0,0,0,0,,0,,0,0,0,0,0,0,0,,0
60267,WholeBody,全身,Normal,,,2,,,,,,,,,,,,,,,,,,,,,,,,,,,,,,,,,,,,,,,,,,,,,,,,,,,,,,,,,,,,,,,,,,,,,
60267,Body,躯干（本体/胴体）,Normal,100,100,100,,,,,,,,,,,,,,,,,,,,,,,,,,,,,,,,,,,,,,,,,,,,,,,,,,,,,,,,,,,,,,,,,,,,,
60268,WholeBody,全身,Normal,,,2,,,,,,,,,,,,,,,,,,,,,,,,,,,,,,,,,,,,,,,,,,,,,,,,,,,,,,,,,,,,,,,,,,,,,
60268,Body,躯干（本体/胴体）,Normal,100,100,100,,,,,,,,,,,,,,,,,,,,,,,,,,,,,,,,,,,,,,,,,,,,,,,,,,,,,,,,,,,,,,,,,,,,,
60269,WholeBody,全身,Normal,,,2,,,,,,,,,,,,,,,,,,,,,,,,,,,,,,,,,,,,,,,,,,,,,,,,,,,,,,,,,,,,,,,,,,,,,
60269,Body,躯干（本体/胴体）,Normal,100,100,100,,,,,,,,,,,,,,,,,,,,,,,,,,,,,,,,,,,,,,,,,,,,,,,,,,,,,,,,,,,,,,,,,,,,,
60270,WholeBody,全身,Normal,,,,,,,,,,,,,,,,,,,,,,,,,,,,,,,,,,,,,,,,,,,,,,,,,,,,,,,,,,,,,,,,,,,,,,,,
60270,Head,头部,Normal,4,1,500,,,,,,,,,,,,,,,5,1,1,1,1,0,0,0,0,0,,,,,,,,,,,,,,,,,,,,,,,,,,,,,,,,,,,,,,,,,,,,,
60270,Body,躯干（本体/胴体）,Normal,4,1,500,,,,,,,,,,,,,,,5,1,1,1,1,0,0,0,0,0,,,,,,,,,,,,,,,,,,,,,,,,,,,,,,,,,,,,,,,,,,,,,
60270,LeftHand,左臂,Normal,4,1,500,,,,,,,,,,,,,,,0,0,0,0,0,0,0,0,0,0,,,,,,,,,,,,,,,,,,,,,,,,,,,,,,,,,,,,,,,,,,,,,
60270,RightHand,右臂,Normal,4,1,500,,,,,,,,,,,,,,,0,0,0,0,0,0,0,0,0,0,,,,,,,,,,,,,,,,,,,,,,,,,,,,,,,,,,,,,,,,,,,,,
60270,LeftLeg,左脚,Normal,3,1,500,6,1,,,,,,,,,,,,,,,,,,,,,,,,,,,,,,,,,,,,,,,,,,,,,,,,,,,,,,,,,,,,,,,,,,,
60270,RightLeg,右脚,Normal,3,1,500,6,1,,,,,,,,,,,,,,,,,,,,,,,,,,,,,,,,,,,,,,,,,,,,,,,,,,,,,,,,,,,,,,,,,,,
60270,Tail,尾巴,Normal,4,1,500,,,,,,,,,,,,,,,5,1,1,1,1,0,0,0,0,0,,,,,,,,,,,,,,,,,,,,,,,,,,,,,,,,,,,,,,,,,,,,,
60280,WholeBody,全身,Normal,,,,,,,,,,,,,,,,,,,,,,,,,,,,,,,,,,,,,,,,,,,,,,,,,,,,,,,,,,,,,,,,,,,,,,,,
60280,Head,头部,Normal,4,1,500,,,,,,,,,,,,,,,5,1,1,1,1,,,,,,,,,,,,,,,,,,,,,,,,,,,,,,,,,,,,,,,,,,,,,,,,,,
60280,Neck,颈部（首）,Normal,4,1,500,,,,,,,,,,,,,,,,,,,,,,,,,,,,,,,,,,,,,,,,,,,,,,,,,,,,,,,,,,,,,,,,,,,,,
60280,Back,腹部,Normal,4,1,500,,,,,,,,,,,,,,,,,,,,,,,,,,,,,,,,,,,,,,,,,,,,,,,,,,,,,,,,,,,,,,,,,,,,,
60280,Belly,背部,Normal,3,1,500,,,,,,,,,,,,,,,,,,,,,,,,,,,,,,,,,,,,,,,,,,,,,,,,,,,,,,,,,,,,,,,,,,,,,
60280,LeftHand,左臂,Normal,4,1,500,,,,,,,,,,,,,,,5,1,1,1,1,,,,,,,,,,,,,,,,,,,,,,,,,,,,,,,,,,,,,,,,,,,,,,,,,,
60280,RightHand,右臂,Normal,4,1,500,,,,,,,,,,,,,,,5,1,1,1,1,,,,,,,,,,,,,,,,,,,,,,,,,,,,,,,,,,,,,,,,,,,,,,,,,,
60280,LeftLeg,左脚,Normal,3,1,500,6,1,,,,,,,,,,,,,,,,,,,,,,,,,,,,,,,,,,,,,,,,,,,,,,,,,,,,,,,,,,,,,,,,,,,
60280,RightLeg,右脚,Normal,3,1,500,6,1,,,,,,,,,,,,,,,,,,,,,,,,,,,,,,,,,,,,,,,,,,,,,,,,,,,,,,,,,,,,,,,,,,,
60280,Tail,尾巴,Normal,4,1,500,,,,,,,,,,,,,,,5,1,0,1,0,,,,,,,,,,,,,,,,,,,,,,,,,,,,,,,,,,,,,,,,,,,,,,,,,,
60281,WholeBody,全身,Normal,,,,,,,,,,,,,,,,,,,,,,,,,,,,,,,,,,,,,,,,,,,,,,,,,,,,,,,,,,,,,,,,,,,,,,,,
60281,Head,头部,Normal,5,1,500,,,,,,,,,,,,,,,5,1,1,1,1,,,,,,,5,1,1,1,1,,,,,,,,,,,,,,,,,,,,,,,,,,,,,,,,,,,,,,,
60281,Neck,颈部（首）,Normal,5,1,500,,,,,,,,,,,,,,,,,,,,,,,,,,,,,,,,,,,,,,,,,,,,,,,,,,,,,,,,,,,,,,,,,,,,,
60281,Back,背部,Normal,5,1,500,,,,,,,,,,,,,,,,,,,,,,,,,,,,,,,,,,,,,,,,,,,,,,,,,,,,,,,,,,,,,,,,,,,,,
60281,Belly,腹部,Normal,4,1,500,,,,,,,,,,,,,,,,,,,,,,,,,,,,,,,,,,,,,,,,,,,,,,,,,,,,,,,,,,,,,,,,,,,,,
60281,LeftHand,左臂,Normal,5,1,500,,,,,,,,,,,,,,,5,1,1,1,1,,,,,,,5,1,1,1,1,,,,,,,,,,,,,,,,,,,,,,,,,,,,,,,,,,,,,,,
60281,RightHand,右臂,Normal,5,1,500,,,,,,,,,,,,,,,5,1,1,1,1,,,,,,,5,1,1,1,1,,,,,,,,,,,,,,,,,,,,,,,,,,,,,,,,,,,,,,,
60281,LeftLeg,左脚,Normal,4,1,500,7,1,,,,,,,,,,,,,,,,,,,,,,,,,,,,,,,,,,,,,,,,,,,,,,,,,,,,,,,,,,,,,,,,,,,
60281,RightLeg,右脚,Normal,4,1,500,7,1,,,,,,,,,,,,,,,,,,,,,,,,,,,,,,,,,,,,,,,,,,,,,,,,,,,,,,,,,,,,,,,,,,,
60281,Tail,尾巴,Normal,5,1,500,,,,,,,,,,,,,,,5,1,0,1,0,,,,,,,,,,,,,,,,,,,,,,,,,,,,,,,,,,,,,,,,,,,,,,,,,,
60282,WholeBody,全身,Normal,,,,,,,,,,,,,,,,,,,,,,,,,,,,,,,,,,,,,,,,,,,,,,,,,,,,,,,,,,,,,,,,,,,,,,,,
60282,Head,头部,Normal,4,1,500,,,,,,,,,,,,,,,8,1,1,1,1,,,,,,,,,,,,,,,,,,,,,,,,,,,,,,,,,,,,,,,,,,,,,,,,,,
60282,Neck,颈部（首）,Normal,5,1,500,,,,,,,,,,,,,,,,,,,,,,,,,,,,,,,,,,,,,,,,,,,,,,,,,,,,,,,,,,,,,,,,,,,,,
60282,Back,背部,Normal,5,1,500,,,,,,,,,,,,,,,,,,,,,,,,,,,,,,,,,,,,,,,,,,,,,,,,,,,,,,,,,,,,,,,,,,,,,
60282,Belly,腹部,Normal,4,1,500,,,,,,,,,,,,,,,,,,,,,,,,,,,,,,,,,,,,,,,,,,,,,,,,,,,,,,,,,,,,,,,,,,,,,
60282,LeftHand,左臂,Normal,5,1,500,,,,,,,,,,,,,,,7,1,1,1,1,,,,,,,,,,,,,,,,,,,,,,,,,,,,,,,,,,,,,,,,,,,,,,,,,,
60282,RightHand,右臂,Normal,5,1,500,,,,,,,,,,,,,,,7,1,1,1,1,,,,,,,,,,,,,,,,,,,,,,,,,,,,,,,,,,,,,,,,,,,,,,,,,,
60282,LeftLeg,左脚,Normal,4,1,500,8,1,,,,,,,,,,,,,,,,,,,,,,,,,,,,,,,,,,,,,,,,,,,,,,,,,,,,,,,,,,,,,,,,,,,
60282,RightLeg,右脚,Normal,4,1,500,8,1,,,,,,,,,,,,,,,,,,,,,,,,,,,,,,,,,,,,,,,,,,,,,,,,,,,,,,,,,,,,,,,,,,,
60282,Tail,尾巴,Normal,5,1,500,,,,,,,,,,,,,,,10,1,0,1,0,,,,,,,,,,,,,,,,,,,,,,,,,,,,,,,,,,,,,,,,,,,,,,,,,,
60285,WholeBody,全身,Normal,,,,,,,,,,,,,,,,,,,,,,,,,,,,,,,,,,,,,,,,,,,,,,,,,,,,,,,,,,,,,,,,,,,,,,,,
60285,Head,头部,Normal,7,1,500,,,,,,,,,,,,,,,10,1,1,1,1,,,,,,,,,,,,,,,,,,,,,,,,,,,,,,,,,,,,,,,,,,,,,,,,,,
60285,Neck,颈部（首）,Normal,7,1,500,,,,,,,,,,,,,,,,,,,,,,,,,,,,,,,,,,,,,,,,,,,,,,,,,,,,,,,,,,,,,,,,,,,,,
60285,Back,腹部,Normal,7,1,500,,,,,,,,,,,,,,,,,,,,,,,,,,,,,,,,,,,,,,,,,,,,,,,,,,,,,,,,,,,,,,,,,,,,,
60285,Belly,背部,Normal,7,1,500,,,,,,,,,,,,,,,,,,,,,,,,,,,,,,,,,,,,,,,,,,,,,,,,,,,,,,,,,,,,,,,,,,,,,
60285,LeftHand,左臂,Normal,7,1,500,,,,,,,,,,,,,,,7,1,1,1,1,,,,,,,,,,,,,,,,,,,,,,,,,,,,,,,,,,,,,,,,,,,,,,,,,,
60285,RightHand,右臂,Normal,7,1,500,,,,,,,,,,,,,,,7,1,1,1,1,,,,,,,,,,,,,,,,,,,,,,,,,,,,,,,,,,,,,,,,,,,,,,,,,,
60285,LeftLeg,左脚,Normal,7,1,500,14,1,,,,,,,,,,,,,,,,,,,,,,,,,,,,,,,,,,,,,,,,,,,,,,,,,,,,,,,,,,,,,,,,,,,
60285,RightLeg,右脚,Normal,7,1,500,14,1,,,,,,,,,,,,,,,,,,,,,,,,,,,,,,,,,,,,,,,,,,,,,,,,,,,,,,,,,,,,,,,,,,,
60285,Tail,尾巴,Normal,7,1,500,,,,,,,,,,,,,,,8,1,0,1,0,,,,,,,,,,,,,,,,,,,,,,,,,,,,,,,,,,,,,,,,,,,,,,,,,,
60290,WholeBody,全身,Normal,,,2,,,,,,,,,,,,,,,,,,,,,,,,,,,,,,,,,,,,,,,,,,,,,,,,,,,,,,,,,,,,,,,,,,,,,
60290,Head,头部,Normal,4,1,2,,,,,,,,,,,,,,,8,1,1,1,1,0,0,0,0,0,,,,,,,,,,,,,,,,,,,,,,,,,,,,,,,,,,,,,,,,,,,,,
60290,LeftLeg,左（前）腿,Normal,5,1,2,10,,,,,,,,,,,,,,0,,,,,,,,,,,,,,,,,,,,,,,,,,,,,,,,,,,,,,,,,,,,,,,,,,,,,,
60290,RightLeg,右（前）腿,Normal,5,1,2,10,,,,,,,,,,,,,,0,,,,,,,,,,,,,,,,,,,,,,,,,,,,,,,,,,,,,,,,,,,,,,,,,,,,,,
60290,Tail,尾巴,Normal,4,1,2,,,,,,,,,,,,,,,0,,,,,,,,,,,,,,,,,,,,,,,,,,,,,,,,,,,,,,,,,,,,,,,,,,,,,,
60290,LeftWing,左翼,Normal,4,1,2,,,,,,,,,,,,,,,0,,,,,,,,,,,,,,,,,,,,,,,,,,,,,,,,,,,,,,,,,,,,,,,,,,,,,,
60290,RightWing,右翼,Normal,4,1,2,,,,,,,,,,,,,,,0,,,,,,,,,,,,,,,,,,,,,,,,,,,,,,,,,,,,,,,,,,,,,,,,,,,,,,
60290,Body,躯干（本体/胴体）,Normal,5,1,2,,,,,,,,,,,,,,,8,1,1,1,1,0,0,0,0,0,,,,,,,,,,,,,,,,,,,,,,,,,,,,,,,,,,,,,,,,,,,,,
60300,WholeBody,全身,Normal,,,2,,,,,,,,,,,,,,,,,,,,,,,,,,,,,,,,,,,,,,,,,,,,,,,,,,,,,,,,,,,,,,,,,,,,,
60300,Head,头部,Normal,3,1,1000,,,,,,,,,,,,,,,5,1,1,1,1,0,0,0,0,0,,7,1,1,1,1,0,0,0,0,0,,0,1,0,0,0,0,0,0,0,0,,0,1,0,0,0,0,0,0,0,0,,0,1,0,0,0,0,0,0,0,,0
60300,Neck,颈部（首）,Normal,,1,2,,,,,,,,,,,,,,,0,,0,0,0,0,0,0,0,0,,0,,0,0,0,0,0,0,0,0,,0,,0,0,0,0,0,0,0,0,,0,,0,0,0,0,0,0,0,0,,0,,0,0,0,0,0,0,0,,0
60300,Back,背部,Normal,4,1,2,,,,,,,,,,,,,,,0,,0,0,0,0,0,0,0,0,,0,,0,0,0,0,0,0,0,0,,0,,0,0,0,0,0,0,0,0,,0,,0,0,0,0,0,0,0,0,,0,,0,0,0,0,0,0,0,,0
60300,Body,躯干（本体/胴体）,Normal,4,1,2,,,,,,,,,,,,,,,0,,0,0,0,0,0,0,0,0,,0,,0,0,0,0,0,0,0,0,,0,,0,0,0,0,0,0,0,0,,0,,0,0,0,0,0,0,0,0,,0,,0,0,0,0,0,0,0,,0
60300,Tail,尾部（尻尾）,Normal,3,1,2,,,,,,,,,,,,,,,8,1,0,1,0,0,0,0,0,0,,0,1,0,0,0,0,0,0,0,0,,0,1,0,0,0,0,0,0,0,0,,0,1,0,0,0,0,0,0,0,0,,0,1,0,0,0,0,0,0,0,,0
60300,TailTip,尾尖（尻尾）,Normal,,1,2,,,,,,,,,,,,,,,0,,0,0,0,0,0,0,0,0,,0,,0,0,0,0,0,0,0,0,,0,,0,0,0,0,0,0,0,0,,0,1,0,0,0,0,0,0,0,0,,0,1,0,0,0,0,0,0,0,,0
60300,LeftWing,左翼,Normal,4,1,2,,,,,,,,,,,,,,,0,0,0,0,0,0,0,0,0,0,,0,0,0,0,0,0,0,0,0,0,,0,0,0,0,0,0,0,0,0,0,,0,0,0,0,0,0,0,0,0,0,,0,0,0,0,0,0,0,0,0,,0
60300,RightWing,右翼,Normal,4,1,2,,,,,,,,,,,,,,,0,0,0,0,0,0,0,0,0,0,,0,0,0,0,0,0,0,0,0,0,,0,0,0,0,0,0,0,0,0,0,,0,0,0,0,0,0,0,0,0,0,,0,0,0,0,0,0,0,0,0,,0
60300,Wings,翼膜,Normal,3,1,2,,,,,,,,,,,,,,,0,,0,0,0,0,0,0,0,0,,0,,0,0,0,0,0,0,0,0,,0,,0,0,0,0,0,0,0,0,,0,,0,0,0,0,0,0,0,0,,0,,0,0,0,0,0,0,0,,0
60300,LeftLeg,左（前）腿,Normal,,1,2,6,1,,,,,,,,,,,,,0,,0,0,0,0,0,0,0,0,,0,,0,0,0,0,0,0,0,0,,0,,0,0,0,0,0,0,0,0,,0,,0,0,0,0,0,0,0,0,,0,,0,0,0,0,0,0,0,,0
60300,RightLeg,右（前）腿,Normal,,1,2,6,1,,,,,,,,,,,,,0,,0,0,0,0,0,0,0,0,,0,,0,0,0,0,0,0,0,0,,0,,0,0,0,0,0,0,0,0,,0,,0,0,0,0,0,0,0,0,,0,,0,0,0,0,0,0,0,,0
60301,WholeBody,全身,Normal,,,2,,,,,,,,,,,,,,,,,,,,,,,,,,,,,,,,,,,,,,,,,,,,,,,,,,,,,,,,,,,,,,,,,,,,,
60301,Head,头部,Normal,3,1,1000,,,,,,,,,,,,,,,5,1,1,1,1,0,0,0,0,0,,7,1,1,1,1,0,0,0,0,0,,0,1,0,0,0,0,0,0,0,0,,0,1,0,0,0,0,0,0,0,0,,0,1,0,0,0,0,0,0,0,,0
60301,Neck,颈部（首）,Normal,,1,2,,,,,,,,,,,,,,,0,,0,0,0,0,0,0,0,0,,0,,0,0,0,0,0,0,0,0,,0,,0,0,0,0,0,0,0,0,,0,,0,0,0,0,0,0,0,0,,0,,0,0,0,0,0,0,0,,0
60301,Back,背部,Normal,4,1,2,,,,,,,,,,,,,,,0,,0,0,0,0,0,0,0,0,,0,,0,0,0,0,0,0,0,0,,0,,0,0,0,0,0,0,0,0,,0,,0,0,0,0,0,0,0,0,,0,,0,0,0,0,0,0,0,,0
60301,Body,腹部,Normal,4,1,2,,,,,,,,,,,,,,,0,,0,0,0,0,0,0,0,0,,0,,0,0,0,0,0,0,0,0,,0,,0,0,0,0,0,0,0,0,,0,,0,0,0,0,0,0,0,0,,0,,0,0,0,0,0,0,0,,0
60301,Tail,尾部（尻尾）,Normal,3,1,2,,,,,,,,,,,,,,,8,1,0,1,0,0,0,0,0,0,,0,1,0,0,0,0,0,0,0,0,,0,1,0,0,0,0,0,0,0,0,,0,1,0,0,0,0,0,0,0,0,,0,1,0,0,0,0,0,0,0,,0
60301,TailTip,尾尖（尻尾）,Normal,,1,2,,,,,,,,,,,,,,,0,,0,0,0,0,0,0,0,0,,0,,0,0,0,0,0,0,0,0,,0,,0,0,0,0,0,0,0,0,,0,1,0,0,0,0,0,0,0,0,,0,1,0,0,0,0,0,0,0,,0
60301,LeftWing,左翼,Normal,4,1,2,,,,,,,,,,,,,,,0,0,0,0,0,0,0,0,0,0,,0,,0,0,0,0,0,0,0,0,,0,0,0,0,0,0,0,0,0,0,,0,0,0,0,0,0,0,0,0,0,,0,0,0,0,0,0,0,0,0,,0
60301,RightWing,右翼,Normal,4,1,2,,,,,,,,,,,,,,,0,0,0,0,0,0,0,0,0,0,,0,,0,0,0,0,0,0,0,0,,0,0,0,0,0,0,0,0,0,0,,0,0,0,0,0,0,0,0,0,0,,0,0,0,0,0,0,0,0,0,,0
60301,Wings,翼膜,Normal,3,1,2,,,,,,,,,,,,,,,0,,0,0,0,0,0,0,0,0,,0,,0,0,0,0,0,0,0,0,,0,,0,0,0,0,0,0,0,0,,0,,0,0,0,0,0,0,0,0,,0,,0,0,0,0,0,0,0,,0
60301,LeftLeg,左（前）腿,Normal,,1,2,6,1,,,,,,,,,,,,,0,,0,0,0,0,0,0,0,0,,0,,0,0,0,0,0,0,0,0,,0,,0,0,0,0,0,0,0,0,,0,,0,0,0,0,0,0,0,0,,0,,0,0,0,0,0,0,0,,0
60301,RightLeg,右（前）腿,Normal,,1,2,6,1,,,,,,,,,,,,,0,,0,0,0,0,0,0,0,0,,0,,0,0,0,0,0,0,0,0,,0,,0,0,0,0,0,0,0,0,,0,,0,0,0,0,0,0,0,0,,0,,0,0,0,0,0,0,0,,0
60302,WholeBody,全身,Normal,,,2,,,,,,,,,,,,,,,,,,,,,,,,,,,,,,,,,,,,,,,,,,,,,,,,,,,,,,,,,,,,,,,,,,,,,
60302,Head,头部,Normal,3,1,1000,,,,,,,,,,,,,,,5,1,1,1,1,0,0,0,0,0,,7,1,1,1,1,0,0,0,0,0,,0,1,0,0,0,0,0,0,0,0,,0,1,0,0,0,0,0,0,0,0,,0,1,0,0,0,0,0,0,0,,0
60302,Neck,颈部（首）,Normal,,1,2,,,,,,,,,,,,,,,0,,0,0,0,0,0,0,0,0,,0,,0,0,0,0,0,0,0,0,,0,,0,0,0,0,0,0,0,0,,0,,0,0,0,0,0,0,0,0,,0,,0,0,0,0,0,0,0,,0
60302,Back,背部,Normal,4,1,2,,,,,,,,,,,,,,,0,,0,0,0,0,0,0,0,0,,0,,0,0,0,0,0,0,0,0,,0,,0,0,0,0,0,0,0,0,,0,,0,0,0,0,0,0,0,0,,0,,0,0,0,0,0,0,0,,0
60302,Body,腹部,Normal,4,1,2,,,,,,,,,,,,,,,0,,0,0,0,0,0,0,0,0,,0,,0,0,0,0,0,0,0,0,,0,,0,0,0,0,0,0,0,0,,0,,0,0,0,0,0,0,0,0,,0,,0,0,0,0,0,0,0,,0
60302,Tail,尾部（尻尾）,Normal,3,1,2,,,,,,,,,,,,,,,8,1,0,1,0,0,0,0,0,0,,0,1,0,0,0,0,0,0,0,0,,0,1,0,0,0,0,0,0,0,0,,0,1,0,0,0,0,0,0,0,0,,0,1,0,0,0,0,0,0,0,,0
60302,TailTip,尾尖（尻尾）,Normal,,1,2,,,,,,,,,,,,,,,0,,0,0,0,0,0,0,0,0,,0,,0,0,0,0,0,0,0,0,,0,,0,0,0,0,0,0,0,0,,0,1,0,0,0,0,0,0,0,0,,0,1,0,0,0,0,0,0,0,,0
60302,LeftWing,左翼,Normal,4,1,2,,,,,,,,,,,,,,,0,0,0,0,0,0,0,0,0,0,,0,,0,0,0,0,0,0,0,0,,0,0,0,0,0,0,0,0,0,0,,0,0,0,0,0,0,0,0,0,0,,0,0,0,0,0,0,0,0,0,,0
60302,RightWing,右翼,Normal,4,1,2,,,,,,,,,,,,,,,0,0,0,0,0,0,0,0,0,0,,0,,0,0,0,0,0,0,0,0,,0,0,0,0,0,0,0,0,0,0,,0,0,0,0,0,0,0,0,0,0,,0,0,0,0,0,0,0,0,0,,0
60302,Wings,翼膜,Normal,3,1,2,,,,,,,,,,,,,,,0,,0,0,0,0,0,0,0,0,,0,,0,0,0,0,0,0,0,0,,0,,0,0,0,0,0,0,0,0,,0,,0,0,0,0,0,0,0,0,,0,,0,0,0,0,0,0,0,,0
60302,LeftLeg,左（前）腿,Normal,,1,2,6,1,,,,,,,,,,,,,0,,0,0,0,0,0,0,0,0,,0,,0,0,0,0,0,0,0,0,,0,,0,0,0,0,0,0,0,0,,0,,0,0,0,0,0,0,0,0,,0,,0,0,0,0,0,0,0,,0
60302,RightLeg,右（前）腿,Normal,,1,2,6,1,,,,,,,,,,,,,0,,0,0,0,0,0,0,0,0,,0,,0,0,0,0,0,0,0,0,,0,,0,0,0,0,0,0,0,0,,0,,0,0,0,0,0,0,0,0,,0,,0,0,0,0,0,0,0,,0
60310,WholeBody,全身,Normal,,,2,,,,,,,,,,,,,,,,,,,,,,,,,,,,,,,,,,,,,,,,,,,,,,,,,,,,,,,,,,,,,,,,,,,,,
60310,Body,躯干（本体/胴体）,Normal,5,1,2,,,,,,,,,,,,,,,0,,0,0,0,0,0,0,0,0,,0,1,0,0,0,0,0,0,0,0,,0,1,0,0,0,0,0,0,0,0,,0,1,0,0,0,0,0,0,0,0,,0,1,0,0,0,0,0,0,0,,0
60310,Head,头部,Normal,6,1,2,,,,,,,,,,,,,,,14,1,1,1,1,0,0,0,0,0,,0,,0,0,0,0,0,0,0,0,,0,,0,0,0,0,0,0,0,0,,0,,0,0,0,0,0,0,0,0,,0,,0,0,0,0,0,0,0,,0
60310,LeftLeg,左腿,Normal,5,1,2,10,1,,,,,,,,,,,,,0,,0,0,0,0,0,0,0,0,,0,,0,0,0,0,0,0,0,0,,0,,0,0,0,0,0,0,0,0,,0,,0,0,0,0,0,0,0,0,,0,,0,0,0,0,0,0,0,,0
60310,RightLeg,右腿,Normal,5,1,2,10,1,,,,,,,,,,,,,0,,0,0,0,0,0,0,0,0,,0,,0,0,0,0,0,0,0,0,,0,,0,0,0,0,0,0,0,0,,0,,0,0,0,0,0,0,0,0,,0,,0,0,0,0,0,0,0,,0
60310,LeftWing,左翼,Normal,5,1,2,,,,,,,,,,,,,,,8,1,1,1,1,0,0,0,0,0,,0,1,0,0,0,0,0,0,0,0,,0,1,0,0,0,0,0,0,0,0,,0,1,0,0,0,0,0,0,0,0,,0,1,0,0,0,0,0,0,0,,0
60310,RightWing,右翼,Normal,5,1,2,,,,,,,,,,,,,,,8,1,1,1,1,0,0,0,0,0,,0,1,0,0,0,0,0,0,0,0,,0,1,0,0,0,0,0,0,0,0,,0,1,0,0,0,0,0,0,0,0,,0,1,0,0,0,0,0,0,0,,0
60310,LeftHand,左手,Normal,5,1,2,10,1,,,,,,,,,,,,,0,,0,0,0,0,0,0,0,0,,0,1,0,0,0,0,0,0,0,0,,0,1,0,0,0,0,0,0,0,0,,0,1,0,0,0,0,0,0,0,0,,0,1,0,0,0,0,0,0,0,,0
60310,RightHand,右手,Normal,5,1,2,10,1,,,,,,,,,,,,,0,,0,0,0,0,0,0,0,0,,0,1,0,0,0,0,0,0,0,0,,0,1,0,0,0,0,0,0,0,0,,0,1,0,0,0,0,0,0,0,0,,0,1,0,0,0,0,0,0,0,,0
60310,Tail,尾巴,Normal,5,1,2,,,,,,,,,,,,,,,10,,0,1,0,0,0,0,0,0,,0,,0,0,0,0,0,0,0,0,,0,,0,0,0,0,0,0,0,0,,0,,0,0,0,0,0,0,0,0,,0,,0,0,0,0,0,0,0,,0
60311,WholeBody,全身,Normal,,,2,,,,,,,,,,,,,,,,,,,,,,,,,,,,,,,,,,,,,,,,,,,,,,,,,,,,,,,,,,,,,,,,,,,,,
60311,Body,躯干（本体/胴体）,Normal,5,1,2,,,,,,,,,,,,,,,0,,0,0,0,0,0,0,0,0,,0,1,0,0,0,0,0,0,0,0,,0,1,0,0,0,0,0,0,0,0,,0,1,0,0,0,0,0,0,0,0,,0,1,0,0,0,0,0,0,0,,0
60311,Head,头部,Normal,6,1,2,,,,,,,,,,,,,,,12,1,1,1,1,0,0,0,0,0,,0,,0,0,0,0,0,0,0,0,,0,,0,0,0,0,0,0,0,0,,0,,0,0,0,0,0,0,0,0,,0,,0,0,0,0,0,0,0,,0
60311,LeftLeg,左腿,Normal,4,1,2,8,1,,,,,,,,,,,,,0,,0,0,0,0,0,0,0,0,,0,,0,0,0,0,0,0,0,0,,0,,0,0,0,0,0,0,0,0,,0,,0,0,0,0,0,0,0,0,,0,,0,0,0,0,0,0,0,,0
60311,RightLeg,右腿,Normal,4,1,2,8,1,,,,,,,,,,,,,0,,0,0,0,0,0,0,0,0,,0,,0,0,0,0,0,0,0,0,,0,,0,0,0,0,0,0,0,0,,0,,0,0,0,0,0,0,0,0,,0,,0,0,0,0,0,0,0,,0
60311,LeftWing,左翼,Normal,3,1,2,,,,,,,,,,,,,,,6,1,1,1,1,0,0,0,0,0,,0,1,0,0,0,0,0,0,0,0,,0,1,0,0,0,0,0,0,0,0,,0,1,0,0,0,0,0,0,0,0,,0,1,0,0,0,0,0,0,0,,0
60311,RightWing,右翼,Normal,3,1,2,,,,,,,,,,,,,,,6,1,1,1,1,0,0,0,0,0,,0,1,0,0,0,0,0,0,0,0,,0,1,0,0,0,0,0,0,0,0,,0,1,0,0,0,0,0,0,0,0,,0,1,0,0,0,0,0,0,0,,0
60311,LeftHand,左手,Normal,5,1,2,10,1,,,,,,,,,,,,,0,,0,0,0,0,0,0,0,0,,0,1,0,0,0,0,0,0,0,0,,0,1,0,0,0,0,0,0,0,0,,0,1,0,0,0,0,0,0,0,0,,0,1,0,0,0,0,0,0,0,,0
60311,RightHand,右手,Normal,5,1,2,10,1,,,,,,,,,,,,,0,,0,0,0,0,0,0,0,0,,0,1,0,0,0,0,0,0,0,0,,0,1,0,0,0,0,0,0,0,0,,0,1,0,0,0,0,0,0,0,0,,0,1,0,0,0,0,0,0,0,,0
60311,Tail,尾巴,Normal,4,1,2,,,,,,,,,,,,,,,8,,0,1,0,0,0,0,0,0,,0,,0,0,0,0,0,0,0,0,,0,,0,0,0,0,0,0,0,0,,0,,0,0,0,0,0,0,0,0,,0,,0,0,0,0,0,0,0,,0
60320,WholeBody,全身,Normal,,,2,,,,,,,,,,,,,,,,,,,,,,,,,,,,,,,,,,,,,,,,,,,,,,,,,,,,,,,,,,,,,,,,,,,,,
60320,Head,头部,Normal,6,1,2,,,,,,,,,,,,,,,10,1,1,1,1,0,0,0,0,0,,0,1,0,0,0,0,0,0,0,0,,0,1,0,0,0,0,0,0,0,0,,0,1,0,0,0,0,0,0,0,0,,0,1,0,0,0,0,0,0,0,,0
60320,Neck,颈部（首）,Normal,,1,2,,,,,,,,,,,,,,,0,,0,0,0,0,0,0,0,0,,0,,0,0,0,0,0,0,0,0,,0,,0,0,0,0,0,0,0,0,,0,,0,0,0,0,0,0,0,0,,0,,0,0,0,0,0,0,0,,0
60320,Back,背部,Normal,,1,2,,,,,,,,,,,,,,,0,,0,0,0,0,0,0,0,0,,0,,0,0,0,0,0,0,0,0,,0,,0,0,0,0,0,0,0,0,,0,,0,0,0,0,0,0,0,0,,0,,0,0,0,0,0,0,0,,0
60320,Body,躯干（本体/胴体）,Normal,6,1,2,,,,,,,,,,,,,,,0,,0,0,0,0,0,0,0,0,,0,,0,0,0,0,0,0,0,0,,0,,0,0,0,0,0,0,0,0,,0,,0,0,0,0,0,0,0,0,,0,,0,0,0,0,0,0,0,,0
60320,Tail,尾部（尻尾）,Normal,7,1,2,,,,,,,,,,,,,,,12,1,0,1,0,0,0,0,0,0,,0,1,0,0,0,0,0,0,0,0,,0,1,0,0,0,0,0,0,0,0,,0,1,0,0,0,0,0,0,0,0,,0,1,0,0,0,0,0,0,0,,0
60320,LeftWing,左翼,Normal,6,1,2,,,,,,,,,,,,,,,8,1,1,1,1,0,0,0,0,0,,0,1,0,0,0,0,0,0,0,0,,0,1,0,0,0,0,0,0,0,0,,0,1,0,0,0,0,0,0,0,0,,0,1,0,0,0,0,0,0,0,,0
60320,RightWing,右翼,Normal,6,1,2,,,,,,,,,,,,,,,8,1,1,1,1,0,0,0,0,0,,0,1,0,0,0,0,0,0,0,0,,0,1,0,0,0,0,0,0,0,0,,0,1,0,0,0,0,0,0,0,0,,0,1,0,0,0,0,0,0,0,,0
60320,LeftLeg,左（前）腿,Normal,7,1,2,14,1,,,,,,,,,,,,,0,,0,0,0,0,0,0,0,0,,0,,0,0,0,0,0,0,0,0,,0,,0,0,0,0,0,0,0,0,,0,,0,0,0,0,0,0,0,0,,0,,0,0,0,0,0,0,0,,0
60320,RightLeg,右（前）腿,Normal,7,1,2,14,1,,,,,,,,,,,,,0,,0,0,0,0,0,0,0,0,,0,,0,0,0,0,0,0,0,0,,0,,0,0,0,0,0,0,0,0,,0,,0,0,0,0,0,0,0,0,,0,,0,0,0,0,0,0,0,,0
60330,WholeBody,全身,Normal,,,2,,,,,,,,,,,,,,,,,,,,,,,,,,,,,,,,,,,,,,,,,,,,,,,,,,,,,,,,,,,,,,,,,,,,,
60330,Body,躯干（本体/胴体）,Normal,5,1,2,,,,,,,,,,,,,,,0,,0,0,0,0,0,0,0,0,,0,1,0,0,0,0,0,0,0,0,,0,1,0,0,0,0,0,0,0,0,,0,1,0,0,0,0,0,0,0,0,,0,1,0,0,0,0,0,0,0,,0
60330,Head,头部,Normal,6,1,2,,,,,,,,,,,,,,,12,1,1,1,1,0,0,0,0,0,,0,,0,0,0,0,0,0,0,0,,0,,0,0,0,0,0,0,0,0,,0,,0,0,0,0,0,0,0,0,,0,,0,0,0,0,0,0,0,,0
60330,LeftLeg,左腿,Normal,5,1,2,10,1,,,,,,,,,,,,,0,,0,0,0,0,0,0,0,0,,0,,0,0,0,0,0,0,0,0,,0,,0,0,0,0,0,0,0,0,,0,,0,0,0,0,0,0,0,0,,0,,0,0,0,0,0,0,0,,0
60330,RightLeg,右腿,Normal,5,1,2,10,1,,,,,,,,,,,,,0,,0,0,0,0,0,0,0,0,,0,,0,0,0,0,0,0,0,0,,0,,0,0,0,0,0,0,0,0,,0,,0,0,0,0,0,0,0,0,,0,,0,0,0,0,0,0,0,,0
60330,LeftWing,左翼,Normal,5,1,2,,,,,,,,,,,,,,,0,,0,0,0,0,0,0,0,0,,0,,0,0,0,0,0,0,0,0,,0,1,0,0,0,0,0,0,0,0,,0,1,0,0,0,0,0,0,0,0,,0,1,0,0,0,0,0,0,0,,0
60330,RightWing,右翼,Normal,5,1,2,,,,,,,,,,,,,,,0,,0,0,0,0,0,0,0,0,,0,,0,0,0,0,0,0,0,0,,0,1,0,0,0,0,0,0,0,0,,0,1,0,0,0,0,0,0,0,0,,0,1,0,0,0,0,0,0,0,,0
60330,LeftHand,左手,Normal,5,1,2,10,1,,,,,,,,,,,,,0,,0,0,0,0,0,0,0,0,,0,,0,0,0,0,0,0,0,0,,0,1,0,0,0,0,0,0,0,0,,0,1,0,0,0,0,0,0,0,0,,0,1,0,0,0,0,0,0,0,,0
60330,RightHand,右手,Normal,5,1,2,10,1,,,,,,,,,,,,,0,,0,0,0,0,0,0,0,0,,0,,0,0,0,0,0,0,0,0,,0,1,0,0,0,0,0,0,0,0,,0,1,0,0,0,0,0,0,0,0,,0,1,0,0,0,0,0,0,0,,0
60330,Tail,尾巴,Normal,6,1,2,,,,,,,,,,,,,,,12,1,0,1,0,0,0,0,0,0,,0,,0,0,0,0,0,0,0,0,,0,,0,0,0,0,0,0,0,0,,0,,0,0,0,0,0,0,0,0,,0,,0,0,0,0,0,0,0,,0
60336,WholeBody,全身,Normal,,,,,,,,,,,,,,,,,,,,,,,,,,,,,,,,,,,,,,,,,,,,,,,,,,,,,,,,,,,,,,,,,,,,,,,,
60336,Body,身体,Normal,,,,,,,,,,,,,,,,,,,,,,,,,,,,,,,,,,,,,,,,,,,,,,,,,,,,,,,,,,,,,,,,,,,,,,,,
60337,WholeBody,全身,Normal,,,,,,,,,,,,,,,,,,,,,,,,,,,,,,,,,,,,,,,,,,,,,,,,,,,,,,,,,,,,,,,,,,,,,,,,
60337,Body,身体,Normal,,,,,,,,,,,,,,,,,,,,,,,,,,,,,,,,,,,,,,,,,,,,,,,,,,,,,,,,,,,,,,,,,,,,,,,,
60338,WholeBody,全身,Normal,,,,,,,,,,,,,,,,,,,,,,,,,,,,,,,,,,,,,,,,,,,,,,,,,,,,,,,,,,,,,,,,,,,,,,,,
60338,Body,身体,Normal,,,,,,,,,,,,,,,,,,,,,,,,,,,,,,,,,,,,,,,,,,,,,,,,,,,,,,,,,,,,,,,,,,,,,,,,
60339,WholeBody,全身,Normal,,,,,,,,,,,,,,,,,,,,,,,,,,,,,,,,,,,,,,,,,,,,,,,,,,,,,,,,,,,,,,,,,,,,,,,,
60339,Body,身体,Normal,,,,,,,,,,,,,,,,,,,,,,,,,,,,,,,,,,,,,,,,,,,,,,,,,,,,,,,,,,,,,,,,,,,,,,,,
60340,WholeBody,全身,Normal,,,500,,,,,,,,,,,,,,,,,,,,,,,,,,,,,,,,,,,,,,,,,,,,,,,,,,,,,,,,,,,,,,,,,,,,,
60340,Head,头部,Normal,4,1,500,,,,,,,,,,,,,,,8,1,1,1,1,0,0,0,0,0,,6,1,1,1,1,0,0,0,0,0,,0,,0,0,0,0,0,0,0,0,,0,,0,0,0,0,0,0,0,0,,0,,0,0,0,0,0,0,0,,0
60340,Body,全身,Normal,7,1,2,,,,,,,,,,,,,,,0,,0,0,0,0,0,0,0,0,,0,,0,0,0,0,0,0,0,0,,0,,0,0,0,0,0,0,0,0,,0,,0,0,0,0,0,0,0,0,,0,,0,0,0,0,0,0,0,,0
60340,Back,背部,Normal,7,1,2,,,,,,,,,,,,,,,7,1,1,1,1,0,0,0,0,0,,5,1,1,1,1,0,0,0,0,0,,0,,0,0,0,0,0,0,0,0,,0,,0,0,0,0,0,0,0,0,,0,,0,0,0,0,0,0,0,,0
60340,LeftLeg,左腿,Normal,6,1,2,12,1,,,,,,,,,,,,,0,,0,0,0,0,0,0,0,0,,0,,0,0,0,0,0,0,0,0,,0,,0,0,0,0,0,0,0,0,,0,,0,0,0,0,0,0,0,0,,0,,0,0,0,0,0,0,0,,0
60340,LeftHand,左手,Normal,6,1,2,12,1,,,,,,,,,,,,,0,,0,0,0,0,0,0,0,0,,0,,0,0,0,0,0,0,0,0,,0,,0,0,0,0,0,0,0,0,,0,,0,0,0,0,0,0,0,0,,0,,0,0,0,0,0,0,0,,0
60340,RightLeg,右腿,Normal,6,1,2,12,1,,,,,,,,,,,,,0,,0,0,0,0,0,0,0,0,,0,,0,0,0,0,0,0,0,0,,0,,0,0,0,0,0,0,0,0,,0,,0,0,0,0,0,0,0,0,,0,,0,0,0,0,0,0,0,,0
60340,RightHand,右手,Normal,6,1,2,12,1,,,,,,,,,,,,,0,,0,0,0,0,0,0,0,0,,0,,0,0,0,0,0,0,0,0,,0,,0,0,0,0,0,0,0,0,,0,,0,0,0,0,0,0,0,0,,0,,0,0,0,0,0,0,0,,0
60340,Tail,尾部（尻尾）,Normal,5,1,2,,,,,,,,,,,,,,,5,1,1,1,1,0,0,0,0,0,,5,1,1,1,1,0,0,0,0,0,,0,,0,0,0,0,0,0,0,0,,0,,0,0,0,0,0,0,0,0,,0,,0,0,0,0,0,0,0,,0
60341,WholeBody,全身,Normal,,,500,,,,,,,,,,,,,,,,,,,,,,,,,,,,,,,,,,,,,,,,,,,,,,,,,,,,,,,,,,,,,,,,,,,,,
60341,Head,头部,Normal,4,1,500,,,,,,,,,,,,,,,8,1,1,1,1,0,0,0,0,0,,6,1,1,1,1,0,0,0,0,0,,0,,0,0,0,0,0,0,0,0,,0,,0,0,0,0,0,0,0,0,,0,,0,0,0,0,0,0,0,,0
60341,Body,全身,Normal,7,1,2,,,,,,,,,,,,,,,0,,0,0,0,0,0,0,0,0,,0,,0,0,0,0,0,0,0,0,,0,,0,0,0,0,0,0,0,0,,0,,0,0,0,0,0,0,0,0,,0,,0,0,0,0,0,0,0,,0
60341,Back,背部,Normal,7,1,2,,,,,,,,,,,,,,,7,1,1,1,1,0,0,0,0,0,,5,1,1,1,1,0,0,0,0,0,,0,,0,0,0,0,0,0,0,0,,0,,0,0,0,0,0,0,0,0,,0,,0,0,0,0,0,0,0,,0
60341,LeftLeg,左腿,Normal,6,1,2,12,1,,,,,,,,,,,,,0,,0,0,0,0,0,0,0,0,,0,,0,0,0,0,0,0,0,0,,0,,0,0,0,0,0,0,0,0,,0,,0,0,0,0,0,0,0,0,,0,,0,0,0,0,0,0,0,,0
60341,LeftHand,左手,Normal,6,1,2,12,1,,,,,,,,,,,,,0,,0,0,0,0,0,0,0,0,,0,,0,0,0,0,0,0,0,0,,0,,0,0,0,0,0,0,0,0,,0,,0,0,0,0,0,0,0,0,,0,,0,0,0,0,0,0,0,,0
60341,RightLeg,右腿,Normal,6,1,2,12,1,,,,,,,,,,,,,0,,0,0,0,0,0,0,0,0,,0,,0,0,0,0,0,0,0,0,,0,,0,0,0,0,0,0,0,0,,0,,0,0,0,0,0,0,0,0,,0,,0,0,0,0,0,0,0,,0
60341,RightHand,右手,Normal,6,1,2,12,1,,,,,,,,,,,,,0,,0,0,0,0,0,0,0,0,,0,,0,0,0,0,0,0,0,0,,0,,0,0,0,0,0,0,0,0,,0,,0,0,0,0,0,0,0,0,,0,,0,0,0,0,0,0,0,,0
60341,Tail,尾部（尻尾）,Normal,5,1,2,,,,,,,,,,,,,,,5,1,1,1,1,0,0,0,0,0,,5,1,1,1,1,0,0,0,0,0,,0,,0,0,0,0,0,0,0,0,,0,,0,0,0,0,0,0,0,0,,0,,0,0,0,0,0,0,0,,0
60350,WholeBody,全身,Normal,,,800,,,,,,,,,,,,,,,,,,,,,,,,,,,,,,,,,,,,,,,,,,,,,,,,,,,,,,,,,,,,,,,,,,,,,
60350,Body,躯干（本体/胴体）,Normal,8,1,800,,,,,,,,,,,,,,,0,,0,0,0,0,0,0,0,0,,0,,0,0,0,0,0,0,0,0,,0,,0,0,0,0,0,0,0,0,,0,,0,0,0,0,0,0,0,0,,0,,0,0,0,0,0,0,0,,0
60350,Head,角,Normal,6,1,800,,,,,,,,,,,,,,,6,1,1,1,1,0,0,0,0,0,,0,,0,0,0,0,0,0,0,0,,0,,0,0,0,0,0,0,0,0,,0,,0,0,0,0,0,0,0,0,,0,,0,0,0,0,0,0,0,,0
60350,Face,头部,Normal,6,1,800,,,,,,,,,,,,,,,0,,0,0,0,0,0,0,0,0,,0,,0,0,0,0,0,0,0,0,,0,,0,0,0,0,0,0,0,0,,0,,0,0,0,0,0,0,0,0,,0,,0,0,0,0,0,0,0,,0
60360,WholeBody,全身,Normal,,,2,,,,,,,,,,,,,,,,,,,,,,,,,,,,,,,,,,,,,,,,,,,,,,,,,,,,,,,,,,,,,,,,,,,,,
60360,Head,头部,Normal,11,1,2,,,,,,,,,,,,,,,9,1,1,1,1,0,0,0,0,0,,0,,0,0,0,0,0,0,0,0,,0,,0,0,0,0,0,0,0,0,,0,,0,0,0,0,0,0,0,0,,0,,0,0,0,0,0,0,0,,0
60360,Neck,颈部（首）,Normal,8,1,2,,,,,,,,,,,,,,,,,0,0,0,0,0,0,0,0,,0,,0,0,0,0,0,0,0,0,,0,,0,0,0,0,0,0,0,0,,0,,0,0,0,0,0,0,0,0,,0,,0,0,0,0,0,0,0,,0
60360,Back,背部,Normal,8,1,2,,,,,,,,,,,,,,,8,1,1,1,1,0,0,0,0,0,,0,,0,0,0,0,0,0,0,0,,0,,0,0,0,0,0,0,0,0,,0,,0,0,0,0,0,0,0,0,,0,,0,0,0,0,0,0,0,,0
60360,Abdomen,腹部,Normal,10,1,2,,,,,,,,,,,,,,,10,1,1,1,1,0,0,0,0,0,,0,,0,0,0,0,0,0,0,0,,0,,0,0,0,0,0,0,0,0,,0,,0,0,0,0,0,0,0,0,,0,,0,0,0,0,0,0,0,,0
60360,Body,躯干（本体/胴体）,Normal,9,1,2,,,,,,,,,,,,,,,,,0,0,0,0,0,0,0,0,,0,,0,0,0,0,0,0,0,0,,0,,0,0,0,0,0,0,0,0,,0,,0,0,0,0,0,0,0,0,,0,,0,0,0,0,0,0,0,,0
60360,Tail,尾部（尻尾）,Normal,8,1,2,,,,,,,,,,,,,,,9,1,0,1,0,0,0,0,0,0,,0,,0,0,0,0,0,0,0,0,,0,,0,0,0,0,0,0,0,0,,0,,0,0,0,0,0,0,0,0,,0,,0,0,0,0,0,0,0,,0
60360,LeftWing,左翼,Normal,7,1,2,,,,,,,,,,,,,,,8,1,1,1,1,0,0,0,0,0,,0,,0,0,0,0,0,0,0,0,,0,,0,0,0,0,0,0,0,0,,0,,0,0,0,0,0,0,0,0,,0,,0,0,0,0,0,0,0,,0
60360,RightWing,右翼,Normal,7,1,2,,,,,,,,,,,,,,,8,1,1,1,1,0,0,0,0,0,,0,,0,0,0,0,0,0,0,0,,0,,0,0,0,0,0,0,0,0,,0,,0,0,0,0,0,0,0,0,,0,,0,0,0,0,0,0,0,,0
60360,LeftLeg,左（前）腿,Normal,8,1,2,12,1,,,,,,,,,,,,,,,0,0,0,0,0,0,0,0,,0,,0,0,0,0,0,0,0,0,,0,,0,0,0,0,0,0,0,0,,0,,0,0,0,0,0,0,0,0,,0,,0,0,0,0,0,0,0,,0
60360,RightLeg,右（前）腿,Normal,8,1,2,12,1,,,,,,,,,,,,,,,0,0,0,0,0,0,0,0,,0,,0,0,0,0,0,0,0,0,,0,,0,0,0,0,0,0,0,0,,0,,0,0,0,0,0,0,0,0,,0,,0,0,0,0,0,0,0,,0
60361,WholeBody,全身,Normal,,,2,,,,,,,,,,,,,,,,,,,,,,,,,,,,,,,,,,,,,,,,,,,,,,,,,,,,,,,,,,,,,,,,,,,,,
60361,Head,头部,Normal,11,1,2,,,,,,,,,,,,,,,9,1,1,1,1,0,0,0,0,0,,0,,0,0,0,0,0,0,0,0,,0,,0,0,0,0,0,0,0,0,,0,,0,0,0,0,0,0,0,0,,0,,0,0,0,0,0,0,0,,0
60361,Neck,颈部（首）,Normal,8,1,2,,,,,,,,,,,,,,,,,0,0,0,0,0,0,0,0,,0,,0,0,0,0,0,0,0,0,,0,,0,0,0,0,0,0,0,0,,0,,0,0,0,0,0,0,0,0,,0,,0,0,0,0,0,0,0,,0
60361,Back,背部,Normal,8,1,2,,,,,,,,,,,,,,,8,1,1,1,1,0,0,0,0,0,,0,,0,0,0,0,0,0,0,0,,0,,0,0,0,0,0,0,0,0,,0,,0,0,0,0,0,0,0,0,,0,,0,0,0,0,0,0,0,,0
60361,Abdomen,腹部,Normal,10,1,2,,,,,,,,,,,,,,,10,1,1,1,1,0,0,0,0,0,,0,,0,0,0,0,0,0,0,0,,0,,0,0,0,0,0,0,0,0,,0,,0,0,0,0,0,0,0,0,,0,,0,0,0,0,0,0,0,,0
60361,Body,躯干（本体/胴体）,Normal,9,1,2,,,,,,,,,,,,,,,,,0,0,0,0,0,0,0,0,,0,,0,0,0,0,0,0,0,0,,0,,0,0,0,0,0,0,0,0,,0,,0,0,0,0,0,0,0,0,,0,,0,0,0,0,0,0,0,,0
60361,Tail,尾部（尻尾）,Normal,8,1,2,,,,,,,,,,,,,,,9,1,0,1,0,0,0,0,0,0,,0,,0,0,0,0,0,0,0,0,,0,,0,0,0,0,0,0,0,0,,0,,0,0,0,0,0,0,0,0,,0,,0,0,0,0,0,0,0,,0
60361,LeftWing,左翼,Normal,7,1,2,,,,,,,,,,,,,,,8,1,1,1,1,0,0,0,0,0,,0,,0,0,0,0,0,0,0,0,,0,,0,0,0,0,0,0,0,0,,0,,0,0,0,0,0,0,0,0,,0,,0,0,0,0,0,0,0,,0
60361,RightWing,右翼,Normal,7,1,2,,,,,,,,,,,,,,,8,1,1,1,1,0,0,0,0,0,,0,,0,0,0,0,0,0,0,0,,0,,0,0,0,0,0,0,0,0,,0,,0,0,0,0,0,0,0,0,,0,,0,0,0,0,0,0,0,,0
60361,LeftLeg,左（前）腿,Normal,8,1,2,12,1,,,,,,,,,,,,,,,0,0,0,0,0,0,0,0,,0,,0,0,0,0,0,0,0,0,,0,,0,0,0,0,0,0,0,0,,0,,0,0,0,0,0,0,0,0,,0,,0,0,0,0,0,0,0,,0
60361,RightLeg,右（前）腿,Normal,8,1,2,12,1,,,,,,,,,,,,,,,0,0,0,0,0,0,0,0,,0,,0,0,0,0,0,0,0,0,,0,,0,0,0,0,0,0,0,0,,0,,0,0,0,0,0,0,0,0,,0,,0,0,0,0,0,0,0,,0
60370,WholeBody,全身,Normal,,,,,,,,,,,,,,,,,,,,,,,,,,,,,,,,,,,,,,,,,,,,,,,,,,,,,,,,,,,,,,,,,,,,,,,,
60370,Head,头部,Normal,10,1.2,500,,,,,,,,,,,,,,,,,,,,,,,,,,,,,,,,,,,,,,,,,,,,,,,,,,,,,,,,,,,,,,,,,,,,,
60370,Eye,眼睛,Normal,10,1.2,500,,,,,,,,,,,,,,,,,,,,,,,,,,,,,,,,,,,,,,,,,,,,,,,,,,,,,,,,,,,,,,,,,,,,,
60370,Mouth,口部,Normal,10,1.2,500,,,,,,,,,,,,,,,,,,,,,,,,,,,,,,,,,,,,,,,,,,,,,,,,,,,,,,,,,,,,,,,,,,,,,
60370,Antennae,触角,Normal,10,1.2,500,,,,,,,,,,,,,,,,,,,,,,,,,,,,,,,,,,,,,,,,,,,,,,,,,,,,,,,,,,,,,,,,,,,,,
60370,LeftArm,触手,Normal,10,1.2,500,,,,,,,,,,,,,,,20,1,1,1,1,0,0,0,0,0,,,,,,,,,,,,,,,,,,,,,,,,,,,,,,,,,,,,,,,,,,,,,
60370,RightArm,触手,Normal,10,1.2,500,,,,,,,,,,,,,,,20,1,1,1,1,0,0,0,0,0,,,,,,,,,,,,,,,,,,,,,,,,,,,,,,,,,,,,,,,,,,,,,
60370,LeftLeg,触手,Normal,10,1.2,500,,,,,,,,,,,,,,,20,1,1,1,1,0,0,0,0,0,,,,,,,,,,,,,,,,,,,,,,,,,,,,,,,,,,,,,,,,,,,,,
60370,RightLeg,触手,Normal,10,1.2,500,,,,,,,,,,,,,,,20,1,1,1,1,0,0,0,0,0,,,,,,,,,,,,,,,,,,,,,,,,,,,,,,,,,,,,,,,,,,,,,
60370,Back,背部,Normal,10,1.2,500,,,,,,,,,,,,,,,,,,,,,,,,,,,,,,,,,,,,,,,,,,,,,,,,,,,,,,,,,,,,,,,,,,,,,
60370,Abdomen,腹部,Normal,10,1.2,500,,,,,,,,,,,,,,,,,,,,,,,,,,,,,,,,,,,,,,,,,,,,,,,,,,,,,,,,,,,,,,,,,,,,,
60370,Shell1,凸起,Normal,,,,,,,,,,,,,,,,,,,,,,,,,,,,,,,,,,,,,,,,,,,,,,,,,,,,,,,,,,,,,,,,,,,,,,,,
60370,Shell2,凸起,Normal,,,,,,,,,,,,,,,,,,,,,,,,,,,,,,,,,,,,,,,,,,,,,,,,,,,,,,,,,,,,,,,,,,,,,,,,
60370,Shell3,凸起,Normal,,,,,,,,,,,,,,,,,,,,,,,,,,,,,,,,,,,,,,,,,,,,,,,,,,,,,,,,,,,,,,,,,,,,,,,,
60370,Shell4,凸起,Normal,,,,,,,,,,,,,,,,,,,,,,,,,,,,,,,,,,,,,,,,,,,,,,,,,,,,,,,,,,,,,,,,,,,,,,,,
60371,WholeBody,全身,Normal,,,,,,,,,,,,,,,,,,,,,,,,,,,,,,,,,,,,,,,,,,,,,,,,,,,,,,,,,,,,,,,,,,,,,,,,
60371,Body,躯干（本体/胴体）,Normal,1,1,500,,,,,,,,,,,,,,,,,,,,,,,,,,,,,,,,,,,,,,,,,,,,,,,,,,,,,,,,,,,,,,,,,,,,,
60380,WholeBody,全身,Normal,,,2,,,,,,,,,,,,,,,,,,,,,,,,,,,,,,,,,,,,,,,,,,,,,,,,,,,,,,,,,,,,,,,,,,,,,
60380,Body,躯干（本体/胴体）,Normal,6,1,2,,,,,,,,,,,,,,,0,,0,0,0,0,0,0,0,0,,0,,0,0,0,0,0,0,0,0,,0,1,0,0,0,0,0,0,0,0,,0,1,0,0,0,0,0,0,0,0,,0,1,0,0,0,0,0,0,0,,0
60380,Head,头部,Normal,10,1,2,12,1,,,,,,,,,,,,,6,1,1,1,1,0,0,0,0,0,,8,1,1,1,1,0,0,0,0,0,,0,,0,0,0,0,0,0,0,0,,0,,0,0,0,0,0,0,0,0,,0,,0,0,0,0,0,0,0,,0
60380,LeftLeg,左腿,Normal,6,1,2,,,,,,,,,,,,,,,0,,0,0,0,0,0,0,0,0,,0,,0,0,0,0,0,0,0,0,,0,,0,0,0,0,0,0,0,0,,0,,0,0,0,0,0,0,0,0,,0,,0,0,0,0,0,0,0,,0
60380,RightLeg,右腿,Normal,6,1,2,,,,,,,,,,,,,,,0,,0,0,0,0,0,0,0,0,,0,,0,0,0,0,0,0,0,0,,0,,0,0,0,0,0,0,0,0,,0,,0,0,0,0,0,0,0,0,,0,,0,0,0,0,0,0,0,,0
60380,LeftWing,左翼,Normal,5,1,2,,,,,,,,,,,,,,,8,1,1,1,1,0,0,0,0,0,,0,,0,0,0,0,0,0,0,0,,0,1,0,0,0,0,0,0,0,0,,0,1,0,0,0,0,0,0,0,0,,0,1,0,0,0,0,0,0,0,,0
60380,RightWing,右翼,Normal,5,1,2,,,,,,,,,,,,,,,8,1,1,1,1,0,0,0,0,0,,0,,0,0,0,0,0,0,0,0,,0,1,0,0,0,0,0,0,0,0,,0,1,0,0,0,0,0,0,0,0,,0,1,0,0,0,0,0,0,0,,0
60380,LeftHand,左手,Normal,6,1,2,,,,,,,,,,,,,,,0,,0,0,0,0,0,0,0,0,,0,,0,0,0,0,0,0,0,0,,0,1,0,0,0,0,0,0,0,0,,0,1,0,0,0,0,0,0,0,0,,0,1,0,0,0,0,0,0,0,,0
60380,RightHand,右手,Normal,6,1,2,,,,,,,,,,,,,,,0,,0,0,0,0,0,0,0,0,,0,,0,0,0,0,0,0,0,0,,0,1,0,0,0,0,0,0,0,0,,0,1,0,0,0,0,0,0,0,0,,0,1,0,0,0,0,0,0,0,,0
60380,Tail,尾巴,Normal,7,1,2,,,,,,,,,,,,,,,12,1,0,1,0,0,0,0,0,0,,0,,0,0,0,0,0,0,0,0,,0,,0,0,0,0,0,0,0,0,,0,,0,0,0,0,0,0,0,0,,0,,0,0,0,0,0,0,0,,0
60389,WholeBody,全身,Normal,3,1,2,,,,,,,,,,,,,,,0,,0,0,0,0,0,0,0,0,,0,,0,0,0,0,0,0,0,0,,0,,0,0,0,0,0,0,0,0,,0,,0,0,0,0,0,0,0,0,,0,,0,0,0,0,0,0,0,,0
60389,Body,躯干（本体/胴体）,Normal,3,1,2,,,,,,,,,,,,,,,0,,0,0,0,0,0,0,0,0,,0,,0,0,0,0,0,0,0,0,,0,,0,0,0,0,0,0,0,0,,0,,0,0,0,0,0,0,0,0,,0,,0,0,0,0,0,0,0,,0
60390,WholeBody,全身,Normal,,,500,,,,,,,,,,,,,,,,,,,,,,,,,,,,,,,,,,,,,,,,,,,,,,,,,,,,,,,,,,,,,,,,,,,,,
60390,Body,躯干（本体/胴体）,Normal,4,1,500,,,,,,,,,,,,,,,,,,,,,,,,,,,,,,,,,,,,,,,,,,,,,,,,,,,,,,,,,,,,,,,,,,,,,
60390,Head,头部,Normal,4,1,500,,,,,,,,,,,,,,,,,,,,,,,,,,,,,,,,,,,,,,,,,,,,,,,,,,,,,,,,,,,,,,,,,,,,,
60390,Neck,颈部（首）,Normal,4,1,500,,,,,,,,,,,,,,,,,,,,,,,,,,,,,,,,,,,,,,,,,,,,,,,,,,,,,,,,,,,,,,,,,,,,,
60390,RightWing,右翼,Normal,3,1,500,,,,,,,,,,,,,,,,,,,,,,,,,,,,,,,,,,,,,,,,,,,,,,,,,,,,,,,,,,,,,,,,,,,,,
60390,LeftLeg,左（前）腿,Normal,3,1,500,8,1,,,,,,,,,,,,,6,1,1,1,1,0,0,0,0,0,,,,,,,,,,,,,,,,,,,,,,,,,,,,,,,,,,,,,,,,,,,,,
60390,RightLeg,右（前）腿,Normal,3,1,500,8,1,,,,,,,,,,,,,6,1,1,1,1,0,0,0,0,0,,,,,,,,,,,,,,,,,,,,,,,,,,,,,,,,,,,,,,,,,,,,,
60390,Tail,尾部（尻尾）,Normal,,1,500,,,,,,,,,,,,,,,8,1,0,1,0,0,0,0,0,0,,,,,,,,,,,,,,,,,,,,,,,,,,,,,,,,,,,,,,,,,,,,,
60390,Abdomen,腹部,Normal,4,1,500,,,,,,,,,,,,,,,9,1,1,1,1,0,0,0,0,0,,9,1,1,1,1,0,0,0,0,0,,,,,,,,,,,,,,,,,,,,,,,,,,,,,,,,,,
60390,Back,背部,Normal,4,1,500,,,,,,,,,,,,,,,,,,,,,,,,,,,,,,,,,,,,,,,,,,,,,,,,,,,,,,,,,,,,,,,,,,,,,
60390,LeftWing,左翼,Normal,3,1,500,,,,,,,,,,,,,,,,,,,,,,,,,,,,,,,,,,,,,,,,,,,,,,,,,,,,,,,,,,,,,,,,,,,,,
60391,WholeBody,全身,Normal,,,500,,,,,,,,,,,,,,,,,,,,,,,,,,,,,,,,,,,,,,,,,,,,,,,,,,,,,,,,,,,,,,,,,,,,,
60391,Head,头部,Normal,4,1,500,,,,,,,,,,,,,,,,,,,,,,,,,,,,,,,,,,,,,,,,,,,,,,,,,,,,,,,,,,,,,,,,,,,,,
60391,Neck,颈部（首）,Normal,5,1,500,,,,,,,,,,,,,,,,,,,,,,,,,,,,,,,,,,,,,,,,,,,,,,,,,,,,,,,,,,,,,,,,,,,,,
60391,Body,躯干（本体/胴体）,Normal,4,1,500,,,,,,,,,,,,,,,,,,,,,,,,,,,,,,,,,,,,,,,,,,,,,,,,,,,,,,,,,,,,,,,,,,,,,
60391,Back,背部,Normal,3,1,500,,,,,,,,,,,,,,,,,,,,,,,,,,,,,,,,,,,,,,,,,,,,,,,,,,,,,,,,,,,,,,,,,,,,,
60391,Abdomen,腹部,Normal,7,1,500,,,,,,,,,,,,,,,8,1,1,1,1,0,0,0,0,0,,8,1,1,1,1,0,0,0,0,0,,,,,,,,,,,,,,,,,,,,,,,,,,,,,,,,,,
60391,LeftWing,左翼,Normal,3,1,500,,,,,,,,,,,,,,,,,,,,,,,,,,,,,,,,,,,,,,,,,,,,,,,,,,,,,,,,,,,,,,,,,,,,,
60391,RightWing,右翼,Normal,3,1,500,,,,,,,,,,,,,,,,,,,,,,,,,,,,,,,,,,,,,,,,,,,,,,,,,,,,,,,,,,,,,,,,,,,,,
60391,LeftLeg,左（前）腿,Normal,4,1,500,8,1,,,,,,,,,,,,,7,1,1,1,1,0,0,0,0,0,,,,,,,,,,,,,,,,,,,,,,,,,,,,,,,,,,,,,,,,,,,,,
60391,RightLeg,右（前）腿,Normal,4,1,500,8,1,,,,,,,,,,,,,7,1,1,1,1,0,0,0,0,0,,,,,,,,,,,,,,,,,,,,,,,,,,,,,,,,,,,,,,,,,,,,,
60391,Tail,尾部（尻尾）,Normal,,1,500,,,,,,,,,,,,,,,8,1,0,1,0,0,0,0,0,0,,,,,,,,,,,,,,,,,,,,,,,,,,,,,,,,,,,,,,,,,,,,,
60400,WholeBody,全身,Normal,,,2,,,,,,,,,,,,,,,,,,,,,,,,,,,,,,,,,,,,,,,,,,,,,,,,,,,,,,,,,,,,,,,,,,,,,
60400,Body,躯干（本体/胴体）,Normal,6,1,2,,,,,,,,,,,,,,,0,,0,0,0,0,0,0,0,0,,0,,0,0,0,0,0,0,0,0,,0,1,0,0,0,0,0,0,0,0,,0,1,0,0,0,0,0,0,0,0,,0,1,0,0,0,0,0,0,0,,0
60400,Head,头部,Normal,10,1,2,12,1,,,,,,,,,,,,,6,1,1,1,1,0,0,0,0,0,,8,1,1,1,1,0,0,0,0,0,,0,,0,0,0,0,0,0,0,0,,0,,0,0,0,0,0,0,0,0,,0,,0,0,0,0,0,0,0,,0
60400,LeftLeg,左腿,Normal,6,1,2,,,,,,,,,,,,,,,0,,0,0,0,0,0,0,0,0,,0,,0,0,0,0,0,0,0,0,,0,,0,0,0,0,0,0,0,0,,0,,0,0,0,0,0,0,0,0,,0,,0,0,0,0,0,0,0,,0
60400,RightLeg,右腿,Normal,6,1,2,,,,,,,,,,,,,,,0,,0,0,0,0,0,0,0,0,,0,,0,0,0,0,0,0,0,0,,0,,0,0,0,0,0,0,0,0,,0,,0,0,0,0,0,0,0,0,,0,,0,0,0,0,0,0,0,,0
60400,LeftWing,左翼,Normal,5,1,2,,,,,,,,,,,,,,,8,1,1,1,1,0,0,0,0,0,,0,,0,0,0,0,0,0,0,0,,0,1,0,0,0,0,0,0,0,0,,0,1,0,0,0,0,0,0,0,0,,0,1,0,0,0,0,0,0,0,,0
60400,RightWing,右翼,Normal,5,1,2,,,,,,,,,,,,,,,8,1,1,1,1,0,0,0,0,0,,0,,0,0,0,0,0,0,0,0,,0,1,0,0,0,0,0,0,0,0,,0,1,0,0,0,0,0,0,0,0,,0,1,0,0,0,0,0,0,0,,0
60400,LeftHand,左手,Normal,6,1,2,,,,,,,,,,,,,,,0,,0,0,0,0,0,0,0,0,,0,,0,0,0,0,0,0,0,0,,0,1,0,0,0,0,0,0,0,0,,0,1,0,0,0,0,0,0,0,0,,0,1,0,0,0,0,0,0,0,,0
60400,RightHand,右手,Normal,6,1,2,,,,,,,,,,,,,,,0,,0,0,0,0,0,0,0,0,,0,,0,0,0,0,0,0,0,0,,0,1,0,0,0,0,0,0,0,0,,0,1,0,0,0,0,0,0,0,0,,0,1,0,0,0,0,0,0,0,,0
60400,Tail,尾巴,Normal,7,1,2,,,,,,,,,,,,,,,10,1,0,1,0,0,0,0,0,0,,0,,0,0,0,0,0,0,0,0,,0,,0,0,0,0,0,0,0,0,,0,,0,0,0,0,0,0,0,0,,0,,0,0,0,0,0,0,0,,0
60409,WholeBody,全身,Normal,3,1,2,,,,,,,,,,,,,,,0,,0,0,0,0,0,0,0,0,,0,,0,0,0,0,0,0,0,0,,0,,0,0,0,0,0,0,0,0,,0,,0,0,0,0,0,0,0,0,,0,,0,0,0,0,0,0,0,,0
60409,Body,躯干（本体/胴体）,Normal,3,1,2,,,,,,,,,,,,,,,0,,0,0,0,0,0,0,0,0,,0,,0,0,0,0,0,0,0,0,,0,,0,0,0,0,0,0,0,0,,0,,0,0,0,0,0,0,0,0,,0,,0,0,0,0,0,0,0,,0
60410,WholeBody,全身,Normal,,,2,,,,,,,,,,,,,,,,,,,,,,,,,,,,,,,,,,,,,,,,,,,,,,,,,,,,,,,,,,,,,,,,,,,,,
60410,Neck,颈部（首）,Normal,7,1,2,,,,,,,,,,,,,,,0,,0,0,0,0,0,0,0,0,,0,,0,0,0,0,0,0,0,0,,0,,0,0,0,0,0,0,0,0,,0,,0,0,0,0,0,0,0,0,,0,,0,0,0,0,0,0,0,,0
60410,Head,头部,Normal,3,1,2,,,,,,,,,,,,,,,3,1,1,1,1,0,0,0,0,0,,7,1,1,1,1,0,0,0,0,0,,0,,0,0,0,0,0,0,0,0,,0,,0,0,0,0,0,0,0,0,,0,,0,0,0,0,0,0,0,,0
60410,Back,背部,Normal,5,1,2,,,,,,,,,,,,,,,15,2,1,1,1,0,0,0,0,0,,0,,0,0,0,0,0,0,0,0,,0,,0,0,0,0,0,0,0,0,,0,,0,0,0,0,0,0,0,0,,0,,0,0,0,0,0,0,0,,0
60410,Body,腹部,Normal,7,1,2,,,,,,,,,,,,,,,0,,0,0,0,0,0,0,0,0,,0,,0,0,0,0,0,0,0,0,,0,,0,0,0,0,0,0,0,0,,0,,0,0,0,0,0,0,0,0,,0,,0,0,0,0,0,0,0,,0
60410,Abdomen,体内,Normal,3,1,2,,,,,,,,,,,,,,,0,,0,0,0,0,0,0,0,0,,0,,0,0,0,0,0,0,0,0,,0,,0,0,0,0,0,0,0,0,,0,,0,0,0,0,0,0,0,0,,0,,0,0,0,0,0,0,0,,0
60410,Tail,尾部（尻尾）,Normal,5,1,2,,,,,,,,,,,,,,,0,,0,0,0,0,0,0,0,0,,0,,0,0,0,0,0,0,0,0,,0,,0,0,0,0,0,0,0,0,,0,,0,0,0,0,0,0,0,0,,0,,0,0,0,0,0,0,0,,0
60410,LeftWing,肩,Normal,4,1,2,,,,,,,,,,,,,,,7,2,1,1,1,0,0,0,0,0,,0,,0,0,0,0,0,0,0,0,,0,,0,0,0,0,0,0,0,0,,0,,0,0,0,0,0,0,0,0,,0,,0,0,0,0,0,0,0,,0
60410,RightWing,肩,Normal,4,1,2,,,,,,,,,,,,,,,7,2,1,1,1,0,0,0,0,0,,0,,0,0,0,0,0,0,0,0,,0,,0,0,0,0,0,0,0,0,,0,,0,0,0,0,0,0,0,0,,0,,0,0,0,0,0,0,0,,0
60410,LeftHand,左手,Normal,4,1,2,,,,,,,,,,,,,,,0,,0,0,0,0,0,0,0,0,,0,,0,0,0,0,0,0,0,0,,0,,0,0,0,0,0,0,0,0,,0,,0,0,0,0,0,0,0,0,,0,,0,0,0,0,0,0,0,,0
60410,RightHand,右手,Normal,4,1,2,,,,,,,,,,,,,,,0,,0,0,0,0,0,0,0,0,,0,,0,0,0,0,0,0,0,0,,0,,0,0,0,0,0,0,0,0,,0,,0,0,0,0,0,0,0,0,,0,,0,0,0,0,0,0,0,,0
60410,LeftLeg,左（后）腿,Normal,5,1,2,,,,,,,,,,,,,,,0,,0,0,0,0,0,0,0,0,,0,,0,0,0,0,0,0,0,0,,0,,0,0,0,0,0,0,0,0,,0,,0,0,0,0,0,0,0,0,,0,,0,0,0,0,0,0,0,,0
60410,RightLeg,右（后）腿,Normal,5,1,2,,,,,,,,,,,,,,,0,,0,0,0,0,0,0,0,0,,0,,0,0,0,0,0,0,0,0,,0,,0,0,0,0,0,0,0,0,,0,,0,0,0,0,0,0,0,0,,0,,0,0,0,0,0,0,0,,0
60420,WholeBody,全身,Normal,,,4,,,,,,,,,,,,,,,,,,,,,,,,,,,,,,,,,,,,,,,,,,,,,,,,,,,,,,,,,,,,,,,,,,,,,
60420,Head,头部,Normal,5,1,500,,,,,,,,,,,,,,,8,1,1,1,1,0,0,0,0,0,,9,1,1,1,1,0,0,0,0,0,,0,,0,0,0,0,0,0,0,0,,0,,0,0,0,0,0,0,0,0,,0,,0,0,0,0,0,0,0,,0
60420,Body,全身,Normal,5,1,4,,,,,,,,,,,,,,,0,,0,0,0,0,0,0,0,0,,0,,0,0,0,0,0,0,0,0,,0,,0,0,0,0,0,0,0,0,,0,,0,0,0,0,0,0,0,0,,0,,0,0,0,0,0,0,0,,0
60420,Back,背部,Normal,,1,4,,,,,,,,,,,,,,,0,,0,0,0,0,0,0,0,0,,0,,0,0,0,0,0,0,0,0,,0,,0,0,0,0,0,0,0,0,,0,,0,0,0,0,0,0,0,0,,0,,0,0,0,0,0,0,0,,0
60420,LeftLeg,左腿,Normal,5,1,4,10,1,,,,,,,,,,,,,0,,0,0,0,0,0,0,0,0,,0,,0,0,0,0,0,0,0,0,,0,,0,0,0,0,0,0,0,0,,0,,0,0,0,0,0,0,0,0,,0,,0,0,0,0,0,0,0,,0
60420,LeftHand,左手,Normal,6,1,4,12,1,,,,,,,,,,,,,0,,0,0,0,0,0,0,0,0,,0,,0,0,0,0,0,0,0,0,,0,,0,0,0,0,0,0,0,0,,0,,0,0,0,0,0,0,0,0,,0,,0,0,0,0,0,0,0,,0
60420,RightLeg,右腿,Normal,5,1,4,10,1,,,,,,,,,,,,,0,,0,0,0,0,0,0,0,0,,0,,0,0,0,0,0,0,0,0,,0,,0,0,0,0,0,0,0,0,,0,,0,0,0,0,0,0,0,0,,0,,0,0,0,0,0,0,0,,0
60420,RightHand,右手,Normal,6,1,4,12,1,,,,,,,,,,,,,0,,0,0,0,0,0,0,0,0,,0,,0,0,0,0,0,0,0,0,,0,,0,0,0,0,0,0,0,0,,0,,0,0,0,0,0,0,0,0,,0,,0,0,0,0,0,0,0,,0
60420,Tail,尾部（尻尾）,Normal,5,1,4,,,,,,,,,,,,,,,12,1,0,1,0,0,0,0,0,0,,0,,,,,,,,,,,,,,,,,,,,,,,,,,,,,,,,,,,,,,,,,,,
60421,WholeBody,全身,Normal,,,4,,,,,,,,,,,,,,,,,,,,,,,,,,,,,,,,,,,,,,,,,,,,,,,,,,,,,,,,,,,,,,,,,,,,,
60421,Head,头部,Normal,5,1,500,,,,,,,,,,,,,,,8,1,1,1,1,0,0,0,0,0,,9,1,1,1,1,0,0,0,0,0,,0,,0,0,0,0,0,0,0,0,,0,,0,0,0,0,0,0,0,0,,0,,0,0,0,0,0,0,0,,0
60421,Body,全身,Normal,5,1,4,,,,,,,,,,,,,,,0,,0,0,0,0,0,0,0,0,,0,,0,0,0,0,0,0,0,0,,0,,0,0,0,0,0,0,0,0,,0,,0,0,0,0,0,0,0,0,,0,,0,0,0,0,0,0,0,,0
60421,Back,背部,Normal,,1,4,,,,,,,,,,,,,,,0,,0,0,0,0,0,0,0,0,,0,,0,0,0,0,0,0,0,0,,0,,0,0,0,0,0,0,0,0,,0,,0,0,0,0,0,0,0,0,,0,,0,0,0,0,0,0,0,,0
60421,LeftLeg,左腿,Normal,5,1,4,10,1,,,,,,,,,,,,,0,,0,0,0,0,0,0,0,0,,0,,0,0,0,0,0,0,0,0,,0,,0,0,0,0,0,0,0,0,,0,,0,0,0,0,0,0,0,0,,0,,0,0,0,0,0,0,0,,0
60421,LeftHand,左手,Normal,6,1,4,12,1,,,,,,,,,,,,,0,,0,0,0,0,0,0,0,0,,0,,0,0,0,0,0,0,0,0,,0,,0,0,0,0,0,0,0,0,,0,,0,0,0,0,0,0,0,0,,0,,0,0,0,0,0,0,0,,0
60421,RightLeg,右腿,Normal,5,1,4,10,1,,,,,,,,,,,,,0,,0,0,0,0,0,0,0,0,,0,,0,0,0,0,0,0,0,0,,0,,0,0,0,0,0,0,0,0,,0,,0,0,0,0,0,0,0,0,,0,,0,0,0,0,0,0,0,,0
60421,RightHand,右手,Normal,6,1,4,12,1,,,,,,,,,,,,,0,,0,0,0,0,0,0,0,0,,0,,0,0,0,0,0,0,0,0,,0,,0,0,0,0,0,0,0,0,,0,,0,0,0,0,0,0,0,0,,0,,0,0,0,0,0,0,0,,0
60421,Tail,尾部（尻尾）,Normal,5,1,4,,,,,,,,,,,,,,,0,1,0,0,0,0,0,0,0,0,,0,,,,,,,,,,,,,,,,,,,,,,,,,,,,,,,,,,,,,,,,,,,
60440,WholeBody,全身,Normal,,,2,,,,,,,,,,,,,,,,,,,,,,,,,,,,,,,,,,,,,,,,,,,,,,,,,,,,,,,,,,,,,,,,,,,,,
60440,Head,头部,Normal,5,1,2,,,,,,,,,,,,,,,13,1,1,1,1,0,0,0,0,0,,0,,0,0,0,0,0,0,0,0,,0,,0,0,0,0,0,0,0,0,,0,,0,0,0,0,0,0,0,0,,0,,0,0,0,0,0,0,0,,0
60440,Body,躯干（本体/胴体）,Normal,6,1,2,,,,,,,,,,,,,,,15,1,1,1,1,0,0,0,0,0,,0,,0,0,0,0,0,0,0,0,,0,,0,0,0,0,0,0,0,0,,0,,0,0,0,0,0,0,0,0,,0,,0,0,0,0,0,0,0,,0
60440,LeftWing,左翼,Normal,5,1,2,,,,,,,,,,,,,,,5,2,1,1,1,0,0,0,0,0,,5,1,1,1,1,0,0,0,0,0,,0,,0,0,0,0,0,0,0,0,,0,,0,0,0,0,0,0,0,0,,0,,0,0,0,0,0,0,0,,0
60440,RightWing,右翼,Normal,5,1,2,,,,,,,,,,,,,,,5,2,1,1,1,0,0,0,0,0,,5,1,1,1,1,0,0,0,0,0,,0,,0,0,0,0,0,0,0,0,,0,,0,0,0,0,0,0,0,0,,0,,0,0,0,0,0,0,0,,0
60440,LeftHand,左钩爪,Normal,,,,,,,,,,,,,,,,,,0,,0,0,0,0,0,0,0,0,,0,,0,0,0,0,0,0,0,0,,0,,0,0,0,0,0,0,0,0,,0,,0,0,0,0,0,0,0,0,,0,,0,0,0,0,0,0,0,,0
60440,RightHand,右钩爪,Normal,,,,,,,,,,,,,,,,,,0,,0,0,0,0,0,0,0,0,,0,,0,0,0,0,0,0,0,0,,0,,0,0,0,0,0,0,0,0,,0,,0,0,0,0,0,0,0,0,,0,,0,0,0,0,0,0,0,,0
60440,LeftLeg,左腿,Normal,9,1,2,15,1,,,,,,,,,,,,,0,,0,0,0,0,0,0,0,0,,0,,0,0,0,0,0,0,0,0,,0,,0,0,0,0,0,0,0,0,,0,,0,0,0,0,0,0,0,0,,0,,0,0,0,0,0,0,0,,0
60440,RightLeg,右腿,Normal,9,1,2,15,1,,,,,,,,,,,,,0,,0,0,0,0,0,0,0,0,,0,,0,0,0,0,0,0,0,0,,0,,0,0,0,0,0,0,0,0,,0,,0,0,0,0,0,0,0,0,,0,,0,0,0,0,0,0,0,,0
60440,LeftBackLeg,左副尾,Normal,5,1,2,,,,,,,,,,,,,,,10,1,1,1,1,0,0,0,0,0,,0,,0,0,0,0,0,0,0,0,,0,,0,0,0,0,0,0,0,0,,0,,0,0,0,0,0,0,0,0,,0,,0,0,0,0,0,0,0,,0
60440,RightBackLeg,右副尾,Normal,5,1,2,,,,,,,,,,,,,,,10,1,1,1,1,0,0,0,0,0,,0,,0,0,0,0,0,0,0,0,,0,,0,0,0,0,0,0,0,0,,0,,0,0,0,0,0,0,0,0,,0,,0,0,0,0,0,0,0,,0
60440,Tail,尾部（尻尾）,Normal,6,1,2,,,,,,,,,,,,,,,18,1,0,1,0,0,0,0,0,0,,0,,0,0,0,0,0,0,0,0,,0,,0,0,0,0,0,0,0,0,,0,,0,0,0,0,0,0,0,0,,0,,0,0,0,0,0,0,0,,0
60441,WholeBody,全身,Normal,,,2,,,,,,,,,,,,,,,,,,,,,,,,,,,,,,,,,,,,,,,,,,,,,,,,,,,,,,,,,,,,,,,,,,,,,
60441,Head,头部,Normal,12,1,2,,,,,,,,,,,,,,,12,1,1,1,1,0,0,0,0,0,,0,,0,0,0,0,0,0,0,0,,0,,0,0,0,0,0,0,0,0,,0,,0,0,0,0,0,0,0,0,,0,,0,0,0,0,0,0,0,,0
60441,Body,躯干（本体/胴体）,Normal,8,1,2,,,,,,,,,,,,,,,12,1,1,1,1,0,0,0,0,0,,0,,0,0,0,0,0,0,0,0,,0,,0,0,0,0,0,0,0,0,,0,,0,0,0,0,0,0,0,0,,0,,0,0,0,0,0,0,0,,0
60441,LeftWing,左翼,Normal,6,1,2,,,,,,,,,,,,,,,6,2,1,1,1,0,0,0,0,0,,12,1,1,1,1,0,0,0,0,0,,0,,0,0,0,0,0,0,0,0,,0,,0,0,0,0,0,0,0,0,,0,,0,0,0,0,0,0,0,,0
60441,RightWing,右翼,Normal,6,1,2,,,,,,,,,,,,,,,6,2,1,1,1,0,0,0,0,0,,12,1,1,1,1,0,0,0,0,0,,0,,0,0,0,0,0,0,0,0,,0,,0,0,0,0,0,0,0,0,,0,,0,0,0,0,0,0,0,,0
60441,LeftHand,左钩爪,Normal,15,1,2,,,,,,,,,,,,,,,0,,0,0,0,0,0,0,0,0,,0,,0,0,0,0,0,0,0,0,,0,,0,0,0,0,0,0,0,0,,0,,0,0,0,0,0,0,0,0,,0,,0,0,0,0,0,0,0,,0
60441,RightHand,右钩爪,Normal,15,1,2,,,,,,,,,,,,,,,0,,0,0,0,0,0,0,0,0,,0,,0,0,0,0,0,0,0,0,,0,,0,0,0,0,0,0,0,0,,0,,0,0,0,0,0,0,0,0,,0,,0,0,0,0,0,0,0,,0
60441,LeftLeg,左腿,Normal,10,1,2,15,1,,,,,,,,,,,,,0,,0,0,0,0,0,0,0,0,,0,,0,0,0,0,0,0,0,0,,0,,0,0,0,0,0,0,0,0,,0,,0,0,0,0,0,0,0,0,,0,,0,0,0,0,0,0,0,,0
60441,RightLeg,右腿,Normal,10,1,2,15,1,,,,,,,,,,,,,0,,0,0,0,0,0,0,0,0,,0,,0,0,0,0,0,0,0,0,,0,,0,0,0,0,0,0,0,0,,0,,0,0,0,0,0,0,0,0,,0,,0,0,0,0,0,0,0,,0
60441,LeftBackLeg,左副尾,Normal,12,1,2,,,,,,,,,,,,,,,10,1,1,1,1,0,0,0,0,0,,0,,0,0,0,0,0,0,0,0,,0,,0,0,0,0,0,0,0,0,,0,,0,0,0,0,0,0,0,0,,0,,0,0,0,0,0,0,0,,0
60441,RightBackLeg,右副尾,Normal,12,1,2,,,,,,,,,,,,,,,10,1,1,1,1,0,0,0,0,0,,0,,0,0,0,0,0,0,0,0,,0,,0,0,0,0,0,0,0,0,,0,,0,0,0,0,0,0,0,0,,0,,0,0,0,0,0,0,0,,0
60441,Tail,尾部（尻尾）,Normal,8,1,2,,,,,,,,,,,,,,,14,1,0,1,0,0,0,0,0,0,,0,,0,0,0,0,0,0,0,0,,0,,0,0,0,0,0,0,0,0,,0,,0,0,0,0,0,0,0,0,,0,,0,0,0,0,0,0,0,,0
60450,WholeBody,全身,Normal,,,2,,,,,,,,,,,,,,,,,,,,,,,,,,,,,,,,,,,,,,,,,,,,,,,,,,,,,,,,,,,,,,,,,,,,,
60450,Head,头部,Normal,7,1,2,,,,,,,,,,,,,,,16,1,1,1,1,0,0,0,0,0,,18,1,1,1,1,0,0,0,0,0,,,,,,,,,,,,,,,,,,,,,,,,,,,,,,,,,,
60450,Neck,颈部（首）,Normal,,,,,,,,,,,,,,,,,,,,,,,,,,,,,,,,,,,,,,,,,,,,,,,,,,,,,,,,,,,,,,,,,,,,,,,,
60450,Abdomen,腹部,Normal,9,1,2,,,,,,,,,,,,,,,18,1,1,1,1,0,0,0,0,0,,,,,,,,,,,,,,,,,,,,,,,,,,,,,,,,,,,,,,,,,,,,,
60450,Body,躯干（本体/胴体）,Normal,5,1,2,,,,,,,,,,,,,,,10,1,1,1,1,0,0,0,0,0,,,,,,,,,,,,,,,,,,,,,,,,,,,,,,,,,,,,,,,,,,,,,
60450,Tail,尾部（尻尾）,Normal,7,1,2,,,,,,,,,,,,,,,18,1,0,1,0,0,0,0,0,0,,,,,,,,,,,,,,,,,,,,,,,,,,,,,,,,,,,,,,,,,,,,,
60450,LeftHand,左前爪,Normal,6,1,2,12,,,,,,,,,,,,,,12,1,1,1,1,0,0,0,0,0,,,,,,,,,,,,,,,,,,,,,,,,,,,,,,,,,,,,,,,,,,,,,
60450,RightHand,右前爪,Normal,6,1,2,12,,,,,,,,,,,,,,12,1,1,1,1,0,0,0,0,0,,,,,,,,,,,,,,,,,,,,,,,,,,,,,,,,,,,,,,,,,,,,,
60450,LeftLeg,左后腿,Normal,6,1,2,12,,,,,,,,,,,,,,,,,,,,,,,,,,,,,,,,,,,,,,,,,,,,,,,,,,,,,,,,,,,,,,,,,,,,
60450,RightLeg,右后腿,Normal,6,1,2,12,,,,,,,,,,,,,,,,,,,,,,,,,,,,,,,,,,,,,,,,,,,,,,,,,,,,,,,,,,,,,,,,,,,,
60460,WholeBody,全身,Normal,,,800,,,,,,,,,,,,,,,,,,,,,,,,,,,,,,,,,,,,,,,,,,,,,,,,,,,,,,,,,,,,,,,,,,,,,
60460,Body,躯干（本体/胴体）,Normal,12,1,800,,,,,,,,,,,,,,,0,,0,0,0,0,0,0,0,0,,0,,0,0,0,0,0,0,0,0,,0,,0,0,0,0,0,0,0,0,,0,,0,0,0,0,0,0,0,0,,0,,0,0,0,0,0,0,0,,0
60460,Head,角,Normal,6,1,800,,,,,,,,,,,,,,,12,1,1,1,1,0,0,0,0,0,,0,,0,0,0,0,0,0,0,0,,0,,0,0,0,0,0,0,0,0,,0,,0,0,0,0,0,0,0,0,,0,,0,0,0,0,0,0,0,,0
60460,Face,头部,Normal,10,1,800,,,,,,,,,,,,,,,0,,0,0,0,0,0,0,0,0,,0,,0,0,0,0,0,0,0,0,,0,,0,0,0,0,0,0,0,0,,0,,0,0,0,0,0,0,0,0,,0,,0,0,0,0,0,0,0,,0
60460,LeftHand,左前腿,Normal,10,1,2,,,,,,,,,,,,,,,0,,0,0,0,0,0,0,0,0,,,,,,,,,,,,,,,,,,,,,,,,,,,,,,,,,,,,,,,,,,,,,
60460,RightHand,右前腿,Normal,10,1,2,,,,,,,,,,,,,,,0,,0,0,0,0,0,0,0,0,,,,,,,,,,,,,,,,,,,,,,,,,,,,,,,,,,,,,,,,,,,,,
60460,LeftLeg,左后腿,Normal,10,1,2,,,,,,,,,,,,,,,0,,0,0,0,0,0,0,0,0,,,,,,,,,,,,,,,,,,,,,,,,,,,,,,,,,,,,,,,,,,,,,
60460,RightLeg,右后腿,Normal,10,1,2,,,,,,,,,,,,,,,0,,0,0,0,0,0,0,0,0,,,,,,,,,,,,,,,,,,,,,,,,,,,,,,,,,,,,,,,,,,,,,
60460,Tail,尾部（尻尾）,Normal,6,1,2,,,,,,,,,,,,,,,0,,0,0,0,0,0,0,0,0,,,,,,,,,,,,,,,,,,,,,,,,,,,,,,,,,,,,,,,,,,,,,
60470,WholeBody,全身,Normal,,,4,,,,,,,,,,,,,,,,,,,,,,,,,,,,,,,,,,,,,,,,,,,,,,,,,,,,,,,,,,,,,,,,,,,,,
60470,Head,头部,Normal,9,1,500,,,,,,,,,,,,,,,9,1,1,1,1,0,0,0,0,0,,0,,0,0,0,0,0,0,0,0,,0,,0,0,0,0,0,0,0,0,,0,,0,0,0,0,0,0,0,0,,0,,0,0,0,0,0,0,0,,0
60470,Body,全身,Normal,7,1,4,,,,,,,,,,,,,,,0,,0,0,0,0,0,0,0,0,,0,,0,0,0,0,0,0,0,0,,0,,0,0,0,0,0,0,0,0,,0,,0,0,0,0,0,0,0,0,,0,,0,0,0,0,0,0,0,,0
60470,LeftLeg,左腿,Normal,6,1,4,12,1,,,,,,,,,,,,,0,,0,0,0,0,0,0,0,0,,0,,0,0,0,0,0,0,0,0,,0,,0,0,0,0,0,0,0,0,,0,,0,0,0,0,0,0,0,0,,0,,0,0,0,0,0,0,0,,0
60470,LeftHand,左手,Normal,,,,,,,,,,,,,,,,,,6,1,1,1,1,0,0,0,0,0,,0,,0,0,0,0,0,0,0,0,,0,,0,0,0,0,0,0,0,0,,0,,0,0,0,0,0,0,0,0,,0,,0,0,0,0,0,0,0,,0
60470,RightLeg,右腿,Normal,6,1,4,12,1,,,,,,,,,,,,,0,,0,0,0,0,0,0,0,0,,0,,0,0,0,0,0,0,0,0,,0,,0,0,0,0,0,0,0,0,,0,,0,0,0,0,0,0,0,0,,0,,0,0,0,0,0,0,0,,0
60470,RightHand,右手,Normal,,,,,,,,,,,,,,,,,,6,1,1,1,1,0,0,0,0,0,,0,,0,0,0,0,0,0,0,0,,0,,0,0,0,0,0,0,0,0,,0,,0,0,0,0,0,0,0,0,,0,,0,0,0,0,0,0,0,,0
60470,Tail,尾部（尻尾）,Normal,7,1,4,,,,,,,,,,,,,,,7,1,0,1,0,0,0,0,0,0,,0,,,,,,,,,,,,,,,,,,,,,,,,,,,,,,,,,,,,,,,,,,,
60479,WholeBody,全身,Normal,,,4,,,,,,,,,,,,,,,,,,,,,,,,,,,,,,,,,,,,,,,,,,,,,,,,,,,,,,,,,,,,,,,,,,,,,
60479,Head,头部,Normal,9,1,500,,,,,,,,,,,,,,,9,1,1,1,1,0,0,0,0,0,,0,,0,0,0,0,0,0,0,0,,0,,0,0,0,0,0,0,0,0,,0,,0,0,0,0,0,0,0,0,,0,,0,0,0,0,0,0,0,,0
60479,Body,全身,Normal,7,1,4,,,,,,,,,,,,,,,0,,0,0,0,0,0,0,0,0,,0,,0,0,0,0,0,0,0,0,,0,,0,0,0,0,0,0,0,0,,0,,0,0,0,0,0,0,0,0,,0,,0,0,0,0,0,0,0,,0
60479,LeftLeg,左腿,Normal,6,1,4,12,1,,,,,,,,,,,,,0,,0,0,0,0,0,0,0,0,,0,,0,0,0,0,0,0,0,0,,0,,0,0,0,0,0,0,0,0,,0,,0,0,0,0,0,0,0,0,,0,,0,0,0,0,0,0,0,,0
60479,LeftHand,左手,Normal,,,,,,,,,,,,,,,,,,6,1,1,1,1,0,0,0,0,0,,0,,0,0,0,0,0,0,0,0,,0,,0,0,0,0,0,0,0,0,,0,,0,0,0,0,0,0,0,0,,0,,0,0,0,0,0,0,0,,0
60479,RightLeg,右腿,Normal,6,1,4,12,1,,,,,,,,,,,,,0,,0,0,0,0,0,0,0,0,,0,,0,0,0,0,0,0,0,0,,0,,0,0,0,0,0,0,0,0,,0,,0,0,0,0,0,0,0,0,,0,,0,0,0,0,0,0,0,,0
60479,RightHand,右手,Normal,,,,,,,,,,,,,,,,,,6,1,1,1,1,0,0,0,0,0,,0,,0,0,0,0,0,0,0,0,,0,,0,0,0,0,0,0,0,0,,0,,0,0,0,0,0,0,0,0,,0,,0,0,0,0,0,0,0,,0
60479,Tail,尾部（尻尾）,Normal,7,1,4,,,,,,,,,,,,,,,7,1,0,1,0,0,0,0,0,0,,0,,,,,,,,,,,,,,,,,,,,,,,,,,,,,,,,,,,,,,,,,,,
60480,WholeBody,全身,Normal,,,500,,,,,,,,,,,,,,,,,,,,,,,,,,,,,,,,,,,,,,,,,,,,,,,,,,,,,,,,,,,,,,,,,,,,,
60480,Head,头部,Normal,3,1,500,,,,,,,,,,,,,,,8,1,1,1,1,0,0,0,0,0,,0,,0,0,0,0,0,0,0,0,,0,,0,0,0,0,0,0,0,0,,0,,0,0,0,0,0,0,0,0,,0,,0,0,0,0,0,0,0,,0
60480,Body,全身,Normal,3,1,2,,,,,,,,,,,,,,,0,,0,0,0,0,0,0,0,0,,0,,0,0,0,0,0,0,0,0,,0,,0,0,0,0,0,0,0,0,,0,,0,0,0,0,0,0,0,0,,0,,0,0,0,0,0,0,0,,0
60480,Back,背部,Normal,3,1,2,,,,,,,,,,,,,,,7,1,1,1,1,0,0,0,0,0,,0,,0,0,0,0,0,0,0,0,,0,,0,0,0,0,0,0,0,0,,0,,0,0,0,0,0,0,0,0,,0,,0,0,0,0,0,0,0,,0
60480,LeftLeg,左腿,Normal,3,1,2,7,1,,,,,,,,,,,,,0,,0,0,0,0,0,0,0,0,,0,,0,0,0,0,0,0,0,0,,0,,0,0,0,0,0,0,0,0,,0,,0,0,0,0,0,0,0,0,,0,,0,0,0,0,0,0,0,,0
60480,LeftHand,左手,Normal,3,1,2,7,1,,,,,,,,,,,,,6,1,1,1,1,0,0,0,0,0,,4,1,1,1,1,0,0,0,0,0,,0,,0,0,0,0,0,0,0,0,,0,,0,0,0,0,0,0,0,0,,0,,0,0,0,0,0,0,0,,0
60480,RightLeg,右腿,Normal,3,1,2,7,1,,,,,,,,,,,,,0,,0,0,0,0,0,0,0,0,,0,,0,0,0,0,0,0,0,0,,0,,0,0,0,0,0,0,0,0,,0,,0,0,0,0,0,0,0,0,,0,,0,0,0,0,0,0,0,,0
60480,RightHand,右手,Normal,3,1,2,7,1,,,,,,,,,,,,,6,1,1,1,1,0,0,0,0,0,,4,1,1,1,1,0,0,0,0,0,,0,,0,0,0,0,0,0,0,0,,0,,0,0,0,0,0,0,0,0,,0,,0,0,0,0,0,0,0,,0
60480,Tail,尾部（尻尾）,Normal,3,1,2,,,,,,,,,,,,,,,5,1,1,1,1,0,0,0,0,0,,0,,,,,,,,,,,,,,,,,,,,,,,,,,,,,,,,,,,,,,,,,,,
60481,WholeBody,全身,Normal,,,500,,,,,,,,,,,,,,,,,,,,,,,,,,,,,,,,,,,,,,,,,,,,,,,,,,,,,,,,,,,,,,,,,,,,,
60481,Head,头部,Normal,6,1,500,,,,,,,,,,,,,,,8,1,1,1,1,0,0,0,0,0,,0,,0,0,0,0,0,0,0,0,,0,,0,0,0,0,0,0,0,0,,0,,0,0,0,0,0,0,0,0,,0,,0,0,0,0,0,0,0,,0
60481,Body,全身,Normal,5,1,2,,,,,,,,,,,,,,,0,,0,0,0,0,0,0,0,0,,0,,0,0,0,0,0,0,0,0,,0,,0,0,0,0,0,0,0,0,,0,,0,0,0,0,0,0,0,0,,0,,0,0,0,0,0,0,0,,0
60481,Back,背部,Normal,4,1,2,,,,,,,,,,,,,,,7,1,1,1,1,0,0,0,0,0,,0,,0,0,0,0,0,0,0,0,,0,,0,0,0,0,0,0,0,0,,0,,0,0,0,0,0,0,0,0,,0,,0,0,0,0,0,0,0,,0
60481,LeftLeg,左腿,Normal,5,1,2,9,1,,,,,,,,,,,,,0,,0,0,0,0,0,0,0,0,,0,,0,0,0,0,0,0,0,0,,0,,0,0,0,0,0,0,0,0,,0,,0,0,0,0,0,0,0,0,,0,,0,0,0,0,0,0,0,,0
60481,LeftHand,左手,Normal,4,1,2,9,1,,,,,,,,,,,,,6,1,1,1,1,0,0,0,0,0,,3,1,1,1,1,0,0,0,0,0,,0,,0,0,0,0,0,0,0,0,,0,,0,0,0,0,0,0,0,0,,0,,0,0,0,0,0,0,0,,0
60481,RightLeg,右腿,Normal,5,1,2,9,1,,,,,,,,,,,,,0,,0,0,0,0,0,0,0,0,,0,,0,0,0,0,0,0,0,0,,0,,0,0,0,0,0,0,0,0,,0,,0,0,0,0,0,0,0,0,,0,,0,0,0,0,0,0,0,,0
60481,RightHand,右手,Normal,4,1,2,9,1,,,,,,,,,,,,,6,1,1,1,1,0,0,0,0,0,,3,1,1,1,1,0,0,0,0,0,,0,,0,0,0,0,0,0,0,0,,0,,0,0,0,0,0,0,0,0,,0,,0,0,0,0,0,0,0,,0
60481,Tail,尾部（尻尾）,Normal,5,1,2,,,,,,,,,,,,,,,6,1,1,1,1,0,0,0,0,0,,0,,,,,,,,,,,,,,,,,,,,,,,,,,,,,,,,,,,,,,,,,,,
60490,WholeBody,全身,Normal,,,,,,,,,,,,,,,,,,,,,,,,,,,,,,,,,,,,,,,,,,,,,,,,,,,,,,,,,,,,,,,,,,,,,,,,
60490,Body,躯干（本体/胴体）,Normal,3,1,2,,,,,,,,,,,,,,,0,,0,0,0,0,0,0,0,0,,0,,0,0,0,0,0,0,0,0,,0,,0,0,0,0,0,0,0,0,,0,,0,0,0,0,0,0,0,0,,0,,0,0,0,0,0,0,0,,0
60490,Head,头部,Normal,3,1,2,,,,,,,,,,,,,,,0,,0,0,0,0,0,0,0,0,,0,,0,0,0,0,0,0,0,0,,0,,0,0,0,0,0,0,0,0,,0,,0,0,0,0,0,0,0,0,,0,,0,0,0,0,0,0,0,,0
60490,Antennae,角（触须）,Normal,,,,,,,,,,,,,,,,,,0,0,0,0,0,0,0,0,0,0,,0,0,0,0,0,0,0,0,0,0,,0,,0,0,0,0,0,0,0,0,,0,,0,0,0,0,0,0,0,0,,0,,0,0,0,0,0,0,0,,0
60490,Antennae1,角（触须1）,Normal,4,1,2,,,,,,,,,,,,,,,6,1,1,1,1,0,0,0,0,0,,8,1,1,0,0,0,0,0,0,0,,0,,0,0,0,0,0,0,0,0,,0,,0,0,0,0,0,0,0,0,,0,,0,0,0,0,0,0,0,,0
60490,Abdomen,腹部,Normal,,,,,,,,,,,,,,,,,,0,,0,0,0,0,0,0,0,0,,0,,0,0,0,0,0,0,0,0,,0,,0,0,0,0,0,0,0,0,,0,,0,0,0,0,0,0,0,0,,0,,0,0,0,0,0,0,0,,0
60490,LeftWing,左翼,Normal,4,1,2,,,,,,,,,,,,,,,0,,0,0,0,0,0,0,0,0,,0,,0,0,0,0,0,0,0,0,,0,,0,0,0,0,0,0,0,0,,0,,0,0,0,0,0,0,0,0,,0,,0,0,0,0,0,0,0,,0
60490,RightWing,右翼,Normal,4,1,2,,,,,,,,,,,,,,,0,,0,0,0,0,0,0,0,0,,0,,0,0,0,0,0,0,0,0,,0,,0,0,0,0,0,0,0,0,,0,,0,0,0,0,0,0,0,0,,0,,0,0,0,0,0,0,0,,0
60490,LeftBackLeg,左后腿,Normal,3,1,2,7,1,,,,,,,,,,,,,0,,0,0,0,0,0,0,0,0,,0,,0,0,0,0,0,0,0,0,,0,,0,0,0,0,0,0,0,0,,0,,0,0,0,0,0,0,0,0,,0,,0,0,0,0,0,0,0,,0
60490,LeftFoot,左中腿,Normal,,,2,,,,,,,,,,,,,,,0,,0,0,0,0,0,0,0,0,,0,,0,0,0,0,0,0,0,0,,0,,0,0,0,0,0,0,0,0,,0,,0,0,0,0,0,0,0,0,,0,,0,0,0,0,0,0,0,,0
60490,LeftLeg,左前腿,Normal,,,2,,,,,,,,,,,,,,,0,,0,0,0,0,0,0,0,0,,0,,0,0,0,0,0,0,0,0,,0,,0,0,0,0,0,0,0,0,,0,,0,0,0,0,0,0,0,0,,0,,0,0,0,0,0,0,0,,0
60490,RightBackLeg,右后腿,Normal,3,1,2,7,1,,,,,,,,,,,,,0,,0,0,0,0,0,0,0,0,,0,,0,0,0,0,0,0,0,0,,0,,0,0,0,0,0,0,0,0,,0,,0,0,0,0,0,0,0,0,,0,,0,0,0,0,0,0,0,,0
60490,RightFoot,右中腿,Normal,,,2,,,,,,,,,,,,,,,0,,0,0,0,0,0,0,0,0,,0,,0,0,0,0,0,0,0,0,,0,,0,0,0,0,0,0,0,0,,0,,0,0,0,0,0,0,0,0,,0,,0,0,0,0,0,0,0,,0
60490,RightLeg,右前腿,Normal,,,2,,,,,,,,,,,,,,,0,,0,0,0,0,0,0,0,0,,0,,0,0,0,0,0,0,0,0,,0,,0,0,0,0,0,0,0,0,,0,,0,0,0,0,0,0,0,0,,0,,0,0,0,0,0,0,0,,0
60491,WholeBody,全身,Normal,,,,,,,,,,,,,,,,,,,,,,,,,,,,,,,,,,,,,,,,,,,,,,,,,,,,,,,,,,,,,,,,,,,,,,,,
60491,Body,躯干（本体/胴体）,Normal,3,1,2,,,,,,,,,,,,,,,0,,0,0,0,0,0,0,0,0,,0,,0,0,0,0,0,0,0,0,,0,,0,0,0,0,0,0,0,0,,0,,0,0,0,0,0,0,0,0,,0,,0,0,0,0,0,0,0,,0
60491,Head,头部,Normal,3,1,2,,,,,,,,,,,,,,,0,,0,0,0,0,0,0,0,0,,0,,0,0,0,0,0,0,0,0,,0,,0,0,0,0,0,0,0,0,,0,,0,0,0,0,0,0,0,0,,0,,0,0,0,0,0,0,0,,0
60491,Antennae,角（触须）,Normal,,,,,,,,,,,,,,,,,,0,0,0,0,0,0,0,0,0,0,,0,0,0,0,0,0,0,0,0,0,,0,,0,0,0,0,0,0,0,0,,0,,0,0,0,0,0,0,0,0,,0,,0,0,0,0,0,0,0,,0
60491,Antennae1,角（触须1）,Normal,8,1,2,,,,,,,,,,,,,,,8,1,1,1,1,0,0,0,0,0,,8,1,1,0,0,0,0,0,0,0,,0,,0,0,0,0,0,0,0,0,,0,,0,0,0,0,0,0,0,0,,0,,0,0,0,0,0,0,0,,0
60491,Abdomen,腹部,Normal,,,,,,,,,,,,,,,,,,0,,0,0,0,0,0,0,0,0,,0,,0,0,0,0,0,0,0,0,,0,,0,0,0,0,0,0,0,0,,0,,0,0,0,0,0,0,0,0,,0,,0,0,0,0,0,0,0,,0
60491,LeftWing,左翼,Normal,4,1,2,,,,,,,,,,,,,,,0,,0,0,0,0,0,0,0,0,,0,,0,0,0,0,0,0,0,0,,0,,0,0,0,0,0,0,0,0,,0,,0,0,0,0,0,0,0,0,,0,,0,0,0,0,0,0,0,,0
60491,RightWing,右翼,Normal,4,1,2,,,,,,,,,,,,,,,0,,0,0,0,0,0,0,0,0,,0,,0,0,0,0,0,0,0,0,,0,,0,0,0,0,0,0,0,0,,0,,0,0,0,0,0,0,0,0,,0,,0,0,0,0,0,0,0,,0
60491,LeftBackLeg,左后腿,Normal,4,1,2,8,1,,,,,,,,,,,,,0,,0,0,0,0,0,0,0,0,,0,,0,0,0,0,0,0,0,0,,0,,0,0,0,0,0,0,0,0,,0,,0,0,0,0,0,0,0,0,,0,,0,0,0,0,0,0,0,,0
60491,LeftFoot,左中腿,Normal,,,2,,,,,,,,,,,,,,,0,,0,0,0,0,0,0,0,0,,0,,0,0,0,0,0,0,0,0,,0,,0,0,0,0,0,0,0,0,,0,,0,0,0,0,0,0,0,0,,0,,0,0,0,0,0,0,0,,0
60491,LeftLeg,左前腿,Normal,,,2,,,,,,,,,,,,,,,0,,0,0,0,0,0,0,0,0,,0,,0,0,0,0,0,0,0,0,,0,,0,0,0,0,0,0,0,0,,0,,0,0,0,0,0,0,0,0,,0,,0,0,0,0,0,0,0,,0
60491,RightBackLeg,右后腿,Normal,4,1,2,8,1,,,,,,,,,,,,,0,,0,0,0,0,0,0,0,0,,0,,0,0,0,0,0,0,0,0,,0,,0,0,0,0,0,0,0,0,,0,,0,0,0,0,0,0,0,0,,0,,0,0,0,0,0,0,0,,0
60491,RightFoot,右中腿,Normal,,,2,,,,,,,,,,,,,,,0,,0,0,0,0,0,0,0,0,,0,,0,0,0,0,0,0,0,0,,0,,0,0,0,0,0,0,0,0,,0,,0,0,0,0,0,0,0,0,,0,,0,0,0,0,0,0,0,,0
60491,RightLeg,右前腿,Normal,,,2,,,,,,,,,,,,,,,0,,0,0,0,0,0,0,0,0,,0,,0,0,0,0,0,0,0,0,,0,,0,0,0,0,0,0,0,0,,0,,0,0,0,0,0,0,0,0,,0,,0,0,0,0,0,0,0,,0
60497,WholeBody,全身,Normal,,,2,,,,,,,,,,,,,,,,,,,,,,,,,,,,,,,,,,,,,,,,,,,,,,,,,,,,,,,,,,,,,,,,,,,,,
60497,Body,躯干（本体/胴体）,Normal,999,999,999,,,,,,,,,,,,,,,,,,,,,,,,,,,,,,,,,,,,,,,,,,,,,,,,,,,,,,,,,,,,,,,,,,,,,
60498,WholeBody,全身,Normal,,,2,,,,,,,,,,,,,,,,,,,,,,,,,,,,,,,,,,,,,,,,,,,,,,,,,,,,,,,,,,,,,,,,,,,,,
60498,Body,躯干（本体/胴体）,Normal,999,999,999,,,,,,,,,,,,,,,,,,,,,,,,,,,,,,,,,,,,,,,,,,,,,,,,,,,,,,,,,,,,,,,,,,,,,
60499,WholeBody,全身,Normal,,,2,,,,,,,,,,,,,,,,,,,,,,,,,,,,,,,,,,,,,,,,,,,,,,,,,,,,,,,,,,,,,,,,,,,,,
60499,Body,躯干（本体/胴体）,Normal,999,999,999,,,,,,,,,,,,,,,,,,,,,,,,,,,,,,,,,,,,,,,,,,,,,,,,,,,,,,,,,,,,,,,,,,,,,
60580,WholeBody,全身,Normal,,,,,,,,,,,,,,,,,,,,,,,,,,,,,,,,,,,,,,,,,,,,,,,,,,,,,,,,,,,,,,,,,,,,,,,,
60580,Head,头部,Normal,6,1,500,,,,,,,,,,,,,,,6,1,1,1,1,,,,,,,,,,,,,,,,,,,,,,,,,,,,,,,,,,,,,,,,,,,,,,,,,,
60580,Back,背部,Normal,10,1,5,,,,,,,,,,,,,,,10,1,1,1,1,,,,,,,,,,,,,,,,,,,,,,,,,,,,,,,,,,,,,,,,,,,,,,,,,,
60580,Belly,腹部,Normal,15,1,5,,,,,,,,,,,,,,,,,,,,,,,,,,,,,,,,,,,,,,,,,,,,,,,,,,,,,,,,,,,,,,,,,,,,,
60580,LeftHand,左臂,Normal,7,1,5,,,,,,,,,,,,,,,7,1,1,1,1,,,,,,,,,,,,,,,,,,,,,,,,,,,,,,,,,,,,,,,,,,,,,,,,,,
60580,RightHand,右臂,Normal,7,1,5,,,,,,,,,,,,,,,7,1,1,1,1,,,,,,,,,,,,,,,,,,,,,,,,,,,,,,,,,,,,,,,,,,,,,,,,,,
60580,LeftLeg,左脚,Normal,6,1,5,6,1,,,,,,,,,,,,,,,,,,,,,,,,,,,,,,,,,,,,,,,,,,,,,,,,,,,,,,,,,,,,,,,,,,,
60580,RightLeg,右脚,Normal,6,1,5,6,1,,,,,,,,,,,,,,,,,,,,,,,,,,,,,,,,,,,,,,,,,,,,,,,,,,,,,,,,,,,,,,,,,,,
60580,Tail,尾巴,Normal,20,1,5,,,,,,,,,,,,,,,,,,,,,,,,,,,,,,,,,,,,,,,,,,,,,,,,,,,,,,,,,,,,,,,,,,,,,
60580,Shell,尾尖,Normal,6,1,500,,,,,,,,,,,,,,,6,1,1,1,1,,,,,,,,,,,,,,,,,,,,,,,,,,,,,,,,,,,,,,,,,,,,,,,,,,
60620,WholeBody,全身,Normal,,,2,,,,,,,,,,,,,,,,,,,,,,,,,,,,,,,,,,,,,,,,,,,,,,,,,,,,,,,,,,,,,,,,,,,,,
60620,Head,头部,Normal,7,1,2,,,,,,,,,,,,,,,7,1,1,1,1,0,0,0,0,0,,0,1,0,0,0,0,0,0,0,0,,0,1,0,0,0,0,0,0,0,0,,0,1,0,0,0,0,0,0,0,0,,0,1,0,0,0,0,0,0,0,,0
60620,Back,背部,Normal,10,1,2,,,,,,,,,,,,,,,6,1,1,1,1,0,0,0,0,0,,0,1,0,0,0,0,0,0,0,0,,0,,0,0,0,0,0,0,0,0,,0,,0,0,0,0,0,0,0,0,,0,,0,0,0,0,0,0,0,,0
60620,Abdomen,腹部,Normal,8,1,2,,,,,,,,,,,,,,,8,1,1,1,1,0,0,0,0,0,,0,1,0,0,0,0,0,0,0,0,,0,,0,0,0,0,0,0,0,0,,0,,0,0,0,0,0,0,0,0,,0,,0,0,0,0,0,0,0,,0
60620,Body,躯干（本体/胴体）,Normal,6,1,2,,,,,,,,,,,,,,,0,,0,0,0,0,0,0,0,0,,0,,0,0,0,0,0,0,0,0,,0,,0,0,0,0,0,0,0,0,,0,,0,0,0,0,0,0,0,0,,0,,0,0,0,0,0,0,0,,0
60620,Tail,尾部（尻尾）,Normal,8,1,2,,,,,,,,,,,,,,,6,1,1,1,1,0,0,0,0,0,,6,1,0,1,0,0,0,0,0,0,,0,1,0,0,0,0,0,0,0,0,,0,1,0,0,0,0,0,0,0,0,,0,1,0,0,0,0,0,0,0,,0
60620,LeftWing,左翼,Normal,8,1,2,,,,,,,,,,,,,,,6,1,1,1,1,0,0,0,0,0,,0,1,0,0,0,0,0,0,0,0,,0,1,0,0,0,0,0,0,0,0,,0,1,0,0,0,0,0,0,0,0,,0,1,0,0,0,0,0,0,0,,0
60620,RightWing,右翼,Normal,8,1,2,,,,,,,,,,,,,,,6,1,1,1,1,0,0,0,0,0,,0,1,0,0,0,0,0,0,0,0,,0,1,0,0,0,0,0,0,0,0,,0,1,0,0,0,0,0,0,0,0,,0,1,0,0,0,0,0,0,0,,0
60620,LeftLeg,左（前）腿,Normal,6,1,2,12,1,,,,,,,,,,,,,0,,0,0,0,0,0,0,0,0,,0,,0,0,0,0,0,0,0,0,,0,,0,0,0,0,0,0,0,0,,0,,0,0,0,0,0,0,0,0,,0,,0,0,0,0,0,0,0,,0
60620,RightLeg,右（前）腿,Normal,6,1,2,12,1,,,,,,,,,,,,,0,,0,0,0,0,0,0,0,0,,0,,0,0,0,0,0,0,0,0,,0,,0,0,0,0,0,0,0,0,,0,,0,0,0,0,0,0,0,0,,0,,0,0,0,0,0,0,0,,0
60630,WholeBody,全身,Normal,,,500,,,,,,,,,,,,,,,,,,,,,,,,,,,,,,,,,,,,,,,,,,,,,,,,,,,,,,,,,,,,,,,,,,,,,
60630,Head,头部,Normal,7,1,500,,,,,,,,,,,,,,,8,1,1,1,1,0,0,0,0,0,,8,1,1,1,1,0,0,0,0,0,,0,,0,0,0,0,0,0,0,0,,0,,0,0,0,0,0,0,0,0,,0,,0,0,0,0,0,0,0,,0
60630,Back,背棘,Normal,,,,,,,,,,,,,,,,,,0,,0,0,0,0,0,0,0,0,,0,,0,0,0,0,0,0,0,0,,0,,0,0,0,0,0,0,0,0,,0,,0,0,0,0,0,0,0,0,,0,,0,0,0,0,0,0,0,,0
60630,Body,躯干（本体/胴体）,Normal,6,1,5,,,,,,,,,,,,,,,0,,0,0,0,0,0,0,0,0,,0,,0,0,0,0,0,0,0,0,,0,,0,0,0,0,0,0,0,0,,0,,0,0,0,0,0,0,0,0,,0,,0,0,0,0,0,0,0,,0
60630,LeftHand,左手,Normal,6,1,5,,,,,,,,,,,,,,,0,,0,0,0,0,0,0,0,0,,0,,0,0,0,0,0,0,0,0,,0,,0,0,0,0,0,0,0,0,,0,,0,0,0,0,0,0,0,0,,0,,0,0,0,0,0,0,0,,0
60630,RightHand,右手,Normal,6,1,5,,,,,,,,,,,,,,,0,,0,0,0,0,0,0,0,0,,0,,0,0,0,0,0,0,0,0,,0,,0,0,0,0,0,0,0,0,,0,,0,0,0,0,0,0,0,0,,0,,0,0,0,0,0,0,0,,0
60630,LeftLeg,左脚,Normal,8,1,5,12,1,,,,,,,,,,,,,0,,0,0,0,0,0,0,0,0,,0,,0,0,0,0,0,0,0,0,,0,,0,0,0,0,0,0,0,0,,0,,0,0,0,0,0,0,0,0,,0,,0,0,0,0,0,0,0,,0
60630,RightLeg,右脚,Normal,8,1,5,12,1,,,,,,,,,,,,,0,,0,0,0,0,0,0,0,0,,0,,0,0,0,0,0,0,0,0,,0,,0,0,0,0,0,0,0,0,,0,,0,0,0,0,0,0,0,0,,0,,0,0,0,0,0,0,0,,0
60630,Tail,尾巴,Normal,7,1,5,,,,,,,,,,,,,,,14,1,1,1,1,0,0,0,0,0,,0,,,,,,,,,,,,,,,,,,,,,,,,,,,,,,,,,,,,,,,,,,,
60631,WholeBody,全身,Normal,,,500,,,,,,,,,,,,,,,,,,,,,,,,,,,,,,,,,,,,,,,,,,,,,,,,,,,,,,,,,,,,,,,,,,,,,
60631,Head,头部,Normal,7,1,500,,,,,,,,,,,,,,,8,1,1,1,1,0,0,0,0,0,,8,1,1,1,1,0,0,0,0,0,,0,,0,0,0,0,0,0,0,0,,0,,0,0,0,0,0,0,0,0,,0,,0,0,0,0,0,0,0,,0
60631,Body,躯干（本体/胴体）,Normal,6,1,5,,,,,,,,,,,,,,,0,,0,0,0,0,0,0,0,0,,0,,0,0,0,0,0,0,0,0,,0,,0,0,0,0,0,0,0,0,,0,,0,0,0,0,0,0,0,0,,0,,0,0,0,0,0,0,0,,0
60631,LeftHand,左手,Normal,6,1,5,,,,,,,,,,,,,,,0,,0,0,0,0,0,0,0,0,,0,,0,0,0,0,0,0,0,0,,0,,0,0,0,0,0,0,0,0,,0,,0,0,0,0,0,0,0,0,,0,,0,0,0,0,0,0,0,,0
60631,RightHand,右手,Normal,6,1,5,,,,,,,,,,,,,,,0,,0,0,0,0,0,0,0,0,,0,,0,0,0,0,0,0,0,0,,0,,0,0,0,0,0,0,0,0,,0,,0,0,0,0,0,0,0,0,,0,,0,0,0,0,0,0,0,,0
60631,LeftLeg,左脚,Normal,8,1,5,12,1,,,,,,,,,,,,,0,,0,0,0,0,0,0,0,0,,0,,0,0,0,0,0,0,0,0,,0,,0,0,0,0,0,0,0,0,,0,,0,0,0,0,0,0,0,0,,0,,0,0,0,0,0,0,0,,0
60631,RightLeg,右脚,Normal,8,1,5,12,1,,,,,,,,,,,,,0,,0,0,0,0,0,0,0,0,,0,,0,0,0,0,0,0,0,0,,0,,0,0,0,0,0,0,0,0,,0,,0,0,0,0,0,0,0,0,,0,,0,0,0,0,0,0,0,,0
60631,Tail,尾巴,Normal,7,1,5,,,,,,,,,,,,,,,14,1,1,1,1,0,0,0,0,0,,0,,,,,,,,,,,,,,,,,,,,,,,,,,,,,,,,,,,,,,,,,,,
60631,Shell,尾尖,Normal,7,1,5,,,,,,,,,,,,,,,0,0,0,0,0,0,0,0,0,0,,0,,,,,,,,,,,,,,,,,,,,,,,,,,,,,,,,,,,,,,,,,,,
60639,WholeBody,全身,Normal,,,500,,,,,,,,,,,,,,,,,,,,,,,,,,,,,,,,,,,,,,,,,,,,,,,,,,,,,,,,,,,,,,,,,,,,,
60639,Head,头部,Normal,7,1,500,,,,,,,,,,,,,,,8,1,1,1,1,0,0,0,0,0,,8,1,1,1,1,0,0,0,0,0,,0,,0,0,0,0,0,0,0,0,,0,,0,0,0,0,0,0,0,0,,0,,0,0,0,0,0,0,0,,0
60639,Back,背棘,Normal,,,,,,,,,,,,,,,,,,0,,0,0,0,0,0,0,0,0,,0,,0,0,0,0,0,0,0,0,,0,,0,0,0,0,0,0,0,0,,0,,0,0,0,0,0,0,0,0,,0,,0,0,0,0,0,0,0,,0
60639,Body,躯干（本体/胴体）,Normal,6,1,5,,,,,,,,,,,,,,,0,,0,0,0,0,0,0,0,0,,0,,0,0,0,0,0,0,0,0,,0,,0,0,0,0,0,0,0,0,,0,,0,0,0,0,0,0,0,0,,0,,0,0,0,0,0,0,0,,0
60639,LeftHand,左手,Normal,6,1,5,,,,,,,,,,,,,,,0,,0,0,0,0,0,0,0,0,,0,,0,0,0,0,0,0,0,0,,0,,0,0,0,0,0,0,0,0,,0,,0,0,0,0,0,0,0,0,,0,,0,0,0,0,0,0,0,,0
60639,RightHand,右手,Normal,6,1,5,,,,,,,,,,,,,,,0,,0,0,0,0,0,0,0,0,,0,,0,0,0,0,0,0,0,0,,0,,0,0,0,0,0,0,0,0,,0,,0,0,0,0,0,0,0,0,,0,,0,0,0,0,0,0,0,,0
60639,LeftLeg,左脚,Normal,8,1,5,12,1,,,,,,,,,,,,,0,,0,0,0,0,0,0,0,0,,0,,0,0,0,0,0,0,0,0,,0,,0,0,0,0,0,0,0,0,,0,,0,0,0,0,0,0,0,0,,0,,0,0,0,0,0,0,0,,0
60639,RightLeg,右脚,Normal,8,1,5,12,1,,,,,,,,,,,,,0,,0,0,0,0,0,0,0,0,,0,,0,0,0,0,0,0,0,0,,0,,0,0,0,0,0,0,0,0,,0,,0,0,0,0,0,0,0,0,,0,,0,0,0,0,0,0,0,,0
60639,Tail,尾巴,Normal,7,1,5,,,,,,,,,,,,,,,14,1,1,1,1,0,0,0,0,0,,0,,,,,,,,,,,,,,,,,,,,,,,,,,,,,,,,,,,,,,,,,,,
60670,WholeBody,全身,Normal,,,2,,,,,,,,,,,,,,,,,,,,,,,,,,,,,,,,,,,,,,,,,,,,,,,,,,,,,,,,,,,,,,,,,,,,,
60670,Shell,躯体,Normal,8.3,1,5,,,,,,,,,,,,,,,3,1,1,1,1,0,0,0,0,0,,3,1,1,1,1,0,0,0,0,0,,,,,,,,,,,,,,,,,,,,,,,,,,,,,,,,,,
60670,Tail,尾巴P2,Normal,8.3,1,5,,,,,,,,,,,,,,,3,1,1,1,1,0,0,0,0,0,,0,,,,,,,,,,,,,,,,,,,,,,,,,,,,,,,,,,,,,,,,,,,
60670,Back,躯体,Normal,8.3,1,2,,,,,,,,,,,,,,,3,1,1,1,1,0,0,0,0,0,,3,1,1,1,1,0,0,0,0,0,,,,,,,,,,,,,,,,,,,,,,,,,,,,,,,,,,
60670,Body,躯体,Normal,8.3,1,2,,,,,,,,,,,,,,,3,1,1,1,1,0,0,0,0,0,,,,,,,,,,,,,,,,,,,,,,,,,,,,,,,,,,,,,,,,,,,,,
60670,LeftLeg,左前腿P2,Normal,8.3,1,2,12,1,,,,,,,,,,,,,3,1,1,1,1,0,0,0,0,0,,,,,,,,,,,,,,,,,,,,,,,,,,,,,,,,,,,,,,,,,,,,,
60670,RightLeg,右前腿P2,Normal,8.3,1,2,12,1,,,,,,,,,,,,,3,1,1,1,1,0,0,0,0,0,,,,,,,,,,,,,,,,,,,,,,,,,,,,,,,,,,,,,,,,,,,,,
60670,LeftFoot,左前腿P1,Normal,8.3,1,2,12,1,,,,,,,,,,,,,3,1,1,1,1,0,0,0,0,0,,3,1,1,1,1,0,0,0,0,0,,,,,,,,,,,,,,,,,,,,,,,,,,,,,,,,,,
60670,RightFoot,右前腿P1,Normal,8.3,1,2,12,1,,,,,,,,,,,,,3,1,1,1,1,0,0,0,0,0,,3,1,1,1,1,0,0,0,0,0,,,,,,,,,,,,,,,,,,,,,,,,,,,,,,,,,,
60670,LeftHand,左手（钳）P2,Normal,8.3,1,2,,,,,,,,,,,,,,,3,1,1,1,1,0,0,0,0,0,,,,,,,,,,,,,,,,,,,,,,,,,,,,,,,,,,,,,,,,,,,,,
60670,RightHand,右手（钳）P2,Normal,8.3,1,2,,,,,,,,,,,,,,,3,1,1,1,1,0,0,0,0,0,,,,,,,,,,,,,,,,,,,,,,,,,,,,,,,,,,,,,,,,,,,,,
60670,LeftArm,左手P1,Normal,8.3,1,2,,,,,,,,,,,,,,,3,1,1,1,1,0,0,0,0,0,,3,1,1,1,1,0,0,0,0,0,,,,,,,,,,,,,,,,,,,,,,,,,,,,,,,,,,
60670,RightArm,右腕P1,Normal,8.3,1,2,,,,,,,,,,,,,,,3,1,1,1,1,0,0,0,0,0,,3,1,1,1,1,0,0,0,0,0,,,,,,,,,,,,,,,,,,,,,,,,,,,,,,,,,,
60710,WholeBody,全身,Normal,,,2,,,,,,,,,,,,,,,0,,0,0,0,0,0,0,0,0,,,,,,,,,,,,,,,,,,,,,,,,,,,,,,,,,,,,,,,,,,,,,
60710,Back,背部,Normal,8,1,2,,,,,,,,,,,,,,,0,,0,0,0,0,0,0,0,0,,,,,,,,,,,,,,,,,,,,,,,,,,,,,,,,,,,,,,,,,,,,,
60710,Body,躯干（本体/胴体）,Normal,8,1,2,,,,,,,,,,,,,,,0,,0,0,0,0,0,0,0,0,,,,,,,,,,,,,,,,,,,,,,,,,,,,,,,,,,,,,,,,,,,,,
60710,Head,头部,Normal,9,1,2,,,,,,,,,,,,,,,7,1,1,1,1,0,0,0,0,0,,8,1,1,1,1,0,0,0,0,0,,,,,,,,,,,,,,,,,,,,,,,,,,,,,,,,,,
60710,LeftLeg,左腿,Normal,7,1,2,9,1,,,,,,,,,,,,,0,,0,0,0,0,0,0,0,0,,,,,,,,,,,,,,,,,,,,,,,,,,,,,,,,,,,,,,,,,,,,,
60710,RightLeg,右腿,Normal,7,1,2,9,1,,,,,,,,,,,,,0,,0,0,0,0,0,0,0,0,,,,,,,,,,,,,,,,,,,,,,,,,,,,,,,,,,,,,,,,,,,,,
60710,LeftWing,左翼,Normal,7,1,2,,,,,,,,,,,,,,,0,,0,0,0,0,0,0,0,0,,,,,,,,,,,,,,,,,,,,,,,,,,,,,,,,,,,,,,,,,,,,,
60710,RightWing,右翼,Normal,7,1,2,,,,,,,,,,,,,,,0,,0,0,0,0,0,0,0,0,,,,,,,,,,,,,,,,,,,,,,,,,,,,,,,,,,,,,,,,,,,,,
60710,Face,颈部（首）,Normal,6,1,2,,,,,,,,,,,,,,,0,,0,0,0,0,0,0,0,0,,,,,,,,,,,,,,,,,,,,,,,,,,,,,,,,,,,,,,,,,,,,,
60710,Chest,腹部,Normal,8,1,2,,,,,,,,,,,,,,,0,,0,0,0,0,0,0,0,0,,,,,,,,,,,,,,,,,,,,,,,,,,,,,,,,,,,,,,,,,,,,,
60710,Tail,尾巴,Normal,9,1,2,,,,,,,,,,,,,,,9,1,0,1,0,0,0,0,0,0,,,,,,,,,,,,,,,,,,,,,,,,,,,,,,,,,,,,,,,,,,,,,
60800,WholeBody,全身,Normal,,,2,,,,,,,,,,,,,,,,,,,,,,,,,,,,,,,,,,,,,,,,,,,,,,,,,,,,,,,,,,,,,,,,,,,,,
60800,Head,头部,Normal,10,1,2,,,,,,,,,,,,,,,6,1,1,1,1,0,0,0,0,0,,9,1,1,1,1,0,0,0,0,0,,0,,0,0,0,0,0,0,0,0,,0,,0,0,0,0,0,0,0,0,,0,,0,0,0,0,0,0,0,,0
60800,Neck,颈部（首）,Normal,7,1,2,,,,,,,,,,,,,,,,,0,0,0,0,0,0,0,0,,0,,0,0,0,0,0,0,0,0,,0,,0,0,0,0,0,0,0,0,,0,,0,0,0,0,0,0,0,0,,0,,0,0,0,0,0,0,0,,0
60800,Back,背部,Normal,6,1,2,,,,,,,,,,,,,,,6,,1,1,1,0,0,0,0,0,,8,1,1,1,1,0,0,0,0,0,,0,,0,0,0,0,0,0,0,0,,0,,0,0,0,0,0,0,0,0,,0,,0,0,0,0,0,0,0,,0
60800,Abdomen,腹部,Normal,9,1,2,,,,,,,,,,,,,,,5,,1,1,1,0,0,0,0,0,,7,1,1,1,1,0,0,0,0,0,,0,,0,0,0,0,0,0,0,0,,0,,0,0,0,0,0,0,0,0,,0,,0,0,0,0,0,0,0,,0
60800,Body,躯干（本体/胴体）,Normal,9,1,2,,,,,,,,,,,,,,,,,0,0,0,0,0,0,0,0,,0,,0,0,0,0,0,0,0,0,,0,,0,0,0,0,0,0,0,0,,0,,0,0,0,0,0,0,0,0,,0,,0,0,0,0,0,0,0,,0
60800,Tail,尾部（尻尾）,Normal,10,1,2,,,,,,,,,,,,,,,5,,1,1,1,0,0,0,0,0,,8,1,1,1,1,0,0,0,0,0,,0,,0,0,0,0,0,0,0,0,,0,,0,0,0,0,0,0,0,0,,0,,0,0,0,0,0,0,0,,0
60800,LeftWing,左翼,Normal,8,1,2,,,,,,,,,,,,,,,8,1,1,1,1,0,0,0,0,0,,0,,0,0,0,0,0,0,0,0,,0,,0,0,0,0,0,0,0,0,,0,,0,0,0,0,0,0,0,0,,0,,0,0,0,0,0,0,0,,0
60800,RightWing,右翼,Normal,8,1,2,,,,,,,,,,,,,,,8,1,1,1,1,0,0,0,0,0,,0,,0,0,0,0,0,0,0,0,,0,,0,0,0,0,0,0,0,0,,0,,0,0,0,0,0,0,0,0,,0,,0,0,0,0,0,0,0,,0
60800,LeftLeg,左（前）腿,Normal,9,1,2,11,1,,,,,,,,,,,,,,,0,0,0,0,0,0,0,0,,0,,0,0,0,0,0,0,0,0,,0,,0,0,0,0,0,0,0,0,,0,,0,0,0,0,0,0,0,0,,0,,0,0,0,0,0,0,0,,0
60800,RightLeg,右（前）腿,Normal,9,1,2,11,1,,,,,,,,,,,,,,,0,0,0,0,0,0,0,0,,0,,0,0,0,0,0,0,0,0,,0,,0,0,0,0,0,0,0,0,,0,,0,0,0,0,0,0,0,0,,0,,0,0,0,0,0,0,0,,0
60870,WholeBody,全身,Normal,,,500,,,,,,,,,,,,,,,,,,,,,,,,,,,,,,,,,,,,,,,,,,,,,,,,,,,,,,,,,,,,,,,,,,,,,
60870,Head,头部,Normal,8,1,500,,,,,,,,,,,,,,,5,1,1,1,1,0,0,0,0,0,,7,1,1,1,1,0,0,0,0,0,,0,,0,0,0,0,0,0,0,0,,0,,0,0,0,0,0,0,0,0,,0,,0,0,0,0,0,0,0,,0
60870,Body,全身,Normal,10,1,2,,,,,,,,,,,,,,,0,,0,0,0,0,0,0,0,0,,0,,0,0,0,0,0,0,0,0,,0,,0,0,0,0,0,0,0,0,,0,,0,0,0,0,0,0,0,0,,0,,0,0,0,0,0,0,0,,0
60870,Back,背部,Normal,4,1,2,,,,,,,,,,,,,,,7,1,1,1,1,0,0,0,0,0,,0,,0,0,0,0,0,0,0,0,,0,,0,0,0,0,0,0,0,0,,0,,0,0,0,0,0,0,0,0,,0,,0,0,0,0,0,0,0,,0
60870,LeftLeg,左腿,Normal,7,1,2,12,1,,,,,,,,,,,,,0,,0,0,0,0,0,0,0,0,,0,,0,0,0,0,0,0,0,0,,0,,0,0,0,0,0,0,0,0,,0,,0,0,0,0,0,0,0,0,,0,,0,0,0,0,0,0,0,,0
60870,LeftHand,左手,Normal,6,,2,9,1,,,,,,,,,,,,,6,1,1,1,1,0,0,0,0,0,,0,,0,0,0,0,0,0,0,0,,0,,0,0,0,0,0,0,0,0,,0,,0,0,0,0,0,0,0,0,,0,,0,0,0,0,0,0,0,,0
60870,RightLeg,右腿,Normal,7,1,2,12,1,,,,,,,,,,,,,0,,0,0,0,0,0,0,0,0,,0,,0,0,0,0,0,0,0,0,,0,,0,0,0,0,0,0,0,0,,0,,0,0,0,0,0,0,0,0,,0,,0,0,0,0,0,0,0,,0
60870,RightHand,右手,Normal,6,,2,9,1,,,,,,,,,,,,,6,1,1,1,1,0,0,0,0,0,,0,,0,0,0,0,0,0,0,0,,0,,0,0,0,0,0,0,0,0,,0,,0,0,0,0,0,0,0,0,,0,,0,0,0,0,0,0,0,,0
60870,Legs,腿部,Normal,,,,,,,,,,,,,,,,,,0,,0,0,0,0,0,0,0,0,,0,,0,0,0,0,0,0,0,0,,0,,0,0,0,0,0,0,0,0,,0,,0,0,0,0,0,0,0,0,,0,,0,0,0,0,0,0,0,,0
60870,Tail,尾部,Normal,6,1,2,,,,,,,,,,,,,,,9,1,0,1,0,0,0,0,0,0,,0,,,,,,,,,,,,,,,,,,,,,,,,,,,,,,,,,,,,,,,,,,,
60870,Shell,尾尖,Normal,,,,,,,,,,,,,,,,,,0,,0,0,0,0,0,0,0,0,,0,,,,,,,,,,,,,,,,,,,,,,,,,,,,,,,,,,,,,,,,,,,
60871,WholeBody,全身,Normal,,,500,,,,,,,,,,,,,,,,,,,,,,,,,,,,,,,,,,,,,,,,,,,,,,,,,,,,,,,,,,,,,,,,,,,,,
60871,Head,头部,Normal,8,1,500,,,,,,,,,,,,,,,5,1,1,1,1,0,0,0,0,0,,7,1,1,1,1,0,0,0,0,0,,0,,0,0,0,0,0,0,0,0,,0,,0,0,0,0,0,0,0,0,,0,,0,0,0,0,0,0,0,,0
60871,Body,全身,Normal,10,1,2,,,,,,,,,,,,,,,0,,0,0,0,0,0,0,0,0,,0,,0,0,0,0,0,0,0,0,,0,,0,0,0,0,0,0,0,0,,0,,0,0,0,0,0,0,0,0,,0,,0,0,0,0,0,0,0,,0
60871,Back,背部,Normal,4,1,2,,,,,,,,,,,,,,,7,1,1,1,1,0,0,0,0,0,,0,,0,0,0,0,0,0,0,0,,0,,0,0,0,0,0,0,0,0,,0,,0,0,0,0,0,0,0,0,,0,,0,0,0,0,0,0,0,,0
60871,LeftLeg,左腿,Normal,7,1,2,12,1,,,,,,,,,,,,,0,,0,0,0,0,0,0,0,0,,0,,0,0,0,0,0,0,0,0,,0,,0,0,0,0,0,0,0,0,,0,,0,0,0,0,0,0,0,0,,0,,0,0,0,0,0,0,0,,0
60871,LeftHand,左手,Normal,6,,2,9,1,,,,,,,,,,,,,6,1,1,1,1,0,0,0,0,0,,0,,0,0,0,0,0,0,0,0,,0,,0,0,0,0,0,0,0,0,,0,,0,0,0,0,0,0,0,0,,0,,0,0,0,0,0,0,0,,0
60871,RightLeg,右腿,Normal,7,1,2,12,1,,,,,,,,,,,,,0,,0,0,0,0,0,0,0,0,,0,,0,0,0,0,0,0,0,0,,0,,0,0,0,0,0,0,0,0,,0,,0,0,0,0,0,0,0,0,,0,,0,0,0,0,0,0,0,,0
60871,RightHand,右手,Normal,6,,2,9,1,,,,,,,,,,,,,6,1,1,1,1,0,0,0,0,0,,0,,0,0,0,0,0,0,0,0,,0,,0,0,0,0,0,0,0,0,,0,,0,0,0,0,0,0,0,0,,0,,0,0,0,0,0,0,0,,0
60871,Legs,腿部,Normal,,,,,,,,,,,,,,,,,,0,,0,0,0,0,0,0,0,0,,0,,0,0,0,0,0,0,0,0,,0,,0,0,0,0,0,0,0,0,,0,,0,0,0,0,0,0,0,0,,0,,0,0,0,0,0,0,0,,0
60871,Tail,尾部,Normal,6,1,2,,,,,,,,,,,,,,,9,1,0,1,0,0,0,0,0,0,,0,,,,,,,,,,,,,,,,,,,,,,,,,,,,,,,,,,,,,,,,,,,
60871,Shell,尾尖,Normal,,,,,,,,,,,,,,,,,,0,,0,0,0,0,0,0,0,0,,0,,,,,,,,,,,,,,,,,,,,,,,,,,,,,,,,,,,,,,,,,,,
60877,WholeBody,全身,Normal,,,2,,,,,,,,,,,,,,,,,,,,,,,,,,,,,,,,,,,,,,,,,,,,,,,,,,,,,,,,,,,,,,,,,,,,,
60877,Body,躯干（本体/胴体）,Normal,999,999,999,,,,,,,,,,,,,,,,,,,,,,,,,,,,,,,,,,,,,,,,,,,,,,,,,,,,,,,,,,,,,,,,,,,,,
60878,WholeBody,全身,Normal,,,2,,,,,,,,,,,,,,,,,,,,,,,,,,,,,,,,,,,,,,,,,,,,,,,,,,,,,,,,,,,,,,,,,,,,,
60878,Body,躯干（本体/胴体）,Normal,999,999,999,,,,,,,,,,,,,,,,,,,,,,,,,,,,,,,,,,,,,,,,,,,,,,,,,,,,,,,,,,,,,,,,,,,,,
60879,WholeBody,全身,Normal,,,500,,,,,,,,,,,,,,,,,,,,,,,,,,,,,,,,,,,,,,,,,,,,,,,,,,,,,,,,,,,,,,,,,,,,,
60879,Head,头部,Normal,8,1,500,,,,,,,,,,,,,,,5,1,1,1,1,0,0,0,0,0,,7,1,1,1,1,0,0,0,0,0,,0,,0,0,0,0,0,0,0,0,,0,,0,0,0,0,0,0,0,0,,0,,0,0,0,0,0,0,0,,0
60879,Body,全身,Normal,10,1,2,,,,,,,,,,,,,,,0,,0,0,0,0,0,0,0,0,,0,,0,0,0,0,0,0,0,0,,0,,0,0,0,0,0,0,0,0,,0,,0,0,0,0,0,0,0,0,,0,,0,0,0,0,0,0,0,,0
60879,Back,背部,Normal,4,1,2,,,,,,,,,,,,,,,7,1,1,1,1,0,0,0,0,0,,0,,0,0,0,0,0,0,0,0,,0,,0,0,0,0,0,0,0,0,,0,,0,0,0,0,0,0,0,0,,0,,0,0,0,0,0,0,0,,0
60879,LeftLeg,左腿,Normal,7,1,2,10,1,,,,,,,,,,,,,0,,0,0,0,0,0,0,0,0,,0,,0,0,0,0,0,0,0,0,,0,,0,0,0,0,0,0,0,0,,0,,0,0,0,0,0,0,0,0,,0,,0,0,0,0,0,0,0,,0
60879,LeftHand,左手,Normal,6,,2,6,1,,,,,,,,,,,,,6,1,1,1,1,0,0,0,0,0,,0,,0,0,0,0,0,0,0,0,,0,,0,0,0,0,0,0,0,0,,0,,0,0,0,0,0,0,0,0,,0,,0,0,0,0,0,0,0,,0
60879,RightLeg,右腿,Normal,7,1,2,10,1,,,,,,,,,,,,,0,,0,0,0,0,0,0,0,0,,0,,0,0,0,0,0,0,0,0,,0,,0,0,0,0,0,0,0,0,,0,,0,0,0,0,0,0,0,0,,0,,0,0,0,0,0,0,0,,0
60879,RightHand,右手,Normal,6,,2,6,1,,,,,,,,,,,,,6,1,1,1,1,0,0,0,0,0,,0,,0,0,0,0,0,0,0,0,,0,,0,0,0,0,0,0,0,0,,0,,0,0,0,0,0,0,0,0,,0,,0,0,0,0,0,0,0,,0
60879,Legs,腿部,Normal,,,,,,,,,,,,,,,,,,0,,0,0,0,0,0,0,0,0,,0,,0,0,0,0,0,0,0,0,,0,,0,0,0,0,0,0,0,0,,0,,0,0,0,0,0,0,0,0,,0,,0,0,0,0,0,0,0,,0
60879,Tail,尾部,Normal,6,1,2,,,,,,,,,,,,,,,9,1,0,1,0,0,0,0,0,0,,0,,,,,,,,,,,,,,,,,,,,,,,,,,,,,,,,,,,,,,,,,,,
60879,Shell,尾部甲壳,Normal,,,,,,,,,,,,,,,,,,0,,0,0,0,0,0,0,0,0,,0,,,,,,,,,,,,,,,,,,,,,,,,,,,,,,,,,,,,,,,,,,,
60880,WholeBody,全身,Normal,,,4,,,,,,,,,,,,,,,,,,,,,,,,,,,,,,,,,,,,,,,,,,,,,,,,,,,,,,,,,,,,,,,,,,,,,
60880,Head,头部,Normal,7,1,500,,,,,,,,,,,,,,,6,1,1,1,1,0,0,0,0,0,,7,1,1,1,1,0,0,0,0,0,,0,,0,0,0,0,0,0,0,0,,0,,0,0,0,0,0,0,0,0,,0,,0,0,0,0,0,0,0,,0
60880,Body,全身,Normal,7,1,4,,,,,,,,,,,,,,,0,,0,0,0,0,0,0,0,0,,0,,0,0,0,0,0,0,0,0,,0,,0,0,0,0,0,0,0,0,,0,,0,0,0,0,0,0,0,0,,0,,0,0,0,0,0,0,0,,0
60880,Neck,头部,Normal,7,1,4,,,,,,,,,,,,,,,0,,0,0,0,0,0,0,0,0,,0,,0,0,0,0,0,0,0,0,,0,,0,0,0,0,0,0,0,0,,0,,0,0,0,0,0,0,0,0,,0,,0,0,0,0,0,0,0,,0
60880,LeftLeg,左腿,Normal,6,1,4,12,1,,,,,,,,,,,,,0,,0,0,0,0,0,0,0,0,,0,,0,0,0,0,0,0,0,0,,0,,0,0,0,0,0,0,0,0,,0,,0,0,0,0,0,0,0,0,,0,,0,0,0,0,0,0,0,,0
60880,LeftHand,左手,Normal,,,,,,,,,,,,,,,,,,0,,0,0,0,0,0,0,0,0,,0,,0,0,0,0,0,0,0,0,,0,,0,0,0,0,0,0,0,0,,0,,0,0,0,0,0,0,0,0,,0,,0,0,0,0,0,0,0,,0
60880,RightLeg,右腿,Normal,6,1,4,12,1,,,,,,,,,,,,,0,,0,0,0,0,0,0,0,0,,0,,0,0,0,0,0,0,0,0,,0,,0,0,0,0,0,0,0,0,,0,,0,0,0,0,0,0,0,0,,0,,0,0,0,0,0,0,0,,0
60880,RightHand,右手,Normal,,,,,,,,,,,,,,,,,,0,,0,0,0,0,0,0,0,0,,0,,0,0,0,0,0,0,0,0,,0,,0,0,0,0,0,0,0,0,,0,,0,0,0,0,0,0,0,0,,0,,0,0,0,0,0,0,0,,0
60880,Tail,尾部（尻尾）,Normal,8,1,4,,,,,,,,,,,,,,,9,1,0,1,0,0,0,0,0,0,,0,,,,,,,,,,,,,,,,,,,,,,,,,,,,,,,,,,,,,,,,,,,
60881,WholeBody,全身,Normal,,,4,,,,,,,,,,,,,,,,,,,,,,,,,,,,,,,,,,,,,,,,,,,,,,,,,,,,,,,,,,,,,,,,,,,,,
60881,Head,头部,Normal,9,1,500,,,,,,,,,,,,,,,10,1,1,1,1,0,0,0,0,0,,12,1,1,1,1,0,0,0,0,0,,0,,0,0,0,0,0,0,0,0,,0,,0,0,0,0,0,0,0,0,,0,,0,0,0,0,0,0,0,,0
60881,Body,全身,Normal,9,1,4,,,,,,,,,,,,,,,0,,0,0,0,0,0,0,0,0,,0,,0,0,0,0,0,0,0,0,,0,,0,0,0,0,0,0,0,0,,0,,0,0,0,0,0,0,0,0,,0,,0,0,0,0,0,0,0,,0
60881,Neck,头部,Normal,9,1,4,,,,,,,,,,,,,,,0,,0,0,0,0,0,0,0,0,,0,,0,0,0,0,0,0,0,0,,0,,0,0,0,0,0,0,0,0,,0,,0,0,0,0,0,0,0,0,,0,,0,0,0,0,0,0,0,,0
60881,LeftLeg,左腿,Normal,8,1,4,16,1,,,,,,,,,,,,,0,,0,0,0,0,0,0,0,0,,0,,0,0,0,0,0,0,0,0,,0,,0,0,0,0,0,0,0,0,,0,,0,0,0,0,0,0,0,0,,0,,0,0,0,0,0,0,0,,0
60881,LeftHand,左手,Normal,,,,,,,,,,,,,,,,,,0,,0,0,0,0,0,0,0,0,,0,,0,0,0,0,0,0,0,0,,0,,0,0,0,0,0,0,0,0,,0,,0,0,0,0,0,0,0,0,,0,,0,0,0,0,0,0,0,,0
60881,RightLeg,右腿,Normal,8,1,4,16,1,,,,,,,,,,,,,0,,0,0,0,0,0,0,0,0,,0,,0,0,0,0,0,0,0,0,,0,,0,0,0,0,0,0,0,0,,0,,0,0,0,0,0,0,0,0,,0,,0,0,0,0,0,0,0,,0
60881,RightHand,右手,Normal,,,,,,,,,,,,,,,,,,0,,0,0,0,0,0,0,0,0,,0,,0,0,0,0,0,0,0,0,,0,,0,0,0,0,0,0,0,0,,0,,0,0,0,0,0,0,0,0,,0,,0,0,0,0,0,0,0,,0
60881,Tail,尾部（尻尾）,Normal,10,1,4,,,,,,,,,,,,,,,12,1,0,1,0,0,0,0,0,0,,0,,,,,,,,,,,,,,,,,,,,,,,,,,,,,,,,,,,,,,,,,,,
60890,WholeBody,全身,Normal,,,4,,,,,,,,,,,,,,,,,,,,,,,,,,,,,,,,,,,,,,,,,,,,,,,,,,,,,,,,,,,,,,,,,,,,,
60890,Head,头部,Normal,7,1,500,,,,,,,,,,,,,,,0,0,0,0,0,0,0,0,0,0,,0,,0,0,0,0,0,0,0,0,,0,,0,0,0,0,0,0,0,0,,0,,0,0,0,0,0,0,0,0,,0,,0,0,0,0,0,0,0,,0
60890,Body,全身,Normal,7,1,4,,,,,,,,,,,,,,,0,,0,0,0,0,0,0,0,0,,0,,0,0,0,0,0,0,0,0,,0,,0,0,0,0,0,0,0,0,,0,,0,0,0,0,0,0,0,0,,0,,0,0,0,0,0,0,0,,0
60890,Neck,头部,Normal,7,1,500,,,,,,,,,,,,,,,6,1,1,1,1,0,0,0,0,0,,0,,0,0,0,0,0,0,0,0,,0,,0,0,0,0,0,0,0,0,,0,,0,0,0,0,0,0,0,0,,0,,0,0,0,0,0,0,0,,0
60890,LeftLeg,左腿,Normal,6,1,4,12,1,,,,,,,,,,,,,0,,0,0,0,0,0,0,0,0,,0,,0,0,0,0,0,0,0,0,,0,,0,0,0,0,0,0,0,0,,0,,0,0,0,0,0,0,0,0,,0,,0,0,0,0,0,0,0,,0
60890,LeftHand,左手,Normal,,,,,,,,,,,,,,,,,,6,1,1,1,1,0,0,0,0,0,,0,,0,0,0,0,0,0,0,0,,0,,0,0,0,0,0,0,0,0,,0,,0,0,0,0,0,0,0,0,,0,,0,0,0,0,0,0,0,,0
60890,RightLeg,右腿,Normal,6,1,4,12,1,,,,,,,,,,,,,0,,0,0,0,0,0,0,0,0,,0,,0,0,0,0,0,0,0,0,,0,,0,0,0,0,0,0,0,0,,0,,0,0,0,0,0,0,0,0,,0,,0,0,0,0,0,0,0,,0
60890,RightHand,右手,Normal,,,,,,,,,,,,,,,,,,6,1,1,1,1,0,0,0,0,0,,0,,0,0,0,0,0,0,0,0,,0,,0,0,0,0,0,0,0,0,,0,,0,0,0,0,0,0,0,0,,0,,0,0,0,0,0,0,0,,0
60890,Tail,尾部（尻尾）,Normal,8,1,4,,,,,,,,,,,,,,,9,1,0,1,0,0,0,0,0,0,,0,,,,,,,,,,,,,,,,,,,,,,,,,,,,,,,,,,,,,,,,,,,
60896,WholeBody,全身,Normal,,,,,,,,,,,,,,,,,,,,,,,,,,,,,,,,,,,,,,,,,,,,,,,,,,,,,,,,,,,,,,,,,,,,,,,,
60896,Body,身体,Normal,,,,,,,,,,,,,,,,,,,,,,,,,,,,,,,,,,,,,,,,,,,,,,,,,,,,,,,,,,,,,,,,,,,,,,,,
60897,WholeBody,全身,Normal,,,,,,,,,,,,,,,,,,,,,,,,,,,,,,,,,,,,,,,,,,,,,,,,,,,,,,,,,,,,,,,,,,,,,,,,
60897,Body,身体,Normal,,,,,,,,,,,,,,,,,,,,,,,,,,,,,,,,,,,,,,,,,,,,,,,,,,,,,,,,,,,,,,,,,,,,,,,,
60900,WholeBody,全身,Normal,,,2,,,,,,,,,,,,,,,,,,,,,,,,,,,,,,,,,,,,,,,,,,,,,,,,,,,,,,,,,,,,,,,,,,,,,
60900,Head,头部,Normal,6,1,2,,,,,,,,,,,,,,,6,1,1,1,1,0,0,0,0,0,,6,1,1,1,1,0,0,0,0,0,,0,,0,0,0,0,0,0,0,0,,0,,0,0,0,0,0,0,0,0,,0,,0,0,0,0,0,0,0,,0
60900,Body,躯干（本体/胴体）,Normal,5,1,2,,,,,,,,,,,,,,,0,,0,0,0,0,0,0,0,0,,0,1,0,0,0,0,0,0,0,0,,0,1,0,0,0,0,0,0,0,0,,0,1,0,0,0,0,0,0,0,0,,0,1,0,0,0,0,0,0,0,,0
60900,LeftWing,棘,Normal,6,1,2,6,1,,,,,,,,,,,,,6,1,1,1,1,0,0,0,0,0,,0,1,0,0,0,0,0,0,0,0,,0,1,0,0,0,0,0,0,0,0,,0,1,0,0,0,0,0,0,0,0,,0,1,0,0,0,0,0,0,0,,0
60900,RightWing,棘,Normal,6,1,2,6,1,,,,,,,,,,,,,6,1,1,1,1,0,0,0,0,0,,0,1,0,0,0,0,0,0,0,0,,0,1,0,0,0,0,0,0,0,0,,0,1,0,0,0,0,0,0,0,0,,0,1,0,0,0,0,0,0,0,,0
60900,LeftHand,左手,Normal,5,1,2,,,,,,,,,,,,,,,0,,0,0,0,0,0,0,0,0,,0,1,0,0,0,0,0,0,0,0,,0,1,0,0,0,0,0,0,0,0,,0,1,0,0,0,0,0,0,0,0,,0,1,0,0,0,0,0,0,0,,0
60900,RightHand,右手,Normal,5,1,2,,,,,,,,,,,,,,,0,,0,0,0,0,0,0,0,0,,0,1,0,0,0,0,0,0,0,0,,0,1,0,0,0,0,0,0,0,0,,0,1,0,0,0,0,0,0,0,0,,0,1,0,0,0,0,0,0,0,,0
60900,LeftLeg,左腿,Normal,5,1,2,10,1,,,,,,,,,,,,,0,,0,0,0,0,0,0,0,0,,0,,0,0,0,0,0,0,0,0,,0,,0,0,0,0,0,0,0,0,,0,,0,0,0,0,0,0,0,0,,0,,0,0,0,0,0,0,0,,0
60900,RightLeg,右腿,Normal,5,1,2,10,1,,,,,,,,,,,,,0,,0,0,0,0,0,0,0,0,,0,,0,0,0,0,0,0,0,0,,0,,0,0,0,0,0,0,0,0,,0,,0,0,0,0,0,0,0,0,,0,,0,0,0,0,0,0,0,,0
60900,Tail,尾巴,Normal,5,1,2,,,,,,,,,,,,,,,10,,0,1,0,0,0,0,0,0,,0,,0,0,0,0,0,0,0,0,,0,,0,0,0,0,0,0,0,0,,0,,0,0,0,0,0,0,0,0,,0,,0,0,0,0,0,0,0,,0
60910,WholeBody,全身,Normal,,,4,,,,,,,,,,,,,,,,,,,,,,,,,,,,,,,,,,,,,,,,,,,,,,,,,,,,,,,,,,,,,,,,,,,,,
60910,Head,头部,Normal,7,1,500,,,,,,,,,,,,,,,6,1,1,1,1,0,0,0,0,0,,0,,0,0,0,0,0,0,0,0,,0,,0,0,0,0,0,0,0,0,,0,,0,0,0,0,0,0,0,0,,0,,0,0,0,0,0,0,0,,0
60910,Body,全身,Normal,7,1,4,,,,,,,,,,,,,,,0,,0,0,0,0,0,0,0,0,,0,,0,0,0,0,0,0,0,0,,0,,0,0,0,0,0,0,0,0,,0,,0,0,0,0,0,0,0,0,,0,,0,0,0,0,0,0,0,,0
60910,Neck,头部,Normal,7,1,4,,,,,,,,,,,,,,,0,,0,0,0,0,0,0,0,0,,0,,0,0,0,0,0,0,0,0,,0,,0,0,0,0,0,0,0,0,,0,,0,0,0,0,0,0,0,0,,0,,0,0,0,0,0,0,0,,0
60910,LeftLeg,左腿,Normal,6,1,4,12,1,,,,,,,,,,,,,0,,0,0,0,0,0,0,0,0,,0,,0,0,0,0,0,0,0,0,,0,,0,0,0,0,0,0,0,0,,0,,0,0,0,0,0,0,0,0,,0,,0,0,0,0,0,0,0,,0
60910,LeftHand,左手,Normal,,,,,,,,,,,,,,,,,,0,,0,0,0,0,0,0,0,0,,0,,0,0,0,0,0,0,0,0,,0,,0,0,0,0,0,0,0,0,,0,,0,0,0,0,0,0,0,0,,0,,0,0,0,0,0,0,0,,0
60910,RightLeg,右腿,Normal,6,1,4,12,1,,,,,,,,,,,,,0,,0,0,0,0,0,0,0,0,,0,,0,0,0,0,0,0,0,0,,0,,0,0,0,0,0,0,0,0,,0,,0,0,0,0,0,0,0,0,,0,,0,0,0,0,0,0,0,,0
60910,RightHand,右手,Normal,,,,,,,,,,,,,,,,,,0,,0,0,0,0,0,0,0,0,,0,,0,0,0,0,0,0,0,0,,0,,0,0,0,0,0,0,0,0,,0,,0,0,0,0,0,0,0,0,,0,,0,0,0,0,0,0,0,,0
60910,Tail,尾部（尻尾）,Normal,8,1,4,,,,,,,,,,,,,,,9,1,1,1,1,0,0,0,0,0,,7,1,0,1,0,0,0,0,0,0,,0,,,,,,,,,,,,,,,,,,,,,,,,,,,,,,,,
60920,WholeBody,全身,Normal,,,,,,,,,,,,,,,,,,,,,,,,,,,,,,,,,,,,,,,,,,,,,,,,,,,,,,,,,,,,,,,,,,,,,,,,
60920,Head,头部,Normal,6,1,500,,,,,,,,,,,,,,,7,1,1,1,1,,,,,,,,,,,,,,,,,,,,,,,,,,,,,,,,,,,,,,,,,,,,,,,,,,
60920,Neck,颈部（首）,Normal,4,1,5,,,,,,,,,,,,,,,,,,,,,,,,,,,,,,,,,,,,,,,,,,,,,,,,,,,,,,,,,,,,,,,,,,,,,
60920,Body,躯干（本体/胴体）,Normal,4,1,5,,,,,,,,,,,,,,,,,,,,,,,,,,,,,,,,,,,,,,,,,,,,,,,,,,,,,,,,,,,,,,,,,,,,,
60920,Tail,尾巴,Normal,6,1,5,,,,,,,,,,,,,,,6,1,1,1,1,,,,,,,5,1,0,1,0,,,,,,,,,,,,,,,,,,,,,,,,,,,,,,,,,,,,,,,
60920,Shell,尾巴尖端,Normal,,,,,,,,,,,,,,,,,,,,,,,,,,,,,,,,,,,,,,,,,,,,,,,,,,,,,,,,,,,,,,,,,,,,,,,,
60920,LeftHand,左臂,Normal,6,1,5,,,,,,,,,,,,,,,,,,,,,,,,,,,,,,,,,,,,,,,,,,,,,,,,,,,,,,,,,,,,,,,,,,,,,
60920,RightHand,右臂,Normal,6,1,5,12,1,,,,,,,,,,,,,,,,,,,,,,,,,,,,,,,,,,,,,,,,,,,,,,,,,,,,,,,,,,,,,,,,,,,
60920,LeftLeg,左脚,Normal,6,1,5,12,1,,,,,,,,,,,,,,,,,,,,,,,,,,,,,,,,,,,,,,,,,,,,,,,,,,,,,,,,,,,,,,,,,,,
60920,RightLeg,右脚,Normal,6,1,5,,,,,,,,,,,,,,,,,,,,,,,,,,,,,,,,,,,,,,,,,,,,,,,,,,,,,,,,,,,,,,,,,,,,,
60920,LeftWing,左翼,Normal,5,1,5,,,,,,,,,,,,,,,6,1,1,1,1,,,,,,,,,,,,,,,,,,,,,,,,,,,,,,,,,,,,,,,,,,,,,,,,,,
60920,RightWing,右翼,Normal,5,1,5,,,,,,,,,,,,,,,6,1,1,1,1,,,,,,,,,,,,,,,,,,,,,,,,,,,,,,,,,,,,,,,,,,,,,,,,,,
60921,WholeBody,全身,Normal,,,,,,,,,,,,,,,,,,,,,,,,,,,,,,,,,,,,,,,,,,,,,,,,,,,,,,,,,,,,,,,,,,,,,,,,
60921,Head,头部,Normal,8,1,500,,,,,,,,,,,,,,,9,1,1,1,1,,,,,,,,,,,,,,,,,,,,,,,,,,,,,,,,,,,,,,,,,,,,,,,,,,
60921,Neck,颈部（首）,Normal,6,1,5,,,,,,,,,,,,,,,,,,,,,,,,,,,,,,,,,,,,,,,,,,,,,,,,,,,,,,,,,,,,,,,,,,,,,
60921,Body,躯干（本体/胴体）,Normal,6,1,5,,,,,,,,,,,,,,,,,,,,,,,,,,,,,,,,,,,,,,,,,,,,,,,,,,,,,,,,,,,,,,,,,,,,,
60921,Tail,尾巴,Normal,8,1,5,,,,,,,,,,,,,,,8,1,1,1,1,,,,,,,5,1,0,1,0,,,,,,,,,,,,,,,,,,,,,,,,,,,,,,,,,,,,,,,
60921,Shell,尾巴尖端,Normal,,,,,,,,,,,,,,,,,,,,,,,,,,,,,,,,,,,,,,,,,,,,,,,,,,,,,,,,,,,,,,,,,,,,,,,,
60921,LeftHand,左臂,Normal,8,1,5,,,,,,,,,,,,,,,,,,,,,,,,,,,,,,,,,,,,,,,,,,,,,,,,,,,,,,,,,,,,,,,,,,,,,
60921,RightHand,右臂,Normal,8,1,5,16,1,,,,,,,,,,,,,,,,,,,,,,,,,,,,,,,,,,,,,,,,,,,,,,,,,,,,,,,,,,,,,,,,,,,
60921,LeftLeg,左脚,Normal,8,1,5,16,1,,,,,,,,,,,,,,,,,,,,,,,,,,,,,,,,,,,,,,,,,,,,,,,,,,,,,,,,,,,,,,,,,,,
60921,RightLeg,右脚,Normal,8,1,5,,,,,,,,,,,,,,,,,,,,,,,,,,,,,,,,,,,,,,,,,,,,,,,,,,,,,,,,,,,,,,,,,,,,,
60921,LeftWing,左翼,Normal,7,1,5,,,,,,,,,,,,,,,8,1,1,1,1,,,,,,,,,,,,,,,,,,,,,,,,,,,,,,,,,,,,,,,,,,,,,,,,,,
60921,RightWing,右翼,Normal,7,1,5,,,,,,,,,,,,,,,8,1,1,1,1,,,,,,,,,,,,,,,,,,,,,,,,,,,,,,,,,,,,,,,,,,,,,,,,,,
60930,WholeBody,全身,Normal,,,,,,,,,,,,,,,,,,,,,,,,,,,,,,,,,,,,,,,,,,,,,,,,,,,,,,,,,,,,,,,,,,,,,,,,
60930,Head,头部,Normal,8,1,500,,,,,,,,,,,,,,,9,1,1,1,1,,,,,,,,,,,,,,,,,,,,,,,,,,,,,,,,,,,,,,,,,,,,,,,,,,
60930,Neck,颈部（首）,Normal,8,1,5,,,,,,,,,,,,,,,,,,,,,,,,,,,,,,,,,,,,,,,,,,,,,,,,,,,,,,,,,,,,,,,,,,,,,
60930,Back,背部,Normal,10,1,5,,,,,,,,,,,,,,,10,1,1,1,1,,,,,,,,,,,,,,,,,,,,,,,,,,,,,,,,,,,,,,,,,,,,,,,,,,
60930,Belly,腹部,Normal,15,1,5,,,,,,,,,,,,,,,,,,,,,,,,,,,,,,,,,,,,,,,,,,,,,,,,,,,,,,,,,,,,,,,,,,,,,
60930,LeftHand,左臂,Normal,8,1,5,,,,,,,,,,,,,,,7,1,1,1,1,,,,,,,,,,,,,,,,,,,,,,,,,,,,,,,,,,,,,,,,,,,,,,,,,,
60930,RightHand,右臂,Normal,8,1,5,,,,,,,,,,,,,,,7,1,1,1,1,,,,,,,,,,,,,,,,,,,,,,,,,,,,,,,,,,,,,,,,,,,,,,,,,,
60930,LeftLeg,左脚,Normal,8,1,5,,,,,,,,,,,,,,,,,,,,,,,,,,,,,,,,,,,,,,,,,,,,,,,,,,,,,,,,,,,,,,,,,,,,,
60930,RightLeg,右脚,Normal,8,1,5,,,,,,,,,,,,,,,,,,,,,,,,,,,,,,,,,,,,,,,,,,,,,,,,,,,,,,,,,,,,,,,,,,,,,
60930,Tail,尾巴,Normal,12,1,5,,,,,,,,,,,,,,,9,1,0,1,0,,,,,,,,,,,,,,,,,,,,,,,,,,,,,,,,,,,,,,,,,,,,,,,,,,
70001,WholeBody,全身,Normal,,,2,,,,,,,,,,,,,,,,,,,,,,,,,,,,,,,,,,,,,,,,,,,,,,,,,,,,,,,,,,,,,,,,,,,,,
70001,Head,头部,Normal,1,1,2,,,,,,,,,,,,,,,,,,,,,,,,,,,,,,,,,,,,,,,,,,,,,,,,,,,,,,,,,,,,,,,,,,,,,
70001,Neck,颈部（首）,Normal,1,1,2,,,,,,,,,,,,,,,,,,,,,,,,,,,,,,,,,,,,,,,,,,,,,,,,,,,,,,,,,,,,,,,,,,,,,
70001,Body,躯干（本体/胴体）,Normal,1,1,2,6,1,,,,,,,,,,,,,,,,,,,,,,,,,,,,,,,,,,,,,,,,,,,,,,,,,,,,,,,,,,,,,,,,,,,
70002,WholeBody,全身,Normal,,,2,,,,,,,,,,,,,,,,,,,,,,,,,,,,,,,,,,,,,,,,,,,,,,,,,,,,,,,,,,,,,,,,,,,,,
70002,Head,头部,Normal,3,1,2,,,,,,,,,,,,,,,6,1,1,1,1,0,0,0,0,0,,6,1,1,1,1,0,0,0,0,0,,0,1,0,0,0,0,0,0,0,0,,0,1,0,0,0,0,0,0,0,0,,0,1,0,0,0,0,0,0,0,,0
70002,Body,全身,Normal,3,1,2,,,,,,,,,,,,,,,0,,0,0,0,0,0,0,0,0,,0,,0,0,0,0,0,0,0,0,,0,,0,0,0,0,0,0,0,0,,0,,0,0,0,0,0,0,0,0,,0,,0,0,0,0,0,0,0,,0
70002,LeftFoot,左腿,Normal,3,1,2,6,1,,,,,,,,,,,,,0,,0,0,0,0,0,0,0,0,,0,,0,0,0,0,0,0,0,0,,0,,0,0,0,0,0,0,0,0,,0,,0,0,0,0,0,0,0,0,,0,,0,0,0,0,0,0,0,,0
70002,LeftHand,左手,Normal,3,1,2,6,1,,,,,,,,,,,,,6,1,1,1,1,0,0,0,0,0,,0,1,0,0,0,0,0,0,0,0,,0,1,0,0,0,0,0,0,0,0,,0,1,0,0,0,0,0,0,0,0,,0,1,0,0,0,0,0,0,0,,0
70002,RightFoot,右腿,Normal,3,1,2,6,1,,,,,,,,,,,,,0,,0,0,0,0,0,0,0,0,,0,,0,0,0,0,0,0,0,0,,0,,0,0,0,0,0,0,0,0,,0,,0,0,0,0,0,0,0,0,,0,,0,0,0,0,0,0,0,,0
70002,RightHand,右手,Normal,3,1,2,6,1,,,,,,,,,,,,,6,1,1,1,1,0,0,0,0,0,,0,,0,0,0,0,0,0,0,0,,0,,0,0,0,0,0,0,0,0,,0,,0,0,0,0,0,0,0,0,,0,,0,0,0,0,0,0,0,,0
70002,Tail,尾部（尻尾）,Normal,3,1,2,,,,,,,,,,,,,,,,,,,,,,,,,,,,,,,,,,,,,,,,,,,,,,,,,,,,,,,,,,,,,,,,,,,,,
70003,WholeBody,全身,Normal,,,2,,,,,,,,,,,,,,,,,,,,,,,,,,,,,,,,,,,,,,,,,,,,,,,,,,,,,,,,,,,,,,,,,,,,,
70003,Head,头部,Normal,3,1,2,,,,,,,,,,,,,,,6,1,1,1,1,0,0,0,0,0,,6,1,1,1,1,0,0,0,0,0,,0,1,0,0,0,0,0,0,0,0,,0,1,0,0,0,0,0,0,0,0,,0,1,0,0,0,0,0,0,0,,0
70003,Body,全身,Normal,3,1,2,,,,,,,,,,,,,,,0,,0,0,0,0,0,0,0,0,,0,,0,0,0,0,0,0,0,0,,0,,0,0,0,0,0,0,0,0,,0,,0,0,0,0,0,0,0,0,,0,,0,0,0,0,0,0,0,,0
70003,LeftFoot,左腿,Normal,3,1,2,6,1,,,,,,,,,,,,,0,,0,0,0,0,0,0,0,0,,0,,0,0,0,0,0,0,0,0,,0,,0,0,0,0,0,0,0,0,,0,,0,0,0,0,0,0,0,0,,0,,0,0,0,0,0,0,0,,0
70003,LeftHand,左手,Normal,3,1,2,6,1,,,,,,,,,,,,,6,1,1,1,1,0,0,0,0,0,,0,1,0,0,0,0,0,0,0,0,,0,1,0,0,0,0,0,0,0,0,,0,1,0,0,0,0,0,0,0,0,,0,1,0,0,0,0,0,0,0,,0
70003,RightFoot,右腿,Normal,3,1,2,6,1,,,,,,,,,,,,,0,,0,0,0,0,0,0,0,0,,0,,0,0,0,0,0,0,0,0,,0,,0,0,0,0,0,0,0,0,,0,,0,0,0,0,0,0,0,0,,0,,0,0,0,0,0,0,0,,0
70003,RightHand,右手,Normal,3,1,2,6,1,,,,,,,,,,,,,6,1,1,1,1,0,0,0,0,0,,0,,0,0,0,0,0,0,0,0,,0,,0,0,0,0,0,0,0,0,,0,,0,0,0,0,0,0,0,0,,0,,0,0,0,0,0,0,0,,0
70003,Tail,尾部（尻尾）,Normal,3,1,2,,,,,,,,,,,,,,,,,,,,,,,,,,,,,,,,,,,,,,,,,,,,,,,,,,,,,,,,,,,,,,,,,,,,,
70004,WholeBody,全身,Normal,,,2,,,,,,,,,,,,,,,,,,,,,,,,,,,,,,,,,,,,,,,,,,,,,,,,,,,,,,,,,,,,,,,,,,,,,
70004,Head,头部,Normal,3,1,2,,,,,,,,,,,,,,,6,1,1,1,1,0,0,0,0,0,,6,1,1,1,1,0,0,0,0,0,,0,1,0,0,0,0,0,0,0,0,,0,1,0,0,0,0,0,0,0,0,,0,1,0,0,0,0,0,0,0,,0
70004,Body,全身,Normal,3,1,2,,,,,,,,,,,,,,,0,,0,0,0,0,0,0,0,0,,0,,0,0,0,0,0,0,0,0,,0,,0,0,0,0,0,0,0,0,,0,,0,0,0,0,0,0,0,0,,0,,0,0,0,0,0,0,0,,0
70004,LeftFoot,左腿,Normal,3,1,2,6,1,,,,,,,,,,,,,0,,0,0,0,0,0,0,0,0,,0,,0,0,0,0,0,0,0,0,,0,,0,0,0,0,0,0,0,0,,0,,0,0,0,0,0,0,0,0,,0,,0,0,0,0,0,0,0,,0
70004,LeftHand,左手,Normal,3,1,2,6,1,,,,,,,,,,,,,6,1,1,1,1,0,0,0,0,0,,0,1,0,0,0,0,0,0,0,0,,0,1,0,0,0,0,0,0,0,0,,0,1,0,0,0,0,0,0,0,0,,0,1,0,0,0,0,0,0,0,,0
70004,RightFoot,右腿,Normal,3,1,2,6,1,,,,,,,,,,,,,0,,0,0,0,0,0,0,0,0,,0,,0,0,0,0,0,0,0,0,,0,,0,0,0,0,0,0,0,0,,0,,0,0,0,0,0,0,0,0,,0,,0,0,0,0,0,0,0,,0
70004,RightHand,右手,Normal,3,1,2,6,1,,,,,,,,,,,,,6,1,1,1,1,0,0,0,0,0,,0,,0,0,0,0,0,0,0,0,,0,,0,0,0,0,0,0,0,0,,0,,0,0,0,0,0,0,0,0,,0,,0,0,0,0,0,0,0,,0
70004,Tail,尾部（尻尾）,Normal,3,1,2,,,,,,,,,,,,,,,,,,,,,,,,,,,,,,,,,,,,,,,,,,,,,,,,,,,,,,,,,,,,,,,,,,,,,
70005,WholeBody,全身,Normal,,,2,,,,,,,,,,,,,,,,,,,,,,,,,,,,,,,,,,,,,,,,,,,,,,,,,,,,,,,,,,,,,,,,,,,,,
70005,Body,躯干（本体/胴体）,Normal,5,1,2,,,,,,,,,,,,,,,,,,,,,,,,,,,,,,,,,,,,,,,,,,,,,,,,,,,,,,,,,,,,,,,,,,,,,
70005,Head,头部,Normal,5,1,2,,,,,,,,,,,,,,,,,,,,,,,,,,,,,,,,,,,,,,,,,,,,,,,,,,,,,,,,,,,,,,,,,,,,,
70005,Neck,颈部（首）,Normal,5,1,2,,,,,,,,,,,,,,,,,,,,,,,,,,,,,,,,,,,,,,,,,,,,,,,,,,,,,,,,,,,,,,,,,,,,,
70005,Wings,翼部,Normal,5,1,2,,,,,,,,,,,,,,,,,,,,,,,,,,,,,,,,,,,,,,,,,,,,,,,,,,,,,,,,,,,,,,,,,,,,,
70005,LeftLeg,左（前）腿,Normal,3,1,2,6,1,,,,,,,,,,,,,,,,,,,,,,,,,,,,,,,,,,,,,,,,,,,,,,,,,,,,,,,,,,,,,,,,,,,
70005,RightLeg,右（前）腿,Normal,3,1,2,6,1,,,,,,,,,,,,,,,,,,,,,,,,,,,,,,,,,,,,,,,,,,,,,,,,,,,,,,,,,,,,,,,,,,,
70005,Tail,尾部（尻尾）,Normal,,1,2,,,,,,,,,,,,,,,8,1,1,1,1,0,0,0,0,0,,,,,,,,,,,,,,,,,,,,,,,,,,,,,,,,,,,,,,,,,,,,,
70006,WholeBody,全身,Normal,,,2,,,,,,,,,,,,,,,,,,,,,,,,,,,,,,,,,,,,,,,,,,,,,,,,,,,,,,,,,,,,,,,,,,,,,
70006,Body,躯干（本体/胴体）,Normal,1,1,2,,,,,,,,,,,,,,,0,,0,0,0,0,0,0,0,0,,0,,0,0,0,0,0,0,0,0,,0,,0,0,0,0,0,0,0,0,,0,,0,0,0,0,0,0,0,0,,0,,0,0,0,0,0,0,0,,0
70006,Head,头部,Normal,1,1,2,,,,,,,,,,,,,,,0,,0,0,0,0,0,0,0,0,,0,,0,0,0,0,0,0,0,0,,0,,0,0,0,0,0,0,0,0,,0,,0,0,0,0,0,0,0,0,,0,,0,0,0,0,0,0,0,,0
70006,Tail,尾部（尻尾）,Normal,1,1,2,,,,,,,,,,,,,,,0,,0,0,0,0,0,0,0,0,,0,,0,0,0,0,0,0,0,0,,0,,0,0,0,0,0,0,0,0,,0,,0,0,0,0,0,0,0,0,,0,,0,0,0,0,0,0,0,,0
70007,WholeBody,全身,Normal,,,2,,,,,,,,,,,,,,,,,,,,,,,,,,,,,,,,,,,,,,,,,,,,,,,,,,,,,,,,,,,,,,,,,,,,,
70007,Head,头部,Normal,1,1,2,,,,,,,,,,,,,,,,,,,,,,,,,,,,,,,,,,,,,,,,,,,,,,,,,,,,,,,,,,,,,,,,,,,,,
70007,Body,躯干（本体/胴体）,Normal,1,1,2,6,1,,,,,,,,,,,,,,,,,,,,,,,,,,,,,,,,,,,,,,,,,,,,,,,,,,,,,,,,,,,,,,,,,,,
70008,WholeBody,全身,Normal,,,2,,,,,,,,,,,,,,,,,,,,,,,,,,,,,,,,,,,,,,,,,,,,,,,,,,,,,,,,,,,,,,,,,,,,,
70008,Body,躯干（本体/胴体）,Normal,4,1,2,8,1,,,,,,,,,,,,,,,,,,,,,,,,,,,,,,,,,,,,,,,,,,,,,,,,,,,,,,,,,,,,,,,,,,,
70008,Head,头部,Normal,3,1,2,,,,,,,,,,,,,,,,,,,,,,,,,,,,,,,,,,,,,,,,,,,,,,,,,,,,,,,,,,,,,,,,,,,,,
70008,Tail,尾部（尻尾）,Normal,4,1,2,,,,,,,,,,,,,,,,,,,,,,,,,,,,,,,,,,,,,,,,,,,,,,,,,,,,,,,,,,,,,,,,,,,,,
70009,WholeBody,全身,Normal,,,2,,,,,,,,,,,,,,,,,,,,,,,,,,,,,,,,,,,,,,,,,,,,,,,,,,,,,,,,,,,,,,,,,,,,,
70009,Body,躯干（本体/胴体）,Normal,1,1,2,,,,,,,,,,,,,,,0,,0,0,0,0,0,0,0,0,,0,,0,0,0,0,0,0,0,0,,0,,0,0,0,0,0,0,0,0,,0,,0,0,0,0,0,0,0,0,,0,,0,0,0,0,0,0,0,,0
70009,Head,头部,Normal,1,1,2,,,,,,,,,,,,,,,0,,0,0,0,0,0,0,0,0,,0,,0,0,0,0,0,0,0,0,,0,,0,0,0,0,0,0,0,0,,0,,0,0,0,0,0,0,0,0,,0,,0,0,0,0,0,0,0,,0
70009,Tail,尾部（尻尾）,Normal,1,1,2,,,,,,,,,,,,,,,0,,0,0,0,0,0,0,0,0,,0,,0,0,0,0,0,0,0,0,,0,,0,0,0,0,0,0,0,0,,0,,0,0,0,0,0,0,0,0,,0,,0,0,0,0,0,0,0,,0
70010,WholeBody,全身,Normal,,,2,,,,,,,,,,,,,,,,,,,,,,,,,,,,,,,,,,,,,,,,,,,,,,,,,,,,,,,,,,,,,,,,,,,,,
70010,Body,躯干（本体/胴体）,Normal,1,1,2,,,,,,,,,,,,,,,0,,0,0,0,0,0,0,0,0,,0,,0,0,0,0,0,0,0,0,,0,,0,0,0,0,0,0,0,0,,0,,0,0,0,0,0,0,0,0,,0,,0,0,0,0,0,0,0,,0
70011,WholeBody,全身,Normal,,1,,,,,,,,,,,,,,,,0,,0,0,0,0,0,0,0,0,,0,,1,1,1,0,0,0,0,0,,0,,0,0,0,0,0,0,0,0,,0,,0,0,0,0,0,0,0,0,,0,,0,0,0,0,0,0,0,,0
70011,Body,躯干（本体/胴体）,Normal,5,1,2,,,,,,,,,,,,,,,0,,0,0,0,0,0,0,0,0,,0,,0,0,0,0,0,0,0,0,,0,,0,0,0,0,0,0,0,0,,0,,0,0,0,0,0,0,0,0,,0,,0,0,0,0,0,0,0,,0
70011,Tail,尾巴,Normal,,1,2,,,,,,,,,,,,,,,0,,0,0,0,0,0,0,0,0,,0,,0,0,0,0,0,0,0,0,,0,,0,0,0,0,0,0,0,0,,0,,0,0,0,0,0,0,0,0,,0,,0,0,0,0,0,0,0,,0
70011,Head,头部,Normal,4,1,2,,,,,,,,,,,,,,,8,2,1,1,1,0,0,0,0,0,,0,,0,0,0,0,0,0,0,0,,0,,0,0,0,0,0,0,0,0,,0,,0,0,0,0,0,0,0,0,,0,,0,0,0,0,0,0,0,,0
70011,LeftFoot,左脚,Normal,4,1,2,8,1,,,,,,,,,,,,,0,,0,0,0,0,0,0,0,0,,0,,0,0,0,0,0,0,0,0,,0,,0,0,0,0,0,0,0,0,,0,,0,0,0,0,0,0,0,0,,0,,0,0,0,0,0,0,0,,0
70011,LeftHand,左手,Normal,4,1,2,,,,,,,,,,,,,,,8,1,1,1,1,0,0,0,0,0,,0,1,0,0,0,0,0,0,0,0,,0,1,0,0,0,0,0,0,0,0,,0,1,0,0,0,0,0,0,0,0,,0,1,0,0,0,0,0,0,0,,0
70011,RightFoot,右脚,Normal,4,1,2,8,1,,,,,,,,,,,,,0,,0,0,0,0,0,0,0,0,,0,,0,0,0,0,0,0,0,0,,0,,0,0,0,0,0,0,0,0,,0,,0,0,0,0,0,0,0,0,,0,,0,0,0,0,0,0,0,,0
70011,RightHand,右手,Normal,4,1,2,,,,,,,,,,,,,,,8,1,1,1,1,0,0,0,0,0,,0,,0,0,0,0,0,0,0,0,,0,,0,0,0,0,0,0,0,0,,0,,0,0,0,0,0,0,0,0,,0,,0,0,0,0,0,0,0,,0
70012,Body,躯干（本体/胴体）,Normal,4,0,2,,,,,,,,,,,,,,,,,,,,,,,,,,,,,,,,,,,,,,,,,,,,,,,,,,,,,,,,,,,,,,,,,,,,,
70013,WholeBody,全身,Normal,,,2,,,,,,,,,,,,,,,,,,,,,,,,,,,,,,,,,,,,,,,,,,,,,,,,,,,,,,,,,,,,,,,,,,,,,
70013,Body,躯干（本体/胴体）,Normal,1,1,2,,,,,,,,,,,,,,,0,,0,0,0,0,0,0,0,0,,0,,0,0,0,0,0,0,0,0,,0,,0,0,0,0,0,0,0,0,,0,,0,0,0,0,0,0,0,0,,0,,0,0,0,0,0,0,0,,0
70014,WholeBody,全身,Normal,,,2,,,,,,,,,,,,,,,0,,0,0,0,0,0,0,0,0,,0,,0,0,0,0,0,0,0,0,,0,,0,0,0,0,0,0,0,0,,0,,0,0,0,0,0,0,0,0,,0,,0,0,0,0,0,0,0,,0
70014,Body,躯干（本体/胴体）,Normal,3,1,2,,,,,,,,,,,,,,,0,,0,0,0,0,0,0,0,0,,0,,0,0,0,0,0,0,0,0,,0,,0,0,0,0,0,0,0,0,,0,,0,0,0,0,0,0,0,0,,0,,0,0,0,0,0,0,0,,0
70015,WholeBody,全身,Normal,,,2,,,,,,,,,,,,,,,,,,,,,,,,,,,,,,,,,,,,,,,,,,,,,,,,,,,,,,,,,,,,,,,,,,,,,
70015,Body,躯干（本体/胴体）,Normal,5,1,2,,,,,,,,,,,,,,,8,1,1,1,1,0,0,0,0,,,,,,,,,,,,,,,,,,,,,,,,,,,,,,,,,,,,,,,,,,,,,,
70015,Head,头部,Normal,5,1,2,,,,,,,,,,,,,,,,,,,,,,,,,,,,,,,,,,,,,,,,,,,,,,,,,,,,,,,,,,,,,,,,,,,,,
70015,Neck,颈部（首）,Normal,5,1,2,,,,,,,,,,,,,,,,,,,,,,,,,,,,,,,,,,,,,,,,,,,,,,,,,,,,,,,,,,,,,,,,,,,,,
70015,Wings,翼部,Normal,5,1,2,,,,,,,,,,,,,,,,,,,,,,,,,,,,,,,,,,,,,,,,,,,,,,,,,,,,,,,,,,,,,,,,,,,,,
70015,LeftLeg,左（前）腿,Normal,3.5,1,2,7,1,,,,,,,,,,,,,,,,,,,,,,,,,,,,,,,,,,,,,,,,,,,,,,,,,,,,,,,,,,,,,,,,,,,
70015,RightLeg,右（前）腿,Normal,3.5,1,2,7,1,,,,,,,,,,,,,,,,,,,,,,,,,,,,,,,,,,,,,,,,,,,,,,,,,,,,,,,,,,,,,,,,,,,
70015,Tail,尾部（尻尾）,Normal,,1,2,,,,,,,,,,,,,,,8,1,1,1,1,0,0,0,0,0,,,,,,,,,,,,,,,,,,,,,,,,,,,,,,,,,,,,,,,,,,,,,
70016,WholeBody,全身,Normal,,,2,,,,,,,,,,,,,,,,,,,,,,,,,,,,,,,,,,,,,,,,,,,,,,,,,,,,,,,,,,,,,,,,,,,,,
70016,Body,躯干（本体/胴体）,Normal,4,1,2,8,1,,,,,,,,,,,,,0,,0,0,0,0,0,0,0,0,,0,,0,0,0,0,0,0,0,0,,0,,0,0,0,0,0,0,0,0,,0,,0,0,0,0,0,0,0,0,,0,,0,0,0,0,0,0,0,,0
70016,Head,头部,Normal,3,1,2,,,,,,,,,,,,,,,9,1,1,1,1,0,0,0,0,0,,0,,0,0,0,0,0,0,0,0,,0,,0,0,0,0,0,0,0,0,,0,,0,0,0,0,0,0,0,0,,0,,0,0,0,0,0,0,0,,0
70016,Tail,尾部（尻尾）,Normal,,1,2,,,,,,,,,,,,,,,0,,0,0,0,0,0,0,0,0,,0,,0,0,0,0,0,0,0,0,,0,,0,0,0,0,0,0,0,0,,0,,0,0,0,0,0,0,0,0,,0,,0,0,0,0,0,0,0,,0
70016,LeftLeg,左（前）腿,Normal,,1,2,6,1,,,,,,,,,,,,,0,,0,0,0,0,0,0,0,0,,0,,0,0,0,0,0,0,0,0,,0,,0,0,0,0,0,0,0,0,,0,,0,0,0,0,0,0,0,0,,0,,0,0,0,0,0,0,0,,0
70016,RightLeg,右（前）腿,Normal,,1,2,6,1,,,,,,,,,,,,,0,,0,0,0,0,0,0,0,0,,0,,0,0,0,0,0,0,0,0,,0,,0,0,0,0,0,0,0,0,,0,,0,0,0,0,0,0,0,0,,0,,0,0,0,0,0,0,0,,0
70017,WholeBody,全身,Normal,,,2,,,,,,,,,,,,,,,,,,,,,,,,,,,,,,,,,,,,,,,,,,,,,,,,,,,,,,,,,,,,,,,,,,,,,
70017,Head,头部,Normal,3,1,2,,,,,,,,,,,,,,,6,1,1,1,1,0,0,0,0,0,,6,1,1,1,1,0,0,0,0,0,,0,1,0,0,0,0,0,0,0,0,,0,1,0,0,0,0,0,0,0,0,,0,1,0,0,0,0,0,0,0,,0
70017,Body,全身,Normal,3,1,2,,,,,,,,,,,,,,,0,,0,0,0,0,0,0,0,0,,0,,0,0,0,0,0,0,0,0,,0,,0,0,0,0,0,0,0,0,,0,,0,0,0,0,0,0,0,0,,0,,0,0,0,0,0,0,0,,0
70017,LeftFoot,左腿,Normal,3,1,2,6,1,,,,,,,,,,,,,0,,0,0,0,0,0,0,0,0,,0,,0,0,0,0,0,0,0,0,,0,,0,0,0,0,0,0,0,0,,0,,0,0,0,0,0,0,0,0,,0,,0,0,0,0,0,0,0,,0
70017,LeftHand,左手,Normal,3,1,2,6,1,,,,,,,,,,,,,6,1,1,1,1,0,0,0,0,0,,0,1,0,0,0,0,0,0,0,0,,0,1,0,0,0,0,0,0,0,0,,0,1,0,0,0,0,0,0,0,0,,0,1,0,0,0,0,0,0,0,,0
70017,RightFoot,右腿,Normal,3,1,2,6,1,,,,,,,,,,,,,0,,0,0,0,0,0,0,0,0,,0,,0,0,0,0,0,0,0,0,,0,,0,0,0,0,0,0,0,0,,0,,0,0,0,0,0,0,0,0,,0,,0,0,0,0,0,0,0,,0
70017,RightHand,右手,Normal,3,1,2,6,1,,,,,,,,,,,,,6,1,1,1,1,0,0,0,0,0,,0,,0,0,0,0,0,0,0,0,,0,,0,0,0,0,0,0,0,0,,0,,0,0,0,0,0,0,0,0,,0,,0,0,0,0,0,0,0,,0
70017,Tail,尾部（尻尾）,Normal,3,1,2,,,,,,,,,,,,,,,,,,,,,,,,,,,,,,,,,,,,,,,,,,,,,,,,,,,,,,,,,,,,,,,,,,,,,
70018,WholeBody,全身,Normal,,,2,,,,,,,,,,,,,,,,,,,,,,,,,,,,,,,,,,,,,,,,,,,,,,,,,,,,,,,,,,,,,,,,,,,,,
70018,Body,躯干（本体/胴体）,Normal,1,1,2,,,,,,,,,,,,,,,0,,0,0,0,0,0,0,0,0,,0,,0,0,0,0,0,0,0,0,,0,,0,0,0,0,0,0,0,0,,0,,0,0,0,0,0,0,0,0,,0,,0,0,0,0,0,0,0,,0
70019,WholeBody,全身,Normal,,,2,,,,,,,,,,,,,,,,,,,,,,,,,,,,,,,,,,,,,,,,,,,,,,,,,,,,,,,,,,,,,,,,,,,,,
70019,Head,头部,Normal,1,1,2,,,,,,,,,,,,,,,,,,,,,,,,,,,,,,,,,,,,,,,,,,,,,,,,,,,,,,,,,,,,,,,,,,,,,
70019,Neck,颈部（首）,Normal,1,1,2,,,,,,,,,,,,,,,,,,,,,,,,,,,,,,,,,,,,,,,,,,,,,,,,,,,,,,,,,,,,,,,,,,,,,
70019,Body,躯干（本体/胴体）,Normal,1,1,2,6,1,,,,,,,,,,,,,,,,,,,,,,,,,,,,,,,,,,,,,,,,,,,,,,,,,,,,,,,,,,,,,,,,,,,
70020,WholeBody,全身,Normal,,,2,,,,,,,,,,,,,,,,,,,,,,,,,,,,,,,,,,,,,,,,,,,,,,,,,,,,,,,,,,,,,,,,,,,,,
70020,Body,躯干（本体/胴体）,Normal,1,1,2,,,,,,,,,,,,,,,0,,0,0,0,0,0,0,0,0,,0,,0,0,0,0,0,0,0,0,,0,,0,0,0,0,0,0,0,0,,0,,0,0,0,0,0,0,0,0,,0,,0,0,0,0,0,0,0,,0
70021,WholeBody,全身,Normal,,,2,,,,,,,,,,,,,,,,,,,,,,,,,,,,,,,,,,,,,,,,,,,,,,,,,,,,,,,,,,,,,,,,,,,,,
70021,Head,头部,Normal,1,1,2,,,,,,,,,,,,,,,,,,,,,,,,,,,,,,,,,,,,,,,,,,,,,,,,,,,,,,,,,,,,,,,,,,,,,
70021,Neck,颈部（首）,Normal,1,1,2,,,,,,,,,,,,,,,,,,,,,,,,,,,,,,,,,,,,,,,,,,,,,,,,,,,,,,,,,,,,,,,,,,,,,
70021,Body,躯干（本体/胴体）,Normal,1,1,2,6,1,,,,,,,,,,,,,,,,,,,,,,,,,,,,,,,,,,,,,,,,,,,,,,,,,,,,,,,,,,,,,,,,,,,
70022,WholeBody,全身,Normal,,,2,,,,,,,,,,,,,,,0,,0,0,0,0,0,0,0,0,,0,,0,0,0,0,0,0,0,0,,0,,0,0,0,0,0,0,0,0,,0,,0,0,0,0,0,0,0,0,,0,,0,0,0,0,0,0,0,,0
70022,Body,躯干（本体/胴体）,Normal,1,1,2,,,,,,,,,,,,,,,0,,0,0,0,0,0,0,0,0,,0,,0,0,0,0,0,0,0,0,,0,,0,0,0,0,0,0,0,0,,0,,0,0,0,0,0,0,0,0,,0,,0,0,0,0,0,0,0,,0
70022,Head,头部,Normal,1,1,2,,,,,,,,,,,,,,,0,,0,0,0,0,0,0,0,0,,0,,0,0,0,0,0,0,0,0,,0,,0,0,0,0,0,0,0,0,,0,,0,0,0,0,0,0,0,0,,0,,0,0,0,0,0,0,0,,0
70022,Tail,尾部（尻尾）,Normal,1,1,2,,,,,,,,,,,,,,,0,,0,0,0,0,0,0,0,0,,0,,0,0,0,0,0,0,0,0,,0,,0,0,0,0,0,0,0,0,,0,,0,0,0,0,0,0,0,0,,0,,0,0,0,0,0,0,0,,0
70022,LeftLeg,左（前）腿,Normal,1,1,2,,,,,,,,,,,,,,,0,,0,0,0,0,0,0,0,0,,0,,0,0,0,0,0,0,0,0,,0,,0,0,0,0,0,0,0,0,,0,,0,0,0,0,0,0,0,0,,0,,0,0,0,0,0,0,0,,0
70022,RightLeg,右（前）腿,Normal,1,1,2,,,,,,,,,,,,,,,0,,0,0,0,0,0,0,0,0,,0,,0,0,0,0,0,0,0,0,,0,,0,0,0,0,0,0,0,0,,0,,0,0,0,0,0,0,0,0,,0,,0,0,0,0,0,0,0,,0
70022,LeftBackLeg,左后腿,Normal,1,1,2,,,,,,,,,,,,,,,0,,0,0,0,0,0,0,0,0,,0,,0,0,0,0,0,0,0,0,,0,,0,0,0,0,0,0,0,0,,0,,0,0,0,0,0,0,0,0,,0,,0,0,0,0,0,0,0,,0
70022,RightBackLeg,右后腿,Normal,1,1,2,,,,,,,,,,,,,,,0,,0,0,0,0,0,0,0,0,,0,,0,0,0,0,0,0,0,0,,0,,0,0,0,0,0,0,0,0,,0,,0,0,0,0,0,0,0,0,,0,,0,0,0,0,0,0,0,,0
70023,WholeBody,全身,Normal,,,2,,,,,,,,,,,,,,,,,,,,,,,,,,,,,,,,,,,,,,,,,,,,,,,,,,,,,,,,,,,,,,,,,,,,,
70023,Body,躯干（本体/胴体）,Normal,1,1,2,,,,,,,,,,,,,,,0,,0,0,0,0,0,0,0,0,,0,,0,0,0,0,0,0,0,0,,0,,0,0,0,0,0,0,0,0,,0,,0,0,0,0,0,0,0,0,,0,,0,0,0,0,0,0,0,,0
70023,Head,头部,Normal,1,1,2,,,,,,,,,,,,,,,0,,0,0,0,0,0,0,0,0,,0,,0,0,0,0,0,0,0,0,,0,,0,0,0,0,0,0,0,0,,0,,0,0,0,0,0,0,0,0,,0,,0,0,0,0,0,0,0,,0
70023,Tail,尾部（尻尾）,Normal,1,1,2,,,,,,,,,,,,,,,0,,0,0,0,0,0,0,0,0,,0,,0,0,0,0,0,0,0,0,,0,,0,0,0,0,0,0,0,0,,0,,0,0,0,0,0,0,0,0,,0,,0,0,0,0,0,0,0,,0
70024,WholeBody,全身,Normal,,,2,,,,,,,,,,,,,,,,,,,,,,,,,,,,,,,,,,,,,,,,,,,,,,,,,,,,,,,,,,,,,,,,,,,,,
70024,Body,躯干（本体/胴体）,Normal,,1,2,6,1,,,,,,,,,,,,,0,,0,0,0,0,0,0,0,0,,0,,0,0,0,0,0,0,0,0,,0,,0,0,0,0,0,0,0,0,,0,,0,0,0,0,0,0,0,0,,0,,0,0,0,0,0,0,0,,0
70024,Head,头部,Normal,3,1,2,,,,,,,,,,,,,,,0,,1,1,1,0,0,0,0,0,,0,,0,0,0,0,0,0,0,0,,0,,0,0,0,0,0,0,0,0,,0,,0,0,0,0,0,0,0,0,,0,,0,0,0,0,0,0,0,,0
70024,Tail,尾部（尻尾）,Normal,,1,2,,,,,,,,,,,,,,,0,,0,0,0,0,0,0,0,0,,0,,0,0,0,0,0,0,0,0,,0,,0,0,0,0,0,0,0,0,,0,,0,0,0,0,0,0,0,0,,0,,0,0,0,0,0,0,0,,0
70024,LeftLeg,左（前）腿,Normal,,1,2,6,1,,,,,,,,,,,,,0,,0,0,0,0,0,0,0,0,,0,,0,0,0,0,0,0,0,0,,0,,0,0,0,0,0,0,0,0,,0,,0,0,0,0,0,0,0,0,,0,,0,0,0,0,0,0,0,,0
70024,RightLeg,右（前）腿,Normal,,1,2,6,1,,,,,,,,,,,,,0,,0,0,0,0,0,0,0,0,,0,,0,0,0,0,0,0,0,0,,0,,0,0,0,0,0,0,0,0,,0,,0,0,0,0,0,0,0,0,,0,,0,0,0,0,0,0,0,,0
70025,WholeBody,全身,Normal,,,2,,,,,,,,,,,,,,,,,,,,,,,,,,,,,,,,,,,,,,,,,,,,,,,,,,,,,,,,,,,,,,,,,,,,,
70025,Body,躯干（本体/胴体）,Normal,1,1,2,,,,,,,,,,,,,,,0,,0,0,0,0,0,0,0,0,,0,,0,0,0,0,0,0,0,0,,0,,0,0,0,0,0,0,0,0,,0,,0,0,0,0,0,0,0,0,,0,,0,0,0,0,0,0,0,,0
70026,WholeBody,全身,Normal,,,2,,,,,,,,,,,,,,,,,,,,,,,,,,,,,,,,,,,,,,,,,,,,,,,,,,,,,,,,,,,,,,,,,,,,,
70026,Body,躯干（本体/胴体）,Normal,1,1,2,,,,,,,,,,,,,,,0,,0,0,0,0,0,0,0,0,,0,,0,0,0,0,0,0,0,0,,0,,0,0,0,0,0,0,0,0,,0,,0,0,0,0,0,0,0,0,,0,,0,0,0,0,0,0,0,,0
70027,WholeBody,全身,Normal,,,2,,,,,,,,,,,,,,,,,,,,,,,,,,,,,,,,,,,,,,,,,,,,,,,,,,,,,,,,,,,,,,,,,,,,,
70027,Head,头部,Normal,4,1,2,,,,,,,,,,,,,,,8,1,1,1,1,0,0,0,0,0,,4,1,1,1,1,0,0,0,0,0,,0,,0,0,0,0,0,0,0,0,,0,,0,0,0,0,0,0,0,0,,0,,0,0,0,0,0,0,0,,0
70027,Neck,颈部（首）,Normal,,1,2,,,,,,,,,,,,,,,0,,0,0,0,0,0,0,0,0,,0,,0,0,0,0,0,0,0,0,,0,,0,0,0,0,0,0,0,0,,0,,0,0,0,0,0,0,0,0,,0,,0,0,0,0,0,0,0,,0
70027,Back,背部,Normal,,1,2,,,,,,,,,,,,,,,0,,0,0,0,0,0,0,0,0,,0,,0,0,0,0,0,0,0,0,,0,,0,0,0,0,0,0,0,0,,0,,0,0,0,0,0,0,0,0,,0,,0,0,0,0,0,0,0,,0
70027,Body,躯干（本体/胴体）,Normal,3,1,2,,,,,,,,,,,,,,,0,,0,0,0,0,0,0,0,0,,0,,0,0,0,0,0,0,0,0,,0,,0,0,0,0,0,0,0,0,,0,,0,0,0,0,0,0,0,0,,0,,0,0,0,0,0,0,0,,0
70027,Tail,尾部（尻尾）,Normal,4,1,2,,,,,,,,,,,,,,,0,,1,1,1,0,0,0,0,0,,0,,0,0,0,0,0,0,0,0,,0,,0,0,0,0,0,0,0,0,,0,,0,0,0,0,0,0,0,0,,0,,0,0,0,0,0,0,0,,0
70027,LeftWing,左翼,Normal,4,1,2,,,,,,,,,,,,,,,0,,1,1,1,0,0,0,0,0,,0,,0,0,0,0,0,0,0,0,,0,,0,0,0,0,0,0,0,0,,0,,0,0,0,0,0,0,0,0,,0,,0,0,0,0,0,0,0,,0
70027,RightWing,右翼,Normal,4,1,2,,,,,,,,,,,,,,,0,,1,1,1,0,0,0,0,0,,0,,0,0,0,0,0,0,0,0,,0,,0,0,0,0,0,0,0,0,,0,,0,0,0,0,0,0,0,0,,0,,0,0,0,0,0,0,0,,0
70027,LeftLeg,左（前）腿,Normal,4,1,2,8,1,,,,,,,,,,,,,0,,0,0,0,0,0,0,0,0,,0,,0,0,0,0,0,0,0,0,,0,,0,0,0,0,0,0,0,0,,0,,0,0,0,0,0,0,0,0,,0,,0,0,0,0,0,0,0,,0
70027,RightLeg,右（前）腿,Normal,4,1,2,8,1,,,,,,,,,,,,,0,,0,0,0,0,0,0,0,0,,0,,0,0,0,0,0,0,0,0,,0,,0,0,0,0,0,0,0,0,,0,,0,0,0,0,0,0,0,0,,0,,0,0,0,0,0,0,0,,0
70028,WholeBody,全身,Normal,,,2,,,,,,,,,,,,,,,,,,,,,,,,,,,,,,,,,,,,,,,,,,,,,,,,,,,,,,,,,,,,,,,,,,,,,
70028,Body,躯干（本体/胴体）,Normal,1,1,2,,,,,,,,,,,,,,,0,,0,0,0,0,0,0,0,0,,0,,0,0,0,0,0,0,0,0,,0,,0,0,0,0,0,0,0,0,,0,,0,0,0,0,0,0,0,0,,0,,0,0,0,0,0,0,0,,0
70029,WholeBody,全身,Normal,,,2,,,,,,,,,,,,,,,,,,,,,,,,,,,,,,,,,,,,,,,,,,,,,,,,,,,,,,,,,,,,,,,,,,,,,
70029,Body,躯干（本体/胴体）,Normal,900,1,2,,,,,,,,,,,,,,,8,1,1,1,1,0,0,0,0,,,,,,,,,,,,,,,,,,,,,,,,,,,,,,,,,,,,,,,,,,,,,,
70029,Head,头部,Normal,500,1,2,,,,,,,,,,,,,,,,,,,,,,,,,,,,,,,,,,,,,,,,,,,,,,,,,,,,,,,,,,,,,,,,,,,,,
70029,Neck,颈部（首）,Normal,500,1,2,,,,,,,,,,,,,,,,,,,,,,,,,,,,,,,,,,,,,,,,,,,,,,,,,,,,,,,,,,,,,,,,,,,,,
70029,Wings,翼部,Normal,500,1,2,,,,,,,,,,,,,,,,,,,,,,,,,,,,,,,,,,,,,,,,,,,,,,,,,,,,,,,,,,,,,,,,,,,,,
70029,LeftLeg,左（前）腿,Normal,300,1,2,997,1,,,,,,,,,,,,,,,,,,,,,,,,,,,,,,,,,,,,,,,,,,,,,,,,,,,,,,,,,,,,,,,,,,,
70029,RightLeg,右（前）腿,Normal,300,1,2,997,1,,,,,,,,,,,,,,,,,,,,,,,,,,,,,,,,,,,,,,,,,,,,,,,,,,,,,,,,,,,,,,,,,,,
70029,Tail,尾部（尻尾）,Normal,444,1,2,,,,,,,,,,,,,,,8,1,1,1,1,0,0,0,0,0,,,,,,,,,,,,,,,,,,,,,,,,,,,,,,,,,,,,,,,,,,,,,
70030,WholeBody,全身,Normal,,,2,,,,,,,,,,,,,,,,,,,,,,,,,,,,,,,,,,,,,,,,,,,,,,,,,,,,,,,,,,,,,,,,,,,,,
70030,Body,躯干（本体/胴体）,Normal,1,1,2,,,,,,,,,,,,,,,0,,0,0,0,0,0,0,0,0,,0,,0,0,0,0,0,0,0,0,,0,,0,0,0,0,0,0,0,0,,0,,0,0,0,0,0,0,0,0,,0,,0,0,0,0,0,0,0,,0
70031,WholeBody,全身,Normal,,,2,,,,,,,,,,,,,,,,,,,,,,,,,,,,,,,,,,,,,,,,,,,,,,,,,,,,,,,,,,,,,,,,,,,,,
70031,Head,头部,Normal,4,1,2,,,,,,,,,,,,,,,8,1,1,1,1,0,0,0,0,0,,0,1,0,0,0,0,0,0,0,0,,0,1,0,0,0,0,0,0,0,0,,0,1,0,0,0,0,0,0,0,0,,0,1,0,0,0,0,0,0,0,,0
70031,Neck,颈部（首）,Normal,,1,2,,,,,,,,,,,,,,,0,,0,0,0,0,0,0,0,0,,0,,0,0,0,0,0,0,0,0,,0,,0,0,0,0,0,0,0,0,,0,,0,0,0,0,0,0,0,0,,0,,0,0,0,0,0,0,0,,0
70031,Back,背部,Normal,,1,2,,,,,,,,,,,,,,,0,,0,0,0,0,0,0,0,0,,0,,0,0,0,0,0,0,0,0,,0,,0,0,0,0,0,0,0,0,,0,,0,0,0,0,0,0,0,0,,0,,0,0,0,0,0,0,0,,0
70031,Body,躯干（本体/胴体）,Normal,4,1,2,,,,,,,,,,,,,,,0,,0,0,0,0,0,0,0,0,,0,,0,0,0,0,0,0,0,0,,0,,0,0,0,0,0,0,0,0,,0,,0,0,0,0,0,0,0,0,,0,,0,0,0,0,0,0,0,,0
70031,Tail,尾部（尻尾）,Normal,6,1,2,,,,,,,,,,,,,,,18,1,0,1,0,0,0,0,0,0,,0,1,0,0,0,0,0,0,0,0,,0,1,0,0,0,0,0,0,0,0,,0,1,0,0,0,0,0,0,0,0,,0,1,0,0,0,0,0,0,0,,0
70031,LeftWing,左翼,Normal,3,1,2,,,,,,,,,,,,,,,6,1,1,1,1,0,0,0,0,0,,0,1,0,0,0,0,0,0,0,0,,0,1,0,0,0,0,0,0,0,0,,0,1,0,0,0,0,0,0,0,0,,0,1,0,0,0,0,0,0,0,,0
70031,RightWing,右翼,Normal,3,1,2,,,,,,,,,,,,,,,6,1,1,1,1,0,0,0,0,0,,0,1,0,0,0,0,0,0,0,0,,0,1,0,0,0,0,0,0,0,0,,0,1,0,0,0,0,0,0,0,0,,0,1,0,0,0,0,0,0,0,,0
70031,LeftLeg,左（前）腿,Normal,4,1,2,8,1,,,,,,,,,,,,,0,,0,0,0,0,0,0,0,0,,0,,0,0,0,0,0,0,0,0,,0,,0,0,0,0,0,0,0,0,,0,,0,0,0,0,0,0,0,0,,0,,0,0,0,0,0,0,0,,0
70031,RightLeg,右（前）腿,Normal,4,1,2,8,1,,,,,,,,,,,,,0,,0,0,0,0,0,0,0,0,,0,,0,0,0,0,0,0,0,0,,0,,0,0,0,0,0,0,0,0,,0,,0,0,0,0,0,0,0,0,,0,,0,0,0,0,0,0,0,,0
70032,WholeBody,全身,Normal,,,2,,,,,,,,,,,,,,,,,,,,,,,,,,,,,,,,,,,,,,,,,,,,,,,,,,,,,,,,,,,,,,,,,,,,,
70032,Shell,壳,Normal,,,2,,,,,,,,,,,,,,,,0,0,0,0,0,0,0,0,0,,,,,,,,,,,,,,,,,,,,,,,,,,,,,,,,,,,,,,,,,,,,,
70032,Shell1,壳,Normal,6,1,2,,,,,,,,,,,,,,,1,1,1,0,0,0,0,0,0,0,,,,,,,,,,,,,,,,,,,,,,,,,,,,,,,,,,,,,,,,,,,,,
70032,Shell2,壳,Normal,6,1,2,,,,,,,,,,,,,,,1,1,1,0,0,0,0,0,0,0,,,,,,,,,,,,,,,,,,,,,,,,,,,,,,,,,,,,,,,,,,,,,
70032,Shell3,壳,Normal,6,1,2,,,,,,,,,,,,,,,1,1,1,0,0,0,0,0,0,0,,,,,,,,,,,,,,,,,,,,,,,,,,,,,,,,,,,,,,,,,,,,,
70032,Body,躯干（本体/胴体）,Normal,6,1,2,,,,,,,,,,,,,,,,,,,,,,,,,,,,,,,,,,,,,,,,,,,,,,,,,,,,,,,,,,,,,,,,,,,,,
70032,LeftFoot,左脚（足先）,Normal,5,1,2,10,1,,,,,,,,,,,,,,,,,,,,,,,,,,,,,,,,,,,,,,,,,,,,,,,,,,,,,,,,,,,,,,,,,,,
70032,RightFoot,右脚（足先）,Normal,5,1,2,10,1,,,,,,,,,,,,,,,,,,,,,,,,,,,,,,,,,,,,,,,,,,,,,,,,,,,,,,,,,,,,,,,,,,,
70032,LeftHand,左手（钳）,Normal,5,1,2,,,,,,,,,,,,,,,10,1,1,1,1,0,0,0,0,0,,,,,,,,,,,,,,,,,,,,,,,,,,,,,,,,,,,,,,,,,,,,,
70032,RightHand,右手（钳）,Normal,5,1,2,,,,,,,,,,,,,,,10,1,1,1,1,0,0,0,0,0,,,,,,,,,,,,,,,,,,,,,,,,,,,,,,,,,,,,,,,,,,,,,
70032,LeftArm,左腕,Normal,5,1,2,,,,,,,,,,,,,,,,,,,,,,,,,,,,,,,,,,,,,,,,,,,,,,,,,,,,,,,,,,,,,,,,,,,,,
70032,RightArm,右腕,Normal,5,1,2,,,,,,,,,,,,,,,,,,,,,,,,,,,,,,,,,,,,,,,,,,,,,,,,,,,,,,,,,,,,,,,,,,,,,
70032,Head,头部,Normal,6,1,2,,,,,,,,,,,,,,,,,,,,,,,,,,,,,,,,,,,,,,,,,,,,,,,,,,,,,,,,,,,,,,,,,,,,,
70033,WholeBody,全身,Normal,,,2,,,,,,,,,,,,,,,,,,,,,,,,,,,,,,,,,,,,,,,,,,,,,,,,,,,,,,,,,,,,,,,,,,,,,
70033,Head,头部,Normal,3,1,2,,,,,,,,,,,,,,,6,1,1,1,1,0,0,0,0,0,,0,,0,0,0,0,0,0,0,0,,0,,0,0,0,0,0,0,0,0,,0,,0,0,0,0,0,0,0,0,,0,,0,0,0,0,0,0,0,,0
70033,Body,全身,Normal,3,1,2,,,,,,,,,,,,,,,0,,0,0,0,0,0,0,0,0,,0,,0,0,0,0,0,0,0,0,,0,,0,0,0,0,0,0,0,0,,0,,0,0,0,0,0,0,0,0,,0,,0,0,0,0,0,0,0,,0
70033,Back,背部,Normal,,1,2,,,,,,,,,,,,,,,0,,0,0,0,0,0,0,0,0,,0,,0,0,0,0,0,0,0,0,,0,,0,0,0,0,0,0,0,0,,0,,0,0,0,0,0,0,0,0,,0,,0,0,0,0,0,0,0,,0
70033,LeftLeg,左腿,Normal,3,1,2,6,1,,,,,,,,,,,,,0,,0,0,0,0,0,0,0,0,,0,,0,0,0,0,0,0,0,0,,0,,0,0,0,0,0,0,0,0,,0,,0,0,0,0,0,0,0,0,,0,,0,0,0,0,0,0,0,,0
70033,LeftHand,左手,Normal,3,1,2,6,1,,,,,,,,,,,,,0,,0,0,0,0,0,0,0,0,,0,,0,0,0,0,0,0,0,0,,0,,0,0,0,0,0,0,0,0,,0,,0,0,0,0,0,0,0,0,,0,,0,0,0,0,0,0,0,,0
70033,RightLeg,右腿,Normal,3,1,2,6,1,,,,,,,,,,,,,0,,0,0,0,0,0,0,0,0,,0,,0,0,0,0,0,0,0,0,,0,,0,0,0,0,0,0,0,0,,0,,0,0,0,0,0,0,0,0,,0,,0,0,0,0,0,0,0,,0
70033,RightHand,右手,Normal,3,1,2,6,1,,,,,,,,,,,,,0,,0,0,0,0,0,0,0,0,,0,,0,0,0,0,0,0,0,0,,0,,0,0,0,0,0,0,0,0,,0,,0,0,0,0,0,0,0,0,,0,,0,0,0,0,0,0,0,,0
70033,Tail,尾部（尻尾）,Normal,3,1,2,,,,,,,,,,,,,,,6,1,1,1,1,0,0,0,0,0,,0,,,,,,,,,,,,,,,,,,,,,,,,,,,,,,,,,,,,,,,,,,,
70034,WholeBody,全身,Normal,,,2,,,,,,,,,,,,,,,,,,,,,,,,,,,,,,,,,,,,,,,,,,,,,,,,,,,,,,,,,,,,,,,,,,,,,
70034,Head,头部,Normal,3,1,2,,,,,,,,,,,,,,,2,1,1,1,1,0,0,0,0,0,,6,1,1,1,1,0,0,0,0,0,,0,1,0,0,0,0,0,0,0,0,,0,1,0,0,0,0,0,0,0,0,,0,1,0,0,0,0,0,0,0,,0
70034,Body,全身,Normal,3,1,2,,,,,,,,,,,,,,,0,,0,0,0,0,0,0,0,0,,0,,0,0,0,0,0,0,0,0,,0,,0,0,0,0,0,0,0,0,,0,,0,0,0,0,0,0,0,0,,0,,0,0,0,0,0,0,0,,0
70034,LeftFoot,左腿,Normal,3,1,2,6,1,,,,,,,,,,,,,0,,0,0,0,0,0,0,0,0,,0,,0,0,0,0,0,0,0,0,,0,,0,0,0,0,0,0,0,0,,0,,0,0,0,0,0,0,0,0,,0,,0,0,0,0,0,0,0,,0
70034,LeftHand,左手,Normal,3,1,2,6,1,,,,,,,,,,,,,6,1,1,1,1,0,0,0,0,0,,0,1,0,0,0,0,0,0,0,0,,0,1,0,0,0,0,0,0,0,0,,0,1,0,0,0,0,0,0,0,0,,0,1,0,0,0,0,0,0,0,,0
70034,RightFoot,右腿,Normal,3,1,2,6,1,,,,,,,,,,,,,0,,0,0,0,0,0,0,0,0,,0,,0,0,0,0,0,0,0,0,,0,,0,0,0,0,0,0,0,0,,0,,0,0,0,0,0,0,0,0,,0,,0,0,0,0,0,0,0,,0
70034,RightHand,右手,Normal,3,1,2,6,1,,,,,,,,,,,,,6,1,1,1,1,0,0,0,0,0,,0,,0,0,0,0,0,0,0,0,,0,,0,0,0,0,0,0,0,0,,0,,0,0,0,0,0,0,0,0,,0,,0,0,0,0,0,0,0,,0
70034,Tail,尾部（尻尾）,Normal,3,1,2,,,,,,,,,,,,,,,,,,,,,,,,,,,,,,,,,,,,,,,,,,,,,,,,,,,,,,,,,,,,,,,,,,,,,
70035,WholeBody,全身,Normal,,,2,,,,,,,,,,,,,,,,,,,,,,,,,,,,,,,,,,,,,,,,,,,,,,,,,,,,,,,,,,,,,,,,,,,,,
70035,Head,头部,Normal,5,1,2,,,,,,,,,,,,,,,6,1,1,1,1,0,0,0,0,0,,,,,,,,,,,,,,,,,,,,,,,,,,,,,,,,,,,,,,,,,,,,,
70035,LeftLeg,左（前）腿,Normal,5,1,2,,,,,,,,,,,,,,,0,,,,,,,,,,,,,,,,,,,,,,,,,,,,,,,,,,,,,,,,,,,,,,,,,,,,,,
70035,RightLeg,右（前）腿,Normal,5,1,2,,,,,,,,,,,,,,,0,,,,,,,,,,,,,,,,,,,,,,,,,,,,,,,,,,,,,,,,,,,,,,,,,,,,,,
70035,Tail,尾巴,Normal,4,1,2,,,,,,,,,,,,,,,0,,,,,,,,,,,,,,,,,,,,,,,,,,,,,,,,,,,,,,,,,,,,,,,,,,,,,,
70035,Wings,翼部,Normal,5,1,2,,,,,,,,,,,,,,,0,,,,,,,,,,,,,,,,,,,,,,,,,,,,,,,,,,,,,,,,,,,,,,,,,,,,,,
70035,Body,躯干（本体/胴体）,Normal,3,1,2,,,,,,,,,,,,,,,5,2,1,1,1,0,0,0,0,0,,,,,,,,,,,,,,,,,,,,,,,,,,,,,,,,,,,,,,,,,,,,,
70036,WholeBody,全身,Normal,,,2,,,,,,,,,,,,,,,,,,,,,,,,,,,,,,,,,,,,,,,,,,,,,,,,,,,,,,,,,,,,,,,,,,,,,
70036,Body,躯干（本体/胴体）,Normal,1,1,2,,,,,,,,,,,,,,,0,,0,0,0,0,0,0,0,0,,0,,0,0,0,0,0,0,0,0,,0,,0,0,0,0,0,0,0,0,,0,,0,0,0,0,0,0,0,0,,0,,0,0,0,0,0,0,0,,0
70037,WholeBody,全身,Normal,,,2,,,,,,,,,,,,,,,,,,,,,,,,,,,,,,,,,,,,,,,,,,,,,,,,,,,,,,,,,,,,,,,,,,,,,
70037,Body,躯干（本体/胴体）,Normal,1,1,2,,,,,,,,,,,,,,,,,,,,,,,,,,,,,,,,,,,,,,,,,,,,,,,,,,,,,,,,,,,,,,,,,,,,,
70037,Tail,尾部（尻尾）,Normal,1,1,2,,,,,,,,,,,,,,,,,,,,,,,,,,,,,,,,,,,,,,,,,,,,,,,,,,,,,,,,,,,,,,,,,,,,,
70038,WholeBody,全身,Normal,,,2,,,,,,,,,,,,,,,,,,,,,,,,,,,,,,,,,,,,,,,,,,,,,,,,,,,,,,,,,,,,,,,,,,,,,
70038,Body,躯干（本体/胴体）,Normal,1,1,2,,,,,,,,,,,,,,,0,,0,0,0,0,0,0,0,0,,0,,0,0,0,0,0,0,0,0,,0,,0,0,0,0,0,0,0,0,,0,,0,0,0,0,0,0,0,0,,0,,0,0,0,0,0,0,0,,0
70039,WholeBody,全身,Normal,,,2,,,,,,,,,,,,,,,,,,,,,,,,,,,,,,,,,,,,,,,,,,,,,,,,,,,,,,,,,,,,,,,,,,,,,
70039,Body,躯干（本体/胴体）,Normal,1,1,2,,,,,,,,,,,,,,,,,,,,,,,,,,,,,,,,,,,,,,,,,,,,,,,,,,,,,,,,,,,,,,,,,,,,,
70039,Head,头部,Normal,1,1,2,,,,,,,,,,,,,,,,,,,,,,,,,,,,,,,,,,,,,,,,,,,,,,,,,,,,,,,,,,,,,,,,,,,,,
70039,Tail,尾部（尻尾）,Normal,1,1,2,,,,,,,,,,,,,,,,,,,,,,,,,,,,,,,,,,,,,,,,,,,,,,,,,,,,,,,,,,,,,,,,,,,,,
70040,WholeBody,全身,Normal,,,2,,,,,,,,,,,,,,,,,,,,,,,,,,,,,,,,,,,,,,,,,,,,,,,,,,,,,,,,,,,,,,,,,,,,,
70040,Body,躯干（本体/胴体）,Normal,,1,2,6,1,,,,,,,,,,,,,,,,,,,,,,,,,,,,,,,,,,,,,,,,,,,,,,,,,,,,,,,,,,,,,,,,,,,
70040,Head,头部,Normal,3,1,2,,,,,,,,,,,,,,,,,,,,,,,,,,,,,,,,,,,,,,,,,,,,,,,,,,,,,,,,,,,,,,,,,,,,,
70040,Tail,尾部（尻尾）,Normal,,1,2,,,,,,,,,,,,,,,,,,,,,,,,,,,,,,,,,,,,,,,,,,,,,,,,,,,,,,,,,,,,,,,,,,,,,
70040,LeftLeg,左（前）腿,Normal,,1,2,6,1,,,,,,,,,,,,,,,,,,,,,,,,,,,,,,,,,,,,,,,,,,,,,,,,,,,,,,,,,,,,,,,,,,,
70040,RightLeg,右（前）腿,Normal,,1,2,6,1,,,,,,,,,,,,,,,,,,,,,,,,,,,,,,,,,,,,,,,,,,,,,,,,,,,,,,,,,,,,,,,,,,,
70041,WholeBody,全身,Normal,,,2,,,,,,,,,,,,,,,,,,,,,,,,,,,,,,,,,,,,,,,,,,,,,,,,,,,,,,,,,,,,,,,,,,,,,
70041,Head,头部,Normal,3,1,2,,,,,,,,,,,,,,,6,1,1,1,1,0,0,0,0,0,,6,1,1,1,1,0,0,0,0,0,,0,,0,0,0,0,0,0,0,0,,0,,0,0,0,0,0,0,0,0,,0,,0,0,0,0,0,0,0,,0
70041,Body,全身,Normal,3,1,2,,,,,,,,,,,,,,,0,,0,0,0,0,0,0,0,0,,0,,0,0,0,0,0,0,0,0,,0,,0,0,0,0,0,0,0,0,,0,,0,0,0,0,0,0,0,0,,0,,0,0,0,0,0,0,0,,0
70041,LeftFoot,左腿,Normal,3,1,2,6,1,,,,,,,,,,,,,0,,0,0,0,0,0,0,0,0,,0,,0,0,0,0,0,0,0,0,,0,,0,0,0,0,0,0,0,0,,0,,0,0,0,0,0,0,0,0,,0,,0,0,0,0,0,0,0,,0
70041,LeftHand,左手,Normal,3,1,2,6,1,,,,,,,,,,,,,6,1,1,1,1,0,0,0,0,0,,0,,0,0,0,0,0,0,0,0,,0,,0,0,0,0,0,0,0,0,,0,,0,0,0,0,0,0,0,0,,0,,0,0,0,0,0,0,0,,0
70041,RightFoot,右腿,Normal,3,1,2,6,1,,,,,,,,,,,,,0,,0,0,0,0,0,0,0,0,,0,,0,0,0,0,0,0,0,0,,0,,0,0,0,0,0,0,0,0,,0,,0,0,0,0,0,0,0,0,,0,,0,0,0,0,0,0,0,,0
70041,RightHand,右手,Normal,3,1,2,6,1,,,,,,,,,,,,,6,1,1,1,1,0,0,0,0,0,,0,,0,0,0,0,0,0,0,0,,0,,0,0,0,0,0,0,0,0,,0,,0,0,0,0,0,0,0,0,,0,,0,0,0,0,0,0,0,,0
70041,Tail,尾部（尻尾）,Normal,3,1,2,,,,,,,,,,,,,,,,,,,,,,,,,,,,,,,,,,,,,,,,,,,,,,,,,,,,,,,,,,,,,,,,,,,,,
70051,WholeBody,全身,Normal,,,2,,,,,,,,,,,,,,,,,,,,,,,,,,,,,,,,,,,,,,,,,,,,,,,,,,,,,,,,,,,,,,,,,,,,,
70051,Body,躯干（本体/胴体）,Normal,0.2,1,2,,,,,,,,,,,,,,,,,,,,,,,,,,,,,,,,,,,,,,,,,,,,,,,,,,,,,,,,,,,,,,,,,,,,,
70052,WholeBody,全身,Normal,,,2,,,,,,,,,,,,,,,,,,,,,,,,,,,,,,,,,,,,,,,,,,,,,,,,,,,,,,,,,,,,,,,,,,,,,
70052,Body,躯干（本体/胴体）,Normal,0.2,1,2,,,,,,,,,,,,,,,,,,,,,,,,,,,,,,,,,,,,,,,,,,,,,,,,,,,,,,,,,,,,,,,,,,,,,
70053,WholeBody,全身,Normal,,,2,,,,,,,,,,,,,,,,,,,,,,,,,,,,,,,,,,,,,,,,,,,,,,,,,,,,,,,,,,,,,,,,,,,,,
70053,Body,躯干（本体/胴体）,Normal,0.2,1,2,,,,,,,,,,,,,,,,,,,,,,,,,,,,,,,,,,,,,,,,,,,,,,,,,,,,,,,,,,,,,,,,,,,,,
70054,WholeBody,全身,Normal,,,2,,,,,,,,,,,,,,,,,,,,,,,,,,,,,,,,,,,,,,,,,,,,,,,,,,,,,,,,,,,,,,,,,,,,,
70054,Body,躯干（本体/胴体）,Normal,0.2,1,2,,,,,,,,,,,,,,,,,,,,,,,,,,,,,,,,,,,,,,,,,,,,,,,,,,,,,,,,,,,,,,,,,,,,,
70055,WholeBody,全身,Normal,,,,,,,,,,,,,,,,,,,,,,,,,,,,,,,,,,,,,,,,,,,,,,,,,,,,,,,,,,,,,,,,,,,,,,,,
70055,Body,身体,Normal,,,,,,,,,,,,,,,,,,,,,,,,,,,,,,,,,,,,,,,,,,,,,,,,,,,,,,,,,,,,,,,,,,,,,,,,
70059,WholeBody,全身,Normal,,,2,,,,,,,,,,,,,,,,,,,,,,,,,,,,,,,,,,,,,,,,,,,,,,,,,,,,,,,,,,,,,,,,,,,,,
70059,Head,头部,Normal,4,1,2,,,,,,,,,,,,,,,10,1,1,1,1,0,0,0,0,0,,0,1,0,0,0,0,0,0,0,0,,0,1,0,0,0,0,0,0,0,0,,0,1,0,0,0,0,0,0,0,0,,0,1,0,0,0,0,0,0,0,,0
70059,Neck,颈部（首）,Normal,,1,2,,,,,,,,,,,,,,,0,,0,0,0,0,0,0,0,0,,0,,0,0,0,0,0,0,0,0,,0,,0,0,0,0,0,0,0,0,,0,,0,0,0,0,0,0,0,0,,0,,0,0,0,0,0,0,0,,0
70059,Back,背部,Normal,,1,2,,,,,,,,,,,,,,,0,,0,0,0,0,0,0,0,0,,0,,0,0,0,0,0,0,0,0,,0,,0,0,0,0,0,0,0,0,,0,,0,0,0,0,0,0,0,0,,0,,0,0,0,0,0,0,0,,0
70059,Body,躯干（本体/胴体）,Normal,4,1,2,,,,,,,,,,,,,,,0,,0,0,0,0,0,0,0,0,,0,,0,0,0,0,0,0,0,0,,0,,0,0,0,0,0,0,0,0,,0,,0,0,0,0,0,0,0,0,,0,,0,0,0,0,0,0,0,,0
70059,Tail,尾部（尻尾）,Normal,4,1,2,,,,,,,,,,,,,,,18,1,0,1,0,0,0,0,0,0,,0,1,0,0,0,0,0,0,0,0,,0,1,0,0,0,0,0,0,0,0,,0,1,0,0,0,0,0,0,0,0,,0,1,0,0,0,0,0,0,0,,0
70059,LeftWing,左翼,Normal,4,1,2,,,,,,,,,,,,,,,6,1,1,1,1,0,0,0,0,0,,0,1,0,0,0,0,0,0,0,0,,0,1,0,0,0,0,0,0,0,0,,0,1,0,0,0,0,0,0,0,0,,0,1,0,0,0,0,0,0,0,,0
70059,RightWing,右翼,Normal,4,1,2,,,,,,,,,,,,,,,6,1,1,1,1,0,0,0,0,0,,0,1,0,0,0,0,0,0,0,0,,0,1,0,0,0,0,0,0,0,0,,0,1,0,0,0,0,0,0,0,0,,0,1,0,0,0,0,0,0,0,,0
70059,LeftLeg,左（前）腿,Normal,3,1,2,6,1,,,,,,,,,,,,,0,,0,0,0,0,0,0,0,0,,0,,0,0,0,0,0,0,0,0,,0,,0,0,0,0,0,0,0,0,,0,,0,0,0,0,0,0,0,0,,0,,0,0,0,0,0,0,0,,0
70059,RightLeg,右（前）腿,Normal,3,1,2,6,1,,,,,,,,,,,,,0,,0,0,0,0,0,0,0,0,,0,,0,0,0,0,0,0,0,0,,0,,0,0,0,0,0,0,0,0,,0,,0,0,0,0,0,0,0,0,,0,,0,0,0,0,0,0,0,,0
70061,WholeBody,全身,Normal,,1,2,,,,,,,,,,,,,,,0,,0,0,0,0,0,0,0,0,,0,,1,1,1,0,0,0,0,0,,0,,0,0,0,0,0,0,0,0,,0,,0,0,0,0,0,0,0,0,,0,,0,0,0,0,0,0,0,,0
70061,Body,躯干（本体/胴体）,Normal,5,1,2,,,,,,,,,,,,,,,0,,0,0,0,0,0,0,0,0,,0,,0,0,0,0,0,0,0,0,,0,,0,0,0,0,0,0,0,0,,0,,0,0,0,0,0,0,0,0,,0,,0,0,0,0,0,0,0,,0
70061,Tail,尾巴,Normal,2,1,2,,,,,,,,,,,,,,,0,,0,0,0,0,0,0,0,0,,0,,0,0,0,0,0,0,0,0,,0,,0,0,0,0,0,0,0,0,,0,,0,0,0,0,0,0,0,0,,0,,0,0,0,0,0,0,0,,0
70061,Head,头部,Normal,5,1,2,,,,,,,,,,,,,,,0,2,1,1,1,0,0,0,0,0,,0,,0,0,0,0,0,0,0,0,,0,,0,0,0,0,0,0,0,0,,0,,0,0,0,0,0,0,0,0,,0,,0,0,0,0,0,0,0,,0
70061,LeftFoot,左脚,Normal,5,1,2,6,1,,,,,,,,,,,,,0,,0,0,0,0,0,0,0,0,,0,,0,0,0,0,0,0,0,0,,0,,0,0,0,0,0,0,0,0,,0,,0,0,0,0,0,0,0,0,,0,,0,0,0,0,0,0,0,,0
70061,LeftHand,左手,Normal,5,1,2,,,,,,,,,,,,,,,0,1,1,1,1,0,0,0,0,0,,0,1,0,0,0,0,0,0,0,0,,0,1,0,0,0,0,0,0,0,0,,0,1,0,0,0,0,0,0,0,0,,0,1,0,0,0,0,0,0,0,,0
70061,RightFoot,右脚,Normal,5,1,2,6,1,,,,,,,,,,,,,0,,0,0,0,0,0,0,0,0,,0,,0,0,0,0,0,0,0,0,,0,,0,0,0,0,0,0,0,0,,0,,0,0,0,0,0,0,0,0,,0,,0,0,0,0,0,0,0,,0
70061,RightHand,右手,Normal,5,1,2,,,,,,,,,,,,,,,0,1,1,1,1,0,0,0,0,0,,0,,0,0,0,0,0,0,0,0,,0,,0,0,0,0,0,0,0,0,,0,,0,0,0,0,0,0,0,0,,0,,0,0,0,0,0,0,0,,0
70062,Body,躯干（本体/胴体）,Normal,,,,,,,,,,,,,,,,,,0,,0,0,0,0,0,0,0,0,,0,,0,0,0,0,0,0,0,0,,0,,0,0,0,0,0,0,0,0,,0,,0,0,0,0,0,0,0,0,,0,,0,0,0,0,0,0,0,,0
70063,Body,躯干（本体/胴体）,Normal,,,,,,,,,,,,,,,,,,0,,0,0,0,0,0,0,0,0,,0,,0,0,0,0,0,0,0,0,,0,,0,0,0,0,0,0,0,0,,0,,0,0,0,0,0,0,0,0,,0,,0,0,0,0,0,0,0,,0
70064,Body,躯干（本体/胴体）,Normal,,,,,,,,,,,,,,,,,,0,,0,0,0,0,0,0,0,0,,0,,0,0,0,0,0,0,0,0,,0,,0,0,0,0,0,0,0,0,,0,,0,0,0,0,0,0,0,0,,0,,0,0,0,0,0,0,0,,0
70066,Body,身体,Normal,1,,2,,,,,,,,,,,,,,,,,,,,,,,,,,,,,,,,,,,,,,,,,,,,,,,,,,,,,,,,,,,,,,,,,,,,,
70068,WholeBody,全身,Normal,,,2,,,,,,,,,,,,,,,,,,,,,,,,,,,,,,,,,,,,,,,,,,,,,,,,,,,,,,,,,,,,,,,,,,,,,
70068,Head,头部,Normal,5,1,2,,,,,,,,,,,,,,,0,,1,1,1,0,0,0,0,0,,0,,0,0,0,0,0,0,0,0,,0,,0,0,0,0,0,0,0,0,,0,,0,0,0,0,0,0,0,0,,0,,0,0,0,0,0,0,0,,0
70068,Body,全身,Normal,4,1,2,,,,,,,,,,,,,,,0,,0,0,0,0,0,0,0,0,,0,,0,0,0,0,0,0,0,0,,0,,0,0,0,0,0,0,0,0,,0,,0,0,0,0,0,0,0,0,,0,,0,0,0,0,0,0,0,,0
70068,Back,背部,Normal,,1,2,,,,,,,,,,,,,,,0,,0,0,0,0,0,0,0,0,,0,,0,0,0,0,0,0,0,0,,0,,0,0,0,0,0,0,0,0,,0,,0,0,0,0,0,0,0,0,,0,,0,0,0,0,0,0,0,,0
70068,LeftLeg,左腿,Normal,5,1,2,30,1,,,,,,,,,,,,,0,,0,0,0,0,0,0,0,0,,0,,0,0,0,0,0,0,0,0,,0,,0,0,0,0,0,0,0,0,,0,,0,0,0,0,0,0,0,0,,0,,0,0,0,0,0,0,0,,0
70068,LeftHand,左手,Normal,5,1,2,30,1,,,,,,,,,,,,,0,,0,0,0,0,0,0,0,0,,0,,0,0,0,0,0,0,0,0,,0,,0,0,0,0,0,0,0,0,,0,,0,0,0,0,0,0,0,0,,0,,0,0,0,0,0,0,0,,0
70068,RightLeg,右腿,Normal,5,1,2,30,1,,,,,,,,,,,,,0,,0,0,0,0,0,0,0,0,,0,,0,0,0,0,0,0,0,0,,0,,0,0,0,0,0,0,0,0,,0,,0,0,0,0,0,0,0,0,,0,,0,0,0,0,0,0,0,,0
70068,RightHand,右手,Normal,5,1,2,30,1,,,,,,,,,,,,,0,,0,0,0,0,0,0,0,0,,0,,0,0,0,0,0,0,0,0,,0,,0,0,0,0,0,0,0,0,,0,,0,0,0,0,0,0,0,0,,0,,0,0,0,0,0,0,0,,0
70068,Tail,尾部（尻尾）,Normal,4,1,2,,,,,,,,,,,,,,,0,,1,1,1,0,0,0,0,0,,0,,,,,,,,,,,,,,,,,,,,,,,,,,,,,,,,,,,,,,,,,,,
70100,WholeBody,全身,Normal,1,1,2,,,,,,,,,,,,,,,,,,,,,,,,,,,,,,,,,,,,,,,,,,,,,,,,,,,,,,,,,,,,,,,,,,,,,
70123,WholeBody,全身,Normal,,,2,,,,,,,,,,,,,,,0,,0,0,0,0,0,0,0,0,,0,,0,0,0,0,0,0,0,0,,0,,0,0,0,0,0,0,0,0,,0,,0,0,0,0,0,0,0,0,,0,,0,0,0,0,0,0,0,,0
70123,Body,躯干（本体/胴体）,Normal,1,1,2,,,,,,,,,,,,,,,0,,0,0,0,0,0,0,0,0,,0,,0,0,0,0,0,0,0,0,,0,,0,0,0,0,0,0,0,0,,0,,0,0,0,0,0,0,0,0,,0,,0,0,0,0,0,0,0,,0
70123,Head,头部,Normal,1,1,2,,,,,,,,,,,,,,,0,,0,0,0,0,0,0,0,0,,0,,0,0,0,0,0,0,0,0,,0,,0,0,0,0,0,0,0,0,,0,,0,0,0,0,0,0,0,0,,0,,0,0,0,0,0,0,0,,0
70123,Tail,尾部（尻尾）,Normal,1,1,2,,,,,,,,,,,,,,,0,,0,0,0,0,0,0,0,0,,0,,0,0,0,0,0,0,0,0,,0,,0,0,0,0,0,0,0,0,,0,,0,0,0,0,0,0,0,0,,0,,0,0,0,0,0,0,0,,0
70123,LeftLeg,左（前）腿,Normal,1,1,2,,,,,,,,,,,,,,,0,,0,0,0,0,0,0,0,0,,0,,0,0,0,0,0,0,0,0,,0,,0,0,0,0,0,0,0,0,,0,,0,0,0,0,0,0,0,0,,0,,0,0,0,0,0,0,0,,0
70123,RightLeg,右（前）腿,Normal,1,1,2,,,,,,,,,,,,,,,0,,0,0,0,0,0,0,0,0,,0,,0,0,0,0,0,0,0,0,,0,,0,0,0,0,0,0,0,0,,0,,0,0,0,0,0,0,0,0,,0,,0,0,0,0,0,0,0,,0
70123,LeftBackLeg,左后腿,Normal,1,1,2,,,,,,,,,,,,,,,0,,0,0,0,0,0,0,0,0,,0,,0,0,0,0,0,0,0,0,,0,,0,0,0,0,0,0,0,0,,0,,0,0,0,0,0,0,0,0,,0,,0,0,0,0,0,0,0,,0
70123,RightBackLeg,右后腿,Normal,1,1,2,,,,,,,,,,,,,,,0,,0,0,0,0,0,0,0,0,,0,,0,0,0,0,0,0,0,0,,0,,0,0,0,0,0,0,0,0,,0,,0,0,0,0,0,0,0,0,,0,,0,0,0,0,0,0,0,,0
70163,WholeBody,全身,Normal,,,2,,,,,,,,,,,,,,,,,,,,,,,,,,,,,,,,,,,,,,,,,,,,,,,,,,,,,,,,,,,,,,,,,,,,,
70163,Body,躯干（本体/胴体）,Normal,1,1,2,,,,,,,,,,,,,,,0,,0,0,0,0,0,0,0,0,,0,,0,0,0,0,0,0,0,0,,0,,0,0,0,0,0,0,0,0,,0,,0,0,0,0,0,0,0,0,,0,,0,0,0,0,0,0,0,,0
70163,Head,头部,Normal,1,1,2,,,,,,,,,,,,,,,0,,0,0,0,0,0,0,0,0,,0,,0,0,0,0,0,0,0,0,,0,,0,0,0,0,0,0,0,0,,0,,0,0,0,0,0,0,0,0,,0,,0,0,0,0,0,0,0,,0
70163,Tail,尾部（尻尾）,Normal,1,1,2,,,,,,,,,,,,,,,0,,0,0,0,0,0,0,0,0,,0,,0,0,0,0,0,0,0,0,,0,,0,0,0,0,0,0,0,0,,0,,0,0,0,0,0,0,0,0,,0,,0,0,0,0,0,0,0,,0
78010,WholeBody,全身,Normal,0.1,1,2,,,,,,,,,,,,,,,,,,,,,,,,,,,,,,,,,,,,,,,,,,,,,,,,,,,,,,,,,,,,,,,,,,,,,
78010,Body,躯干（本体/胴体）,Normal,0.1,1,2,,,,,,,,,,,,,,,,,,,,,,,,,,,,,,,,,,,,,,,,,,,,,,,,,,,,,,,,,,,,,,,,,,,,,
80011,WholeBody,全身,Normal,0.1,1,2,,,,,,,,,,,,,,,,,,,,,,,,,,,,,,,,,,,,,,,,,,,,,,,,,,,,,,,,,,,,,,,,,,,,,
80011,Body,躯干（本体/胴体）,Normal,0.1,1,2,,,,,,,,,,,,,,,,,,,,,,,,,,,,,,,,,,,,,,,,,,,,,,,,,,,,,,,,,,,,,,,,,,,,,
50162,WholeBody,全身,Normal,,,2,,,,,,,,,,,,,,,,,,,,,,,,,,,,,,,,,,,,,,,,,,,,,,,,,,,,,,,,,,,,,,,,,,,,,
50162,Body,身体,Normal,1,,2,,,,,,,,,,,,,,,,,,,,,,,,,,,,,,,,,,,,,,,,,,,,,,,,,,,,,,,,,,,,,,,,,,,,,
60234,Abdomen,腹部,Normal,8,1,500,,,,,,,,,,,,,,,12,1,1,1,1,0,0,0,0,0,,,,,,,,,,,,,,,,,,,,,,,,,,,,,,,,,,,,,,,,,,,,,
60234,Back,背部,Normal,4,1,500,,,,,,,,,,,,,,,,,,,,,,,,,,,,,,,,,,,,,,,,,,,,,,,,,,,,,,,,,,,,,,,,,,,,,
60234,Head,头部,Normal,4,1,500,,,,,,,,,,,,,,,,,,,,,,,,,,,,,,,,,,,,,,,,,,,,,,,,,,,,,,,,,,,,,,,,,,,,,
60234,LeftWing,左翼,Normal,5,1,500,,,,,,,,,,,,,,,,,,,,,,,,,,,,,,,,,,,,,,,,,,,,,,,,,,,,,,,,,,,,,,,,,,,,,
60234,Body,躯干（本体/胴体）,Normal,4,1,500,,,,,,,,,,,,,,,,,,,,,,,,,,,,,,,,,,,,,,,,,,,,,,,,,,,,,,,,,,,,,,,,,,,,,
60234,WholeBody,全身,Normal,,,500,,,,,,,,,,,,,,,,,,,,,,,,,,,,,,,,,,,,,,,,,,,,,,,,,,,,,,,,,,,,,,,,,,,,,
60234,RightWing,右翼,Normal,5,1,500,,,,,,,,,,,,,,,,,,,,,,,,,,,,,,,,,,,,,,,,,,,,,,,,,,,,,,,,,,,,,,,,,,,,,
60234,RightLeg,右（前）腿,Normal,4,1,500,7,1,,,,,,,,,,,,,,,,,,,,,,,,,,,,,,,,,,,,,,,,,,,,,,,,,,,,,,,,,,,,,,,,,,,
60234,Neck,颈部（首）,Normal,4,1,500,,,,,,,,,,,,,,,,,,,,,,,,,,,,,,,,,,,,,,,,,,,,,,,,,,,,,,,,,,,,,,,,,,,,,
60234,LeftLeg,左（前）腿,Normal,4,1,500,7,1,,,,,,,,,,,,,,,,,,,,,,,,,,,,,,,,,,,,,,,,,,,,,,,,,,,,,,,,,,,,,,,,,,,
60234,Tail,尾部（尻尾）,Normal,,1,500,,,,,,,,,,,,,,,9,1,0,1,0,0,0,0,0,0,,,,,,,,,,,,,,,,,,,,,,,,,,,,,,,,,,,,,,,,,,,,,
60253,LeftWing,左翼,Normal,4,1,2,,,,,,,,,,,,,,,6,1,1,1,1,0,0,0,0,0,,0,1,0,0,0,0,0,0,0,0,,0,1,0,0,0,0,0,0,0,0,,0,1,0,0,0,0,0,0,0,0,,0,1,0,0,0,0,0,0,0,,0
60253,Head,头部,Normal,4,1,2,,,,,,,,,,,,,,,7,1,1,1,1,0,0,0,0,0,,0,1,0,0,0,0,0,0,0,0,,0,1,0,0,0,0,0,0,0,0,,0,1,0,0,0,0,0,0,0,0,,0,1,0,0,0,0,0,0,0,,0
60253,Body,躯干（本体/胴体）,Normal,4,1,2,,,,,,,,,,,,,,,0,,0,0,0,0,0,0,0,0,,0,,0,0,0,0,0,0,0,0,,0,,0,0,0,0,0,0,0,0,,0,,0,0,0,0,0,0,0,0,,0,,0,0,0,0,0,0,0,,0
60253,WholeBody,全身,Normal,,,2,,,,,,,,,,,,,,,,,,,,,,,,,,,,,,,,,,,,,,,,,,,,,,,,,,,,,,,,,,,,,,,,,,,,,
60253,RightWing,右翼,Normal,4,1,2,,,,,,,,,,,,,,,6,1,1,1,1,0,0,0,0,0,,0,1,0,0,0,0,0,0,0,0,,0,1,0,0,0,0,0,0,0,0,,0,1,0,0,0,0,0,0,0,0,,0,1,0,0,0,0,0,0,0,,0
60253,RightLeg,右（前）腿,Normal,3,1,2,6,1,,,,,,,,,,,,,0,,0,0,0,0,0,0,0,0,,0,,0,0,0,0,0,0,0,0,,0,,0,0,0,0,0,0,0,0,,0,,0,0,0,0,0,0,0,0,,0,,0,0,0,0,0,0,0,,0
60253,Neck,颈部（首）,Normal,,1,2,,,,,,,,,,,,,,,0,,0,0,0,0,0,0,0,0,,0,,0,0,0,0,0,0,0,0,,0,,0,0,0,0,0,0,0,0,,0,,0,0,0,0,0,0,0,0,,0,,0,0,0,0,0,0,0,,0
60253,Tail,尾部（尻尾）,Normal,4,1,2,,,,,,,,,,,,,,,9,1,0,1,0,0,0,0,0,0,,0,1,0,0,0,0,0,0,0,0,,0,1,0,0,0,0,0,0,0,0,,0,1,0,0,0,0,0,0,0,0,,0,1,0,0,0,0,0,0,0,,0
60253,LeftLeg,左（前）腿,Normal,3,1,2,6,1,,,,,,,,,,,,,0,,0,0,0,0,0,0,0,0,,0,,0,0,0,0,0,0,0,0,,0,,0,0,0,0,0,0,0,0,,0,,0,0,0,0,0,0,0,0,,0,,0,0,0,0,0,0,0,,0
60272,RightHand,右臂,Normal,4,1,500,,,,,,,,,,,,,,,0,0,0,0,0,0,0,0,0,0,,,,,,,,,,,,,,,,,,,,,,,,,,,,,,,,,,,,,,,,,,,,,
60272,Head,头部,Normal,4,1,500,,,,,,,,,,,,,,,5,1,1,1,1,0,0,0,0,0,,,,,,,,,,,,,,,,,,,,,,,,,,,,,,,,,,,,,,,,,,,,,
60272,Body,躯干（本体/胴体）,Normal,4,1,500,,,,,,,,,,,,,,,5,1,1,1,1,0,0,0,0,0,,,,,,,,,,,,,,,,,,,,,,,,,,,,,,,,,,,,,,,,,,,,,
60272,LeftHand,左臂,Normal,4,1,500,,,,,,,,,,,,,,,0,0,0,0,0,0,0,0,0,0,,,,,,,,,,,,,,,,,,,,,,,,,,,,,,,,,,,,,,,,,,,,,
60272,WholeBody,全身,Normal,,,,,,,,,,,,,,,,,,,,,,,,,,,,,,,,,,,,,,,,,,,,,,,,,,,,,,,,,,,,,,,,,,,,,,,,
60272,RightLeg,右脚,Normal,3,1,500,6,1,,,,,,,,,,,,,,,,,,,,,,,,,,,,,,,,,,,,,,,,,,,,,,,,,,,,,,,,,,,,,,,,,,,
60272,LeftLeg,左脚,Normal,3,1,500,6,1,,,,,,,,,,,,,,,,,,,,,,,,,,,,,,,,,,,,,,,,,,,,,,,,,,,,,,,,,,,,,,,,,,,
60272,Tail,尾巴,Normal,4,1,500,,,,,,,,,,,,,,,5,1,1,1,1,0,0,0,0,0,,,,,,,,,,,,,,,,,,,,,,,,,,,,,,,,,,,,,,,,,,,,,
60284,RightHand,右臂,Normal,4,1,500,,,,,,,,,,,,,,,5,1,1,1,1,,,,,,,,,,,,,,,,,,,,,,,,,,,,,,,,,,,,,,,,,,,,,,,,,,
60284,Back,腹部,Normal,4,1,500,,,,,,,,,,,,,,,,,,,,,,,,,,,,,,,,,,,,,,,,,,,,,,,,,,,,,,,,,,,,,,,,,,,,,
60284,Head,头部,Normal,4,1,500,,,,,,,,,,,,,,,5,1,1,1,1,,,,,,,,,,,,,,,,,,,,,,,,,,,,,,,,,,,,,,,,,,,,,,,,,,
60284,Belly,背部,Normal,3,1,500,,,,,,,,,,,,,,,,,,,,,,,,,,,,,,,,,,,,,,,,,,,,,,,,,,,,,,,,,,,,,,,,,,,,,
60284,LeftHand,左臂,Normal,4,1,500,,,,,,,,,,,,,,,5,1,1,1,1,,,,,,,,,,,,,,,,,,,,,,,,,,,,,,,,,,,,,,,,,,,,,,,,,,
60284,WholeBody,全身,Normal,,,,,,,,,,,,,,,,,,,,,,,,,,,,,,,,,,,,,,,,,,,,,,,,,,,,,,,,,,,,,,,,,,,,,,,,
60284,RightLeg,右脚,Normal,3,1,500,6,1,,,,,,,,,,,,,,,,,,,,,,,,,,,,,,,,,,,,,,,,,,,,,,,,,,,,,,,,,,,,,,,,,,,
60284,Neck,颈部（首）,Normal,4,1,500,,,,,,,,,,,,,,,,,,,,,,,,,,,,,,,,,,,,,,,,,,,,,,,,,,,,,,,,,,,,,,,,,,,,,
60284,LeftLeg,左脚,Normal,3,1,500,6,1,,,,,,,,,,,,,,,,,,,,,,,,,,,,,,,,,,,,,,,,,,,,,,,,,,,,,,,,,,,,,,,,,,,
60284,Tail,尾巴,Normal,4,1,500,,,,,,,,,,,,,,,5,1,0,1,0,,,,,,,,,,,,,,,,,,,,,,,,,,,,,,,,,,,,,,,,,,,,,,,,,,
60450,Back,背部,Normal,8,1,2,,,,,,,,,,,,,,,4,1,1,1,1,0,0,0,0,0,,,,,,,,,,,,,,,,,,,,,,,,,,,,,,,,,,,,,,,,,,,,,
60450,LeftBody,左躯干（本体/胴体）,Normal,8,1,2,,,,,,,,,,,,,,,,,,,,,,,,,,,,,,,,,,,,,,,,,,,,,,,,,,,,,,,,,,,,,,,,,,,,,
60450,RightBody,右躯干（本体/胴体）,Normal,8,1,2,,,,,,,,,,,,,,,,,,,,,,,,,,,,,,,,,,,,,,,,,,,,,,,,,,,,,,,,,,,,,,,,,,,,,
70070,RightHand,右手,Normal,4,1,2,,,,,,,,,,,,,,,0,,0,0,0,0,0,0,0,0,,0,,0,0,0,0,0,0,0,0,,0,,0,0,0,0,0,0,0,0,,0,,0,0,0,0,0,0,0,0,,0,,0,0,0,0,0,0,0,,0
70070,Abdomen,体内,Normal,3,1,2,,,,,,,,,,,,,,,0,,0,0,0,0,0,0,0,0,,0,,0,0,0,0,0,0,0,0,,0,,0,0,0,0,0,0,0,0,,0,,0,0,0,0,0,0,0,0,,0,,0,0,0,0,0,0,0,,0
70070,Back,背部,Normal,5,1,2,,,,,,,,,,,,,,,15,2,1,1,1,0,0,0,0,0,,0,,0,0,0,0,0,0,0,0,,0,,0,0,0,0,0,0,0,0,,0,,0,0,0,0,0,0,0,0,,0,,0,0,0,0,0,0,0,,0
70070,Head,头部,Normal,3,1,2,,,,,,,,,,,,,,,3,1,1,1,1,0,0,0,0,0,,7,1,1,1,1,0,0,0,0,0,,0,,0,0,0,0,0,0,0,0,,0,,0,0,0,0,0,0,0,0,,0,,0,0,0,0,0,0,0,,0
70070,LeftWing,肩,Normal,4,1,2,,,,,,,,,,,,,,,7,2,1,1,1,0,0,0,0,0,,0,,0,0,0,0,0,0,0,0,,0,,0,0,0,0,0,0,0,0,,0,,0,0,0,0,0,0,0,0,,0,,0,0,0,0,0,0,0,,0
70070,Body,腹部,Normal,7,1,2,,,,,,,,,,,,,,,0,,0,0,0,0,0,0,0,0,,0,,0,0,0,0,0,0,0,0,,0,,0,0,0,0,0,0,0,0,,0,,0,0,0,0,0,0,0,0,,0,,0,0,0,0,0,0,0,,0
70070,LeftHand,左手,Normal,4,1,2,,,,,,,,,,,,,,,0,,0,0,0,0,0,0,0,0,,0,,0,0,0,0,0,0,0,0,,0,,0,0,0,0,0,0,0,0,,0,,0,0,0,0,0,0,0,0,,0,,0,0,0,0,0,0,0,,0
70070,WholeBody,全身,Normal,,,2,,,,,,,,,,,,,,,,,,,,,,,,,,,,,,,,,,,,,,,,,,,,,,,,,,,,,,,,,,,,,,,,,,,,,
70070,RightWing,肩,Normal,4,1,2,,,,,,,,,,,,,,,7,2,1,1,1,0,0,0,0,0,,0,,0,0,0,0,0,0,0,0,,0,,0,0,0,0,0,0,0,0,,0,,0,0,0,0,0,0,0,0,,0,,0,0,0,0,0,0,0,,0
70070,RightLeg,右（后）腿,Normal,5,1,2,,,,,,,,,,,,,,,0,,0,0,0,0,0,0,0,0,,0,,0,0,0,0,0,0,0,0,,0,,0,0,0,0,0,0,0,0,,0,,0,0,0,0,0,0,0,0,,0,,0,0,0,0,0,0,0,,0
70070,Neck,颈部（首）,Normal,7,1,2,,,,,,,,,,,,,,,0,,0,0,0,0,0,0,0,0,,0,,0,0,0,0,0,0,0,0,,0,,0,0,0,0,0,0,0,0,,0,,0,0,0,0,0,0,0,0,,0,,0,0,0,0,0,0,0,,0
70070,Tail,尾部（尻尾）,Normal,5,1,2,,,,,,,,,,,,,,,0,,0,0,0,0,0,0,0,0,,0,,0,0,0,0,0,0,0,0,,0,,0,0,0,0,0,0,0,0,,0,,0,0,0,0,0,0,0,0,,0,,0,0,0,0,0,0,0,,0
70070,LeftLeg,左（后）腿,Normal,5,1,2,,,,,,,,,,,,,,,0,,0,0,0,0,0,0,0,0,,0,,0,0,0,0,0,0,0,0,,0,,0,0,0,0,0,0,0,0,,0,,0,0,0,0,0,0,0,0,,0,,0,0,0,0,0,0,0,,0
70200,WholeBody,全身,Normal,,,2,,,,,,,,,,,,,,,,,,,,,,,,,,,,,,,,,,,,,,,,,,,,,,,,,,,,,,,,,,,,,,,,,,,,,
70200,Body,躯干（本体/胴体）,Normal,0.5,1,2,,,,,,,,,,,,,,,0,,0,0,0,0,0,0,0,0,,0,,0,0,0,0,0,0,0,0,,0,,0,0,0,0,0,0,0,0,,0,,0,0,0,0,0,0,0,0,,0,,0,0,0,0,0,0,0,,0
70201,WholeBody,全身,Normal,,,2,,,,,,,,,,,,,,,,,,,,,,,,,,,,,,,,,,,,,,,,,,,,,,,,,,,,,,,,,,,,,,,,,,,,,
70201,Body,躯干（本体/胴体）,Normal,0.5,1,2,,,,,,,,,,,,,,,0,,0,0,0,0,0,0,0,0,,0,,0,0,0,0,0,0,0,0,,0,,0,0,0,0,0,0,0,0,,0,,0,0,0,0,0,0,0,0,,0,,0,0,0,0,0,0,0,,0
70201,Head,头部,Normal,0.5,1,2,,,,,,,,,,,,,,,0,,0,0,0,0,0,0,0,0,,0,,0,0,0,0,0,0,0,0,,0,,0,0,0,0,0,0,0,0,,0,,0,0,0,0,0,0,0,0,,0,,0,0,0,0,0,0,0,,0
70201,Tail,尾部（尻尾）,Normal,0.5,1,2,,,,,,,,,,,,,,,0,,0,0,0,0,0,0,0,0,,0,,0,0,0,0,0,0,0,0,,0,,0,0,0,0,0,0,0,0,,0,,0,0,0,0,0,0,0,0,,0,,0,0,0,0,0,0,0,,0
70202,WholeBody,全身,Normal,,,2,,,,,,,,,,,,,,,,,,,,,,,,,,,,,,,,,,,,,,,,,,,,,,,,,,,,,,,,,,,,,,,,,,,,,
70202,Body,躯干（本体/胴体）,Normal,0.5,1,2,1.5,1,,,,,,,,,,,,,,,,,,,,,,,,,,,,,,,,,,,,,,,,,,,,,,,,,,,,,,,,,,,,,,,,,,,
70202,Head,头部,Normal,0.5,1,2,,,,,,,,,,,,,,,,,,,,,,,,,,,,,,,,,,,,,,,,,,,,,,,,,,,,,,,,,,,,,,,,,,,,,
70202,Tail,尾部（尻尾）,Normal,0.5,1,2,,,,,,,,,,,,,,,,,,,,,,,,,,,,,,,,,,,,,,,,,,,,,,,,,,,,,,,,,,,,,,,,,,,,,
70203,WholeBody,全身,Normal,,,2,,,,,,,,,,,,,,,,,,,,,,,,,,,,,,,,,,,,,,,,,,,,,,,,,,,,,,,,,,,,,,,,,,,,,
70203,Body,躯干（本体/胴体）,Normal,0.5,1,2,1.5,1,,,,,,,,,,,,,,,,,,,,,,,,,,,,,,,,,,,,,,,,,,,,,,,,,,,,,,,,,,,,,,,,,,,
70203,Head,头部,Normal,0.5,1,2,,,,,,,,,,,,,,,,,,,,,,,,,,,,,,,,,,,,,,,,,,,,,,,,,,,,,,,,,,,,,,,,,,,,,
70203,Tail,尾部（尻尾）,Normal,0.5,1,2,,,,,,,,,,,,,,,,,,,,,,,,,,,,,,,,,,,,,,,,,,,,,,,,,,,,,,,,,,,,,,,,,,,,,
70204,WholeBody,全身,Normal,,,2,,,,,,,,,,,,,,,,,,,,,,,,,,,,,,,,,,,,,,,,,,,,,,,,,,,,,,,,,,,,,,,,,,,,,
70204,Body,躯干（本体/胴体）,Normal,0.5,1,2,,,,,,,,,,,,,,,0,,0,0,0,0,0,0,0,0,,0,,0,0,0,0,0,0,0,0,,0,,0,0,0,0,0,0,0,0,,0,,0,0,0,0,0,0,0,0,,0,,0,0,0,0,0,0,0,,0
70205,WholeBody,全身,Normal,,,2,,,,,,,,,,,,,,,,,,,,,,,,,,,,,,,,,,,,,,,,,,,,,,,,,,,,,,,,,,,,,,,,,,,,,
70205,Body,躯干（本体/胴体）,Normal,0.5,1,2,,,,,,,,,,,,,,,0,,0,0,0,0,0,0,0,0,,0,,0,0,0,0,0,0,0,0,,0,,0,0,0,0,0,0,0,0,,0,,0,0,0,0,0,0,0,0,,0,,0,0,0,0,0,0,0,,0
70205,Head,头部,Normal,0.5,1,2,,,,,,,,,,,,,,,0,,0,0,0,0,0,0,0,0,,0,,0,0,0,0,0,0,0,0,,0,,0,0,0,0,0,0,0,0,,0,,0,0,0,0,0,0,0,0,,0,,0,0,0,0,0,0,0,,0
70205,Tail,尾部（尻尾）,Normal,0.5,1,2,,,,,,,,,,,,,,,0,,0,0,0,0,0,0,0,0,,0,,0,0,0,0,0,0,0,0,,0,,0,0,0,0,0,0,0,0,,0,,0,0,0,0,0,0,0,0,,0,,0,0,0,0,0,0,0,,0
70206,WholeBody,全身,Normal,,,2,,,,,,,,,,,,,,,,,,,,,,,,,,,,,,,,,,,,,,,,,,,,,,,,,,,,,,,,,,,,,,,,,,,,,
70206,Body,躯干（本体/胴体）,Normal,0.5,1,2,1.5,1,,,,,,,,,,,,,,,,,,,,,,,,,,,,,,,,,,,,,,,,,,,,,,,,,,,,,,,,,,,,,,,,,,,
70206,Head,头部,Normal,0.5,1,2,,,,,,,,,,,,,,,,,,,,,,,,,,,,,,,,,,,,,,,,,,,,,,,,,,,,,,,,,,,,,,,,,,,,,
70206,Tail,尾部（尻尾）,Normal,0.5,1,2,,,,,,,,,,,,,,,,,,,,,,,,,,,,,,,,,,,,,,,,,,,,,,,,,,,,,,,,,,,,,,,,,,,,,
70207,WholeBody,全身,Normal,,,2,,,,,,,,,,,,,,,,,,,,,,,,,,,,,,,,,,,,,,,,,,,,,,,,,,,,,,,,,,,,,,,,,,,,,
70207,Body,躯干（本体/胴体）,Normal,0.5,1,2,1.5,1,,,,,,,,,,,,,,,,,,,,,,,,,,,,,,,,,,,,,,,,,,,,,,,,,,,,,,,,,,,,,,,,,,,
70207,Head,头部,Normal,0.5,1,2,,,,,,,,,,,,,,,,,,,,,,,,,,,,,,,,,,,,,,,,,,,,,,,,,,,,,,,,,,,,,,,,,,,,,
70207,Tail,尾部（尻尾）,Normal,0.5,1,2,,,,,,,,,,,,,,,,,,,,,,,,,,,,,,,,,,,,,,,,,,,,,,,,,,,,,,,,,,,,,,,,,,,,,
70208,LeftWing,左翼,Normal,3,1,2,,,,,,,,,,,,,,,0,,1,1,1,0,0,0,0,0,,0,,0,0,0,0,0,0,0,0,,0,,0,0,0,0,0,0,0,0,,0,,0,0,0,0,0,0,0,0,,0,,0,0,0,0,0,0,0,,0
70208,Head,头部,Normal,3,1,2,,,,,,,,,,,,,,,4,1,1,1,1,0,0,0,0,0,,8,1,1,1,1,0,0,0,0,0,,0,,0,0,0,0,0,0,0,0,,0,,0,0,0,0,0,0,0,0,,0,,0,0,0,0,0,0,0,,0
70208,Body,躯干（本体/胴体）,Normal,3,1,2,,,,,,,,,,,,,,,0,,0,0,0,0,0,0,0,0,,0,,0,0,0,0,0,0,0,0,,0,,0,0,0,0,0,0,0,0,,0,,0,0,0,0,0,0,0,0,,0,,0,0,0,0,0,0,0,,0
70208,WholeBody,全身,Normal,,,2,,,,,,,,,,,,,,,,,,,,,,,,,,,,,,,,,,,,,,,,,,,,,,,,,,,,,,,,,,,,,,,,,,,,,
70208,RightWing,右翼,Normal,3,1,2,,,,,,,,,,,,,,,0,,1,1,1,0,0,0,0,0,,0,,0,0,0,0,0,0,0,0,,0,,0,0,0,0,0,0,0,0,,0,,0,0,0,0,0,0,0,0,,0,,0,0,0,0,0,0,0,,0
70208,RightLeg,右（前）腿,Normal,3,1,2,6,1,,,,,,,,,,,,,0,,0,0,0,0,0,0,0,0,,0,,0,0,0,0,0,0,0,0,,0,,0,0,0,0,0,0,0,0,,0,,0,0,0,0,0,0,0,0,,0,,0,0,0,0,0,0,0,,0
70208,Neck,颈部（首）,Normal,,1,2,,,,,,,,,,,,,,,0,,0,0,0,0,0,0,0,0,,0,,0,0,0,0,0,0,0,0,,0,,0,0,0,0,0,0,0,0,,0,,0,0,0,0,0,0,0,0,,0,,0,0,0,0,0,0,0,,0
70208,Tail,尾部（尻尾）,Normal,4,1,2,,,,,,,,,,,,,,,0,,1,1,1,0,0,0,0,0,,0,,0,0,0,0,0,0,0,0,,0,,0,0,0,0,0,0,0,0,,0,,0,0,0,0,0,0,0,0,,0,,0,0,0,0,0,0,0,,0
70208,LeftLeg,左（前）腿,Normal,3,1,2,6,1,,,,,,,,,,,,,0,,0,0,0,0,0,0,0,0,,0,,0,0,0,0,0,0,0,0,,0,,0,0,0,0,0,0,0,0,,0,,0,0,0,0,0,0,0,0,,0,,0,0,0,0,0,0,0,,0
78011,WholeBody,全身,Normal,0.1,1,2,,,,,,,,,,,,,,,,,,,,,,,,,,,,,,,,,,,,,,,,,,,,,,,,,,,,,,,,,,,,,,,,,,,,,
78011,Body,躯干（本体/胴体）,Normal,0.1,1,2,,,,,,,,,,,,,,,,,,,,,,,,,,,,,,,,,,,,,,,,,,,,,,,,,,,,,,,,,,,,,,,,,,,,,
78012,WholeBody,全身,Normal,0.1,1,2,,,,,,,,,,,,,,,,,,,,,,,,,,,,,,,,,,,,,,,,,,,,,,,,,,,,,,,,,,,,,,,,,,,,,
78012,Body,躯干（本体/胴体）,Normal,0.1,1,2,,,,,,,,,,,,,,,,,,,,,,,,,,,,,,,,,,,,,,,,,,,,,,,,,,,,,,,,,,,,,,,,,,,,,
78013,WholeBody,全身,Normal,0.1,1,2,,,,,,,,,,,,,,,,,,,,,,,,,,,,,,,,,,,,,,,,,,,,,,,,,,,,,,,,,,,,,,,,,,,,,
78013,Body,躯干（本体/胴体）,Normal,0.1,1,2,,,,,,,,,,,,,,,,,,,,,,,,,,,,,,,,,,,,,,,,,,,,,,,,,,,,,,,,,,,,,,,,,,,,,
