MonsterID,Icon,Name,InheritFrom,MonsterType,SpawnAppear,MonsterGroup,EntityName,EntityClass,EntityCustomType,Race,CameraDelayTime,DeathCamera,DeathCameraPoint,InteractCamera,InteractCameraPoint,CatchCamera,CatchCameraPoint,ChangeAreaType,Difficulty,Art Index ID,LootSize,Size,CaptureHPPercent, ExistTime, BB:InitState, BB:MaxHealth, icon, whether it can be stripped, whether it can be captured, critical hit rate, critical hit correction, water attribute correction value, fire attribute correction value, thunder attribute correction value, dragon attribute correction value, ice attribute correction value value, slash correction value, strike correction value, bullet correction value, water attribute accumulation value, fire attribute accumulation value, thunder attribute accumulation value, dragon attribute accumulation value, ice attribute accumulation value, no attribute accumulation value, BodySize, IdleSequenceName, InterestPointType,MaxPower,PowerRecoverySpeed,EmotionAngryTime,AngryDamagePeakRange,AngryDamagePeakValue,EmotionAngryAnimSpeed,xx,SkillSpeed,RegionMaxTime,RegionMinTime,DistBodySize,PreLoadBTOnServer,LootBone,LootOffset,LootRotation,EnableLemonSystem,MinTag,MaxTag,EnterLe monMinHP,EnterLemonMaxHP,LemonTime,LeaveLemonMinHP,LeaveLemonMaxHP,NeedShowEvEDmg, NeedHidePVEDmg,UseCombatNPCAtkModify
50001,,战斗猫,,2,0,,CatPrototype,EmCommon,CatPrototype,,,,MHFC_CameraPoint,,MHFC_CameraPoint,,,,,,1,,,,,,,,,,,,,,,,,,,,,,,,,1,,,100,,120,100,0.1,1.15,1.2,1,240,80,3,1,,"0,0,0",0,,,,,,,,,,,
50002,,萤火虫,,2,0,,FireFly,EmCommon,FireFly,,0,,MHFC_CameraPoint,,MHFC_CameraPoint,FlyDragonCatchCamera,FlyDragonCatchCameraPoint,,,,1,,15,,,200,,1,,,,,,,,,,,,,,,,,,1,,,100,,120,100,0.1,1.15,1.2,1,240,80,3,1,,"0,0,0",0,,,,,,,,,,,
50003,,农场猫,,2,0,,Cat_Farming,EmCommon,Cat_Farming,,,,MHFC_CameraPoint,,MHFC_CameraPoint,,,,,,1,,,,,,,,,,,,,,,,,,,,,,,,,1,,,100,,120,100,0.1,1.15,1.2,1,240,80,3,1,,"0,0,0",0,,,,,,,,,,,
50010,50010,精灵鹿,,2,4,,M001_ElfDear,EmCommon,M001_ElfDear,,0,,MHFC_CameraPoint,,MHFC_CameraPoint,FlyDragonCatchCamera,FlyDragonCatchCameraPoint,Run,,,0.2,,15,,,,,1,,,,,,,,,,,,,,,,,,1,,,100,,120,100,0.1,1.15,1.2,1,240,80,3,1,,"0,0,0",0,,,,,,,,,,,
50020,50020,雪山麋鹿,,2,0,,M002_MountainDear,EmCommon,M002_MountainDear,,0,,MHFC_CameraPoint,,MHFC_CameraPoint,FlyDragonCatchCamera,FlyDragonCatchCameraPoint,Run,,,0.2,,15,,,,,1,,,,,,,,,,,,,,,,,,1,,,100,,120,100,0.1,1.15,1.2,1,240,80,3,1,,"0,0,0",0,,,,,,,,,,,
50030,50030,猛犸象,,2,4,,M003,EmCommon,M003,,0,,MHFC_CameraPoint,,MHFC_CameraPoint,FlyDragonCatchCamera,FlyDragonCatchCameraPoint,Run,1,,3,,15,,0,1800,,1,,,,,,,,,,,,,,,,,,1,,,100,,120,100,0.1,1.15,1.2,1,240,80,3,1,,"0,0,0",0,,,,,,,,,,,
50040,50040,香菇猪,,2,0,,M004,EmCommon,M004,,0,,MHFC_CameraPoint,,MHFC_CameraPoint,FlyDragonCatchCamera,FlyDragonCatchCameraPoint,Run,,,0.15,,15,,,,,1,,,,,,,,,,,,,,,,,,1,,,100,,120,100,0.1,1.15,1.2,1,240,80,3,1,,"0,0,0",0,,,,,,,,,,,
50041,,新手香菇猪,,2,0,,M004_u01,EmCommon,M004_u01,,,,MHFC_CameraPoint,,MHFC_CameraPoint,,,,,,,,,,,,,,,,,,,,,,,,,,,,,,,1,,,100,,120,100,0.1,1.15,1.2,1,240,80,3,1,,"0,0,0",0,,,,,,,,,,,
50042,,PVP香菇猪,,2,0,,M004,EmCommon,M004,,0,,MHFC_CameraPoint,,MHFC_CameraPoint,FlyDragonCatchCamera,FlyDragonCatchCameraPoint,Run,,,0.15,,15,,,,,1,,,,,,,,,,,,,,,,,,1,,,100,,120,100,0.1,1.15,1.2,1,240,80,3,1,,"0,0,0",0,,,,,,,,,,,
50050,50050,野猪,,2,1,,M005,EmCommon,M005,,0,,MHFC_CameraPoint,,MHFC_CameraPoint,FlyDragonCatchCamera,FlyDragonCatchCameraPoint,Run,,,1.3,,15,,,200,,1,,,,,,,,,,,,,,,,,,1,,,100,,120,100,0.1,1.15,1.2,1,240,80,3,1,,"0,0,0",0,,,,,,,,,,,
50051,,新手野猪,,2,0,,M005_u01,EmCommon,M005_u01,,,,MHFC_CameraPoint,,MHFC_CameraPoint,,,,,,,,,,,,,,,,,,,,,,,,,,,,,,,1,,,100,,120,100,0.1,1.15,1.2,1,240,80,3,1,,"0,0,0",0,,,,,,,,,,,
50052,,特殊野猪,,2,1,,M005,EmCommon,M005,,0,,MHFC_CameraPoint,,MHFC_CameraPoint,FlyDragonCatchCamera,FlyDragonCatchCameraPoint,,,,0.3,,15,,,200,,1,,,,,,,,,,,,,,,,,,1,,,100,,120,100,0.1,1.15,1.2,1,240,80,3,1,,"0,0,0",0,,,,,,,,,,,
50053,,PVP野猪,,2,1,,M005,EmCommon,M005,,0,,MHFC_CameraPoint,,MHFC_CameraPoint,FlyDragonCatchCamera,FlyDragonCatchCameraPoint,Run,,,0.3,,15,,,200,,1,,,,,,,,,,,,,,,,,,1,,,100,,120,100,0.1,1.15,1.2,1,240,80,3,1,,"0,0,0",0,,,,,,,,,,,
50054,,武器教学野猪,,2,0,,M005_u02,EmCommon,M005_u02,,,,MHFC_CameraPoint,,MHFC_CameraPoint,,,,,,,,,,,,,,,,,,,,,,,,,,,,,,,1,,,100,,120,100,0.1,1.15,1.2,1,240,80,3,1,,"0,0,0",0,,,,,,,,,,,
50055,,降低猪车频率的小野猪,,2,1,,M005_u03,EmCommon,M005_u03,,0,,MHFC_CameraPoint,,MHFC_CameraPoint,FlyDragonCatchCamera,FlyDragonCatchCameraPoint,Run,,,1.3,,15,,,200,,1,,,,,,,,,,,,,,,,,,1,,,100,,120,100,0.1,1.15,1.2,1,240,80,3,1,,"0,0,0",0,,,,,,,,,,,
50056,,战斗组测试用野猪,,2,1,,M005_BatTest,EmCommon,M005_BatTest,,0,,MHFC_CameraPoint,,MHFC_CameraPoint,FlyDragonCatchCamera,FlyDragonCatchCameraPoint,Run,,,1.3,,15,,,200,,1,,,,,,,,,,,,,,,,,,1,,,100,,120,100,0.1,1.15,1.2,1,240,80,3,1,,"0,0,0",0,,,,,,,,,,,
50060,50060,蓝速龙,,2,3,,M006,EmCommon,M006,,0,,MHFC_CameraPoint,,MHFC_CameraPoint,FlyDragonCatchCamera,FlyDragonCatchCameraPoint,Run,,,0.3,,15,,,200,,1,,,,,,,,,,,,,,,,,,1,,,100,,120,100,0.1,1.15,1.2,1,240,80,3,1,,"0,0,0",0,,,,,,,,,,,
50069,,测试用蓝速龙,,2,0,,M006test,EmCommon,M006test,,0,,MHFC_CameraPoint,,MHFC_CameraPoint,FlyDragonCatchCamera,FlyDragonCatchCameraPoint,Run,,,2,,15,,,200,,1,,,,,,,,,,,,,,,,,,1,,,100,,120,100,0.1,1.15,1.2,1,240,80,3,1,,"0,0,0",0,,,,,,,,,,,
50070,50070,黄速龙,,2,4,,M007_RaptorBrass,EmCommon,M007_RaptorBrass,,0,,MHFC_CameraPoint,,MHFC_CameraPoint,FlyDragonCatchCamera,FlyDragonCatchCameraPoint,Run,,,0.3,,15,,,200,,1,,,,,,,,,,,,,,,,,,1,,,100,,120,100,0.1,1.15,1.2,1,240,80,3,1,,"0,0,0",0,,,,,,,,,,,
50080,50080,红速龙,,2,4,,M008_RaptorCrimson,EmCommon,M008_RaptorCrimson,,0,,MHFC_CameraPoint,,MHFC_CameraPoint,FlyDragonCatchCamera,FlyDragonCatchCameraPoint,Run,,,0.3,,15,,,200,,1,,,,,,,,,,,,,,,,,,1,,,100,,120,100,0.1,1.15,1.2,1,240,80,3,1,,"0,0,0",0,,,,,,,,,,,
50081,50080,只会叫的红速龙,,2,4,,M008_RaptorCrimson_TauntOnly,EmCommon,M008_RaptorCrimson_TauntOnly,,0,,MHFC_CameraPoint,,MHFC_CameraPoint,FlyDragonCatchCamera,FlyDragonCatchCameraPoint,Run,,,0.3,,15,,,200,,1,,,,,,,,,,,,,,,,,,1,,,100,,120,100,0.1,1.15,1.2,1,240,80,3,1,,"0,0,0",0,,,,,,,,,,,
50090,50090,白速龙,,2,4,,M009,EmCommon,M009,,0,,MHFC_CameraPoint,,MHFC_CameraPoint,FlyDragonCatchCamera,FlyDragonCatchCameraPoint,Run,,,0.3,,15,,,200,,1,,,,,,,,,,,,,,,,,,1,,,100,,120,100,0.1,1.15,1.2,1,240,80,3,1,,"0,0,0",0,,,,,,,,,,,
50100,50100,野生艾露,,2,0,,M010_WhiteCat,EmCommon,M010_WhiteCat,,0,,MHFC_CameraPoint,,MHFC_CameraPoint,FlyDragonCatchCamera,FlyDragonCatchCameraPoint,,,,0.2,,15,,,,,1,,,,,,,,,,,,,,,,,,1,,,100,,120,100,0.1,1.15,1.2,1,240,80,3,1,,"0,0,0",0,,,,,,,,,,,
50109,,艾露猫村民,,2,0,,M010_AirouCivilian,EmCommon,M010_AirouCivilian,,0,,,,MHFC_CameraPoint,,,,,,1,,15,,,200,,1,,,,,,,,,,,,,,,,,,1,,,100,,120,100,0.1,1.15,1.2,1,240,80,3,1,,"0,0,0",0,,,,,,,,,,,
50110,50110,野生梅露,,2,0,,M011_BlackCat,EmCommon,M011_BlackCat,,0,,MHFC_CameraPoint,,MHFC_CameraPoint,FlyDragonCatchCamera,FlyDragonCatchCameraPoint,,,,0.2,,15,,,,,1,,,,,,,,,,,,,,,,,,1,,,100,,120,100,0.1,1.15,1.2,1,240,80,3,1,,"0,0,0",0,,,,,,,,,,,
50111,,猫猫大盗,,1,0,,M011_BlackCat_SP,EmCommon,M011_BlackCat_SP,,0,,MHFC_CameraPoint,,MHFC_CameraPoint,FlyDragonCatchCamera,FlyDragonCatchCameraPoint,,,,0.2,,15,,,,,1,,,,,,,,,,,,,,,,,,1,,,100,,120,100,0.1,1.15,1.2,1,240,80,3,1,,"0,0,0",0,,,,,,,,,,,
50120,50120,草食龙,,2,4,,M012,EmCommon,M012,,0,,MHFC_CameraPoint,,MHFC_CameraPoint,FlyDragonCatchCamera,FlyDragonCatchCameraPoint,Run,1,,3,,15,,0,1800,,1,,,,,,,,,,,,,,,,,,1,,,100,,120,100,0.1,1.15,1.2,1,240,80,3,1,,"0,0,0",0,,,,,,,,,,,
50121,,肉鸡草食龙,,2,0,,M012_u01,EmCommon,M012_u01,,0,,MHFC_CameraPoint,,MHFC_CameraPoint,FlyDragonCatchCamera,FlyDragonCatchCameraPoint,,,,3,,15,,,,,1,,,,,,,,,,,,,,,,,,1,,,100,,120,100,0.1,1.15,1.2,1,240,80,3,1,,"0,0,0",0,,,,,,,,,,,
50122,,肯妈用草食龙,,2,0,,M012_u02,EmCommon,M012_u02,,0,,MHFC_CameraPoint,,MHFC_CameraPoint,FlyDragonCatchCamera,FlyDragonCatchCameraPoint,,,,3,,15,,,,,1,,,,,,,,,,,,,,,,,,1,,,100,,120,100,0.1,1.15,1.2,1,240,80,3,1,,"0,0,0",0,,,,,,,,,,,
50123,,普通肉质食草龙,,2,0,,M012_u03,EmCommon,M012_u03,,0,,MHFC_CameraPoint,,MHFC_CameraPoint,FlyDragonCatchCamera,FlyDragonCatchCameraPoint,,,,3,,15,,,,,1,,,,,,,,,,,,,,,,,,1,,,100,,120,100,0.1,1.15,1.2,1,240,80,3,1,,"0,0,0",0,,,,,,,,,,,
50124,,坚硬肉质食草龙,,2,0,,M012_u04,EmCommon,M012_u04,,0,,MHFC_CameraPoint,,MHFC_CameraPoint,FlyDragonCatchCamera,FlyDragonCatchCameraPoint,,,,3,,15,,,,,1,,,,,,,,,,,,,,,,,,1,,,100,,120,100,0.1,1.15,1.2,1,240,80,3,1,,"0,0,0",0,,,,,,,,,,,
50125,,[配信Raid]商团草食龙,,2,4,,M012Raid,EmCommon,M012Raid,,0,,MHFC_CameraPoint,,MHFC_CameraPoint,FlyDragonCatchCamera,FlyDragonCatchCameraPoint,Run,1,,3,,15,,0,1800,,1,,,,,,,,,,,,,,,,,,1,,,100,,120,100,0.1,1.15,1.2,1,240,80,3,1,,"0,0,0",0,,,,,,,,,,,
50130,50130,龟壳龙,,2,4,,M013_Shellsous,EmCommon,M013_Shellsous,,0,,MHFC_CameraPoint,,MHFC_CameraPoint,FlyDragonCatchCamera,FlyDragonCatchCameraPoint,Run,1,,3,,15,,0,1800,,1,,,,,,,,,,,,,,,,,,1,,,100,,120,100,0.1,1.15,1.2,1,240,80,3,1,,"0,0,0",0,,,,,,,,,,,
50150,50150,蚊子,,2,5,,M015_Mosquito,EmCommon,M015_Mosquito,,,,MHFC_CameraPoint,,MHFC_CameraPoint,,,Fly,,,1,,,,,,,1,,,,,,,,,,,,,,,,,,1,,,100,,120,100,0.1,1.15,1.2,1,240,80,3,1,,"0,0,0",0,,,,,,,,,,,
50151,,蚊子,,2,5,,M015_u01_Mosquito,EmCommon,M015_u01_Mosquito,,,,MHFC_CameraPoint,,MHFC_CameraPoint,,,Fly,,,1,,,,,,,1,,,,,,,,,,,,,,,,,,1,,,100,,120,100,0.1,1.15,1.2,1,240,80,3,1,,"0,0,0",0,,,,,,,,,,,
50160,50160,雷光虫,,2,5,,M016_ThunderBug,EmCommon,M016_ThunderBug,,0,,MHFC_CameraPoint,,MHFC_CameraPoint,FlyDragonCatchCamera,FlyDragonCatchCameraPoint,Fly,,,0.2,,15,,,,,1,,,,,,,,,,,,,,,,,3,1,,,100,,120,100,0.1,1.15,1.2,1,240,80,3,1,,"0,0,0",0,,,,,,,,,,,
50161,,雷光虫负极,,2,2,,M016_ThunderBug_Female,EmCommon,M016_ThunderBug,,0,,MHFC_CameraPoint,,MHFC_CameraPoint,FlyDragonCatchCamera,FlyDragonCatchCameraPoint,Fly,,,0.2,,15,,,,,1,,,,,,,,,,,,,,,,,3,1,,,100,,120,100,0.1,1.15,1.2,1,240,80,3,1,,"0,0,0",0,,,,,,,,,,,
50162,50160,雷光虫,50160,2,2,,M016_ExplodeThunderBug,EmCommon,M016_ExplodeThunderBug,,0,,MHFC_CameraPoint,,MHFC_CameraPoint,FlyDragonCatchCamera,FlyDragonCatchCameraPoint,Fly,,,0.2,,15,,,,,1,,,,,,,,,,,,,,,,,3,1,,,100,,120,100,0.1,1.15,1.2,1,240,80,3,1,,"0,0,0",0,,,,,,,,,,,
50164,,火萤,,2,2,,M016_MagmaBugSP,EmCommon,M016_MagmaBugSP,,0,,MHFC_CameraPoint,,MHFC_CameraPoint,FlyDragonCatchCamera,FlyDragonCatchCameraPoint,Fly,,,0.2,,15,,,,,1,,,,,,,,,,,,,,,,,3,1,,,100,,120,100,0.1,1.15,1.2,1,240,80,3,1,,"0,0,0",0,,,,,,,,,,,
50170,50170,小盾蟹,,2,0|1,,M017_ShieldCrab,EmCommon,M017_ShieldCrab,,0,,MHFC_CameraPoint,,MHFC_CameraPoint,TestaCatchCamera,TestaCatchCameraPoint,,,,1,,15,,,200,,1,,,,,,,,,,,,,,,,,,1,,,100,,120,100,0.1,1.15,1.2,1,240,80,3,1,,"0,0,0",0,,,,,,,,,,,
50171,,老山蟹专用小盾蟹,,2,0|1,,M017_ShieldCrabRaid,EmCommon,M017_ShieldCrabRaid,,0,,MHFC_CameraPoint,,MHFC_CameraPoint,TestaCatchCamera,TestaCatchCameraPoint,,,,1,,15,,,200,,1,,,,,,,,,,,,,,,,,,1,,,100,,120,100,0.1,1.15,1.2,1,240,80,3,1,,"0,0,0",0,,,,,,,,,,,
50180,50180,小镰蟹,,2,0|1,,M018_ScytheCrab,EmCommon,M018_ScytheCrab,,0,,MHFC_CameraPoint,,MHFC_CameraPoint,TestaCatchCamera,TestaCatchCameraPoint,,,,1,,15,,,200,,1,,,,,,,,,,,,,,,,,,1,,,100,,120,100,0.1,1.15,1.2,1,240,80,3,1,,"0,0,0",0,,,,,,,,,,,
50181,,老山蟹专用小镰蟹,,2,0|1,,M018_ScytheCrabRaid,EmCommon,M018_ScytheCrabRaid,,0,,MHFC_CameraPoint,,MHFC_CameraPoint,TestaCatchCamera,TestaCatchCameraPoint,,,,1,,15,,,200,,1,,,,,,,,,,,,,,,,,,1,,,100,,120,100,0.1,1.15,1.2,1,240,80,3,1,,"0,0,0",0,,,,,,,,,,,
50190,50190,沙龙,,2,1,,M019_SandWyerm,EmCommon,M019_SandWyerm,,0,,MHFC_CameraPoint,,MHFC_CameraPoint,FlyDragonCatchCamera,FlyDragonCatchCameraPoint,,,,1,,15,,,,,1,,,,,,,,,,,,,,,,,,1,,,100,,120,100,0.1,1.15,1.2,1,240,80,3,1,,"0,0,0",0,,,,,,,,,,,
50200,50200,奇面族,,2,0,,M020,EmCommon,M020,,0,,MHFC_CameraPoint,,MHFC_CameraPoint,FlyDragonCatchCamera,FlyDragonCatchCameraPoint,,,,1,,15,,,200,,1,,,,,,,,,,,,,,,,,,1,,,100,,120,100,0.1,1.15,1.2,1,240,80,3,1,,"0,0,0",0,,,,,,,,,,,
50201,50200,奇面族掷弹者,,2,1,,M020Shooter,EmCommon,M020Shooter,,0,,MHFC_CameraPoint,,MHFC_CameraPoint,FlyDragonCatchCamera,FlyDragonCatchCameraPoint,,,,1,,15,,,200,,1,,,,,,,,,,,,,,,,,,1,,,100,,120,100,0.1,1.15,1.2,1,240,80,3,1,,"0,0,0",0,,,,,,,,,,,
50202,50200,奇面族近战,,2,1,,M020Melee,EmCommon,M020Melee,,0,,MHFC_CameraPoint,,MHFC_CameraPoint,FlyDragonCatchCamera,FlyDragonCatchCameraPoint,,,,1,,15,,,200,,1,,,,,,,,,,,,,,,,,,1,,,100,,120,100,0.1,1.15,1.2,1,240,80,3,1,,"0,0,0",0,,,,,,,,,,,
50203,50200,奇面族祭祀,,2,1,,M020Priest,EmCommon,M020Priest,,0,,MHFC_CameraPoint,,MHFC_CameraPoint,FlyDragonCatchCamera,FlyDragonCatchCameraPoint,,,,1,,15,,,200,,1,,,,,,,,,,,,,,,,,,1,,,100,,120,100,0.1,1.15,1.2,1,240,80,3,1,,"0,0,0",0,,,,,,,,,,,
50204,,人质,,2,0,,Host,EmCommon,Host,,0,,,,MHFC_CameraPoint,FlyDragonCatchCamera,FlyDragonCatchCameraPoint,,,,1,,15,,,200,,1,,,,,,,,,,,,,,,,,,1,,,100,,120,100,0.1,1.15,1.2,1,240,80,3,0,,"0,0,0",0,,,,,,,,,,,
50205,50200,爆桶奇面族,,2,1,,M020Boomer,EmCommon,M020Boomer,,0,,MHFC_CameraPoint,,MHFC_CameraPoint,FlyDragonCatchCamera,FlyDragonCatchCameraPoint,,,,1,,15,,,200,,1,,,,,,,,,,,,,,,,,,1,,,100,,120,100,0.1,1.15,1.2,1,240,80,3,1,,"0,0,0",0,,,,,,,,,,,
50206,50200,奇面族近战守卫,,2,1,,M020Guard,EmCommon,M020Guard,,0,,MHFC_CameraPoint,,MHFC_CameraPoint,FlyDragonCatchCamera,FlyDragonCatchCameraPoint,,,,1,,15,,,200,,1,,,,,,,,,,,,,,,,,,1,,,100,,120,100,0.1,1.15,1.2,1,240,80,3,0,,"0,0,0",0,,,,,,,,,,,
50207,50200,奇面族近战（打猫）,,2,1,,M020Melee_u01,EmCommon,M020Melee_u01,,0,,MHFC_CameraPoint,,MHFC_CameraPoint,FlyDragonCatchCamera,FlyDragonCatchCameraPoint,,,,1,,15,,,200,,1,,,,,,,,,,,,,,,,,,1,,,100,,120,100,0.1,1.15,1.2,1,240,80,3,1,,"0,0,0",0,,,,,,,,,,,
50209,,爆桶,,2,0,,Bucket,EmCommon,Bucket,,,,,,,,,,,,,,,,,,,,,,,,,,,,,,,,,,,,,,,,100,,120,100,0.1,1.15,1.2,1,240,80,3,1,,"0,0,0",0,,,,,,,,,,,
50210,50210,小雪狮子,,2,0|1,,M021,EmCommon,M021,,,,,,,,,,,,1,,,,,,,1,,,,,,,,,,,,,,,,,,2,,,100,,120,100,0.1,1.15,1.2,1,240,80,3,1,,"0,0,0",0,,,,,,,,,,,
50220,50220,桃毛兽,,2,0,,M022_PinkApe,EmCommon,M022_PinkApe,,0,,MHFC_CameraPoint,,MHFC_CameraPoint,FlyDragonCatchCamera,FlyDragonCatchCameraPoint,Run,,,1,,15,,,,,1,,,,,,,,,,,,,,,,,,1,,,100,,120,100,0.1,1.15,1.2,1,240,80,3,1,,"0,0,0",0,,,,,,,,,,,
50221,,桃毛兽,,2,0,,M022_PinkApe,EmCommon,M022_PinkApe,,0,,MHFC_CameraPoint,,MHFC_CameraPoint,FlyDragonCatchCamera,FlyDragonCatchCameraPoint,Run,,,1,,15,,,,,1,,,,,,,,,,,,,,,,,,1,,,100,,120,100,0.1,1.15,1.2,1,240,80,3,1,,"0,0,0",0,,,,,,,,,,,
50230,50230,蛇龙,,2,2,,M023_Drake,EmCommon,M023_Drake,,,,MHFC_CameraPoint,,MHFC_CameraPoint,,,Fly,,,1,,,,,,,1,,,,,,,,,,,,,,,,,,1,,,100,,120,100,0.1,1.15,1.2,1,240,80,3,1,,"0,0,0",0,,,,,,,,,,,
50231,,老山蟹用蛇龙,,2,2,,M023_Raid,EmCommon,M023_Raid,,,,MHFC_CameraPoint,,MHFC_CameraPoint,,,Fly,,,1,,,,,,,1,,,,,,,,,,,,,,,,,,1,,,100,,120,100,0.1,1.15,1.2,1,240,80,3,1,,"0,0,0",0,,,,,,,,,,,
50232,,水龙关蛇龙,,2,2,,M023_Water,EmCommon,M023_Water,,,,MHFC_CameraPoint,,MHFC_CameraPoint,,,Fly,,,1,,,,,,,1,,,,,,,,,,,,,,,,,,1,,,100,,120,100,0.1,1.15,1.2,1,240,80,3,1,,"0,0,0",0,,,,,,,,,,,
50233,,红莲老山蟹用蛇龙,,2,2,,M023_Raid_u01,EmCommon,M023_Raid_u01,,,,MHFC_CameraPoint,,MHFC_CameraPoint,,,Fly,,,1,,,,,,,1,,,,,,,,,,,,,,,,,,1,,,100,,120,100,0.1,1.15,1.2,1,240,80,3,1,,"0,0,0",0,,,,,,,,,,,
50240,,青鱼,,2,0,,Fish,EmCommon,Fish,,0,,MHFC_CameraPoint,,MHFC_CameraPoint,FlyDragonCatchCamera,FlyDragonCatchCameraPoint,,,,1,,15,,,,,,,,,,,,,,,,,,,,,,,1,,,100,,120,100,0.1,1.15,1.2,1,240,80,3,1,,"0,0,0",0,,,,,,,,,,,
50241,,破裂龙鱼,,2,0,,Fish_arowana_01,EmCommon,Fish_arowana_01,,0,,MHFC_CameraPoint,,MHFC_CameraPoint,FlyDragonCatchCamera,FlyDragonCatchCameraPoint,,,,1,,15,,,,,,,,,,,,,,,,,,,,,,,1,,,100,,120,100,0.1,1.15,1.2,1,240,80,3,1,,"0,0,0",0,,,,,,,,,,,
50242,,爆裂龙鱼,,2,0,,Fish_arowana_02,EmCommon,Fish_arowana_02,,0,,MHFC_CameraPoint,,MHFC_CameraPoint,FlyDragonCatchCamera,FlyDragonCatchCameraPoint,,,,1,,15,,,,,,,,,,,,,,,,,,,,,,,1,,,100,,120,100,0.1,1.15,1.2,1,240,80,3,1,,"0,0,0",0,,,,,,,,,,,
50243,,金枪鱼,,2,0,,Fish_tuna_01,EmCommon,Fish_tuna_01,,0,,MHFC_CameraPoint,,MHFC_CameraPoint,FlyDragonCatchCamera,FlyDragonCatchCameraPoint,,,,1,,15,,,,,,,,,,,,,,,,,,,,,,,1,,,100,,120,100,0.1,1.15,1.2,1,240,80,3,1,,"0,0,0",0,,,,,,,,,,,
50244,,大金枪鱼,,2,0,,Fish_tuna_02,EmCommon,Fish_tuna_02,,0,,MHFC_CameraPoint,,MHFC_CameraPoint,FlyDragonCatchCamera,FlyDragonCatchCameraPoint,,,,1,,15,,,,,,,,,,,,,,,,,,,,,,,1,,,100,,120,100,0.1,1.15,1.2,1,240,80,3,1,,"0,0,0",0,,,,,,,,,,,
50245,,沙丁鱼,,2,0,,Fish_sardline_01,EmCommon,Fish_sardine_01,,0,,MHFC_CameraPoint,,MHFC_CameraPoint,FlyDragonCatchCamera,FlyDragonCatchCameraPoint,,,,1,,15,,,,,,,,,,,,,,,,,,,,,,,1,,,100,,120,100,0.1,1.15,1.2,1,240,80,3,1,,"0,0,0",0,,,,,,,,,,,
50246,,散射沙丁鱼,,2,0,,Fish_sardline_02,EmCommon,Fish_sardine_02,,0,,MHFC_CameraPoint,,MHFC_CameraPoint,FlyDragonCatchCamera,FlyDragonCatchCameraPoint,,,,1,,15,,,,,,,,,,,,,,,,,,,,,,,1,,,100,,120,100,0.1,1.15,1.2,1,240,80,3,1,,"0,0,0",0,,,,,,,,,,,
50247,,切味鱼,,2,0,,Fish_mackerel_01,EmCommon,Fish_mackerel_01,,0,,MHFC_CameraPoint,,MHFC_CameraPoint,FlyDragonCatchCamera,FlyDragonCatchCameraPoint,,,,1,,15,,,,,,,,,,,,,,,,,,,,,,,1,,,100,,120,100,0.1,1.15,1.2,1,240,80,3,1,,"0,0,0",0,,,,,,,,,,,
50248,,扩散凸眼金鱼,,2,0,,Fish_scatterfish_01,EmCommon,Fish_scatterfish_01,,0,,MHFC_CameraPoint,,MHFC_CameraPoint,FlyDragonCatchCamera,FlyDragonCatchCameraPoint,,,,1,,15,,,,,,,,,,,,,,,,,,,,,,,1,,,100,,120,100,0.1,1.15,1.2,1,240,80,3,1,,"0,0,0",0,,,,,,,,,,,
50249,,黄金鱼,,2,0,,Fish_goldenfish_01,EmCommon,Fish_goldenfish_01,,0,,MHFC_CameraPoint,,MHFC_CameraPoint,FlyDragonCatchCamera,FlyDragonCatchCameraPoint,,,,1,,15,,,,,,,,,,,,,,,,,,,,,,,1,,,100,,120,100,0.1,1.15,1.2,1,240,80,3,1,,"0,0,0",0,,,,,,,,,,,
50250,50200,盾奇面,,2,0,,M025_ShieldShaka,EmCommon,M025_ShieldShaka,,0,,MHFC_CameraPoint,,MHFC_CameraPoint,FlyDragonCatchCamera,FlyDragonCatchCameraPoint,,,,1,,15,,,200,,1,,,,,,,,,,,,,,,,,,1,,,100,,120,100,0.1,1.15,1.2,1,240,80,3,1,,"0,0,0",0,,,,,,,,,,,
50251,50200,刀奇面,,2,0,,M020_BladeShaka,EmCommon,M020_BladeShaka,,0,,MHFC_CameraPoint,,MHFC_CameraPoint,FlyDragonCatchCamera,FlyDragonCatchCameraPoint,,,,1,,15,,,200,,1,,,,,,,,,,,,,,,,,,1,,,100,,120,100,0.1,1.15,1.2,1,240,80,3,1,,"0,0,0",0,,,,,,,,,,,
50252,50200,箭奇面,,2,0,,M020_ArrowShaka,EmCommon,M020_ArrowShaka,,0,,MHFC_CameraPoint,,MHFC_CameraPoint,FlyDragonCatchCamera,FlyDragonCatchCameraPoint,,,,1,,15,,,200,,1,,,,,,,,,,,,,,,,,,1,,,100,,120,100,0.1,1.15,1.2,1,240,80,3,1,,"0,0,0",0,,,,,,,,,,,
50253,50200,祭司奇面,,2,0,,M020_PriestShaka,EmCommon,M020_PriestShaka,,0,,MHFC_CameraPoint,,MHFC_CameraPoint,FlyDragonCatchCamera,FlyDragonCatchCameraPoint,,,,1,,15,,,200,,1,,,,,,,,,,,,,,,,,,1,,,100,,120,100,0.1,1.15,1.2,1,240,80,3,1,,"0,0,0",0,,,,,,,,,,,
50261,50200,奇面族祭祀（守护）,,2,1,,M020PriestL05,EmCommon,M020PriestL05,,0,,MHFC_CameraPoint,,MHFC_CameraPoint,FlyDragonCatchCamera,FlyDragonCatchCameraPoint,,,,1,,15,,,200,,1,,,,,,,,,,,,,,,,,,1,,,100,,120,100,0.1,1.15,1.2,1,240,80,3,0,,"0,0,0",0,,,,,,,,,,,
50270,50200,奇面王,,2,0,,M027_MaskKing,EmCommon,M027_MaskKing,,0,,MHFC_CameraPoint,,MHFC_CameraPoint,FlyDragonCatchCamera,FlyDragonCatchCameraPoint,,,,1,,15,,,200,,1,,,,,,,,,,,,,,,,,,1,,,100,,120,100,0.1,1.15,1.2,1,240,80,3,1,,"0,0,0",0,,,,,,,,,,,
50271,50200,奇面王（守护）,,2,0,,M027_MaskKingL05,EmCommon,M027_MaskKingL05,,0,,MHFC_CameraPoint,,MHFC_CameraPoint,FlyDragonCatchCamera,FlyDragonCatchCameraPoint,,,,1,,15,,,200,,1,,,,,,,,,,,,,,,,,,1,,,100,,120,100,0.1,1.15,1.2,1,240,80,3,0,,"0,0,0",0,,,,,,,,,,,
50280,,蝴蝶,,2,0,,M028_Butterfly,EmCommon,M028_Butterfly,,,,MHFC_CameraPoint,,MHFC_CameraPoint,,,Fly,,,1,,,,,,,1,,,,,,,,,,,,,,,,,,1,,,100,,120,100,0.1,1.15,1.2,1,240,80,3,1,,"0,0,0",0,,,,,,,,,,,
50281,,蝴蝶亚种,,2,0,,M028u_Butterfly,EmCommon,M028u_Butterfly,,,,MHFC_CameraPoint,,MHFC_CameraPoint,,,Fly,,,1,,,,,,,1,,,,,,,,,,,,,,,,,,1,,,100,,120,100,0.1,1.15,1.2,1,240,80,3,1,,"0,0,0",0,,,,,,,,,,,
50282,,蝴蝶特殊种,,2,0,,M028_u02_Butterfly,EmCommon,M028_u02_Butterfly,,,,MHFC_CameraPoint,,MHFC_CameraPoint,,,Fly,,,1,,,,,,,1,,,,,,,,,,,,,,,,,,1,,,100,,120,100,0.1,1.15,1.2,1,240,80,3,1,,"0,0,0",0,,,,,,,,,,,
50310,,小水龙,,2,0|2,,M031,EmCommon,M031,6,0,FlyDragonDeathCamera,MHFC_CameraPoint,,MHFC_CameraPoint,FlyDragonCatchCamera,FlyDragonCatchCameraPoint,Swim,1,,4,,15,,Idle,4000,,1,,,,,,,,,,,,,,,,,,3,,,100,,120,100,0.1,1.15,1.2,0.85,240,80,3,1,,"0,0,0",0,,,,,,,,,,,
50320,,火柱,,2,1,,M032,EmCommon,M032,,0,,,,,,,,,,,,,,,200,,,,,,,,,,,,,,,,,,,,1,,,100,,120,100,0.1,1.15,1.2,0.85,240,80,3,1,,"0,0,0",0,,,,,,,,,,,
50330,,浮标,,2,0,,Float,EmCommon,Float,,,,MHFC_CameraPoint,,MHFC_CameraPoint,,,,,,1,,,,,,,,,,,,,,,,,,,,,,,,,1,,,100,,120,100,0.1,1.15,1.2,1,240,80,3,1,,"0,0,0",0,,,,,,,,,,,
50340,50340,小碎龙,,2,0|1,,M033,EmCommon,M033,,,,MHFC_CameraPoint,,MHFC_CameraPoint,,,,,,1,,,,,,,1,,,,,,,,,,,,,,,,,,0.6,,,100,,120,100,0.1,1.15,1.2,1,240,80,3,1,,"0,0,0",0,,,,,,,,,,,
50350,50200,足球,,2,0,,M035,EmCommon,M035,,0,,MHFC_CameraPoint,,MHFC_CameraPoint,,,,,,1,,,,,,,1,,,,,,,,,,,,,,,,,,1,,,100,,120,100,0.1,1.15,1.2,1,240,80,3,1,,"0,0,0",0,,,,,,,,,,,
60010,60010,河狸兽,,1,0,,Em001,EmCommon,Em001,2,0,TeethBeastDeathCamera,MHFC_CameraPoint,,MHFC_CameraPoint,TeethBeastCatchCamera,TeethBeastCatchCameraPoint,Run|Swim,,,3,587,20,,Idle,2600,,1,,,,,,,,,,,,,,,,,,2,,,100,,120,100,0.1,1.05,1.1,0.85,240,80,3,1,,"0,0,0",0,0,5,5,10,10,3000000,100,100,,,
60011,60011,沙狸兽,,1,0,,Em001_u01,EmCommon,Em001_u01,2,0,TeethBeastDeathCamera,MHFC_CameraPoint,,MHFC_CameraPoint,TeethBeastCatchCamera,TeethBeastCatchCameraPoint,Run|GoDown,,,3,587,20,,Idle,2600,,1,,,,,,,,,,,,,,,,,,2,,,100,,120,100,0.1,1.15,1.2,0.85,240,80,3,1,,"0,0,0",0,,,,,,,,,,,
60012,60012,战鬼河狸兽,,1,0,,Em001_u02,EmCommon,Em001_u02,2,0,TeethBeastDeathCamera,MHFC_CameraPoint,,MHFC_CameraPoint,TeethBeastCatchCamera,TeethBeastCatchCameraPoint,Run|Swim,,,3,587,15,,Idle,2600,,1,,,,,,,,,,,,,,,,,,2,,,100,,12000,100,0.1,1.25,1.3,1,240,80,3,1,,"0,0,0",0,,,,,,,,,,,
60013,60010,河狸兽,,1,0,,Em001_u03,EmCommon,Em001_u03,2,0,TeethBeastDeathCamera,MHFC_CameraPoint,,MHFC_CameraPoint,TeethBeastCatchCamera,TeethBeastCatchCameraPoint,Run|Swim,,,3,587,15,,Idle,2600,,1,,,,,,,,,,,,,,,,,,2,,,100,,120,100,0.1,1.05,1.1,0.85,240,80,3,1,,"0,0,0",0,,,,,,,,,,,
60014,60010,视频用河狸兽,,1,0,,Em001,EmCommon,Em001,2,0,TeethBeastDeathCamera,MHFC_CameraPoint,,MHFC_CameraPoint,TeethBeastCatchCamera,TeethBeastCatchCameraPoint,Run|Swim,,,3,687,15,,Idle,2600,,1,,,,,,,,,,,,,,,,,,2,,,100,,120,100,0.1,1.05,1.1,0.85,240,80,3,1,,"0,0,0",0,,,,,,,,,,,
60015,60015,河狸兽,,1,0,,Em001_ex01,EmCommon,Em001_ex01,2,0,TeethBeastDeathCamera,MHFC_CameraPoint,,MHFC_CameraPoint,TeethBeastCatchCamera,TeethBeastCatchCameraPoint,Run|Swim,,,3,587,20,,Idle,2600,,1,,,,,,,,,,,,,,,,,,2,,,100,,120,100,0.05,1.5,1.1,1.2,240,80,3,1,,"0,0,0",0,,,,,,,,,,,
60017,60010,河狸兽,,1,0,,Em001SP,EmCommon,Em001SP,2,0,TeethBeastDeathCamera,MHFC_CameraPoint,,MHFC_CameraPoint,TeethBeastCatchCamera,TeethBeastCatchCameraPoint,Run|Swim,,,3,587,15,,Idle,2600,,1,,,,,,,,,,,,,,,,,,2,,,100,,120,100,0.1,1.15,1.2,0.85,240,80,3,1,,"0,0,0",0,,,,,,,,,,,
60018,60010,河狸兽妈妈,,1,0,,Casule_Em001_Mother,EmCommon,Casule_Em001_Mother,2,,,,,,,,,,,,,,,,,,,,,,,,,,,,,,,,,,,,2,,,100,,120,100,0.1,1.15,1.2,0.85,240,80,3,0,,"0,0,0",0,,,,,,,,,,,
60019,60010,胆小的河狸幼崽,,2,0,,Casule_Em001_Kid,EmCommon,Casule_Em001_Kid,2,0,,,,,,,,,,,,,,,,,,,,,,,,,,,,,,,,,,,2,,,100,,120,100,0.1,1.15,1.2,0.85,240,80,3,1,,"0,0,0",0,,,,,,,,,,,
60020,60020,蓝速龙王,,1,0,,Em002,EmCommon,Em002,3,0,SpeedDragonDeathCamera,MHFC_CameraPoint,,MHFC_CameraPoint,SpeedDragonCatchCamera,SpeedDragonCatchCameraPoint,Run,,,1.2,772,20,,,,,1,,,,,,,,,,,,,,,,,,1,,,100,,60,100,0.2,1.05,1.1,0.9,240,80,3,1,,"0,0,0",0,,,,,,,,,,,
60021,60020,测试怪,,2,0,,Em002SP,EmCommon,Em002SP,1,,,,,,,,,,,,,,,,,,,,,,,,,,,,,,,,,,,,1,,,100,,120,100,0.1,1.15,1.2,0.85,240,80,3,1,,"0,0,0",0,,,,,,,,,,,
60022,60022,红速龙王,,1,0,,Em002_u02,EmCommon,Em002_u02,3,0,SpeedDragonDeathCamera,MHFC_CameraPoint,,MHFC_CameraPoint,SpeedDragonCatchCamera,SpeedDragonCatchCameraPoint,Run,,,1.2,829,15,,,,,1,,,,,,,,,,,,,,,,,,1,,,100,,60,100,0.2,1.1,1.2,0.85,240,80,3,1,,"0,0,0",0,0,3,3,10,10,3000000,100,100,,,
60023,60022,红速龙王,,1,0,,Em002_u02,EmCommon,Em002_u02,3,0,SpeedDragonDeathCamera,MHFC_CameraPoint,,MHFC_CameraPoint,SpeedDragonCatchCamera,SpeedDragonCatchCameraPoint,Run,,,1.2,829,15,,,,,1,,,,,,,,,,,,,,,,,,1,,,100,,60,100,0.2,2.2,1.1,2,240,80,3,1,,"0,0,0",0,,,,,,,,,,,
60024,60024,白速龙王,,1,0,,Em002_u01,EmCommon,Em002_u01,3,0,SpeedDragonDeathCamera,MHFC_CameraPoint,,MHFC_CameraPoint,SpeedDragonCatchCamera,SpeedDragonCatchCameraPoint,Run,,,1.2,772,15,,,,,1,,,,,,,,,,,,,,,,,,1,,,100,,60,100,0.2,1.05,1.1,0.9,240,80,3,1,,"0,0,0",0,0,4,4,10,10,3000000,100,100,,,
60030,60030,大野猪王,,1,0,,Em003,EmCommon,Em003,2,0,WildPigDeathCamera,MHFC_CameraPoint,,MHFC_CameraPoint,WildPigCatchCamera,WildPigCatchCameraPoint,Run,,,1.4,645,20,,,,,1,,,,,,,,,,,,,,,,,,1,,,100,,120,100,0.1,1.15,1.2,0.85,240,80,3,1,,"0,0,0",0,,,,,,,,,,,
60031,,蜜蜂群,,2,0,,Em003Bee,EmCommon,Em003Bee,0,0,FlyDragonDeathCamera,MHFC_CameraPoint,,MHFC_CameraPoint,FlyDragonCatchCamera,FlyDragonCatchCameraPoint,,,,1,,15,,,,,0,,,,,,,,,,,,,,,,,,1,,,100,,120,100,0.1,1.15,1.2,0.85,240,80,3,1,,"0,0,0",0,,,,,,,,,,,
60032,60030,任务专用大野猪王,,1,0,,Em003New,EmCommon,Em003New,2,0,WildPigDeathCamera,MHFC_CameraPoint,,MHFC_CameraPoint,FlyDragonCatchCamera,FlyDragonCatchCameraPoint,Run,,,1.4,645,0,,,,,1,,,,,,,,,,,,,,,,,,1,,,100,,120,100,0.1,1.05,1.2,0.85,800,790,3,1,,"0,0,0",0,,,,,,,,,,,
60033,60030,刚鬣金彘,,1,0,,Em003_u01,EmCommon,Em003_u01,2,0,WildPigDeathCamera,MHFC_CameraPoint,,MHFC_CameraPoint,WildPigCatchCamera,WildPigCatchCameraPoint,Run,,,1.4,888,20,,,,,1,,,,,,,,,,,,,,,,,,1,,,100,,120,100,0.1,1.15,1.2,0.85,240,80,3,1,,"0,0,0",0,,,,,,,,,,,
60034,60030,御五相大野猪王,,1,0,,Em003_u02,EmCommon,Em003_u02,2,0,WildPigDeathCamera,MHFC_CameraPoint,,MHFC_CameraPoint,WildPigCatchCamera,WildPigCatchCameraPoint,Run,,,1.4,741,20,,,,,1,,,,,,,,,,,,,,,,,,1,,,100,,120,100,0.04,1.05,1.1,1,240,80,3,1,,"0,0,0",0,,,,,,,,,,,
60040,60040,大怪鸟,,1,0|2,,Em004,EmCommon,Em004,3,0,FlyDragonDeathCamera,MHFC_CameraPoint,,MHFC_CameraPoint,FlyDragonCatchCamera,FlyDragonCatchCameraPoint,Fly,,,2.5,938,20,,,,,1,,,,,,,,,,,,,,,,,,2,,,100,,120,100,0.1,1.15,1.2,0.85,240,80,3,1,,"0,0,0",0,0,5,5,10,10,3000000,100,100,,,
60041,60041,青怪鸟,,1,0|2,,Em004_u01,EmCommon,Em004_u01,3,0,FlyDragonDeathCamera,MHFC_CameraPoint,,MHFC_CameraPoint,FlyDragonCatchCamera,FlyDragonCatchCameraPoint,Fly,,,2.5,938,15,,,,,1,,,,,,,,,,,,,,,,,,2,,,100,,120,100,0.08,1.1,1.15,0.9,240,80,3,1,,"0,0,0",0,,,,,,,,,,,
60042,60041,青怪鸟,,1,0|2,,Em004_u02,EmCommon,Em004_u02,3,0,FlyDragonDeathCamera,MHFC_CameraPoint,,MHFC_CameraPoint,FlyDragonCatchCamera,FlyDragonCatchCameraPoint,Fly,,,1,938,15,,,,,1,,,,,,,,,,,,,,,,,,3,,,100,,120,100,0.1,1.2,1.25,0.85,240,80,3,1,,"0,0,0",0,,,,,,,,,,,
60043,60043,大怪鸟,,1,0|2,,Em004_ex01,EmCommon,Em004_ex01,3,0,FlyDragonDeathCamera,MHFC_CameraPoint,,MHFC_CameraPoint,FlyDragonCatchCamera,FlyDragonCatchCameraPoint,Fly,,,2.5,938,20,,,,,1,,,,,,,,,,,,,,,,,,2,,,100,,120,100,0.05,1.5,1.2,1.2,240,80,3,1,,"0,0,0",0,,,,,,,,,,,
60049,60049,愚人节大怪鸟,,1,0|2,,Em004_u28,EmCommon,Em004_u28,3,0,FlyDragonDeathCamera,MHFC_CameraPoint,,MHFC_CameraPoint,FlyDragonCatchCamera,FlyDragonCatchCameraPoint,Fly,,,2.5,938,20,,,,,0,,,,,,,,,,,,,,,,,,2,,,100,,2400,100,0.2,1.2,1.25,1,240,80,3,1,,"0,0,0",0,,,,,,,,,,,
60050,60050,鬼狩蛛,,1,0,,Em005,EmCommon,Em005,4,0,TestaDeathCamera,MHFC_CameraPoint,,MHFC_CameraPoint,TestaCatchCamera,TestaCatchCameraPoint,Run,,,2.5,723,20,,,,,1,,,,,,,,,,,,,,,,,,2,,,100,,120,100,0.1,1.15,1.2,1,240,80,3,1,,"0,0,0",0,0,5,5,10,10,3000000,100,100,,,
60051,60051,骇狩蛛,,1,0,,Em005_u01,EmCommon,Em005_u01,4,0,TestaDeathCamera,MHFC_CameraPoint,,MHFC_CameraPoint,TestaCatchCamera,TestaCatchCameraPoint,Run,,,2.5,723,15,,,,,1,,,,,,,,,,,,,,,,,,2,,,100,,120,100,0.1,1.2,1.2,1,240,80,3,1,,"0,0,0",0,,,,,,,,,,,
60053,60053,鬼狩蛛,,1,0,,Em005_ex01,EmCommon,Em005_ex01,4,0,TestaDeathCamera,MHFC_CameraPoint,,MHFC_CameraPoint,TestaCatchCamera,TestaCatchCameraPoint,Run,,,2.5,723,20,,,,,1,,,,,,,,,,,,,,,,,,2,,,100,,120,100,0.05,1.4,1.2,1.2,240,80,3,1,,"0,0,0",0,,,,,,,,,,,
60054,60054,骇狩蛛,,1,0,,Em005_u01_ex01,EmCommon,Em005_u01_ex01,4,0,TestaDeathCamera,MHFC_CameraPoint,,MHFC_CameraPoint,TestaCatchCamera,TestaCatchCameraPoint,Run,,,2.5,723,15,,,,,1,,,,,,,,,,,,,,,,,,2,,,100,,120,100,0.05,1.45,1.2,1.2,240,80,3,1,,"0,0,0",0,,,,,,,,,,,
60059,60050,NT鬼狩蛛,,1,0,,Em005_NT,EmCommon,Em005_NT,4,0,TestaDeathCamera,MHFC_CameraPoint,,MHFC_CameraPoint,TestaCatchCamera,TestaCatchCameraPoint,Run,,,2.5,723,15,,,,,1,,,,,,,,,,,,,,,,,,2,,,100,,120,100,0.1,1.15,1.2,1,240,80,3,1,,"0,0,0",0,,,,,,,,,,,
60060,60060,黄速龙王,,1,0,,Em006,EmCommon,Em006,3,0,SpeedDragonDeathCamera,MHFC_CameraPoint,,MHFC_CameraPoint,SpeedDragonCatchCamera,SpeedDragonCatchCameraPoint,Run,,,2,765,20,,,,,1,,,,,,,,,,,,,,,,,,1,,,100,,120,100,0.1,1.05,1.1,0.8,240,80,3,1,,"0,0,0",0,,,,,,,,,,,
60070,60070,毒怪鸟,,1,0|2,,Em007,EmCommon,Em007,3,0,FlyDragonDeathCamera,MHFC_CameraPoint,,MHFC_CameraPoint,FlyDragonCatchCamera,FlyDragonCatchCameraPoint,Fly,,,3,1069,20,,,,,1,,,,,,,,,,,,,,,,,,2,,,100,,120,100,0.1,1.2,1.25,0.85,240,80,3,1,,"0,0,0",0,0,5,5,10,10,3000000,100,100,,,
60071,60071,紫毒怪鸟,,1,0|2,,Em007_u01,EmCommon,Em007_u01,3,0,FlyDragonDeathCamera,MHFC_CameraPoint,,MHFC_CameraPoint,FlyDragonCatchCamera,FlyDragonCatchCameraPoint,Fly,,,3,1069,15,,,,,1,,,,,,,,,,,,,,,,,,2,,,100,,120,100,0.1,1.2,1.25,0.85,240,80,3,1,,"0,0,0",0,,,,,,,,,,,
60073,60073,毒怪鸟,,1,0|2,,Em007_ex01,EmCommon,Em007_ex01,3,0,FlyDragonDeathCamera,MHFC_CameraPoint,,MHFC_CameraPoint,FlyDragonCatchCamera,FlyDragonCatchCameraPoint,Fly,,,3,1069,20,,,,,1,,,,,,,,,,,,,,,,,,2,,,100,,120,100,0.05,1.5,1.25,1.2,240,80,3,1,,"0,0,0",0,,,,,,,,,,,
60079,60070,演员毒怪鸟,,1,0,,Em007SP,EmCommon,Em007SP,3,0,FlyDragonDeathCamera,MHFC_CameraPoint,,MHFC_CameraPoint,FlyDragonCatchCamera,FlyDragonCatchCameraPoint,Fly,,,3,1069,15,,,,,1,,,,,,,,,,,,,,,,,,2,,,100,,120,100,0.1,1.15,1.2,0.85,10,10,3,1,,"0,0,0",0,,,,,,,,,,,
60080,60080,桃毛兽王,,1,0,,Em008,EmCommon,Em008,2,0,TeethBeastDeathCamera,MHFC_CameraPoint,,MHFC_CameraPoint,TeethBeastCatchCamera,TeethBeastCatchCameraPoint,Run|Fly,1,,3,1043,20,,Idle,4000,,1,,,,,,,,,,,,,,,,,,2,,,100,,120,100,0.1,1.15,1.2,0.85,240,80,3,1,,"0,0,0",0,0,5,5,10,10,3000000,100,100,,,
60081,60081,金毛兽王,,1,0,,Em008_u01,EmCommon,Em008_u01,2,0,TeethBeastDeathCamera,MHFC_CameraPoint,,MHFC_CameraPoint,TeethBeastCatchCamera,TeethBeastCatchCameraPoint,Run|Fly,1,,3,1043,15,,Idle,4000,,1,,,,,,,,,,,,,,,,,,2,,,100,,150,100,0.08,1.15,1.2,0.9,240,80,3,1,,"0,0,0",0,,,,,,,,,,,
60082,60082,桃毛兽王,,1,0,,Em008_ex01,EmCommon,Em008_ex01,2,0,TeethBeastDeathCamera,MHFC_CameraPoint,,MHFC_CameraPoint,TeethBeastCatchCamera,TeethBeastCatchCameraPoint,Run|Fly,1,,3,1043,20,,Idle,4000,,1,,,,,,,,,,,,,,,,,,2,,,100,,120,100,0.05,1.45,1.2,1.2,240,80,3,1,,"0,0,0",0,,,,,,,,,,,
60083,60083,金毛兽王,,1,0,,Em008_u01_ex01,EmCommon,Em008_u01_ex01,2,0,TeethBeastDeathCamera,MHFC_CameraPoint,,MHFC_CameraPoint,TeethBeastCatchCamera,TeethBeastCatchCameraPoint,Run|Fly,1,,3,1043,15,,Idle,4000,,1,,,,,,,,,,,,,,,,,,2,,,100,,150,100,0.04,1.45,1.2,1.2,240,80,3,1,,"0,0,0",0,,,,,,,,,,,
60087,60080,愚人节桃毛兽王A,,1,0,,Em008_u08,EmCommon,Em008_u08,2,0,TeethBeastDeathCamera,MHFC_CameraPoint,,MHFC_CameraPoint,TeethBeastCatchCamera,TeethBeastCatchCameraPoint,Fly,1,,3,1043,20,,Idle,4000,,1,,,,,,,,,,,,,,,,,,2,,,100,,2400,100,0.3,1.15,1.2,0.9,240,80,3,1,,"0,0,0",0,,,,,,,,,,,
60088,60080,愚人节桃毛兽王B,,1,0,,Em008_u08sp,EmCommon,Em008_u08sp,2,0,TeethBeastDeathCamera,MHFC_CameraPoint,,MHFC_CameraPoint,TeethBeastCatchCamera,TeethBeastCatchCameraPoint,Fly,1,,3,1043,20,,Idle,4000,,1,,,,,,,,,,,,,,,,,,2,,,100,,2400,100,0.3,1.15,1.2,0.9,240,80,3,1,,"0,0,0",0,,,,,,,,,,,
60089,60080,愚人节桃毛兽王C,,1,0,,Em008_u42,EmCommon,Em008_u42,2,0,TeethBeastDeathCamera,MHFC_CameraPoint,,MHFC_CameraPoint,TeethBeastCatchCamera,TeethBeastCatchCameraPoint,Fly,1,,3,1043,20,,Idle,4000,,1,,,,,,,,,,,,,,,,,,2,,,100,,2400,100,0.3,1.13,1.18,0.9,240,80,3,1,,"0,0,0",0,,,,,,,,,,,
60090,60090,沙雷鸟,,1,0|2,,Em009,EmCommon,Em009,3,0,FlyDragonDeathCamera,MHFC_CameraPoint,,MHFC_CameraPoint,FlyDragonCatchCamera,FlyDragonCatchCameraPoint,Fly,,,3,1096,15,,,,,1,,,,,,,,,,,,,,,,,,2,,,100,,120,100,0.1,1.18,1.23,0.85,240,80,3,1,,"0,0,0",0,,,,,,,,,,,
60091,60091,冰雷鸟,,1,0|2,,Em009_u01,EmCommon,Em009_u01,3,0,FlyDragonDeathCamera,MHFC_CameraPoint,,MHFC_CameraPoint,FlyDragonCatchCamera,FlyDragonCatchCameraPoint,Fly,,,3,1096,15,,,,,1,,,,,,,,,,,,,,,,,,2,,,100,,120,100,0.1,1.2,1.25,0.85,240,80,3,1,,"0,0,0",0,,,,,,,,,,,
60092,60092,沙雷鸟,,1,0|2,,Em009_ex01,EmCommon,Em009_ex01,3,0,FlyDragonDeathCamera,MHFC_CameraPoint,,MHFC_CameraPoint,FlyDragonCatchCamera,FlyDragonCatchCameraPoint,Fly,,,3,1096,15,,,,,1,,,,,,,,,,,,,,,,,,2,,,100,,120,100,0.05,1.43,1.23,1.2,240,80,3,1,,"0,0,0",0,,,,,,,,,,,
60093,60093,冰雷鸟,,1,0|2,,Em009_u01_ex01,EmCommon,Em009_u01_ex01,3,0,FlyDragonDeathCamera,MHFC_CameraPoint,,MHFC_CameraPoint,FlyDragonCatchCamera,FlyDragonCatchCameraPoint,Fly,,,3,1096,15,,,,,1,,,,,,,,,,,,,,,,,,2,,,100,,120,100,0.05,1.45,1.25,1.2,240,80,3,1,,"0,0,0",0,,,,,,,,,,,
60098,,冰雷球,,2,0,,Em009_u01_IceMine,EmCommon,Em009_u01_IceMine,0,,,,,,,,,,,,,,,,,,,,,,,,,,,,,,,,,,,,,,,100,,120,100,0.1,1.15,1.2,0.85,240,80,3,1,,"0,0,0",0,,,,,,,,,,1,
60099,,沙雷球,,2,0,,Em009_SandMine,EmCommon,Em009_SandMine,0,,,,,,,,,,,,,,,,,,,,,,,,,,,,,,,,,,,,,,,100,,120,100,0.1,1.15,1.2,0.85,240,80,3,1,,"0,0,0",0,,,,,,,,,,1,
60100,60100,大名盾蟹,,1,1,,Em010,EmCommon,Em010,4,0,TestaDeathCamera,MHFC_CameraPoint,,MHFC_CameraPoint,TestaCatchCamera,TestaCatchCameraPoint,GoDown,,,3,1033,15,,,,,1,,,,,,,,,,,,,,,,,,3,,,100,,120,100,0.1,1.05,1.1,0.8,240,80,3,1,,"0,0,0",0,0,5,5,10,10,3000000,100,100,,,
60101,60101,大名盾蟹,,1,1,,Em010_ex01,EmCommon,Em010_ex01,4,0,TestaDeathCamera,MHFC_CameraPoint,,MHFC_CameraPoint,TestaCatchCamera,TestaCatchCameraPoint,GoDown,,,3,1033,15,,,,,1,,,,,,,,,,,,,,,,,,3,,,100,,120,100,0.05,1.45,1.1,1.2,240,80,3,1,,"0,0,0",0,,,,,,,,,,,
60102,60102,葵盾蟹,,1,1,,Em010_u01,EmCommon,Em010_u01,4,0,TestaDeathCamera,MHFC_CameraPoint,,MHFC_CameraPoint,TestaCatchCamera,TestaCatchCameraPoint,GoDown,,,3,1033,15,,,,,1,,,,,,,,,,,,,,,,,,3,,,100,,120,100,0.05,1.1,1.1,0.9,240,80,3,1,,"0,0,0",0,,,,,,,,,,,
60107,,盾蟹泡泡绿,,2,0,,Em010_Bubble_u02,EmCommon,Em010_Bubble_u02,0,,,,,,,,,,,,,,,,,,,,,,,,,,,,,,,,,,,,,,,100,,120,100,0.1,1.15,1.2,0.85,240,80,3,1,,"0,0,0",0,,,,,,,,,,,
60108,,盾蟹泡泡亚,,2,0,,Em010_Bubble_u01,EmCommon,Em010_Bubble_u01,0,,,,,,,,,,,,,,,,,,,,,,,,,,,,,,,,,,,,,,,100,,120,100,0.1,1.15,1.2,0.85,240,80,3,1,,"0,0,0",0,,,,,,,,,,,
60109,,盾蟹泡泡,,2,0,,Em010_Bubble,EmCommon,Em010_Bubble,0,,,,,,,,,,,,,,,,,,,,,,,,,,,,,,,,,,,,,,,100,,120,100,0.1,1.15,1.2,0.85,240,80,3,1,,"0,0,0",0,,,,,,,,,,,
60110,60110,沙龙王,,1,0,,Em011,EmCommon,Em011,6,0,SandDragonDeathCamera,MHFC_CameraPoint,,MHFC_CameraPoint,SandDragonCatchCamera,SandDragonCatchCameraPoint,GoDown,,,3,1623,15,,,,,1,,,,,,,,,,,,,,,,,,2,,,100,,120,100,0.1,1.05,1.1,0.9,240,80,3,1,,"0,0,0",0,,,,,,,,,,,
60111,60111,沙龙王,,1,0,,Em011_ex01,EmCommon,Em011_ex01,6,0,SandDragonDeathCamera,MHFC_CameraPoint,,MHFC_CameraPoint,SandDragonCatchCamera,SandDragonCatchCameraPoint,GoDown,,,3,1623,15,,,,,1,,,,,,,,,,,,,,,,,,2,,,100,,120,100,0.05,1.5,1.1,1.3,240,80,3,1,,"0,0,0",0,,,,,,,,,,,
60120,60120,电龙,,1,0|2,,Em012,EmCommon,Em012,1,0,FlyDragonDeathCamera,MHFC_CameraPoint,,MHFC_CameraPoint,FlyDragonCatchCamera,FlyDragonCatchCameraPoint,Fly,,,3,921,15,,,,,1,,,,,,,,,,,,,,,,,,2,,,100,,120,100,0.08,1.25,1.3,1.1,240,80,3,1,,"0,0,0",0,0,4,4,10,10,3000000,100,100,,,
60121,60121,红电龙,,1,0|2,,Em012_u01,EmCommon,Em012_u01,1,0,FlyDragonDeathCamera,MHFC_CameraPoint,,MHFC_CameraPoint,FlyDragonCatchCamera,FlyDragonCatchCameraPoint,Fly|Run,,,3,921,15,,,,,1,,,,,,,,,,,,,,,,,,,,,100,,120,100,0.1,1.25,1.2,1.1,240,80,3,1,,"0,0,0",0,,,,,,,,,,,
60122,60120,飞艇关特殊电龙,,1,0|2,,Em012_u02,EmCommon,Em012_u02,1,0,FlyDragonDeathCamera,MHFC_CameraPoint,,MHFC_CameraPoint,FlyDragonCatchCamera,FlyDragonCatchCameraPoint,Fly,,,3,921,15,,,,,1,,,,,,,,,,,,,,,,,,2,,,100,,120,100,0.1,1.15,1.2,0.85,240,80,3,1,,"0,0,0",0,,,,,,,,,,,
60123,60123,电龙,,1,0|2,,Em012_ex01,EmCommon,Em012_ex01,1,0,FlyDragonDeathCamera,MHFC_CameraPoint,,MHFC_CameraPoint,FlyDragonCatchCamera,FlyDragonCatchCameraPoint,Fly,,,3,921,15,,,,,1,,,,,,,,,,,,,,,,,,2,,,100,,120,100,0.04,1.65,1.3,1.35,240,80,3,1,,"0,0,0",0,,,,,,,,,,,
60127,60121,红电龙,,1,0,,Em012_u01Raid,EmCommon,Em012_u01Raid,1,0,FlyDragonDeathCamera,MHFC_CameraPoint,,MHFC_CameraPoint,FlyDragonCatchCamera,FlyDragonCatchCameraPoint,Fly|Run,,,3,921,15,,,,,1,,,,,,,,,,,,,,,,,,,,,100,,120,100,0.1,1.25,1.2,1.1,240,80,3,1,,"0,0,0",0,,,,,,,,,,,
60129,,电龙电球,,2,0,,Em012_Ball,EmCommon,Em012_Ball,0,,,,,,,,,,,,,,,,,,,,,,,,,,,,,,,,,,,,,,,100,,120,100,0.1,1.15,1.2,0.85,240,80,3,1,,"0,0,0",0,,,,,,,,,,,
60130,60130,星龙,,1,0|2,,Em013,EmCommon,Em013,0,0,LegendDragonDeathCamera,MHFC_CameraPoint,,MHFC_CameraPoint,FlyDragonCatchCamera,FlyDragonCatchCameraPoint,Run,1,,4,1893,15,,Idle,4000,,1,,,,,,,,,,,,,,,,,,3,,,100,,120,100,0.03,1.3,1.35,0.9,240,80,3,1,,"0,0,0",0,,,,,,,,,,,
60131,60131,祸星龙,,1,0|2,,Em013_u01,EmCommon,Em013_u01,0,0,LegendDragonDeathCamera,MHFC_CameraPoint,,MHFC_CameraPoint,FlyDragonCatchCamera,FlyDragonCatchCameraPoint,Run,1,,4,1893,15,,Idle,4000,,1,,,,,,,,,,,,,,,,,,3,,,100,,120,100,0.03,1.3,1.35,0.85,240,80,3,1,,"0,0,0",0,,,,,,,,,,,
60132,,木马怪,,5,0,,TechnologyTest,EmCommon,TechnologyTest,0,,,,,,,,,,,,,,,,,,,,,,,,,,,,,,,,,,,,,,,100,,120,100,0.1,1.15,1.2,0.85,240,80,3,1,,"0,0,0",0,,,,,,,,,,,
60133,60133,星龙,,1,0|2,,Em013_ex01,EmCommon,Em013_ex01,0,0,LegendDragonDeathCamera,MHFC_CameraPoint,,MHFC_CameraPoint,FlyDragonCatchCamera,FlyDragonCatchCameraPoint,Run,1,,4,1893,15,,Idle,4000,,1,,,,,,,,,,,,,,,,,,3,,,100,,120,100,0.015,1.6,1.35,1.3,240,80,3,1,,"0,0,0",0,,,,,,,,,,,
60134,60134,灭星龙,,1,0|2,,Em013_u02,EmCommon,Em013_u02,0,0,LegendDragonDeathCamera,MHFC_CameraPoint,,MHFC_CameraPoint,FlyDragonCatchCamera,FlyDragonCatchCameraPoint,Run,1,,4,2082,15,,Idle,4000,,1,,,,,,,,,,,,,,,,,,3,,,100,,240,100,0.05,1.15,1.2,0.9,240,80,3,1,,"0,0,0",0,,,,,,,,,,,
60136,,灭星龙能量,,2,0,,Em013_u02_Energy,EmCommon,Em013_u02_Energy,0,,,,,,,TeethBeastCatchCameraPoint,,1,,,,,,,,,,,,,,,,,,,,,,,,,,,,,,100,,120,100,0.1,1.15,1.2,0.85,240,80,3,1,,"0,0,0",0,,,,,,,,,,,
60137,,临时蝴蝶3,,2,0,,Em013_ButterFly03,EmCommon,Em013_ButterFly03,0,,,,,,,,,,,,,,,,,,,,,,,,,,,,,,,,,,,,,,,100,,120,100,0.1,1.15,1.2,0.85,240,80,3,1,,"0,0,0",0,,,,,,,,,,,
60138,,临时蝴蝶2,,2,0,,Em013_ButterFly02,EmCommon,Em013_ButterFly02,0,,,,,,,,,,,,,,,,,,,,,,,,,,,,,,,,,,,,,,,100,,120,100,0.1,1.15,1.2,0.85,240,80,3,1,,"0,0,0",0,,,,,,,,,,,
60139,,临时蝴蝶1,,2,0,,Em013_ButterFly,EmCommon,Em013_ButterFly,0,,,,,,,,,,,,,,,,,,,,,,,,,,,,,,,,,,,,,,,100,,120,100,0.1,1.15,1.2,0.85,240,80,3,1,,"0,0,0",0,,,,,,,,,,,
60140,60140,眠鸟,,1,0|2,,Em014,EmCommon,Em014,3,0,FlyDragonDeathCamera,MHFC_CameraPoint,,MHFC_CameraPoint,FlyDragonCatchCamera,FlyDragonCatchCameraPoint,Fly,,,2.5,868,15,,,,,1,,,,,,,,,,,,,,,,,,2,,,100,,120,100,0.1,1.15,1.2,0.95,240,80,3,1,,"0,0,0",0,0,5,5,10,10,3000000,100,100,,,
60141,60141,银眠鸟,,1,0|2,,Em014_u01,EmCommon,Em014_u01,3,0,FlyDragonDeathCamera,MHFC_CameraPoint,,MHFC_CameraPoint,FlyDragonCatchCamera,FlyDragonCatchCameraPoint,Fly,,,2.5,868,15,,,,,1,,,,,,,,,,,,,,,,,,2,,,100,,120,100,0.1,1.25,1.3,0.95,240,80,3,1,,"0,0,0",0,,,,,,,,,,,
60142,60142,眠鸟,,1,0|2,,Em014_ex01,EmCommon,Em014_ex01,3,0,FlyDragonDeathCamera,MHFC_CameraPoint,,MHFC_CameraPoint,FlyDragonCatchCamera,FlyDragonCatchCameraPoint,Fly,,,2.5,868,15,,,,,1,,,,,,,,,,,,,,,,,,2,,,100,,120,100,0.05,1.5,1.2,1.2,240,80,3,1,,"0,0,0",0,,,,,,,,,,,
60143,60143,金眠鸟,,1,0|2,,Em014_u02,EmCommon,Em014_u02,3,0,FlyDragonDeathCamera,MHFC_CameraPoint,,MHFC_CameraPoint,FlyDragonCatchCamera,FlyDragonCatchCameraPoint,Fly,,,2.5,868,15,,,,,1,,,,,,,,,,,,,,,,,,2,,,100,,120,100,0.1,1.25,1.2,1,240,80,3,1,,"0,0,0",0,,,,,,,,,,,
60150,60150,将军镰蟹,,1,0,,Em015,EmCommon,Em015,4,0,TestaDeathCamera,MHFC_CameraPoint,,MHFC_CameraPoint,TestaCatchCamera,TestaCatchCameraPoint,GoDown,,,3,897,15,,,,,1,,,,,,,,,,,,,,,,,,3,,,100,,120,100,0.1,1.15,1.2,0.85,240,80,3,1,,"0,0,0",0,0,3,3,10,10,3000000,100,100,,,
60151,60151,武镰蟹,,1,0,,Em015_u01,EmCommon,Em015_u01,4,0,TestaDeathCamera,MHFC_CameraPoint,,MHFC_CameraPoint,TestaCatchCamera,TestaCatchCameraPoint,GoDown,,,3,897,15,,,,,1,,,,,,,,,,,,,,,,,,3,,,100,,150,100,0.085,1.25,1.2,0.95,240,80,3,1,,"0,0,0",0,,,,,,,,,,,
60152,60152,剑豪镰蟹,,1,0,,Em015_u02,EmCommon,Em015_u02,4,0,TestaDeathCamera,MHFC_CameraPoint,,MHFC_CameraPoint,TestaCatchCamera,TestaCatchCameraPoint,GoDown,,,3,897,15,,,,,1,,,,,,,,,,,,,,,,,,3,,,100,,120,100,0.1,1.25,1.3,0.95,240,80,3,1,,"0,0,0",0,,,,,,,,,,,
60153,60153,将军镰蟹,,1,0,,Em015_ex01,EmCommon,Em015_ex01,4,0,TestaDeathCamera,MHFC_CameraPoint,,MHFC_CameraPoint,TestaCatchCamera,TestaCatchCameraPoint,GoDown,,,3,897,15,,,,,1,,,,,,,,,,,,,,,,,,3,,,100,,120,100,0.05,1.5,1.2,1.25,240,80,3,1,,"0,0,0",0,,,,,,,,,,,
60154,60151,奇烈武镰蟹,,1,0,,Em015_u04,EmCommon,Em015_u04,4,0,TestaDeathCamera,MHFC_CameraPoint,,MHFC_CameraPoint,TestaCatchCamera,TestaCatchCameraPoint,GoDown,,,3,897,15,,,,,1,,,,,,,,,,,,,,,,,,3,,,100,,150,100,0.05,1.25,1.2,1.2,240,80,3,1,,"0,0,0",0,,,,,,,,,,,
60160,60160,水龙,,1,0|2,,Em016,EmCommon,Em016,6,0,FlyDragonDeathCamera,MHFC_CameraPoint,,MHFC_CameraPoint,FlyDragonCatchCamera,FlyDragonCatchCameraPoint,Swim,1,,0,2800,15,,Idle,4000,,1,,,,,,,,,,,,,,,,,,3,,,100,,2400,100,0.55,1.15,1.2,0.85,240,80,3,1,,"0,0,0",0,,,,,,,,,,,
60161,,小水龙,,1,0|2,,Em016,EmCommon,Em016,6,0,FlyDragonDeathCamera,MHFC_CameraPoint,,MHFC_CameraPoint,FlyDragonCatchCamera,FlyDragonCatchCameraPoint,Swim,1,,4,,15,,Idle,4000,,1,,,,,,,,,,,,,,,,,,3,,,100,,120,100,0.1,1.15,1.2,0.85,240,80,3,1,,"0,0,0",0,,,,,,,,,,,
60170,60170,雪狮子王,,1,0,,Em017,EmCommon,Em017,2,0,TeethBeastDeathCamera,MHFC_CameraPoint,,MHFC_CameraPoint,TeethBeastCatchCamera,TeethBeastCatchCameraPoint,GoDown,,,3,963,15,,Idle,2600,,1,,,,,,,,,,,,,,,,,,3,,,100,,120,100,0.1,1.13,1.18,0.82,240,80,3,1,,"0,0,0",0,0,5,5,10,10,3000000,100,100,,,
60171,60171,炎狮子,,1,0,,Em017_u01,EmCommon,Em017_u01,2,0,TeethBeastDeathCamera,MHFC_CameraPoint,,MHFC_CameraPoint,TeethBeastCatchCamera,TeethBeastCatchCameraPoint,GoDown,,,3,963,15,,Idle,2600,,1,,,,,,,,,,,,,,,,,,3,,,100,,120,100,0.1,1.15,1.2,0.85,240,80,3,1,,"0,0,0",0,,,,,,,,,,,
60172,60172,雪狮子王,,1,0,,Em017_ex01,EmCommon,Em017_ex01,2,0,TeethBeastDeathCamera,MHFC_CameraPoint,,MHFC_CameraPoint,TeethBeastCatchCamera,TeethBeastCatchCameraPoint,GoDown,,,3,963,15,,Idle,2600,,1,,,,,,,,,,,,,,,,,,3,,,100,,120,100,0.05,1.3,1.18,1.05,240,80,3,1,,"0,0,0",0,,,,,,,,,,,
60179,,雪狮子王触发的雪球,,2,0,,SnowBall,EmCommon,SnowBall,0,,,,,,,TeethBeastCatchCameraPoint,,1,,,,,,,,,,,,,,,,,,,,,,,,,,,,,,100,,120,100,0.1,1.15,1.2,0.85,240,80,3,1,,"0,0,0",0,,,,,,,,,,,
60180,60180,吞渊龙,,1,0,,Em018,EmCommon,Em018,5,0,HugeDragonDeathCamera,MHFC_CameraPoint,,MHFC_CameraPoint,HugeDragonCatchCamera,HugeDragonCatchCameraPoint,Fly,,,7,,,,,,,,,,,,,,,,,,,,,,,,,1,,,100,,120,100,0.1,1.25,1.3,1,240,80,3,1,,"0,0,0",0,,,,,,,,,,,
60181,60181,燎渊龙,,1,0,,Em018_u01,EmCommon,Em018_u01,5,0,HugeDragonDeathCamera,MHFC_CameraPoint,,MHFC_CameraPoint,HugeDragonCatchCamera,HugeDragonCatchCameraPoint,Fly,,,7,,,,,,,,,,,,,,,,,,,,,,,,,1,,,100,,120,100,0.1,1,1.05,1,240,80,3,1,,"0,0,0",0,,,,,,,,,,,
60185,,燎渊龙火球溅射物,,2,0,,Em018_u01_FireBall,EmCommon,Em018_u01_FireBall,0,,,,,,,TeethBeastCatchCameraPoint,,1,,,,,,,,,,,,,,,,,,,,,,,,,,,,,,100,,120,100,0.1,1.15,1.2,0.85,240,80,3,1,,"0,0,0",0,,,,,,,,,,,
60186,,燎渊龙热气旋风,,2,0,,Em018_u01_FireStorm,EmCommon,Em018_u01_FireStorm,0,,,,,,,TeethBeastCatchCameraPoint,,1,,,,,,,,,,,,,,,,,,,,,,,,,,,,,,100,,120,100,0.1,1.15,1.2,0.85,240,80,3,1,,"0,0,0",0,,,,,,,,,,,
60187,,NB4沙旋,,2,0,,Tornado,EmCommon,Tornado,0,,,,,,,TeethBeastCatchCameraPoint,,1,,,,,,,,,,,,,,,,,,,,,,,,,,,,,,100,,120,100,0.1,1.15,1.2,0.85,240,80,3,1,,"0,0,0",0,,,,,,,,,,,
60188,,终极沙球,,2,0,,SandBall,EmCommon,SandBall,0,,,,,,,TeethBeastCatchCameraPoint,,1,,,,,,,,,,,,,,,,,,,,,,,,,,,,,,100,,120,100,0.1,1.15,1.2,0.85,240,80,3,1,,"0,0,0",0,,,,,,,,,,,
60189,,NB4飞行物代理体,,2,0,,Em018_SandAgent,EmCommon,Em018_SandAgent,0,,,,,,,,,,,,,,,,,,,,,,,,,,,,,,,,,,,,,,,100,,120,100,0.1,1.15,1.2,0.85,240,80,3,1,,"0,0,0",0,,,,,,,,,,,
60190,60190,黑狼鸟,,1,0|2,,Em019,EmCommon,Em019,3,0,FlyDragonDeathCamera,MHFC_CameraPoint,,MHFC_CameraPoint,FlyDragonCatchCamera,FlyDragonCatchCameraPoint,Fly,,,3,1329,15,,,,,,,,,,,,,,,,,,,,,,,3,,,100,,120,100,0.07,1.2,1.25,1.05,240,80,3,1,,"0,0,0",0,,,,,,,,,,,
60191,60190,独耳黑狼鸟,,1,0|2,,Em019_u01,EmCommon,Em019_u01,3,0,FlyDragonDeathCamera,MHFC_CameraPoint,,MHFC_CameraPoint,FlyDragonCatchCamera,FlyDragonCatchCameraPoint,Fly,,,3,1329,15,,,,,,,,,,,,,,,,,,,,,,,3,,,100,,120,100,0.1,1.2,1.25,1.05,240,80,3,1,,"0,0,0",0,,,,,,,,,,,
60192,60192,黑狼鸟,,1,0|2,,Em019_ex01,EmCommon,Em019_ex01,3,0,FlyDragonDeathCamera,MHFC_CameraPoint,,MHFC_CameraPoint,FlyDragonCatchCamera,FlyDragonCatchCameraPoint,Fly,,,3,1329,15,,,,,,,,,,,,,,,,,,,,,,,3,,,100,,120,100,0.035,1.5,1.25,1.3,240,80,3,1,,"0,0,0",0,,,,,,,,,,,
60200,60200,一角龙,,1,0|2,,Em020,EmCommon,Em020,1,0,FlyDragonDeathCamera,MHFC_CameraPoint,,MHFC_CameraPoint,FlyDragonCatchCamera,FlyDragonCatchCameraPoint,GoDown,1,,4,2154,15,,Idle,4000,,1,,,,,,,,,,,,,,,,,,3,,,100,,180,100,0.08,1.25,1.3,1,240,80,3,1,,"0,0,0",0,,,,,,,,,,,
60201,60201,白一角龙,,1,0|2,,Em020_u01,EmCommon,Em020_u01,1,0,FlyDragonDeathCamera,MHFC_CameraPoint,,MHFC_CameraPoint,FlyDragonCatchCamera,FlyDragonCatchCameraPoint,GoDown,1,,4,2154,15,,Idle,4000,,1,,,,,,,,,,,,,,,,,,3,,,100,,180,100,0.08,1.25,1.3,1,240,80,3,1,,"0,0,0",0,,,,,,,,,,,
60202,60202,断刃一角龙,,1,0|2,,Em020_u02,EmCommon,Em020_u02,1,0,FlyDragonDeathCamera,MHFC_CameraPoint,,MHFC_CameraPoint,FlyDragonCatchCamera,FlyDragonCatchCameraPoint,GoDown,1,,4,2154,15,,Idle,4000,,1,,,,,,,,,,,,,,,,,,3,,,100,,180,100,0.03,1.3,1.3,1,240,80,3,1,,"0,0,0",0,,,,,,,,,,,
60203,60203,一角龙,,1,0|2,,Em020_ex01,EmCommon,Em020_ex01,1,0,FlyDragonDeathCamera,MHFC_CameraPoint,,MHFC_CameraPoint,FlyDragonCatchCamera,FlyDragonCatchCameraPoint,GoDown,1,,4,2154,15,,Idle,4000,,1,,,,,,,,,,,,,,,,,,3,,,100,,180,100,0.05,1.5,1.3,1.25,240,80,3,1,,"0,0,0",0,,,,,,,,,,,
60210,60210,雌火龙,,1,0|2,,Em021,EmCommon,Em021,1,0,FlyDragonDeathCamera,MHFC_CameraPoint,,MHFC_CameraPoint,FlyDragonCatchCamera,FlyDragonCatchCameraPoint,Fly,1,,4,1736,15,,Idle,4000,,1,,,,,,,,,,,,,,,,,,2,,,100,,220,100,0.05,1.25,1.3,0.95,240,80,3,1,,"0,0,0",0,0,5,5,10,10,3000000,20,20,,,
60211,60211,樱火龙,,1,0|2,,Em021_u01,EmCommon,Em021_u01,1,0,FlyDragonDeathCamera,MHFC_CameraPoint,,MHFC_CameraPoint,FlyDragonCatchCamera,FlyDragonCatchCameraPoint,Fly,1,,4,1736,15,,Idle,4000,,1,,,,,,,,,,,,,,,,,,2,,,100,,220,100,0.05,1.3,1.35,1,240,80,3,1,,"0,0,0",0,,,,,,,,,,,
60212,60212,金火龙,,1,0|2,,Em021_u02,EmCommon,Em021_u02,1,0,FlyDragonDeathCamera,MHFC_CameraPoint,,MHFC_CameraPoint,FlyDragonCatchCamera,FlyDragonCatchCameraPoint,Fly,1,,4,1736,15,,Idle,4000,,1,,,,,,,,,,,,,,,,,,2,,,1000,,220,100,0.05,1.4,1.4,1.1,240,80,3,1,,"0,0,0",0,,,,,,,,,,,
60213,60213,雌火龙,,1,0|2,,Em021_ex01,EmCommon,Em021_ex01,1,0,FlyDragonDeathCamera,MHFC_CameraPoint,,MHFC_CameraPoint,FlyDragonCatchCamera,FlyDragonCatchCameraPoint,Fly,1,,4,1736,15,,Idle,4000,,1,,,,,,,,,,,,,,,,,,2,,,100,,220,100,0.03,1.35,1.4,1.05,240,80,3,1,,"0,0,0",0,,,,,,,,,,,
60216,60211,樱火龙,,1,0|2,,Em021_u01_Coop,EmCommon,Em021_u01_Coop,1,0,FlyDragonDeathCamera,MHFC_CameraPoint,,MHFC_CameraPoint,FlyDragonCatchCamera,FlyDragonCatchCameraPoint,Fly,1,,4,1736,15,,Idle,4000,,1,,,,,,,,,,,,,,,,,,2,,,100,,220,100,0.05,1.3,1.35,1,240,80,3,1,,"0,0,0",0,,,,,,,,,,,
60217,60210,雌火龙,,1,0|2,,Em021_Raid,EmCommon,Em021_Raid,1,0,FlyDragonDeathCamera,MHFC_CameraPoint,,MHFC_CameraPoint,FlyDragonCatchCamera,FlyDragonCatchCameraPoint,Fly,1,,4,1736,15,,Idle,4000,,1,,,,,,,,,,,,,,,,,,2,,,100,,220,100,0.03,1.3,1.35,0.95,240,80,3,1,,"0,0,0",0,,,,,,,,,,,
60218,60210,烈焰女王,,1,0|2,,Em021_3,EmCommon,Em021_3,1,0,FlyDragonDeathCamera,MHFC_CameraPoint,,MHFC_CameraPoint,FlyDragonCatchCamera,FlyDragonCatchCameraPoint,Fly,1,,4,1736,15,,Idle,4000,,1,,,,,,,,,,,,,,,,,,2,,,100,,220,100,0.015,1.3,1.35,0.95,240,80,3,1,,"0,0,0",0,,,,,,,,,,,
60219,60210,逃离的雌火龙,,1,0|2,,Em021SP,EmCommon,Em021SP,1,0,FlyDragonDeathCamera,MHFC_CameraPoint,,MHFC_CameraPoint,FlyDragonCatchCamera,FlyDragonCatchCameraPoint,Fly,1,,4,1736,15,,Idle,4000,,1,,,,,,,,,,,,,,,,,,2,,,100,,220,100,0.2,1.05,1.1,0.8,240,80,3,1,,"0,0,0",0,,,,,,,,,,,
60220,60220,砦蟹,,1,0,,Em022,EmCommon,Em022,4,0,MountaincrabDeathCamera,MHFC_CameraPoint,,MHFC_CameraPoint,TestaCatchCamera,TestaCatchCameraPoint,Run,,,3,,15,,,,,1,,,,,,,,,,,,,,,,,,3,,,100,,120,100,0.1,1.05,1.1,0.8,240,80,3,1,,"0,0,0",0,,,,,,,,,,,
60221,60221,铠岩砦蟹,,1,0,,Em022_u01,EmCommon,Em022_u01,4,0,MountaincrabDeathCamera,MHFC_CameraPoint,,MHFC_CameraPoint,TestaCatchCamera,TestaCatchCameraPoint,Run,,,3,,15,,,,,1,,,,,,,,,,,,,,,,,,3,,,100,,120,100,0.1,1.05,1.1,0.8,240,80,3,1,,"0,0,0",0,,,,,,,,,,,
60222,60222,红莲砦蟹,,1,0,,Em022_u02,EmCommon,Em022_u02,4,0,MountaincrabDeathCamera,MHFC_CameraPoint,,MHFC_CameraPoint,TestaCatchCamera,TestaCatchCameraPoint,Run,,,3,,15,,,,,1,,,,,,,,,,,,,,,,,,3,,,100,,120,100,0.1,1.05,1.1,0.8,240,80,3,1,,"0,0,0",0,,,,,,,,,,,
60230,60230,岩龙,,1,0|1,,Em023,EmCommon,Em023,1,0,FlyDragonDeathCamera,MHFC_CameraPoint,,MHFC_CameraPoint,FlyDragonCatchCamera,FlyDragonCatchCameraPoint,GoDown,,,4,1369,15,,,,,1,,,,,,,,,,,,,,,,,,2,,,100,,120,100,0.1,1.05,1.1,1.1,240,80,3,1,,"0,0,0",0,0,5,5,10,10,3000000,100,100,,,
60231,60231,砂岩龙,,1,0|1,,Em023_u01,EmCommon,Em023_u01,1,0,FlyDragonDeathCamera,MHFC_CameraPoint,,MHFC_CameraPoint,FlyDragonCatchCamera,FlyDragonCatchCameraPoint,GoDown,,,4,1369,15,,,,,1,,,,,,,,,,,,,,,,,,2,,,100,,150,100,0.1,1.2,1.25,1.1,240,80,3,1,,"0,0,0",0,,,,,,,,,,,
60232,60232,晶岩龙,,1,0|1,,Em023_u02,EmCommon,Em023_u02,1,0,FlyDragonDeathCamera,MHFC_CameraPoint,,MHFC_CameraPoint,FlyDragonCatchCamera,FlyDragonCatchCameraPoint,GoDown,,,4,1369,15,,,,,1,,,,,,,,,,,,,,,,,,2,,,100,,120,100,0.1,1.35,1.4,1.2,240,80,3,1,,"0,0,0",0,,,,,,,,,,,
60233,60233,岩龙,,1,0|1,,Em023_ex01,EmCommon,Em023_ex01,1,0,FlyDragonDeathCamera,MHFC_CameraPoint,,MHFC_CameraPoint,FlyDragonCatchCamera,FlyDragonCatchCameraPoint,GoDown,,,4,1369,15,,,,,1,,,,,,,,,,,,,,,,,,2,,,100,,120,100,0.05,1.5,1.1,1.3,240,80,3,1,,"0,0,0",0,,,,,,,,,,,
60234,60234,砂岩龙,60231,1,0|1,,Em023_u01_ex01,EmCommon,Em023_u01_ex01,1,0,FlyDragonDeathCamera,MHFC_CameraPoint,,MHFC_CameraPoint,FlyDragonCatchCamera,FlyDragonCatchCameraPoint,GoDown,,,4,1369,15,,,,,1,,,,,,,,,,,,,,,,,,2,,,100,,150,100,0.1,1.4,1.45,1.25,240,80,3,1,,"0,0,0",0,,,,,,,,,,,
60240,60240,荒厄龙,,1,0,,Em024,EmCommon,Em024,5,0,Em024,TagPoint3,,MHFC_CameraPoint,FlyDragonCatchCamera,FlyDragonCatchCameraPoint,Fly,,,5,,,,,,,,,,,,,,,,,,,,,,,,,1,,,100,,240,100,0.03,1.15,1.05,1.05,240,80,3,0,BD00,"0,0,0",0,,,,,,,,,,,
60242,60242,御五相,,1,0,,Em024_u02,EmCommon,Em024_u02,5,0,Em024,TagPoint3,,MHFC_CameraPoint,FlyDragonCatchCamera,FlyDragonCatchCameraPoint,Fly,,,5,,,,,,,,,,,,,,,,,,,,,,,,,1,,,100,,200,100,0.02,1.15,1.05,1.05,240,80,3,0,BD00,"0,0,0",0,,,,,,,,,,,
60243,60240,荒厄龙新手版,,1,0,,Em024_Easy,EmCommon,Em024_Easy,5,0,Em024,TagPoint3,,MHFC_CameraPoint,FlyDragonCatchCamera,FlyDragonCatchCameraPoint,Fly,,,5,,,,,,,,,,,,,,,,,,,,,,,,,1,,,100,,240,100,0.03,1.15,1.05,1.05,240,80,3,0,BD00,"0,0,0",0,,,,,,,,,,,
60250,60250,雄火龙,,1,0|2,,Em025,EmCommon,Em025,1,0,FlyDragonDeathCamera,MHFC_CameraPoint,,MHFC_CameraPoint,FlyDragonCatchCamera,FlyDragonCatchCameraPoint,Fly,1,,4,1662,15,,Idle,4000,,1,,,,,,,,,,,,,,,,,,2,,,100,,220,100,0.05,1.25,1.3,0.95,240,80,3,1,,"0,0,0",0,,,,,,,,,,,
60251,60251,苍火龙,,1,0|2,,Em025_u01,EmCommon,Em025_u01,1,0,FlyDragonDeathCamera,MHFC_CameraPoint,,MHFC_CameraPoint,FlyDragonCatchCamera,FlyDragonCatchCameraPoint,Fly,1,,4,1662,15,,Idle,4000,,1,,,,,,,,,,,,,,,,,,2,,,100,,220,100,0.05,1.25,1.3,0.95,240,80,3,1,,"0,0,0",0,,,,,,,,,,,
60252,60252,银火龙,,1,0|2,,Em025_u02,EmCommon,Em025_u02,1,0,FlyDragonDeathCamera,MHFC_CameraPoint,,MHFC_CameraPoint,FlyDragonCatchCamera,FlyDragonCatchCameraPoint,Fly,1,,4,1662,15,,Idle,4000,,1,,,,,,,,,,,,,,,,,,2,,,100,,220,100,0.05,1.35,1.4,1.1,240,80,3,1,,"0,0,0",0,,,,,,,,,,,
60253,60253,雄火龙,60250,1,0|2,,Em025_ex01,EmCommon,Em025_ex01,1,0,FlyDragonDeathCamera,MHFC_CameraPoint,,MHFC_CameraPoint,FlyDragonCatchCamera,FlyDragonCatchCameraPoint,Fly,1,,4,1662,15,,Idle,4000,,1,,,,,,,,,,,,,,,,,,2,,,100,,220,100,0.05,1.35,1.4,1.05,240,80,3,1,,"0,0,0",0,,,,,,,,,,,
60254,60252,奇烈银火龙,,1,0|2,,Em025_u04,EmCommon,Em025_u04,1,0,FlyDragonDeathCamera,MHFC_CameraPoint,,MHFC_CameraPoint,FlyDragonCatchCamera,FlyDragonCatchCameraPoint,Fly,1,,4,1662,15,,Idle,4000,,1,,,,,,,,,,,,,,,,,,2,,,100,,220,100,0.15,1.35,1.4,1.2,240,80,3,1,,"0,0,0",0,,,,,,,,,,,
60256,60251,苍火龙,,1,0|2,,Em025_u01_Coop,EmCommon,Em025_u01_Coop,1,0,FlyDragonDeathCamera,MHFC_CameraPoint,,MHFC_CameraPoint,FlyDragonCatchCamera,FlyDragonCatchCameraPoint,Fly,1,,4,1662,15,,Idle,4000,,1,,,,,,,,,,,,,,,,,,2,,,100,,220,100,0.05,1.25,1.3,0.95,240,80,3,1,,"0,0,0",0,,,,,,,,,,,
60257,60250,雄火龙,,1,0|2,,Em025_Raid,EmCommon,Em025_Raid,1,0,FlyDragonDeathCamera,MHFC_CameraPoint,,MHFC_CameraPoint,FlyDragonCatchCamera,FlyDragonCatchCameraPoint,Fly,1,,4,1662,15,,Idle,4000,,1,,,,,,,,,,,,,,,,,,2,,,100,,12000,100,0.05,1.25,1.3,0.95,240,80,3,1,,"0,0,0",0,,,,,,,,,,,
60260,60260,尾晶蝎,,1,0|1,,Em026,EmCommon,Em026,4,0,TestaDeathCamera,MHFC_CameraPoint,,MHFC_CameraPoint,TestaCatchCamera,TestaCatchCameraPoint,GoDown,,,3,1427,15,,,,,1,,,,,,,,,,,,,,,,,,3,,,100,,120,100,0.1,1.15,1.2,0.95,240,80,3,1,,"0,0,0",0,,,,,,,,,,,
60261,60261,灰晶蝎,,1,0|1,,Em026_u01,EmCommon,Em026_u01,4,0,TestaDeathCamera,MHFC_CameraPoint,,MHFC_CameraPoint,TestaCatchCamera,TestaCatchCameraPoint,GoDown,,,3,1427,15,,,,,1,,,,,,,,,,,,,,,,,,3,,,100,,120,100,0.1,1.15,1.2,0.95,240,80,3,1,,"0,0,0",0,,,,,,,,,,,
60262,60260,奇烈尾晶蝎,,1,0|1,,Em026_u02,EmCommon,Em026_u02,4,0,TestaDeathCamera,MHFC_CameraPoint,,MHFC_CameraPoint,TestaCatchCamera,TestaCatchCameraPoint,GoDown,,,3,1427,15,,,,,1,,,,,,,,,,,,,,,,,,3,,,100,,120,100,0.1,1.15,1.2,1,240,80,3,1,,"0,0,0",0,,,,,,,,,,,
60266,,奇烈尾晶蝎喷射晶体,,2,0,,Em026_u02_Crystal,EmCommon,Em026_u02_Crystal,0,,,,,,,,,,,,,,,,,,,,,,,,,,,,,,,,,,,,,,,100,,120,100,0.1,1.15,1.2,0.85,240,80,3,1,,"0,0,0",0,,,,,,,,,,1,
60267,,奇烈尾晶蝎晶体炸弹,,2,0|1,,Em026_u02_Bomb,EmCommon,Em026_u02_Bomb,4,0,TestaDeathCamera,MHFC_CameraPoint,,MHFC_CameraPoint,TestaCatchCamera,TestaCatchCameraPoint,Run|GoDown,,,3,,15,,,,,1,,,,,,,,,,,,,,,,,,3,,,100,,120,100,0.1,1.15,1.2,0.95,240,80,3,1,,"0,0,0",0,,,,,,,,,,,
60268,,灰晶蝎晶体炸弹,,2,0|1,,Em026_u01_Bomb,EmCommon,Em026_u01_Bomb,4,0,TestaDeathCamera,MHFC_CameraPoint,,MHFC_CameraPoint,TestaCatchCamera,TestaCatchCameraPoint,Run|GoDown,,,3,,15,,,,,1,,,,,,,,,,,,,,,,,,3,,,100,,120,100,0.1,1.15,1.2,0.95,240,80,3,1,,"0,0,0",0,,,,,,,,,,,
60269,,尾晶蝎晶体炸弹,,2,0|1,,Em026_Bomb,EmCommon,Em026_Bomb,4,0,TestaDeathCamera,MHFC_CameraPoint,,MHFC_CameraPoint,TestaCatchCamera,TestaCatchCameraPoint,Run|GoDown,,,3,,15,,,,,1,,,,,,,,,,,,,,,,,,3,,,100,,120,100,0.1,1.15,1.2,0.95,240,80,3,1,,"0,0,0",0,,,,,,,,,,,
60270,60270,吞龙,,1,0|2,,Em027,EmCommon,Em027,1,,EM028DeathCamera,MHFC_CameraPoint,,MHFC_CameraPoint,FlyDragonCatchCamera,FlyDragonCatchCameraPoint,Run|Fly,1,,4,1839,15,,Idle,4000,,1,,,,,,,,,,,,,,,,,,2,,,100,,100,100,0.08,1.2,1.25,1,240,80,3,1,,"0,0,0",0,,,,,,,,,,,
60272,60270,吞龙,60270,1,0|2,,Em027_u02,EmCommon,Em027_u02,1,,EM028DeathCamera,MHFC_CameraPoint,,MHFC_CameraPoint,FlyDragonCatchCamera,FlyDragonCatchCameraPoint,Run|Fly,1,,4,1839,15,,Idle,4000,,1,,,,,,,,,,,,,,,,,,2,,,100,,100,100,0.08,1.2,1.25,1,240,80,3,1,,"0,0,0",0,,,,,,,,,,,
60276,,吞龙飞肉一,,2,0,,Em027_Meat01,EmCommon,Em027_Meat01,0,,,,,,,,,,,,,,,,,,,,,,,,,,,,,,,,,,,,,,,100,,120,100,0.1,1.15,1.2,0.85,240,80,3,1,,"0,0,0",0,,,,,,,,,,,
60277,,吞龙飞肉二,,2,0,,Em027_Meat02,EmCommon,Em027_Meat02,0,,,,,,,,,,,,,,,,,,,,,,,,,,,,,,,,,,,,,,,100,,120,100,0.1,1.15,1.2,0.85,240,80,3,1,,"0,0,0",0,,,,,,,,,,,
60278,,吞龙飞肉三,,2,0,,Em027_Meat03,EmCommon,Em027_Meat03,0,,,,,,,,,,,,,,,,,,,,,,,,,,,,,,,,,,,,,,,100,,120,100,0.1,1.15,1.2,0.85,240,80,3,1,,"0,0,0",0,,,,,,,,,,,
60279,,吞龙飞肉四,,2,0,,Em027_Meat04,EmCommon,Em027_Meat04,0,,,,,,,,,,,,,,,,,,,,,,,,,,,,,,,,,,,,,,,100,,120,100,0.1,1.15,1.2,0.85,240,80,3,1,,"0,0,0",0,,,,,,,,,,,
60280,60280,轰龙,,1,0|2,,Em028,EmCommon,Em028,1,,EM028DeathCamera,MHFC_CameraPoint,,MHFC_CameraPoint,FlyDragonCatchCamera,FlyDragonCatchCameraPoint,Fly,1,,4,1839,15,,Idle,4000,,1,,,,,,,,,,,,,,,,,,2,,,100,,100,100,0.08,1.2,1.25,1,240,80,3,1,,"0,0,0",0,,,,,,,,,,,
60281,60281,炎轰龙,,1,0|2,,Em028_u01,EmCommon,Em028_u01,1,,EM028DeathCamera,MHFC_CameraPoint,,MHFC_CameraPoint,FlyDragonCatchCamera,FlyDragonCatchCameraPoint,Fly,1,,4,1839,15,,Idle,4000,,1,,,,,,,,,,,,,,,,,,2,,,100,,100,100,0.08,1.2,1.25,1,240,80,3,1,,"0,0,0",0,,,,,,,,,,,
60282,60280,轰龙,,1,0|2,,Em028_YuKiYaMa,EmCommon,Em028_YuKiYaMa,1,,EM028DeathCamera,MHFC_CameraPoint,,MHFC_CameraPoint,FlyDragonCatchCamera,FlyDragonCatchCameraPoint,Fly,1,,4,1839,15,,Idle,4000,,1,,,,,,,,,,,,,,,,,,2,,,100,,100,100,0.08,1.3,1.25,1.1,240,80,3,1,,"0,0,0",0,,,,,,,,,,,
60284,60284,轰龙,60280,1,0|2,,Em028_ex01,EmCommon,Em028_ex01,1,,EM028DeathCamera,MHFC_CameraPoint,,MHFC_CameraPoint,FlyDragonCatchCamera,FlyDragonCatchCameraPoint,Fly,1,,4,1839,15,,Idle,4000,,1,,,,,,,,,,,,,,,,,,2,,,100,,100,100,0.08,1.4,1.45,1.2,240,80,3,1,,"0,0,0",0,,,,,,,,,,,
60285,60280,奇烈轰龙,,1,0|2,,Em028_u02,EmCommon,Em028_u02,1,,EM028DeathCamera,MHFC_CameraPoint,,MHFC_CameraPoint,FlyDragonCatchCamera,FlyDragonCatchCameraPoint,Fly,1,,4,1839,15,,Idle,4000,,1,,,,,,,,,,,,,,,,,,2,,,100,,100,100,0.08,1.2,1.25,1.2,240,80,3,1,,"0,0,0",0,,,,,,,,,,,
60290,60290,熔岩龙,,1,0,,Em029,EmCommon,Em029,6,0,SandDragonDeathCamera,MHFC_CameraPoint,,MHFC_CameraPoint,SandDragonCatchCamera,SandDragonCatchCameraPoint,GoDown,,,3,2223,15,,,,,1,,,,,,,,,,,,,,,,,,2,,,100,,120,100,0.1,1.25,1.3,1,240,80,3,1,,"0,0,0",0,,,,,,,,,,,
60300,60300,角龙,,1,0|2,,Em030,EmCommon,Em030,1,0,FlyDragonDeathCamera,MHFC_CameraPoint,,MHFC_CameraPoint,FlyDragonCatchCamera,FlyDragonCatchCameraPoint,GoDown,1,,4,2193,15,,Idle,4000,,1,,,,,,,,,,,,,,,,,,2,,,100,,150,100,0.07,1.3,1.35,1,240,80,3,1,,"0,0,0",0,0,7,7,10,10,3000000,100,100,,,
60301,60301,黑角龙,,1,0|2,,Em030_u01,EmCommon,Em030_u01,1,0,FlyDragonDeathCamera,MHFC_CameraPoint,,MHFC_CameraPoint,FlyDragonCatchCamera,FlyDragonCatchCameraPoint,GoDown,1,,4,2193,15,,Idle,4000,,1,,,,,,,,,,,,,,,,,,2,,,100,,150,100,0.05,1.35,1.4,1,240,80,3,1,,"0,0,0",0,,,,,,,,,,,
60302,60301,奇烈黑角龙,,1,0|2,,Em030_u02,EmCommon,Em030_u02,1,0,FlyDragonDeathCamera,MHFC_CameraPoint,,MHFC_CameraPoint,FlyDragonCatchCamera,FlyDragonCatchCameraPoint,GoDown,1,,4,2193,15,,Idle,4000,,1,,,,,,,,,,,,,,,,,,2,,,100,,150,100,0.03,1.4,1.45,1.2,240,80,3,1,,"0,0,0",0,,,,,,,,,,,
60310,60310,钢龙,,1,0|2,,Em031,EmCommon,Em031,5,0,LegendDragonDeathCamera,MHFC_CameraPoint,,MHFC_CameraPoint,FlyDragonCatchCamera,FlyDragonCatchCameraPoint,Fly,1,,4,1585,15,,Idle,4000,,1,,,,,,,,,,,,,,,,,,2,,,100,,180,100,0.1,1.15,1.2,0.95,240,80,3,1,,"0,0,0",0,,,,,,,,,,,
60311,60311,锈钢龙,,1,0|2,,Em031_u01,EmCommon,Em031_u01,5,0,LegendDragonDeathCamera,MHFC_CameraPoint,,MHFC_CameraPoint,FlyDragonCatchCamera,FlyDragonCatchCameraPoint,Fly,1,,4,1585,15,,Idle,4000,,1,,,,,,,,,,,,,,,,,,2,,,100,,220,100,0.1,1.15,1.2,1,240,80,3,1,,"0,0,0",0,,,,,,,,,,,
60316,,锈钢龙分裂龙卷,,2,0,,Em031_u01_StormWindS,EmCommon,Em031_u01_StormWindS,0,,,,,,,,,,,,,,,,,,,,,,,,,,,,,,,,,,,,,,,100,,180,100,0.1,1.25,1.2,1,240,80,3,1,,"0,0,0",0,,,,,,,,,,,
60317,,锈钢龙白龙卷,,2,0,,Em031_u01_WindL,EmCommon,Em031_u01_WindL,0,,,,,,,,,,,,,,,,,,,,,,,,,,,,,,,,,,,,,,,100,,180,100,0.1,1.25,1.2,1,240,80,3,1,,"0,0,0",0,,,,,,,,,,,
60318,,锈钢龙黑龙卷小,,2,0,,Em031_u01_BlackWindS,EmCommon,Em031_u01_BlackWindS,0,,,,,,,,,,,,,,,,,,,,,,,,,,,,,,,,,,,,,,,100,,180,100,0.1,1.25,1.2,1,240,80,3,1,,"0,0,0",0,,,,,,,,,,,
60319,,锈钢龙黑龙卷大,,2,0,,Em031_u01_BlackWindL,EmCommon,Em031_u01_BlackWindL,0,,,,,,,,,,,,,,,,,,,,,,,,,,,,,,,,,,,,,,,100,,180,100,0.1,1.25,1.2,1,240,80,3,1,,"0,0,0",0,,,,,,,,,,,
60330,60330,霞龙,,1,0|2,,Em033,EmCommon,Em033,5,0,em033,TagPoint4,,MHFC_CameraPoint,FlyDragonCatchCamera,FlyDragonCatchCameraPoint,Fly,1,,4,1744,15,,,,,1,,,,,,,,,,,,,,,,,,3,,,100,,180,100,0.1,1.25,1.2,0.95,240,80,3,1,,"0,0,0",0,,,,,,,,,,,
60336,,疲劳球,,2,0,,Em033_TiredBall,EmCommon,Em033_TiredBall,0,,,,,,,,,,,,,,,,,,,,,,,,,,,,,,,,,,,,,,,100,,180,100,0.1,1.35,1.2,1,240,80,3,1,,"0,0,0",0,,,,,,,,,,,
60337,,酸性球,,2,0,,Em033_DPoisonBall,EmCommon,Em033_DPoisonBall,0,,,,,,,,,,,,,,,,,,,,,,,,,,,,,,,,,,,,,,,100,,180,100,0.1,1.35,1.2,1,240,80,3,1,,"0,0,0",0,,,,,,,,,,,
60338,,大毒液球,,2,0,,Em033_360PoisonBall,EmCommon,Em033_360PoisonBall,0,,,,,,,,,,,,,,,,,,,,,,,,,,,,,,,,,,,,,,,100,,180,100,0.1,1.35,1.2,1,240,80,3,1,,"0,0,0",0,,,,,,,,,,,
60339,,毒液球,,2,0,,Em033_PoisonBall,EmCommon,Em033_PoisonBall,0,,,,,,,,,,,,,,,,,,,,,,,,,,,,,,,,,,,,,,,100,,180,100,0.1,1.35,1.2,1,240,80,3,1,,"0,0,0",0,,,,,,,,,,,
60340,60340,雄响狼,,1,0,,Em034,EmCommon,Em034,2,0,em_034,TagPoint15,,MHFC_CameraPoint,TeethBeastCatchCamera,TeethBeastCatchCameraPoint,Fly|Run,,,3,1077,15,,Idle,2600,,1,,,,,,,,,,,,,,,,,,3,,,100,,150,100,0.1,1.15,1.2,1,240,80,3,1,,"0,0,0",0,,,,,,,,,,,
60341,60341,雌响狼,,1,0,,Em034_u01,EmCommon,Em034_u01,2,0,em_034,TagPoint15,,MHFC_CameraPoint,TeethBeastCatchCamera,TeethBeastCatchCameraPoint,Fly|Run,,,3,1077,15,,Idle,2600,,1,,,,,,,,,,,,,,,,,,3,,,100,,150,100,0.1,1.15,1.2,1,240,80,3,1,,"0,0,0",0,,,,,,,,,,,
60350,60350,麒麟,,1,0,,Em035,EmCommon,Em035,5,0,SpeedDragonDeathCamera,MHFC_CameraPoint,,MHFC_CameraPoint,SpeedDragonCatchCamera,SpeedDragonCatchCameraPoint,Run,1,,1.2,587,,,Idle,4000,,1,,,,,,,,,,,,,,,,,,1,,,100,,180,100,0.1,1.15,1.2,1,240,80,3,1,,"0,0,0",0,,,,,,,,,,,
60360,60360,棘龙,,1,0,,Em036,EmCommon,Em036,1,0,em_036,TagPoint16,,MHFC_CameraPoint,em_036_xj,TagPoint17,Fly,,,4,1634,30,,Idle,2600,,1,,,,,,,,,,,,,,,,,,2,,,100,,180,100,0.1,1.1,1.15,1,240,80,3,1,,"0,0,0",0,,,,,,,,,,,
60361,60361,棘茶龙,,1,0,,Em036_u01,EmCommon,Em036_u01,1,0,em_036,TagPoint16,,MHFC_CameraPoint,em_036_xj,TagPoint17,Fly,,,4,1634,30,,Idle,2600,,1,,,,,,,,,,,,,,,,,,2,,,100,,180,100,0.1,1.1,1.15,1,240,80,3,1,,"0,0,0",0,,,,,,,,,,,
60370,60370,浮岳龙,,1,0|2,,Em037,EmCommon,Em037,5,0,Em037DeathCamera,TagPoint5,,MHFC_CameraPoint,HugeDragonCatchCamera,HugeDragonCatchCameraPoint,Fly,,,15,,,,,,,,,,,,,,,,,,,,,,,,,1,,,100,,120,100,0.1,1.05,1.1,1,240,80,3,1,,"0,0,0",0,,,,,,,,,,,
60371,60371,浮岳龙触手,,2,0,,Em037_Arm,EmCommon,Em037_Arm,5,0,HugeDragonDeathCamera,MHFC_CameraPoint,,MHFC_CameraPoint,HugeDragonCatchCamera,HugeDragonCatchCameraPoint,Fly,,,3,,,,,,,,,,,,,,,,,,,,,,,,,1,,,100,,120,100,0.1,1.05,1.1,1,240,80,3,1,,"0,0,0",0,,,,,,,,,,,
60379,,浮岳龙石块溅射物,60185,2,0,,Em037_Stone,EmCommon,Em037_Stone,0,,,,,,,TeethBeastCatchCameraPoint,,1,,,,,,,,,,,,,,,,,,,,,,,,,,,,,,100,,120,100,0.1,1.15,1.2,0.85,240,80,3,1,,"0,0,0",0,,,,,,,,,,,
60380,60380,炎妃龙,,1,0|2,,Em038,EmCommon,Em038,5,0,LegendDragonDeathCamera,MHFC_CameraPoint,,MHFC_CameraPoint,FlyDragonCatchCamera,FlyDragonCatchCameraPoint,Fly,1,,4,1585,15,,Idle,4000,,1,,,,,,,,,,,,,,,,,,2,,,100,,180,100,0.1,1.15,1.2,1,240,80,3,1,,"0,0,0",0,,,,,,,,,,,
60389,,炎妃龙粉尘,,2,0,,Em038_Dust,EmCommon,Em038_Dust,0,,,,,,,,,,,,,,,,,,,,,,,,,,,,,,,,,,,,,,,100,,120,100,0.1,1.15,1.2,0.85,240,80,3,1,,"0,0,0",0,,,,,,,,,,1,
60390,60390,铠龙,,1,0|2,,Em039,EmCommon,Em039,1,0,FlyDragonDeathCamera,MHFC_CameraPoint,,MHFC_CameraPoint,FlyDragonCatchCamera,FlyDragonCatchCameraPoint,Run,,,4,2310,15,,,,,1,,,,,,,,,,,,,,,,,,2,,,100,,120,100,0.1,1.25,1.1,1.1,240,80,3,1,,"0,0,0",0,,,,,,,,,,,
60391,60391,黑铠龙,,1,0|2,,Em039_u01,EmCommon,Em039_u01,1,0,FlyDragonDeathCamera,MHFC_CameraPoint,,MHFC_CameraPoint,FlyDragonCatchCamera,FlyDragonCatchCameraPoint,Run,,,4,2430,15,,,,,1,,,,,,,,,,,,,,,,,,2,,,100,,120,100,0.1,1.25,1.3,1.1,240,80,3,1,,"0,0,0",0,,,,,,,,,,,
60400,60400,炎王龙,,1,0|2,,Em040,EmCommon,Em040,5,0,LegendDragonDeathCamera,MHFC_CameraPoint,,MHFC_CameraPoint,FlyDragonCatchCamera,FlyDragonCatchCameraPoint,Fly,1,,4,1585,15,,Idle,4000,,1,,,,,,,,,,,,,,,,,,2,,,100,,180,100,0.1,1.15,1.2,1,240,80,3,1,,"0,0,0",0,,,,,,,,,,,
60409,,炎王龙粉尘,,2,0,,Em040_Dust,EmCommon,Em040_Dust,0,,,,,,,,,,,,,,,,,,,,,,,,,,,,,,,,,,,,,,,100,,120,100,0.1,1.15,1.2,0.85,240,80,3,1,,"0,0,0",0,,,,,,,,,,1,
60410,60410,老山龙,,1,0,,Em041,EmCommon,Em041,5,0,HugeDragonDeathCamera,MHFC_CameraPoint,,MHFC_CameraPoint,HugeDragonCatchCamera,HugeDragonCatchCameraPoint,Run,1,,8,1585,15,,Idle,4000,,1,,,,,,,,,,,,,,,,,,2,,,100,,180,100,0.1,1.15,1.2,0.95,240,80,3,1,AL01,"0,0,-3",0,,,,,,,,,,,
60420,60420,金狮子,,1,0,,Em042,EmCommon,Em042,2,0,TeethBeastDeathCamera,MHFC_CameraPoint,,MHFC_CameraPoint,TeethBeastCatchCamera,TeethBeastCatchCameraPoint,Fly|Run,,,3,1008,15,,Idle,2600,,1,,,,,,,,,,,,,,,,,,3,,,100,,200,100,0.05,1.13,1.18,0.9,240,80,3,1,,"0,0,0",0,,,,,,,,,,,
60421,60421,激昂金狮子,60420,1,0,,Em042_u01,EmCommon,Em042_u01,2,0,TeethBeastDeathCamera,MHFC_CameraPoint,,MHFC_CameraPoint,TeethBeastCatchCamera,TeethBeastCatchCameraPoint,Fly|Run,,,3,1008,15,,Idle,2600,,1,,,,,,,,,,,,,,,,,,3,,,100,,200,100,0.05,1.35,1.4,1.1,240,80,3,1,,"0,0,0",0,,,,,,,,,,,
60440,60440,舞雷龙,,1,0|2,,Em044,EmCommon,Em044,1,0,FlyDragonDeathCamera,MHFC_CameraPoint,,MHFC_CameraPoint,FlyDragonCatchCamera,FlyDragonCatchCameraPoint,Fly,1,,4,1736,15,,Idle,4000,,1,,,,,,,,,,,,,,,,,,2,,,100,,220,100,0.05,1.2,1.25,0.95,240,80,3,1,,"0,0,0",0,,,,,,,,,,,
60441,60441,冥雷龙,60440,1,0|2,,Em044_u01,EmCommon,Em044_u01,1,0,FlyDragonDeathCamera,MHFC_CameraPoint,,MHFC_CameraPoint,FlyDragonCatchCamera,FlyDragonCatchCameraPoint,Fly,1,,4,1736,15,,Idle,4000,,1,,,,,,,,,,,,,,,,,,2,,,100,,220,100,0.05,1.1,1.2,0.95,240,80,3,1,,"0,0,0",0,,,,,,,,,,,
60450,60450,霸龙,60180,1,0,,Em045,EmCommon,Em045,1,0,em045,TagPoint12,,MHFC_CameraPoint,em045,TagPoint12,GoDown,1,,4,3045,15,,Idle,4000,,1,,,,,,,,,,,,,,,,,,3,,,100,,220,100,0.05,1.2,1.25,1,240,80,3,1,,"0,0,0",0,,,,,,,,,,,
60459,,霸龙用爆炎,60186,2,0,,Em045_MagmaBlast,EmCommon,Em045_MagmaBlast,1,0,FlyDragonDeathCamera,MHFC_CameraPoint,,MHFC_CameraPoint,FlyDragonCatchCamera,FlyDragonCatchCameraPoint,GoDown,1,,4,1736,15,,Idle,4000,,1,,,,,,,,,,,,,,,,,,3,,,100,,220,100,0.05,1.2,1.25,1,240,80,3,1,,"0,0,0",0,,,,,,,,,,,
60460,60460,墨麒麟,,1,0,,Em046,EmCommon,Em046,5,0,SpeedDragonDeathCamera,MHFC_CameraPoint,,MHFC_CameraPoint,SpeedDragonCatchCamera,SpeedDragonCatchCameraPoint,Run,1,,1.5,775,,,Idle,4000,,1,,,,,,,,,,,,,,,,,,1,,,100,,120,100,0.1,1.1,1.15,1,240,80,3,1,,"0,0,0",0,,,,,,,,,,,
60470,60470,劫龙,,1,0|1,,Em047,EmCommon,Em047,8,0,em050_RC,TagPoint14,,MHFC_CameraPoint,Em088CatchCamera,TagPoint9,Run,,,3,1736,15,,Idle,4000,,1,,,,,,,,,,,,,,,,,,3,,,1000,,220,100,0.05,1.2,1.2,1,240,80,3,1,BD03,"0,0,0",0,,,,,,,,,,,
60479,60470,劫龙过年发福版,,1,0|1,,Em047_newyear,EmCommon,Em047_newyear,8,0,em050_RC,TagPoint14,,MHFC_CameraPoint,Em088CatchCamera,TagPoint9,Run,,,3,1736,15,,Idle,4000,,1,,,,,,,,,,,,,,,,,,3,,,1000,,220,100,0.05,1.2,1.2,1,240,80,3,1,BD03,"0,0,0",0,,,,,,,,,,,
60480,60480,剑极狼,,1,0,,Em048,EmCommon,Em048,2,0,TeethBeastDeathCamera,MHFC_CameraPoint,,MHFC_CameraPoint,TeethBeastCatchCamera,TeethBeastCatchCameraPoint,Run,,,3,1077,15,,Idle,2600,,1,,,,,,,,,,,,,,,,,,3,,,100,,150,100,0.08,1.1,1.15,0.9,240,80,3,1,,"0,0,0",0,,,,,,,,,,,
60481,60481,剑刹狼,,1,0,,Em048_u01,EmCommon,Em048_u01,2,0,TeethBeastDeathCamera,MHFC_CameraPoint,,MHFC_CameraPoint,TeethBeastCatchCamera,TeethBeastCatchCameraPoint,Run,,,3,1100,15,,Idle,2600,,1,,,,,,,,,,,,,,,,,,3,,,100,,180,100,0.08,1.1,1.15,0.9,240,80,3,1,,"0,0,0",0,,,,,,,,,,,
60490,60490,电甲虫,,1,2|5,,Em049,EmCommon,Em049,9,0,EM049DeathCamera,MHFC_CameraPoint,,MHFC_CameraPoint,Em049,TagPoint2,Fly,,,3,1077,15,,Idle,2600,,1,,,,,,,,,,,,,,,,,,1,,,100,,150,100,0.08,1.15,1.2,1,240,80,3,1,,"0,0,0",0,,,,,,,,,,,
60491,60491,绯甲虫,60490,1,2|5,,Em049_u01,EmCommon,Em049_u01,9,0,EM049DeathCamera,MHFC_CameraPoint,,MHFC_CameraPoint,Em049,TagPoint2,Fly,,,3,1077,15,,Idle,2600,,1,,,,,,,,,,,,,,,,,,1,,,100,,150,100,0.08,1.15,1.2,1,240,80,3,1,,"0,0,0",0,,,,,,,,,,,
60497,,绯甲虫浮游炮,,2,0,,Em049_u01_funnel,EmCommon,Em049_u01_funnel,0,0,TestaDeathCamera,MHFC_CameraPoint,,MHFC_CameraPoint,TestaDeathCamera,TestaCatchCameraPoint,Fly,,,,,,,,,,,,,,,,,,,,,,,,,,,,1,,,100,,120,100,0.1,1.2,1.25,1,240,80,3,1,,"0,0,0",0,,,,,,,,,,,
60498,,电甲虫负电球,,2,0,,Em049_NegativeBall,EmCommon,Em049_NegativeBall,0,0,TestaDeathCamera,MHFC_CameraPoint,,MHFC_CameraPoint,TestaDeathCamera,TestaCatchCameraPoint,Fly,,,,,,,,,,,,,,,,,,,,,,,,,,,,1,,,100,,120,100,0.1,1.2,1.25,1,240,80,3,1,,"0,0,0",0,,,,,,,,,,,
60499,,电甲虫正电球,,2,0,,Em049_PositiveBall,EmCommon,Em049_PositiveBall,0,0,TestaDeathCamera,MHFC_CameraPoint,,MHFC_CameraPoint,TestaDeathCamera,TestaCatchCameraPoint,Fly,,,,,,,,,,,,,,,,,,,,,,,,,,,,1,,,100,,120,100,0.1,1.2,1.25,1,240,80,3,1,,"0,0,0",0,,,,,,,,,,,
60580,60580,冰狐龙,,1,0|2,,Em058,EmCommon,Em058,1,0,EM028DeathCamera,MHFC_CameraPoint,,MHFC_CameraPoint,FlyDragonCatchCamera,FlyDragonCatchCameraPoint,Fly,,,3,1471,15,,Idle,2600,,1,,,,,,,,,,,,,,,,,,3,,,100,,150,100,0.08,1.1,1.15,0.9,240,80,3,1,,"0,0,0",0,,,,,,,,,,,
60620,60620,蛮龙,,1,0|2,,Em062,EmCommon,Em062,1,0,EM028DeathCamera,MHFC_CameraPoint,,MHFC_CameraPoint,FlyDragonCatchCamera,FlyDragonCatchCameraPoint,Fly,,,3,1986,15,,Idle,2600,,1,,,,,,,,,,,,,,,,,,3,,,100,,150,100,0.07,1.2,1.15,1,240,80,3,1,,"0,0,0",0,,,,,,,,,,,
60630,60630,狞龙,,1,0,,Em063,EmCommon,Em063,8,0,Em088DeathCamera,TagPoint8,,MHFC_CameraPoint,Em088CatchCamera,TagPoint9,Run,,,4,1845,15,,Idle,2600,,1,,,,,,,,,,,,,,,,,,3,,,100,,3600,100,0.1,1.05,1.1,1,240,80,3,1,,"0,0,0",0,,,,,,,,,,,
60631,60631,冰狞龙,,1,0,,Em063_u01,EmCommon,Em063_u01,8,0,Em088DeathCamera,TagPoint8,,MHFC_CameraPoint,Em088CatchCamera,TagPoint9,Run,,,4,1845,15,,Idle,2600,,1,,,,,,,,,,,,,,,,,,3,,,100,,3600,100,0.1,1.1,1.15,1.05,240,80,3,1,,"0,0,0",0,,,,,,,,,,,
60639,60630,狞龙,,1,0,,Em063_Child,EmCommon,Em063_Child,8,0,Em088DeathCamera,TagPoint8,,MHFC_CameraPoint,Em088CatchCamera,TagPoint9,Run,,,4,1708,15,,Idle,2600,,1,,,,,,,,,,,,,,,,,,3,,,100,,3600,100,0.1,1.05,1.1,1,240,80,3,1,,"0,0,0",0,,,,,,,,,,,
60670,60670,多壳蟹,,1,0,,Em067,EmCommon,Em067,4,0,TestaDeathCamera,MHFC_CameraPoint,,MHFC_CameraPoint,TestaCatchCamera,TestaCatchCameraPoint,GoDown,,,3,897,15,,,,,1,,,,,,,,,,,,,,,,,,3,,,100,,150,100,0.085,1.25,1.2,0.7,240,80,3,1,,"0,0,0",0,,,,,,,,,,,
60710,60710,倾雷鸟,,1,0|2,,Em071,EmCommon,Em071,3,0,FlyDragonDeathCamera,MHFC_CameraPoint,,MHFC_CameraPoint,FlyDragonCatchCamera,FlyDragonCatchCameraPoint,Fly,,,3,1388,15,,Idle,2600,,1,,,,,,,,,,,,,,,,,,3,,,100,,90,100,0.05,1.2,1.25,1.05,240,80,3,1,,"0,0,0",0,,,,,,,,,,,
60800,60800,黑穿龙,,1,0|2,,Em080,EmCommon,Em080,1,0,FlyDragonDeathCamera,MHFC_CameraPoint,,MHFC_CameraPoint,FlyDragonCatchCamera,FlyDragonCatchCameraPoint,Fly,,,4,1974,15,,Idle,2600,,1,,,,,,,,,,,,,,,,,,3,,,100,,180,100,0.05,1.15,1.2,1,240,80,3,1,,"0,0,0",0,,,,,,,,,,,
60870,60870,雷狼龙,,1,0,,Em087,EmCommon,Em087,7,0,Em087DeathCamera,TagPoint6,,MHFC_CameraPoint,Em087catchcamera,TagPoint7,Run,,,3,1455,15,,Idle,2600,,1,,,,,,,,,,,,,,,,,,3,,,1000,,120,100,0.08,1.1,1.15,1,240,80,3,1,,"0,0,0",0,,,,,,,,,,,
60871,60871,狱狼龙,,1,0,,Em087_u01,EmCommon,Em087_u01,7,0,Em087DeathCamera,TagPoint6,,MHFC_CameraPoint,Em087catchcamera,TagPoint7,Run,,,3,1455,15,,Idle,2600,,1,,,,,,,,,,,,,,,,,,3,,,1000,,120,100,0.08,1.3,1.35,1.1,240,80,3,1,,"0,0,0",0,,,,,,,,,,,
60877,60877,狱狼龙浮游炮,,2,0,,Em087_u01_funnel1,EmCommon,Em087_u01_funnel1,0,0,TestaDeathCamera,MHFC_CameraPoint,,MHFC_CameraPoint,TestaDeathCamera,TestaCatchCameraPoint,Fly,,,,,,,,,,,,,,,,,,,,,,,,,,,,1,,,100,,120,100,0.1,1.2,1.25,1,240,80,3,1,,"0,0,0",0,,,,,,,,,,,
60878,60878,狱狼龙浮游炮,,2,0,,Em087_u01_funnel,EmCommon,Em087_u01_funnel,0,0,TestaDeathCamera,MHFC_CameraPoint,,MHFC_CameraPoint,TestaDeathCamera,TestaCatchCameraPoint,Fly,,,,,,,,,,,,,,,,,,,,,,,,,,,,1,,,100,,120,100,0.1,1.2,1.25,1,240,80,3,1,,"0,0,0",0,,,,,,,,,,,
60879,60870,新手雷狼龙,,1,0,,Em087_New,EmCommon,Em087_New,7,0,Em087DeathCamera,TagPoint6,,MHFC_CameraPoint,Em087catchcamera,TagPoint7,Run,,,3,1455,15,,Idle,2600,,1,,,,,,,,,,,,,,,,,,3,,,1000,,120,100,0.99,1.1,1.15,1,240,80,3,1,,"0,0,0",0,,,,,,,,,,,
60880,60880,恐暴龙,,1,1,,Em088,EmCommon,Em088,8,0,Em088DeathCamera,TagPoint8,,MHFC_CameraPoint,Em088CatchCamera,TagPoint9,Run,,,3,2235,15,,Idle,2600,,1,,,,,,,,,,,,,,,,,,3,,,100,,150,100,0.08,1.1,1.15,0.9,240,80,3,1,,"0,0,0",0,,,,,,,,,,,
60881,60880,奇烈恐暴龙,,1,1,,Em088_u01,EmCommon,Em088_u01,8,0,Em088DeathCamera,TagPoint8,,MHFC_CameraPoint,Em088CatchCamera,TagPoint9,Run,,,3,2235,15,,Idle,2600,,1,,,,,,,,,,,,,,,,,,3,,,100,,150,100,0.08,1.2,1.25,1,240,80,3,1,,"0,0,0",0,,,,,,,,,,,
60890,60890,碎龙,,1,1,,Em089,EmCommon,Em089,8,0,em050_RC,TagPoint14,,MHFC_CameraPoint,Em088CatchCamera,TagPoint9,GoDown,,,3,1509,15,,Idle,2600,,1,,,,,,,,,,,,,,,,,,3,,,100,,150,100,0.08,1.1,1.15,0.9,240,80,3,1,BD03,"0,0,0",0,,,,,,,,,,,
60896,60896,碎龙的小粘菌,,2,1,,Em089_Germ_Small,EmCommon,Em089_Germ_Small,8,0,,,,,,,,,,,,,,Idle,2600,,1,,,,,,,,,,,,,,,,,,3,,,100,,150,100,0.08,1.1,1.15,0.9,240,80,3,1,,"0,0,0",0,,,,,,,,,,,
60897,60896,碎龙的大粘菌,,2,1,,Em089_Germ_Big,EmCommon,Em089_Germ_Big,8,0,,,,,,,,,,,,,,Idle,2600,,1,,,,,,,,,,,,,,,,,,3,,,100,,150,100,0.08,1.1,1.15,0.9,240,80,3,1,,"0,0,0",0,,,,,,,,,,,
60900,60900,冰牙龙,,1,0|2,,Em090,EmCommon,Em090,1,0,em090deathcamera,FlyDragonCatchCameraPoint1,,MHFC_CameraPoint,em090catchcamera,TagPoint10,Fly,,,4,1077,15,,Idle,2600,,1,,,,,,,,,,,,,,,,,,3,,,800,,150,100,0.08,1.05,1.15,0.95,240,80,3,1,,"0,0,0",0,,,,,,,,,,,
60910,60910,爆锤龙,,1,1,,Em091,EmCommon,Em091,8,0,Em088DeathCamera,TagPoint8,,MHFC_CameraPoint,Em088CatchCamera,TagPoint9,Run,,,3,1980,15,,Idle,2600,,1,,,,,,,,,,,,,,,,,,3,,,100,,150,100,0.08,1.1,1.15,0.9,240,80,3,1,,"0,0,0",0,,,,,,,,,,,
60920,60920,迅龙,,1,1,,Em092,EmCommon,Em092,1,0,EM028DeathCamera,MHFC_CameraPoint,,MHFC_CameraPoint,FlyDragonCatchCamera,FlyDragonCatchCameraPoint,Fly,,,3,1689,15,,Idle,2600,,1,,,,,,,,,,,,,,,,,,3,,,100,,140,100,0.05,1.2,1.15,1,240,80,3,1,,"0,0,0",0,,,,,,,,,,,
60921,60920,奇烈迅龙,,1,1,,Em092_u01,EmCommon,Em092_u01,1,0,EM028DeathCamera,MHFC_CameraPoint,,MHFC_CameraPoint,FlyDragonCatchCamera,FlyDragonCatchCameraPoint,Fly,,,3,1689,15,,Idle,2600,,1,,,,,,,,,,,,,,,,,,3,,,100,,140,100,0.05,1.4,1.35,1.15,240,80,3,1,,"0,0,0",0,,,,,,,,,,,
60930,60930,岚龙,,1,0|2,,Em093,EmCommon,Em093,5,0,em093,TagPoint20,,MHFC_CameraPoint,FlyDragonCatchCamera,FlyDragonCatchCameraPoint,Fly,,,4,3133,15,,Idle,4000,,1,,,,,,,,,,,,,,,,,,2,,,100,,220,100,0.1,1.3,1.35,1.1,240,80,3,1,,"0,0,0",0,,,,,,,,,,,
70001,,胆小的小鹿,,2,0,,Casule_M001_Kid,EmCommon,Casule_M001_Kid,,0,,,,,,,,,,,,,,,,,,,,,,,,,,,,,,,,,,,,,,100,,120,100,0.1,1.15,1.2,0.85,240,80,3,1,,"0,0,0",0,,,,,,,,,,,
70002,,胆小的河狸幼崽,,2,0,,M035,EmCommon,M035,,0,,,,,,,,,,,,,,,,,,,,,,,,,,,,,,,,,,,,,,100,,120,100,0.1,1.15,1.2,0.85,240,80,3,1,,"0,0,0",0,,,,,,,,,,,
70003,,河狸兽妈妈,,1,0,,Casule_Em001_Mother,EmCommon,Casule_Em001_Mother,2,,,,,,,,,,,,,,,,,,,,,,,,,,,,,,,,,,,,,,,100,,120,100,0.1,1.15,1.2,0.85,240,80,3,1,,"0,0,0",0,,,,,,,,,,,
70004,,尾巴较软的河狸兽,,1,0,,Em001,EmCommon,Em001,2,0,TeethBeastDeathCamera,MHFC_CameraPoint,,MHFC_CameraPoint,TeethBeastCatchCamera,TeethBeastCatchCameraPoint,Run|Swim,,,3,687,15,,Idle,2600,,1,,,,,,,,,,,,,,,,,,3,,,100,,120,100,0.1,1.15,1.2,0.85,240,80,3,1,,"0,0,0",0,,,,,,,,,,,
70005,,菊花较软的电龙,,1,0|2,,Em012,EmCommon,Em012,,0,FlyDragonDeathCamera,MHFC_CameraPoint,,MHFC_CameraPoint,FlyDragonDeathCamera,FlyDragonCatchCameraPoint,Fly,,,,921,15,,,,,,,,,,,,,,,,,,,,,,,,,,100,,120,100,0.1,1.15,1.2,0.85,240,80,3,1,,"0,0,0",0,,,,,,,,,,,
70006,,凶恶的蓝速龙,,2,0,,M006,EmCommon,Casule_M006,,0,,,,,,,,,,0.3,,15,,,200,,1,,,,,,,,,,,,,,,,,,3,,,100,,120,100,0.1,1.15,1.2,0.85,240,80,3,1,,"0,0,0",0,,,,,,,,,,,
70007,,爱香蕉的小桃毛兽,,2,0,,Casule_M022_PinkApe,EmCommon,Casule_M022_PinkApe,,0,,MHFC_CameraPoint,,MHFC_CameraPoint,FlyDragonCatchCamera,FlyDragonCatchCameraPoint,,,,1,,15,,,,,1,,,,,,,,,,,,,,,,,,3,,,100,,120,100,0.1,1.15,1.2,0.85,240,80,3,1,,"0,0,0",0,,,,,,,,,,,
70008,,恼人的黄速龙,,2,0,,M007_RaptorBrass,EmCommon,M007_RaptorBrass,,0,,MHFC_CameraPoint,,MHFC_CameraPoint,FlyDragonCatchCamera,FlyDragonCatchCameraPoint,,,,0.3,,15,,,200,,1,,,,,,,,,,,,,,,,,,3,,,100,,120,100,0.1,1.15,1.2,0.85,240,80,3,1,,"0,0,0",0,,,,,,,,,,,
70009,,恼人的蓝速龙,,2,0,,M006,EmCommon,M006,,0,,MHFC_CameraPoint,,MHFC_CameraPoint,FlyDragonCatchCamera,FlyDragonCatchCameraPoint,,,,0.3,,15,,,200,,1,,,,,,,,,,,,,,,,,,3,,,100,,120,100,0.1,1.15,1.2,0.85,240,80,3,1,,"0,0,0",0,,,,,,,,,,,
70010,,休闲野猪,,2,1,,M005,EmCommon,M005,,0,,MHFC_CameraPoint,,MHFC_CameraPoint,FlyDragonCatchCamera,FlyDragonCatchCameraPoint,,,,0.3,,15,,,200,,1,,,,,,,,,,,,,,,,,,3,,,100,,120,100,0.1,1.15,1.2,0.85,240,80,3,1,,"0,0,0",0,,,,,,,,,,,
70011,,爱吃香蕉的桃毛兽王,,1,0|2,,Casule_Em008,EmCommon,Casule_Em008,,0,TeethBeastDeathCamera,MHFC_CameraPoint,,MHFC_CameraPoint,TeethBeastCatchCamera,TeethBeastCatchCameraPoint,Run|Fly,1,,3,1043,15,,Idle,4000,,1,,,,,,,,,,,,,,,,,,2,,,100,,120,100,0.1,1.15,1.2,0.85,240,80,3,1,,"0,0,0",0,,,,,,,,,,,
70012,,休闲盾蟹,,2,0|1,,M017_ShieldCrab,EmCommon,M017_ShieldCrab,,0,,MHFC_CameraPoint,,MHFC_CameraPoint,TestaCatchCamera,TestaCatchCameraPoint,,,,1,,15,,,200,,1,,,,,,,,,,,,,,,,,,3,,,100,,120,100,0.1,1.15,1.2,0.85,240,80,3,1,,"0,0,0",0,,,,,,,,,,,
70013,,携带秘卷的野猪,,2,1,,M005,EmCommon,M005,,0,,MHFC_CameraPoint,,MHFC_CameraPoint,FlyDragonCatchCamera,FlyDragonCatchCameraPoint,,,,0.3,,15,,,200,,1,,,,,,,,,,,,,,,,,,1,,,100,,120,100,0.1,1.15,1.2,0.85,240,80,3,1,,"0,0,0",0,,,,,,,,,,,
70014,,盾蟹泡泡剧毒,,2,0,,Em010_Bubble_u03,EmCommon,Em010_Bubble_u03,,,,,,,,,,,,,,,,,,,,,,,,,,,,,,,,,,,,,,,,100,,120,100,0.1,1.15,1.2,0.85,240,80,3,1,,"0,0,0",0,,,,,,,,,,,
70015,,迷你电龙,,1,0|2,,Em012_u03,EmCommon,Em012_u03,,0,FlyDragonDeathCamera,MHFC_CameraPoint,,MHFC_CameraPoint,FlyDragonDeathCamera,FlyDragonCatchCameraPoint,Fly,,,,,15,,,,,,,,,,,,,,,,,,,,,,,2,,,100,,120,100,0.1,1.15,1.2,0.85,240,80,3,1,,"0,0,0",0,,,,,,,,,,,
70016,,易麻痹的黄速龙王,,1,0,,Em006,EmCommon,Em006,,0,SpeedDragonDeathCamera,MHFC_CameraPoint,,MHFC_CameraPoint,FlyDragonCatchCamera,FlyDragonCatchCameraPoint,Run,,,2,,15,,,,,,,,,,,,,,,,,,,,,,,,,,100,,120,100,0.1,1.15,1.2,0.85,240,80,3,1,,"0,0,0",0,,,,,,,,,,,
70017,,迷你河狸兽,,1,0,,Casule_Em001,EmCommon,Casule_Em001,2,0,TeethBeastDeathCamera,MHFC_CameraPoint,,MHFC_CameraPoint,TeethBeastCatchCamera,TeethBeastCatchCameraPoint,Run|Swim,,,3,,15,,Idle,2600,,1,,,,,,,,,,,,,,,,,,2,,,100,,120,100,0.1,1.15,1.2,0.85,240,80,3,1,,"0,0,0",0,,,,,,,,,,,
70018,,千层香菇猪01,,2,0,,M004,EmCommon,M004,,0,,MHFC_CameraPoint,,MHFC_CameraPoint,FlyDragonCatchCamera,FlyDragonCatchCameraPoint,,,,0.15,,15,,,,,1,,,,,,,,,,,,,,,,,,1,,,100,,120,100,0.1,1.15,1.2,0.85,240,80,3,1,,"0,0,0",0,,,,,,,,,,,
70019,,千层精灵鹿01,,2,0,,M001_ElfDear,EmCommon,M001_ElfDear,,0,,MHFC_CameraPoint,,MHFC_CameraPoint,FlyDragonCatchCamera,FlyDragonCatchCameraPoint,Run,,,0.2,,15,,,,,1,,,,,,,,,,,,,,,,,,1,,,100,,120,100,0.1,1.15,1.2,0.85,240,80,3,1,,"0,0,0",0,,,,,,,,,,,
70020,,千层香菇猪02,,2,0,,M004,EmCommon,M004,,0,,MHFC_CameraPoint,,MHFC_CameraPoint,FlyDragonCatchCamera,FlyDragonCatchCameraPoint,,,,0.15,,15,,,,,1,,,,,,,,,,,,,,,,,,1,,,100,,120,100,0.1,1.15,1.2,0.85,240,80,3,1,,"0,0,0",0,,,,,,,,,,,
70021,,千层精灵鹿02,,2,0,,M001_ElfDear,EmCommon,M001_ElfDear,,0,,MHFC_CameraPoint,,MHFC_CameraPoint,FlyDragonCatchCamera,FlyDragonCatchCameraPoint,Run,,,0.2,,15,,,,,1,,,,,,,,,,,,,,,,,,1,,,100,,120,100,0.1,1.15,1.2,0.85,240,80,3,1,,"0,0,0",0,,,,,,,,,,,
70022,,皮糙肉厚草食龙,,2,0,,M012,EmCommon,M012,1,0,,MHFC_CameraPoint,,MHFC_CameraPoint,FlyDragonCatchCamera,FlyDragonCatchCameraPoint,Run,1,,3,,15,,0,1800,,1,,,,,,,,,,,,,,,,,,1,,,100,,120,100,0.1,1.15,1.2,0.85,240,80,3,1,,"0,0,0",0,,,,,,,,,,,
70023,,皮糙肉厚蓝速龙,,2,0,,M006,EmCommon,M006,,0,,MHFC_CameraPoint,,MHFC_CameraPoint,FlyDragonCatchCamera,FlyDragonCatchCameraPoint,,,,0.3,,15,,,200,,1,,,,,,,,,,,,,,,,,,3,,,100,,120,100,0.1,1.15,1.2,0.85,240,80,3,1,,"0,0,0",0,,,,,,,,,,,
70024,,皮糙肉厚蓝速龙王,,1,0,,Em002,EmCommon,Em002,,0,SpeedDragonDeathCamera,MHFC_CameraPoint,,MHFC_CameraPoint,SpeedDragonCatchCamera,SpeedDragonCatchCameraPoint,Run,,,1.2,,15,,,,,1,,,,,,,,,,,,,,,,,,1,,,100,,120,100,0.1,1.15,1.2,0.85,240,80,3,1,,"0,0,0",0,,,,,,,,,,,
70025,,皮糙肉厚香菇猪,,2,0,,M004,EmCommon,M004,,0,,MHFC_CameraPoint,,MHFC_CameraPoint,FlyDragonCatchCamera,FlyDragonCatchCameraPoint,,,,0.15,,15,,,,,1,,,,,,,,,,,,,,,,,,1,,,100,,120,100,0.1,1.15,1.2,0.85,240,80,3,1,,"0,0,0",0,,,,,,,,,,,
70026,,吃了指南书的香菇猪,,2,0,,M004,EmCommon,M004,,0,,MHFC_CameraPoint,,MHFC_CameraPoint,FlyDragonCatchCamera,FlyDragonCatchCameraPoint,,,,0.15,,15,,,,,1,,,,,,,,,,,,,,,,,,1,,,100,,120,100,0.1,1.15,1.2,0.85,240,80,3,1,,"0,0,0",0,,,,,,,,,,,
70027,,头部较软的大怪鸟,,1,0|2,,Em004,EmCommon,Em004,,0,FlyDragonDeathCamera,MHFC_CameraPoint,,MHFC_CameraPoint,FlyDragonCatchCamera,FlyDragonCatchCameraPoint,Fly,,,2.5,938,30,,,,,1,,,,,,,,,,,,,,,,,,2,,,100,,120,100,0.1,1.15,1.2,0.85,240,80,3,1,,"0,0,0",0,,,,,,,,,,,
70028,,诱惑的香菇猪,,2,0,,M004,EmCommon,M004,,0,,MHFC_CameraPoint,,MHFC_CameraPoint,FlyDragonCatchCamera,FlyDragonCatchCameraPoint,Run,,,0.15,,15,,,,,1,,,,,,,,,,,,,,,,,,1,,,100,,120,100,0.1,1.15,1.2,0.85,240,80,3,1,,"0,0,0",0,,,,,,,,,,,
70029,,PVP电龙,,2,0|2,,Em012PVP,EmCommon,Em012PVP,1,0,,,,,,,Fly,,,3,,15,,,,,,,,,,,,,,,,,,,,,,,,,,100,,120,100,0.1,1.15,1.2,0.85,240,80,3,1,,"0,0,0",0,,,,,,,,,,,
70030,,吃了侦测头的野猪,,2,1,,M005,EmCommon,M005,,0,,MHFC_CameraPoint,,MHFC_CameraPoint,FlyDragonCatchCamera,FlyDragonCatchCameraPoint,Run,,,0.3,,15,,,200,,1,,,,,,,,,,,,,,,,,,1,,,100,,120,100,0.1,1.15,1.2,0.85,240,80,3,1,,"0,0,0",0,,,,,,,,,,,
70031,,PVP雌火龙,,6,0|2,,Em021PVP,EmCommon,Em021PVP,1,0,FlyDragonDeathCamera,MHFC_CameraPoint,,MHFC_CameraPoint,FlyDragonCatchCamera,FlyDragonCatchCameraPoint,Fly,1,,4,,15,,Idle,4000,,1,,,,,,,,,,,,,,,,,,2,,,100,,120,100,0.1,1.15,1.2,0.85,240,80,3,1,,"0,0,0",0,,,,,,,,,,,
70032,,头部脆弱的镰蟹,,1,0,,Em015,EmCommon,Em015,4,0,TestaDeathCamera,MHFC_CameraPoint,,MHFC_CameraPoint,TestaCatchCamera,TestaCatchCameraPoint,GoDown,,,3,,15,,,,,1,,,,,,,,,,,,,,,,,,3,,,100,,120,100,0.1,1.15,1.2,0.85,240,80,3,1,,"0,0,0",0,,,,,,,,,,,
70033,,头部脆弱的雪狮子,,1,0,,Em017,EmCommon,Em017,2,0,TeethBeastDeathCamera,MHFC_CameraPoint,,MHFC_CameraPoint,TeethBeastCatchCamera,TeethBeastCatchCameraPoint,GoDown,,,3,,15,,Idle,2600,,1,,,,,,,,,,,,,,,,,,3,,,100,,120,100,0.1,1.15,1.2,0.85,240,80,3,1,,"0,0,0",0,,,,,,,,,,,
70034,,千层河狸兽03,,1,0,,Em001,EmCommon,Em001,2,0,TeethBeastDeathCamera,MHFC_CameraPoint,,MHFC_CameraPoint,TeethBeastCatchCamera,TeethBeastCatchCameraPoint,Run|Swim,,,3,,15,,Idle,2600,,1,,,,,,,,,,,,,,,,,,2,,,100,,120,100,0.1,1.15,1.2,0.85,240,80,3,1,,"0,0,0",0,,,,,,,,,,,
70035,,千层沙龙王,,1,0,,Em011,EmCommon,Em011,6,0,SandDragonDeathCamera,MHFC_CameraPoint,,MHFC_CameraPoint,FlyDragonCatchCamera,FlyDragonCatchCameraPoint,GoDown,,,3,1623,15,,,,,1,,,,,,,,,,,,,,,,,,2,,,100,,120,100,0.1,1.05,1.1,0.9,240,80,3,1,,"0,0,0",0,,,,,,,,,,,
70036,,新手引导关香菇猪,,2,0,,M004_u01,EmCommon,M004_u01,,0,,MHFC_CameraPoint,,MHFC_CameraPoint,FlyDragonCatchCamera,FlyDragonCatchCameraPoint,Run,,,0.2,,15,,,,,1,,,,,,,,,,,,,,,,,,1,,,100,,120,100,0.1,1.15,1.2,0.85,240,80,3,1,,"0,0,0",0,,,,,,,,,,,
70037,,超感知蚊子,,2,5,,M015_Mosquito,EmCommon,M015_Mosquito,,,,MHFC_CameraPoint,,MHFC_CameraPoint,,,Fly,,,1,,,,,,,1,,,,,,,,,,,,,,,,,,1,,,100,,120,100,0.1,1.15,1.2,0.85,240,80,3,1,,"0,0,0",0,,,,,,,,,,,
70038,,吃了陷阱的野猪,,2,1,,M005,EmCommon,M005,,0,,MHFC_CameraPoint,,MHFC_CameraPoint,FlyDragonCatchCamera,FlyDragonCatchCameraPoint,Run,,,0.3,,15,,,200,,1,,,,,,,,,,,,,,,,,,1,,,100,,120,100,0.1,1.15,1.2,0.85,240,80,3,1,,"0,0,0",0,,,,,,,,,,,
70039,,吃了捕获玉的小蓝速龙,,2,3,,M006,EmCommon,M006,,0,,MHFC_CameraPoint,,MHFC_CameraPoint,FlyDragonCatchCamera,FlyDragonCatchCameraPoint,Run,,,0.3,,15,,,200,,1,,,,,,,,,,,,,,,,,,1,,,100,,120,100,0.1,1.15,1.2,0.85,240,80,3,1,,"0,0,0",0,,,,,,,,,,,
70040,,初始能捕获的蓝速龙王,,1,0,,Em002,EmCommon,Em002,3,0,SpeedDragonDeathCamera,MHFC_CameraPoint,,MHFC_CameraPoint,SpeedDragonCatchCamera,SpeedDragonCatchCameraPoint,Run,,,1.2,772,100,,,,,1,,,,,,,,,,,,,,,,,,1,,,100,,60,100,0.2,1.05,1.1,0.9,240,80,3,1,,"0,0,0",0,,,,,,,,,,,
70041,,千层沙狸兽,,1,0,,Em001_u01SP,EmCommon,Em001_u01SP,2,0,TeethBeastDeathCamera,MHFC_CameraPoint,,MHFC_CameraPoint,TeethBeastCatchCamera,TeethBeastCatchCameraPoint,Run|GoDown,,,3,687,15,,Idle,2600,,1,,,,,,,,,,,,,,,,,,2,,,100,,120,100,0.1,1.15,1.2,0.85,240,80,3,1,,"0,0,0",0,,,,,,,,,,,
70042,,[生存]精灵鹿,,2,4,,M001_ElfDear,EmCommon,M001_ElfDear,,0,,MHFC_CameraPoint,,MHFC_CameraPoint,FlyDragonCatchCamera,FlyDragonCatchCameraPoint,Run,,,0.2,,15,,,,,1,,,,,,,,,,,,,,,,,,1,,,100,,120,100,0.1,1.15,1.2,0.85,240,80,3,1,,"0,0,0",0,,,,,,,,,,,
70043,,[生存]雪山麋鹿,,2,0,,M002_MountainDear,EmCommon,M002_MountainDear,,0,,MHFC_CameraPoint,,MHFC_CameraPoint,FlyDragonCatchCamera,FlyDragonCatchCameraPoint,Run,,,0.2,,15,,,,,1,,,,,,,,,,,,,,,,,,1,,,100,,120,100,0.1,1.15,1.2,0.85,240,80,3,1,,"0,0,0",0,,,,,,,,,,,
70044,,[生存]猛犸象,,2,4,,M003,EmCommon,M003,,0,,MHFC_CameraPoint,,MHFC_CameraPoint,FlyDragonCatchCamera,FlyDragonCatchCameraPoint,Run,1,,3,,15,,0,1800,,1,,,,,,,,,,,,,,,,,,1,,,100,,120,100,0.1,1.15,1.2,0.85,240,80,3,1,,"0,0,0",0,,,,,,,,,,,
70045,,[生存]香菇猪,,2,0,,M004,EmCommon,M004,,0,,MHFC_CameraPoint,,MHFC_CameraPoint,FlyDragonCatchCamera,FlyDragonCatchCameraPoint,Run,,,0.15,,15,,,,,1,,,,,,,,,,,,,,,,,,1,,,100,,120,100,0.1,1.15,1.2,0.85,240,80,3,1,,"0,0,0",0,,,,,,,,,,,
70046,,[生存]野猪,,2,1,,M005,EmCommon,M005,,0,,MHFC_CameraPoint,,MHFC_CameraPoint,FlyDragonCatchCamera,FlyDragonCatchCameraPoint,Run,,,1.3,,15,,,200,,1,,,,,,,,,,,,,,,,,,1,,,100,,120,100,0.1,1.15,1.2,0.85,240,80,3,1,,"0,0,0",0,,,,,,,,,,,
70047,,[生存]蓝速龙,,2,3,,M006,EmCommon,M006,,0,,MHFC_CameraPoint,,MHFC_CameraPoint,FlyDragonCatchCamera,FlyDragonCatchCameraPoint,Run,,,0.3,,15,,,200,,1,,,,,,,,,,,,,,,,,,1,,,100,,120,100,0.1,1.15,1.2,0.85,240,80,3,1,,"0,0,0",0,,,,,,,,,,,
70048,,[生存]黄速龙,,2,4,,M007_RaptorBrass,EmCommon,M007_RaptorBrass,,0,,MHFC_CameraPoint,,MHFC_CameraPoint,FlyDragonCatchCamera,FlyDragonCatchCameraPoint,Run,,,0.3,,15,,,200,,1,,,,,,,,,,,,,,,,,,1,,,100,,120,100,0.1,1.15,1.2,0.85,240,80,3,1,,"0,0,0",0,,,,,,,,,,,
70049,,[生存]草食龙,,2,4,,M012,EmCommon,M012,,0,,MHFC_CameraPoint,,MHFC_CameraPoint,FlyDragonCatchCamera,FlyDragonCatchCameraPoint,Run,1,,3,,15,,0,1800,,1,,,,,,,,,,,,,,,,,,1,,,100,,120,100,0.1,1.15,1.2,0.85,240,80,3,1,,"0,0,0",0,,,,,,,,,,,
70050,,[生存]龟壳龙,,2,4,,M013_Shellsous,EmCommon,M013_Shellsous,,0,,MHFC_CameraPoint,,MHFC_CameraPoint,FlyDragonCatchCamera,FlyDragonCatchCameraPoint,Run,1,,3,,15,,0,1800,,1,,,,,,,,,,,,,,,,,,1,,,100,,120,100,0.1,1.15,1.2,0.85,240,80,3,1,,"0,0,0",0,,,,,,,,,,,
70051,,[配信Raid]嘲讽奇面族,,2,1,,M020Raid_Taunt,EmCommon,M020Raid_Taunt,,0,,MHFC_CameraPoint,,MHFC_CameraPoint,FlyDragonCatchCamera,FlyDragonCatchCameraPoint,Run,1,,3,,15,,0,1800,,1,,,,,,,,,,,,,,,,,,1,,,100,,120,100,0.1,1.15,1.2,0.85,240,80,3,1,,"0,0,0",0,,,,,,,,,,,
70052,,[配信Raid]减肉质奇面族,,2,1,,M020Raid_Debuff,EmCommon,M020Raid_Debuff,,0,,MHFC_CameraPoint,,MHFC_CameraPoint,FlyDragonCatchCamera,FlyDragonCatchCameraPoint,Run,1,,3,,15,,0,1800,,1,,,,,,,,,,,,,,,,,,1,,,100,,120,100,0.1,1.15,1.2,0.85,240,80,3,1,,"0,0,0",0,,,,,,,,,,,
70053,,[配信Raid]大便玉奇面族,,2,1,,M020Raid_ShitBall,EmCommon,M020Raid_ShitBall,,0,,MHFC_CameraPoint,,MHFC_CameraPoint,FlyDragonCatchCamera,FlyDragonCatchCameraPoint,Run,1,,3,,15,,0,1800,,1,,,,,,,,,,,,,,,,,,1,,,100,,120,100,0.1,1.15,1.2,0.85,240,80,3,1,,"0,0,0",0,,,,,,,,,,,
70054,,[配信Raid]麻痹奇面族,,2,1,,M020Raid_Paralysis,EmCommon,M020Raid_Paralysis,,0,,MHFC_CameraPoint,,MHFC_CameraPoint,FlyDragonCatchCamera,FlyDragonCatchCameraPoint,Run,1,,3,,15,,0,1800,,1,,,,,,,,,,,,,,,,,,1,,,100,,120,100,0.1,1.15,1.2,0.85,240,80,3,1,,"0,0,0",0,,,,,,,,,,,
70055,,[配信Raid]野猪,,2,1,,M005Raid,EmCommon,M005Raid,,0,,MHFC_CameraPoint,,MHFC_CameraPoint,FlyDragonCatchCamera,FlyDragonCatchCameraPoint,Run,,,1.3,,15,,,200,,1,,,,,,,,,,,,,,,,,,1,,,100,,120,100,0.1,1.15,1.2,0.85,240,80,3,1,,"0,0,0",0,,,,,,,,,,,
70057,,[配信Raid]电龙电球,,2,0,,Em012_BallRaid,EmCommon,Em012_BallRaid,0,,,,,,,,,,,,,,,,,,,,,,,,,,,,,,,,,,,,,,,100,,120,100,0.1,1.15,1.2,0.85,240,80,3,1,,"0,0,0",0,,,,,,,,,,,
70058,,[配信Raid]电龙追踪电球,,2,0,,Em012_TraceBallRaid,EmCommon,Em012_TraceBallRaid,0,,,,,,,,,,,,,,,,,,,,,,,,,,,,,,,,,,,,,,,100,,120,100,0.1,1.15,1.2,0.85,240,80,3,1,,"0,0,0",0,,,,,,,,,,,
70059,,空之王者用雄火龙,,1,0|2,,Em025_Activity,EmCommon,Em025_Activity,1,0,FlyDragonDeathCamera,MHFC_CameraPoint,,MHFC_CameraPoint,FlyDragonCatchCamera,FlyDragonCatchCameraPoint,Fly,1,,4,1662,15,,Idle,4000,,1,,,,,,,,,,,,,,,,,,2,,,100,,220,100,0.05,1.25,1.3,0.95,240,80,3,1,,"0,0,0",0,,,,,,,,,,,
70060,,雪仗用大雪球,,2,0,,SnowBall_Activity,EmCommon,SnowBall_Activity,0,,,,,,,,,1,,,,,,,,,,,,,,,,,,,,,,,,,,,,,,100,,120,100,0.1,1.15,1.2,0.85,240,80,3,1,,"0,0,0",0,,,,,,,,,,,
70061,,[年兽]年兽,,1,0,,Em008_NewYear,EmCommon,Em008_NewYear,2,0,TeethBeastDeathCamera,MHFC_CameraPoint,,MHFC_CameraPoint,TeethBeastCatchCamera,TeethBeastCatchCameraPoint,Run|Fly,1,,3,1043,15,,Idle,4000,,1,,,,,,,,,,,,,,,,,,2,,,100,,120,100,0.1,1.15,1.2,0.9,240,80,3,1,,"0,0,0",0,,,,,,,,,,,
70062,,[年兽]大厨猫,,2,0,,M010_ChiefCat_NewYear,EmCommon,M010_ChiefCat_NewYear,,0,,MHFC_CameraPoint,,MHFC_CameraPoint,FlyDragonCatchCamera,FlyDragonCatchCameraPoint,,,,0.2,,15,,,,,1,,,,,,,,,,,,,,,,,,1,,,100,,120,100,0.1,1.15,1.2,1,240,80,3,1,,"0,0,0",0,,,,,,,,,,,
70063,,[年兽]补给猫,,2,0,,M010_SupplyCat_NewYear,EmCommon,M010_SupplyCat_NewYear,,0,,MHFC_CameraPoint,,MHFC_CameraPoint,FlyDragonCatchCamera,FlyDragonCatchCameraPoint,,,,0.2,,15,,,,,1,,,,,,,,,,,,,,,,,,1,,,100,,120,100,0.1,1.15,1.2,1,240,80,3,1,,"0,0,0",0,,,,,,,,,,,
70064,,[年兽]礼花猫,,2,0,,M010_BombCat_NewYear,EmCommon,M010_BombCat_NewYear,,0,,MHFC_CameraPoint,,MHFC_CameraPoint,FlyDragonCatchCamera,FlyDragonCatchCameraPoint,,,,0.2,,15,,,,,1,,,,,,,,,,,,,,,,,,1,,,100,,120,100,0.1,1.15,1.2,1,240,80,3,1,,"0,0,0",0,,,,,,,,,,,
70065,,[年兽]关卡用烟花,,2,0,,FireWork_Launcher,EmCommon,FireWork_Launcher,,0,,MHFC_CameraPoint,,MHFC_CameraPoint,FlyDragonCatchCamera,FlyDragonCatchCameraPoint,,,,0.2,,15,,,,,1,,,,,,,,,,,,,,,,,,1,,,100,,120,100,0.1,1.15,1.2,1,240,80,3,1,,"0,0,0",0,,,,,,,,,,,
70066,,眼镜哥哥,,1,0,,Tao,EmCommon,Tao,,0,,MHFC_CameraPoint,,MHFC_CameraPoint,FlyDragonCatchCamera,FlyDragonCatchCameraPoint,,,,0.2,,15,,,,,1,,,,,,,,,,,,,,,,,,1,,,100,,120,100,0.1,1.15,1.2,1,240,80,3,1,,"0,0,0",0,,,,,,,,,,,
70068,60420,金狮子,,1,0,,Em042_SP01,EmCommon,Em042_SP01,2,0,TeethBeastDeathCamera,MHFC_CameraPoint,,MHFC_CameraPoint,TeethBeastCatchCamera,TeethBeastCatchCameraPoint,Run,,,3,1008,0,,Idle,2600,,1,,,,,,,,,,,,,,,,,,3,,,100,,120,100,0.1,1.13,1.18,0.82,99999,9999,3,1,,"0,0,0",0,,,,,,,,,,,
70069,,龙击枪,,2,0,,DragonGun,EmCommon,DragonGun,0,,,,,,,,,,,,,,,,,,,,,,,,,,,,,,,,,,,,1,,,100,,120,100,0.1,1.15,1.2,1,240,80,3,1,,"0,0,0",0,,,,,,,,,,,
70070,60410,老山龙,60410,1,0,,Em041_Dead,EmCommon,Em041_Dead,5,0,HugeDragonDeathCamera,MHFC_CameraPoint,,MHFC_CameraPoint,HugeDragonCatchCamera,HugeDragonCatchCameraPoint,Run,1,,4,1585,15,,Idle,4000,,1,,,,,,,,,,,,,,,,,,2,,,100,,180,100,0.1,1.15,1.2,0.95,240,80,3,1,AL01,"0,0,-3",0,,,,,,,,,,,
70100,,飞艇受击船体,,2,0,,Boat,EmCommon,Boat,,0,,MHFC_CameraPoint,,MHFC_CameraPoint,FlyDragonCatchCamera,FlyDragonCatchCameraPoint,,,,3,,15,,,,,1,,,,,,,,,,,,,,,,,,1,,,100,,120,100,0.1,1.15,1.2,0.85,240,80,3,1,,"0,0,0",0,,,,,,,,,,,
70101,,05关滚石,,2,0,,RollingStone,EmCommon,RollingStone,0,,,,,,,TeethBeastCatchCameraPoint,,1,,,,,,,,,,,,,,,,,,,,,,,,,,,,,,100,,120,100,0.1,1.15,1.2,0.85,240,80,3,1,,"0,0,0",0,,,,,,,,,,,
70123,,新手引导关草食龙,,2,0,,M012,EmCommon,M012,1,0,,MHFC_CameraPoint,,MHFC_CameraPoint,FlyDragonCatchCamera,FlyDragonCatchCameraPoint,Run,1,,3,,15,,0,1800,,1,,,,,,,,,,,,,,,,,,1,,,100,,120,100,0.1,1.15,1.2,0.85,240,80,3,1,,"0,0,0",0,,,,,,,,,,,
70163,,新手引导关蓝速龙,,2,3,,M006,EmCommon,M006,,0,,MHFC_CameraPoint,,MHFC_CameraPoint,FlyDragonCatchCamera,FlyDragonCatchCameraPoint,Run,,,0.3,,15,,,200,,1,,,,,,,,,,,,,,,,,,1,,,100,,120,100,0.1,1.15,1.2,0.85,240,80,3,1,,"0,0,0",0,,,,,,,,,,,
70200,50050,[塔防]野猪,50050,2,1,,M005_TD01,EmCommon,M005_TD01,,0,,MHFC_CameraPoint,,MHFC_CameraPoint,FlyDragonCatchCamera,FlyDragonCatchCameraPoint,Run,,,1.3,,15,,,200,,1,,,,,,,,,,,,,,,,,,1,,,100,,120,100,0.1,1.15,1.2,1,240,80,3,1,,"0,0,0",0,,,,,,,,,,,
70201,50060,[塔防]蓝速龙,50060,2,1,,M006_TD01,EmCommon,M006_TD01,,0,,MHFC_CameraPoint,,MHFC_CameraPoint,FlyDragonCatchCamera,FlyDragonCatchCameraPoint,Run,,,1.3,,15,,,200,,1,,,,,,,,,,,,,,,,,,1,,,100,,120,100,0.1,1.15,1.2,1,240,80,3,1,,"0,0,0",0,,,,,,,,,,,
70202,50070,[塔防]黄速龙,50070,2,4,,M007_TD01,EmCommon,M007_TD01,,0,,MHFC_CameraPoint,,MHFC_CameraPoint,FlyDragonCatchCamera,FlyDragonCatchCameraPoint,Run,,,0.3,,15,,,200,,1,,,,,,,,,,,,,,,,,,1,,,100,,120,100,0.1,1.15,1.2,1,240,80,3,1,,"0,0,0",0,,,,,,,,,,,
70203,50080,[塔防]红速龙,50080,2,4,,M008_TD01,EmCommon,M008_TD01,,0,,MHFC_CameraPoint,,MHFC_CameraPoint,FlyDragonCatchCamera,FlyDragonCatchCameraPoint,Run,,,0.3,,15,,,200,,1,,,,,,,,,,,,,,,,,,1,,,100,,120,100,0.1,1.15,1.2,1,240,80,3,1,,"0,0,0",0,,,,,,,,,,,
70204,60030,[塔防]野猪王,50050,2,1,,M005_TD02,EmCommon,M005_TD02,,0,,MHFC_CameraPoint,,MHFC_CameraPoint,FlyDragonCatchCamera,FlyDragonCatchCameraPoint,Run,,,1.3,,15,,,200,,1,,,,,,,,,,,,,,,,,,1,,,100,,120,100,0.1,1.15,1.2,1,240,80,3,1,,"0,0,0",0,,,,,,,,,,,
70205,60020,[塔防]蓝速龙王,50060,2,1,,M006_TD02,EmCommon,M006_TD02,,0,,MHFC_CameraPoint,,MHFC_CameraPoint,FlyDragonCatchCamera,FlyDragonCatchCameraPoint,Run,,,1.3,,15,,,200,,1,,,,,,,,,,,,,,,,,,1,,,100,,120,100,0.1,1.15,1.2,1,240,80,3,1,,"0,0,0",0,,,,,,,,,,,
70206,60060,[塔防]黄速龙王,50070,2,4,,M007_TD02,EmCommon,M007_TD02,,0,,MHFC_CameraPoint,,MHFC_CameraPoint,FlyDragonCatchCamera,FlyDragonCatchCameraPoint,Run,,,0.3,,15,,,200,,1,,,,,,,,,,,,,,,,,,1,,,100,,120,100,0.1,1.15,1.2,1,240,80,3,1,,"0,0,0",0,,,,,,,,,,,
70207,60022,[塔防]红速龙王,50080,2,4,,M008_TD02,EmCommon,M008_TD02,,0,,MHFC_CameraPoint,,MHFC_CameraPoint,FlyDragonCatchCamera,FlyDragonCatchCameraPoint,Run,,,0.3,,15,,,200,,1,,,,,,,,,,,,,,,,,,1,,,100,,120,100,0.1,1.15,1.2,1,240,80,3,1,,"0,0,0",0,,,,,,,,,,,
70208,60040,[塔防]大怪鸟,60040,1,2,,Em004_TD01,EmCommon,Em004_TD01,3,0,FlyDragonDeathCamera,MHFC_CameraPoint,,MHFC_CameraPoint,FlyDragonCatchCamera,FlyDragonCatchCameraPoint,Fly,,,2.5,938,20,,,,,1,,,,,,,,,,,,,,,,,,2,,,100,,120,100,0.1,1.15,1.2,0.85,240,80,3,1,,"0,0,0",0,0,5,5,10,10,3000000,100,100,,,
70271,,吞龙飞肉一,,2,0,,Em027_u02_Meat01,EmCommon,Em027_u02_Meat01,0,,,,,,,,,,,,,,,,,,,,,,,,,,,,,,,,,,,,,,,100,,120,100,0.1,1.15,1.2,0.85,240,80,3,1,,"0,0,0",0,,,,,,,,,,,
70272,,吞龙飞肉二,,2,0,,Em027_u02_Meat02,EmCommon,Em027_u02_Meat02,0,,,,,,,,,,,,,,,,,,,,,,,,,,,,,,,,,,,,,,,100,,120,100,0.1,1.15,1.2,0.85,240,80,3,1,,"0,0,0",0,,,,,,,,,,,
70273,,吞龙飞肉三,,2,0,,Em027_u02_Meat03,EmCommon,Em027_u02_Meat03,0,,,,,,,,,,,,,,,,,,,,,,,,,,,,,,,,,,,,,,,100,,120,100,0.1,1.15,1.2,0.85,240,80,3,1,,"0,0,0",0,,,,,,,,,,,
78000,,艾露猫主动技-飞机轰炸,,2,1,,PetSkillEntity_Boom_Lv1,EmCommon,PetSkillEntity_Boom_Lv1,0,,,,,,,,,,,,,,,,,,,,,,,,,,,,,,,,,,,,1,,,100,,120,100,0.1,1.15,1.2,1,240,80,3,1,,"0,0,0",0,,,,,,,,,1,,1
78001,,艾露猫主动技-飞机轰炸,,2,1,,PetSkillEntity_Boom_Lv2,EmCommon,PetSkillEntity_Boom_Lv2,0,,,,,,,,,,,,,,,,,,,,,,,,,,,,,,,,,,,,1,,,100,,120,100,0.1,1.15,1.2,1,240,80,3,1,,"0,0,0",0,,,,,,,,,1,,1
78002,,艾露猫主动技-飞机轰炸,,2,1,,PetSkillEntity_Boom_Lv3,EmCommon,PetSkillEntity_Boom_Lv3,0,,,,,,,,,,,,,,,,,,,,,,,,,,,,,,,,,,,,1,,,100,,120,100,0.1,1.15,1.2,1,240,80,3,1,,"0,0,0",0,,,,,,,,,1,,1
78003,,艾露猫主动技-飞机轰炸,,2,1,,PetSkillEntity_Boom_Lv4,EmCommon,PetSkillEntity_Boom_Lv4,0,,,,,,,,,,,,,,,,,,,,,,,,,,,,,,,,,,,,1,,,100,,120,100,0.1,1.15,1.2,1,240,80,3,1,,"0,0,0",0,,,,,,,,,1,,1
78010,,艾露猫主动技-猫雕像,,2,1,,PetSkillEntity_Attract_Lv1,EmCommon,PetSkillEntity_Attract_Lv1,0,,,,,,,,,,,,,,,,,,,,,,,,,,,,,,,,,,,,1,,,100,,120,100,0.1,1.15,1.2,1,240,80,3,1,,"0,0,0",0,,,,,,,,,,,
78011,,艾露猫主动技-猫雕像,78010,2,1,,PetSkillEntity_Attract_Lv2,EmCommon,PetSkillEntity_Attract_Lv2,0,,,,,,,,,,,,,,,,,,,,,,,,,,,,,,,,,,,,1,,,100,,120,100,0.1,1.15,1.2,1,240,80,3,1,,"0,0,0",0,,,,,,,,,,,
78012,,艾露猫主动技-猫雕像,78010,2,1,,PetSkillEntity_Attract_Lv3,EmCommon,PetSkillEntity_Attract_Lv3,0,,,,,,,,,,,,,,,,,,,,,,,,,,,,,,,,,,,,1,,,100,,120,100,0.1,1.15,1.2,1,240,80,3,1,,"0,0,0",0,,,,,,,,,,,
78013,,艾露猫主动技-猫雕像,78010,2,1,,PetSkillEntity_Attract_Lv4,EmCommon,PetSkillEntity_Attract_Lv4,0,,,,,,,,,,,,,,,,,,,,,,,,,,,,,,,,,,,,1,,,100,,120,100,0.1,1.15,1.2,1,240,80,3,1,,"0,0,0",0,,,,,,,,,,,
80011,,稻草河狸兽,,2,0,,Em001_jackstraw,EmCommon,Em001_jackstraw,2,0,TeethBeastDeathCamera,MHFC_CameraPoint,,MHFC_CameraPoint,TeethBeastCatchCamera,TeethBeastCatchCameraPoint,Run|Swim,,,3,687,15,,Idle,2600,,1,,,,,,,,,,,,,,,,,,2,,,100,,120,100,0.1,1.05,1.1,0.85,360,80,3,1,,"0,0,0",0,,,,,,,,,,,
83030,,刚鬣金彘的尖牙,,6,0,,Em003_u01_Tail,EmCommon,Em003_u01_Tail,,0,TeethBeastDeathCamera,MHFC_CameraPoint,,MHFC_CameraPoint,TeethBeastCatchCamera,TeethBeastCatchCameraPoint,Run|Swim,1,,1,,15,,Idle,4000,,1,,,,,,,,,,,,,,,,,,2,,,100,,120,100,0.1,1.15,1.2,0.85,240,80,3,1,,"0,0,0",0,0,0,0,0,0,3000000,100,100,,,
83130,,星龙的尾巴,,6,0,,Em013_Tail,EmCommon,Em013_Tail,,0,TeethBeastDeathCamera,MHFC_CameraPoint,,MHFC_CameraPoint,TeethBeastCatchCamera,TeethBeastCatchCameraPoint,Run|Swim,1,,1,,15,,Idle,4000,,1,,,,,,,,,,,,,,,,,,2,,,100,,120,100,0.1,1.15,1.2,0.85,240,80,3,1,,"0,0,0",0,0,0,0,0,0,3000000,100,100,,,
83131,,祸星龙的尾巴,,6,0,,Em013_u01_Tail,EmCommon,Em013_u01_Tail,,0,TeethBeastDeathCamera,MHFC_CameraPoint,,MHFC_CameraPoint,TeethBeastCatchCamera,TeethBeastCatchCameraPoint,Run|Swim,1,,1,,15,,Idle,4000,,1,,,,,,,,,,,,,,,,,,2,,,100,,120,100,0.1,1.15,1.2,0.85,240,80,3,1,,"0,0,0",0,0,0,0,0,0,3000000,100,100,,,
83134,,灭星龙的尾巴,,6,0,,Em013_u02_Tail,EmCommon,Em013_u02_Tail,,0,TeethBeastDeathCamera,MHFC_CameraPoint,,MHFC_CameraPoint,TeethBeastCatchCamera,TeethBeastCatchCameraPoint,Run|Swim,1,,1,,15,,Idle,4000,,1,,,,,,,,,,,,,,,,,,2,,,100,,120,100,0.1,1.15,1.2,0.85,240,80,3,1,,"0,0,0",0,0,0,0,0,0,3000000,100,100,,,
83190,,黑狼鸟的尾巴,,6,0,,Em019_Tail,EmCommon,Em019_Tail,,0,TeethBeastDeathCamera,MHFC_CameraPoint,,MHFC_CameraPoint,TeethBeastCatchCamera,TeethBeastCatchCameraPoint,Run|Swim,1,,1,,15,,Idle,4000,,1,,,,,,,,,,,,,,,,,,2,,,100,,120,100,0.1,1.15,1.2,0.85,240,80,3,1,,"0,0,0",0,0,0,0,0,0,3000000,100,100,,,
83191,,独耳黑狼鸟的尾巴,,6,0,,Em019_u01_Tail,EmCommon,Em019_u01_Tail,,0,TeethBeastDeathCamera,MHFC_CameraPoint,,MHFC_CameraPoint,TeethBeastCatchCamera,TeethBeastCatchCameraPoint,Run|Swim,1,,1,,15,,Idle,4000,,1,,,,,,,,,,,,,,,,,,2,,,100,,120,100,0.1,1.15,1.2,0.85,240,80,3,1,,"0,0,0",0,0,0,0,0,0,3000000,100,100,,,
83200,,一角龙的尾巴,,6,0,,Em020_Tail,EmCommon,Em020_Tail,,0,TeethBeastDeathCamera,MHFC_CameraPoint,,MHFC_CameraPoint,TeethBeastCatchCamera,TeethBeastCatchCameraPoint,Run|Swim,1,,1,,15,,Idle,4000,,1,,,,,,,,,,,,,,,,,,2,,,100,,120,100,0.1,1.15,1.2,0.85,240,80,3,1,,"0,0,0",0,0,0,0,0,0,3000000,100,100,,,
83201,,白一角龙的尾巴,,6,0,,Em020_u01_Tail,EmCommon,Em020_u01_Tail,,0,TeethBeastDeathCamera,MHFC_CameraPoint,,MHFC_CameraPoint,TeethBeastCatchCamera,TeethBeastCatchCameraPoint,Run|Swim,1,,1,,15,,Idle,4000,,1,,,,,,,,,,,,,,,,,,2,,,100,,120,100,0.1,1.15,1.2,0.85,240,80,3,1,,"0,0,0",0,0,0,0,0,0,3000000,100,100,,,
83202,,断刃一角龙的尾巴,,6,0,,Em020_u02_Tail,EmCommon,Em020_u02_Tail,,0,TeethBeastDeathCamera,MHFC_CameraPoint,,MHFC_CameraPoint,TeethBeastCatchCamera,TeethBeastCatchCameraPoint,Run|Swim,1,,1,,15,,Idle,4000,,1,,,,,,,,,,,,,,,,,,2,,,100,,120,100,0.1,1.15,1.2,0.85,240,80,3,1,,"0,0,0",0,0,0,0,0,0,3000000,100,100,,,
83210,,雌火龙的尾巴,,6,0,,Em021_Tail,EmCommon,Em021_Tail,,0,TeethBeastDeathCamera,MHFC_CameraPoint,,MHFC_CameraPoint,TeethBeastCatchCamera,TeethBeastCatchCameraPoint,Run|Swim,1,,1,,15,,Idle,4000,,1,,,,,,,,,,,,,,,,,,2,,,100,,120,100,0.1,1.15,1.2,0.85,240,80,3,1,,"0,0,0",0,0,0,0,0,0,3000000,100,100,,,
83211,,樱火龙的尾巴,,6,0,,Em021_u01_Tail,EmCommon,Em021_u01_Tail,,0,TeethBeastDeathCamera,MHFC_CameraPoint,,MHFC_CameraPoint,TeethBeastCatchCamera,TeethBeastCatchCameraPoint,Run|Swim,1,,1,,15,,Idle,4000,,1,,,,,,,,,,,,,,,,,,2,,,100,,120,100,0.1,1.15,1.2,0.85,240,80,3,1,,"0,0,0",0,0,0,0,0,0,3000000,100,100,,,
83212,,金火龙的尾巴,,6,0,,Em021_u02_Tail,EmCommon,Em021_u02_Tail,,0,TeethBeastDeathCamera,MHFC_CameraPoint,,MHFC_CameraPoint,TeethBeastCatchCamera,TeethBeastCatchCameraPoint,Run|Swim,1,,1,,15,,Idle,4000,,1,,,,,,,,,,,,,,,,,,2,,,100,,120,100,0.1,1.15,1.2,0.85,240,80,3,1,,"0,0,0",0,0,0,0,0,0,3000000,100,100,,,
83218,,烈焰女王的尾巴,,6,0,,Em021_3_Tail,EmCommon,Em021_3_Tail,,0,TeethBeastDeathCamera,MHFC_CameraPoint,,MHFC_CameraPoint,TeethBeastCatchCamera,TeethBeastCatchCameraPoint,Run|Swim,1,,1,,15,,Idle,4000,,1,,,,,,,,,,,,,,,,,,2,,,100,,120,100,0.1,1.15,1.2,0.85,240,80,3,1,,"0,0,0",0,0,0,0,0,0,3000000,100,100,,,
83230,,岩龙的尾巴,,6,0,,Em023_Tail,EmCommon,Em023_Tail,,0,TeethBeastDeathCamera,MHFC_CameraPoint,,MHFC_CameraPoint,TeethBeastCatchCamera,TeethBeastCatchCameraPoint,Run|Swim,1,,1,,15,,Idle,4000,,1,,,,,,,,,,,,,,,,,,2,,,100,,120,100,0.1,1.15,1.2,0.85,240,80,3,1,,"0,0,0",0,0,0,0,0,0,3000000,100,100,,,
83231,,砂岩龙的尾巴,,6,0,,Em023_u01_Tail,EmCommon,Em023_u01_Tail,,0,TeethBeastDeathCamera,MHFC_CameraPoint,,MHFC_CameraPoint,TeethBeastCatchCamera,TeethBeastCatchCameraPoint,Run|Swim,1,,1,,15,,Idle,4000,,1,,,,,,,,,,,,,,,,,,2,,,100,,120,100,0.1,1.15,1.2,0.85,240,80,3,1,,"0,0,0",0,0,0,0,0,0,3000000,100,100,,,
83232,,晶岩龙的尾巴,,6,0,,Em023_u02_Tail,EmCommon,Em023_u02_Tail,,0,TeethBeastDeathCamera,MHFC_CameraPoint,,MHFC_CameraPoint,TeethBeastCatchCamera,TeethBeastCatchCameraPoint,Run|Swim,1,,1,,15,,Idle,4000,,1,,,,,,,,,,,,,,,,,,2,,,100,,120,100,0.1,1.15,1.2,0.85,240,80,3,1,,"0,0,0",0,0,0,0,0,0,3000000,100,100,,,
83250,,雄火龙的尾巴,,6,0,,Em025_Tail,EmCommon,Em025_Tail,,0,TeethBeastDeathCamera,MHFC_CameraPoint,,MHFC_CameraPoint,TeethBeastCatchCamera,TeethBeastCatchCameraPoint,Run|Swim,1,,1,,15,,Idle,4000,,1,,,,,,,,,,,,,,,,,,2,,,100,,120,100,0.1,1.15,1.2,0.85,240,80,3,1,,"0,0,0",0,0,0,0,0,0,3000000,100,100,,,
83251,,苍火龙的尾巴,,6,0,,Em025_u01_Tail,EmCommon,Em025_u01_Tail,,0,TeethBeastDeathCamera,MHFC_CameraPoint,,MHFC_CameraPoint,TeethBeastCatchCamera,TeethBeastCatchCameraPoint,Run|Swim,1,,1,,15,,Idle,4000,,1,,,,,,,,,,,,,,,,,,2,,,100,,120,100,0.1,1.15,1.2,0.85,240,80,3,1,,"0,0,0",0,0,0,0,0,0,3000000,100,100,,,
83252,,银火龙的尾巴,,6,0,,Em025_u02_Tail,EmCommon,Em025_u02_Tail,,0,TeethBeastDeathCamera,MHFC_CameraPoint,,MHFC_CameraPoint,TeethBeastCatchCamera,TeethBeastCatchCameraPoint,Run|Swim,1,,1,,15,,Idle,4000,,1,,,,,,,,,,,,,,,,,,2,,,100,,120,100,0.1,1.15,1.2,0.85,240,80,3,1,,"0,0,0",0,0,0,0,0,0,3000000,100,100,,,
83254,,奇烈银火龙的尾巴,,6,0,,Em025_u04_Tail,EmCommon,Em025_u04_Tail,,0,TeethBeastDeathCamera,MHFC_CameraPoint,,MHFC_CameraPoint,TeethBeastCatchCamera,TeethBeastCatchCameraPoint,Run|Swim,1,,1,,15,,Idle,4000,,1,,,,,,,,,,,,,,,,,,2,,,100,,120,100,0.1,1.15,1.2,0.85,240,80,3,1,,"0,0,0",0,0,0,0,0,0,3000000,100,100,,,
83260,,尾晶蝎的尾巴,,6,0,,Em026_Tail,EmCommon,Em026_Tail,,0,TeethBeastDeathCamera,MHFC_CameraPoint,,MHFC_CameraPoint,TeethBeastCatchCamera,TeethBeastCatchCameraPoint,Run|Swim,1,,1,,15,,Idle,4000,,1,,,,,,,,,,,,,,,,,,2,,,100,,120,100,0.1,1.15,1.2,0.85,240,80,3,1,,"0,0,0",0,0,0,0,0,0,3000000,100,100,,,
83261,,灰晶蝎的尾巴,,6,0,,Em026_u01_Tail,EmCommon,Em026_u01_Tail,,0,TeethBeastDeathCamera,MHFC_CameraPoint,,MHFC_CameraPoint,TeethBeastCatchCamera,TeethBeastCatchCameraPoint,Run|Swim,1,,1,,15,,Idle,4000,,1,,,,,,,,,,,,,,,,,,2,,,100,,120,100,0.1,1.15,1.2,0.85,240,80,3,1,,"0,0,0",0,0,0,0,0,0,3000000,100,100,,,
83262,,奇烈尾晶蝎的尾巴,,6,0,,Em026_u02_Tail,EmCommon,Em026_u02_Tail,,0,TeethBeastDeathCamera,MHFC_CameraPoint,,MHFC_CameraPoint,TeethBeastCatchCamera,TeethBeastCatchCameraPoint,Run|Swim,1,,1,,15,,Idle,4000,,1,,,,,,,,,,,,,,,,,,2,,,100,,120,100,0.1,1.15,1.2,0.85,240,80,3,1,,"0,0,0",0,0,0,0,0,0,3000000,100,100,,,
83280,,轰龙的尾巴,,6,0,,Em028_Tail,EmCommon,Em028_Tail,,0,TeethBeastDeathCamera,MHFC_CameraPoint,,MHFC_CameraPoint,TeethBeastCatchCamera,TeethBeastCatchCameraPoint,Run|Swim,1,,1,,15,,Idle,4000,,1,,,,,,,,,,,,,,,,,,2,,,100,,120,100,0.1,1.15,1.2,0.85,240,80,3,1,,"0,0,0",0,0,0,0,0,0,3000000,100,100,,,
83281,,炎轰龙的尾巴,,6,0,,Em028_u01Tail,EmCommon,Em028_u01Tail,,0,TeethBeastDeathCamera,MHFC_CameraPoint,,MHFC_CameraPoint,TeethBeastCatchCamera,TeethBeastCatchCameraPoint,Run|Swim,1,,1,,15,,Idle,4000,,1,,,,,,,,,,,,,,,,,,2,,,100,,120,100,0.1,1.15,1.2,0.85,240,80,3,1,,"0,0,0",0,0,0,0,0,0,3000000,100,100,,,
83282,,雪山轰龙的尾巴,,6,0,,Em028YuKi_Tail,EmCommon,Em028YuKi_Tail,,0,TeethBeastDeathCamera,MHFC_CameraPoint,,MHFC_CameraPoint,TeethBeastCatchCamera,TeethBeastCatchCameraPoint,Run|Swim,1,,1,,15,,Idle,4000,,1,,,,,,,,,,,,,,,,,,2,,,100,,120,100,0.1,1.15,1.2,0.85,240,80,3,1,,"0,0,0",0,0,0,0,0,0,3000000,100,100,,,
83300,,角龙的尾巴,,6,0,,Em030_Tail,EmCommon,Em030_Tail,,0,TeethBeastDeathCamera,MHFC_CameraPoint,,MHFC_CameraPoint,TeethBeastCatchCamera,TeethBeastCatchCameraPoint,Run|Swim,1,,1,,15,,Idle,4000,,1,,,,,,,,,,,,,,,,,,2,,,100,,120,100,0.1,1.15,1.2,0.85,240,80,3,1,,"0,0,0",0,0,0,0,0,0,3000000,100,100,,,
83301,,黑角龙的尾巴,,6,0,,Em030_u01_Tail,EmCommon,Em030_u01_Tail,,0,TeethBeastDeathCamera,MHFC_CameraPoint,,MHFC_CameraPoint,TeethBeastCatchCamera,TeethBeastCatchCameraPoint,Run|Swim,1,,1,,15,,Idle,4000,,1,,,,,,,,,,,,,,,,,,2,,,100,,120,100,0.1,1.15,1.2,0.85,240,80,3,1,,"0,0,0",0,0,0,0,0,0,3000000,100,100,,,
83302,,奇烈黑角龙的尾巴,,6,0,,Em030_u02_Tail,EmCommon,Em030_u02_Tail,,0,TeethBeastDeathCamera,MHFC_CameraPoint,,MHFC_CameraPoint,TeethBeastCatchCamera,TeethBeastCatchCameraPoint,Run|Swim,1,,1,,15,,Idle,4000,,1,,,,,,,,,,,,,,,,,,2,,,100,,120,100,0.1,1.15,1.2,0.85,240,80,3,1,,"0,0,0",0,0,0,0,0,0,3000000,100,100,,,
83310,,钢龙的尾巴,,6,0,,Em031_Tail,EmCommon,Em031_Tail,,0,TeethBeastDeathCamera,MHFC_CameraPoint,,MHFC_CameraPoint,TeethBeastCatchCamera,TeethBeastCatchCameraPoint,Run|Swim,1,,1,,15,,Idle,4000,,1,,,,,,,,,,,,,,,,,,2,,,100,,120,100,0.1,1.15,1.2,0.85,240,80,3,1,,"0,0,0",0,0,0,0,0,0,3000000,100,100,,,
83311,,锈钢龙的尾巴,,6,0,,Em031_u01_Tail,EmCommon,Em031_u01_Tail,,0,TeethBeastDeathCamera,MHFC_CameraPoint,,MHFC_CameraPoint,TeethBeastCatchCamera,TeethBeastCatchCameraPoint,Run|Swim,1,,1,,15,,Idle,4000,,1,,,,,,,,,,,,,,,,,,2,,,100,,120,100,0.1,1.15,1.2,0.85,240,80,3,1,,"0,0,0",0,0,0,0,0,0,3000000,100,100,,,
83330,,霞龙的尾巴,,6,0,,Em033_Tail,EmCommon,Em033_Tail,,0,TeethBeastDeathCamera,MHFC_CameraPoint,,MHFC_CameraPoint,TeethBeastCatchCamera,TeethBeastCatchCameraPoint,Run|Swim,1,,1,,15,,Idle,4000,,1,,,,,,,,,,,,,,,,,,2,,,100,,120,100,0.1,1.15,1.2,0.85,240,80,3,1,,"0,0,0",0,0,0,0,0,0,3000000,100,100,,,
83360,,棘龙的尾巴,,6,0,,Em036_Tail,EmCommon,Em036_Tail,,0,TeethBeastDeathCamera,MHFC_CameraPoint,,MHFC_CameraPoint,TeethBeastCatchCamera,TeethBeastCatchCameraPoint,Run|Swim,1,,1,,15,,Idle,4000,,1,,,,,,,,,,,,,,,,,,2,,,100,,120,100,0.1,1.15,1.2,0.85,240,80,3,1,,"0,0,0",0,0,0,0,0,0,3000000,100,100,,,
83361,,棘茶龙的尾巴,,6,0,,Em036_u01_Tail,EmCommon,Em036_u01_Tail,,0,TeethBeastDeathCamera,MHFC_CameraPoint,,MHFC_CameraPoint,TeethBeastCatchCamera,TeethBeastCatchCameraPoint,Run|Swim,1,,1,,15,,Idle,4000,,1,,,,,,,,,,,,,,,,,,2,,,100,,120,100,0.1,1.15,1.2,0.85,240,80,3,1,,"0,0,0",0,0,0,0,0,0,3000000,100,100,,,
83380,,炎妃龙的尾巴,,6,0,,Em038_Tail,EmCommon,Em038_Tail,,0,TeethBeastDeathCamera,MHFC_CameraPoint,,MHFC_CameraPoint,TeethBeastCatchCamera,TeethBeastCatchCameraPoint,Run|Swim,1,,1,,15,,Idle,4000,,1,,,,,,,,,,,,,,,,,,2,,,100,,120,100,0.1,1.15,1.2,0.85,240,80,3,1,,"0,0,0",0,0,0,0,0,0,3000000,100,100,,,
83390,,凯龙的尾巴,,6,0,,Em039_Tail,EmCommon,Em039_Tail,,0,TeethBeastDeathCamera,MHFC_CameraPoint,,MHFC_CameraPoint,TeethBeastCatchCamera,TeethBeastCatchCameraPoint,Run|Swim,1,,1,,15,,Idle,4000,,1,,,,,,,,,,,,,,,,,,2,,,100,,120,100,0.1,1.15,1.2,0.85,240,80,3,1,,"0,0,0",0,0,0,0,0,0,3000000,100,100,,,
83391,,黑凯龙的尾巴,,6,0,,Em039_u01_Tail,EmCommon,Em039_u01_Tail,,0,TeethBeastDeathCamera,MHFC_CameraPoint,,MHFC_CameraPoint,TeethBeastCatchCamera,TeethBeastCatchCameraPoint,Run|Swim,1,,1,,15,,Idle,4000,,1,,,,,,,,,,,,,,,,,,2,,,100,,120,100,0.1,1.15,1.2,0.85,240,80,3,1,,"0,0,0",0,0,0,0,0,0,3000000,100,100,,,
83400,,炎王龙的尾巴,,6,0,,Em040_Tail,EmCommon,Em040_Tail,,0,TeethBeastDeathCamera,MHFC_CameraPoint,,MHFC_CameraPoint,TeethBeastCatchCamera,TeethBeastCatchCameraPoint,Run|Swim,1,,1,,15,,Idle,4000,,1,,,,,,,,,,,,,,,,,,2,,,100,,120,100,0.1,1.15,1.2,0.85,240,80,3,1,,"0,0,0",0,0,0,0,0,0,3000000,100,100,,,
83440,,舞雷龙的尾巴,,6,0,,Em044_Tail,EmCommon,Em044_Tail,,0,TeethBeastDeathCamera,MHFC_CameraPoint,,MHFC_CameraPoint,TeethBeastCatchCamera,TeethBeastCatchCameraPoint,Run|Swim,1,,1,,15,,Idle,4000,,1,,,,,,,,,,,,,,,,,,2,,,100,,120,100,0.1,1.15,1.2,0.85,240,80,3,1,,"0,0,0",0,0,0,0,0,0,3000000,100,100,,,
83441,,冥雷龙的尾巴,,6,0,,Em044_u01_Tail,EmCommon,Em044_u01_Tail,,0,TeethBeastDeathCamera,MHFC_CameraPoint,,MHFC_CameraPoint,TeethBeastCatchCamera,TeethBeastCatchCameraPoint,Run|Swim,1,,1,,15,,Idle,4000,,1,,,,,,,,,,,,,,,,,,2,,,100,,120,100,0.1,1.15,1.2,0.85,240,80,3,1,,"0,0,0",0,0,0,0,0,0,3000000,100,100,,,
83450,,霸龙的尾巴,,6,0,,Em045_Tail,EmCommon,Em045_Tail,,0,TeethBeastDeathCamera,MHFC_CameraPoint,,MHFC_CameraPoint,TeethBeastCatchCamera,TeethBeastCatchCameraPoint,Run|Swim,1,,1,,15,,Idle,4000,,1,,,,,,,,,,,,,,,,,,2,,,100,,120,100,0.1,1.15,1.2,0.85,240,80,3,1,,"0,0,0",0,0,0,0,0,0,3000000,100,100,,,
83620,,蛮龙的尾巴,,6,0,,Em062_Tail,EmCommon,Em062_Tail,,0,TeethBeastDeathCamera,MHFC_CameraPoint,,MHFC_CameraPoint,TeethBeastCatchCamera,TeethBeastCatchCameraPoint,Run|Swim,1,,1,,15,,Idle,4000,,1,,,,,,,,,,,,,,,,,,2,,,100,,120,100,0.1,1.15,1.2,0.85,240,80,3,1,,"0,0,0",0,0,0,0,0,0,3000000,100,100,,,
83710,,倾雷鸟的尾巴,,6,0,,Em071_Tail,EmCommon,Em071_Tail,,0,TeethBeastDeathCamera,MHFC_CameraPoint,,MHFC_CameraPoint,TeethBeastCatchCamera,TeethBeastCatchCameraPoint,Run|Swim,1,,1,,15,,Idle,4000,,1,,,,,,,,,,,,,,,,,,2,,,100,,120,100,0.1,1.15,1.2,0.85,240,80,3,1,,"0,0,0",0,0,0,0,0,0,3000000,100,100,,,
83870,,雷狼龙的尾巴,,6,0,,Em087_Tail,EmCommon,Em087_Tail,,0,TeethBeastDeathCamera,MHFC_CameraPoint,,MHFC_CameraPoint,TeethBeastCatchCamera,TeethBeastCatchCameraPoint,Run|Swim,1,,1,,15,,Idle,4000,,1,,,,,,,,,,,,,,,,,,2,,,100,,120,100,0.1,1.15,1.2,0.85,240,80,3,1,,"0,0,0",0,0,0,0,0,0,3000000,100,100,,,
83871,,狱狼龙的尾巴,,6,0,,Em087_u01_Tail,EmCommon,Em087_u01_Tail,,0,TeethBeastDeathCamera,MHFC_CameraPoint,,MHFC_CameraPoint,TeethBeastCatchCamera,TeethBeastCatchCameraPoint,Run|Swim,1,,1,,15,,Idle,4000,,1,,,,,,,,,,,,,,,,,,2,,,100,,120,100,0.1,1.15,1.2,0.85,240,80,3,1,,"0,0,0",0,0,0,0,0,0,3000000,100,100,,,
83880,,恐暴龙的尾巴,,6,0,,Em088_Tail,EmCommon,Em088_Tail,,0,TeethBeastDeathCamera,MHFC_CameraPoint,,MHFC_CameraPoint,TeethBeastCatchCamera,TeethBeastCatchCameraPoint,Run|Swim,1,,1,,15,,Idle,4000,,1,,,,,,,,,,,,,,,,,,2,,,100,,120,100,0.1,1.15,1.2,0.85,240,80,3,1,,"0,0,0",0,0,0,0,0,0,3000000,100,100,,,
83881,,奇烈恐暴龙的尾巴,,6,0,,Em088_u01_Tail,EmCommon,Em088_u01_Tail,,0,TeethBeastDeathCamera,MHFC_CameraPoint,,MHFC_CameraPoint,TeethBeastCatchCamera,TeethBeastCatchCameraPoint,Run|Swim,1,,1,,15,,Idle,4000,,1,,,,,,,,,,,,,,,,,,2,,,100,,120,100,0.1,1.15,1.2,0.85,240,80,3,1,,"0,0,0",0,0,0,0,0,0,3000000,100,100,,,
83890,,碎龙的尾巴,,6,0,,Em089_Tail,EmCommon,Em089_Tail,,0,TeethBeastDeathCamera,MHFC_CameraPoint,,MHFC_CameraPoint,TeethBeastCatchCamera,TeethBeastCatchCameraPoint,Run|Swim,1,,1,,15,,Idle,4000,,1,,,,,,,,,,,,,,,,,,2,,,100,,120,100,0.1,1.15,1.2,0.85,240,80,3,1,,"0,0,0",0,0,0,0,0,0,3000000,100,100,,,
83900,,冰牙龙的尾巴,,6,0,,Em090_Tail,EmCommon,Em090_Tail,,0,TeethBeastDeathCamera,MHFC_CameraPoint,,MHFC_CameraPoint,TeethBeastCatchCamera,TeethBeastCatchCameraPoint,Run|Swim,1,,1,,15,,Idle,4000,,1,,,,,,,,,,,,,,,,,,2,,,100,,120,100,0.1,1.15,1.2,0.85,240,80,3,1,,"0,0,0",0,0,0,0,0,0,3000000,100,100,,,
83910,,爆锤龙的尾巴,,6,0,,Em091_Tail,EmCommon,Em091_Tail,,0,TeethBeastDeathCamera,MHFC_CameraPoint,,MHFC_CameraPoint,TeethBeastCatchCamera,TeethBeastCatchCameraPoint,Run|Swim,1,,1,,15,,Idle,4000,,1,,,,,,,,,,,,,,,,,,2,,,100,,120,100,0.1,1.15,1.2,0.85,240,80,3,1,,"0,0,0",0,0,0,0,0,0,3000000,100,100,,,
83920,,迅龙的尾巴,,6,0,,Em092_Tail,EmCommon,Em092_Tail,,0,TeethBeastDeathCamera,MHFC_CameraPoint,,MHFC_CameraPoint,TeethBeastCatchCamera,TeethBeastCatchCameraPoint,Run|Swim,1,,1,,15,,Idle,4000,,1,,,,,,,,,,,,,,,,,,2,,,100,,120,100,0.1,1.15,1.2,0.85,240,80,3,1,,"0,0,0",0,0,0,0,0,0,3000000,100,100,,,
83921,,奇烈迅龙的尾巴,,6,0,,Em092_u01_Tail,EmCommon,Em092_u01_Tail,,0,TeethBeastDeathCamera,MHFC_CameraPoint,,MHFC_CameraPoint,TeethBeastCatchCamera,TeethBeastCatchCameraPoint,Run|Swim,1,,1,,15,,Idle,4000,,1,,,,,,,,,,,,,,,,,,2,,,100,,120,100,0.1,1.15,1.2,0.85,240,80,3,1,,"0,0,0",0,0,0,0,0,0,3000000,100,100,,,
83930,,劫龙的尾巴,,6,0,,Em047_Tail,EmCommon,Em047_Tail,,0,TeethBeastDeathCamera,MHFC_CameraPoint,,MHFC_CameraPoint,TeethBeastCatchCamera,TeethBeastCatchCameraPoint,Run|Swim,1,,1,,15,,Idle,4000,,1,,,,,,,,,,,,,,,,,,2,,,100,,120,100,0.1,1.15,1.2,0.85,240,80,3,1,,"0,0,0",0,0,0,0,0,0,3000000,100,100,,,
83931,,岚龙的尾巴,,6,0,,Em093_Tail,EmCommon,Em093_Tail,,0,TeethBeastDeathCamera,MHFC_CameraPoint,,MHFC_CameraPoint,TeethBeastCatchCamera,TeethBeastCatchCameraPoint,Run|Swim,1,,1,,15,,Idle,4000,,1,,,,,,,,,,,,,,,,,,2,,,100,,120,100,0.1,1.15,1.2,0.85,240,80,3,1,,"0,0,0",0,0,0,0,0,0,3000000,100,100,,,
